isolate_id,44341_3_304,44341_3_305,44341_3_281,CIV13XE8,44341_3_128,44341_3_131,44341_3_136,CIV13PE7,CIT159B1,CIT15EB1,CIS153C1,CIV147E3,CIT15FH1,CIV143E2,CIU145B1,44341_3_310,CIV13XE2,44341_4_275,CIT15FB1,CIV13XU1,CIV142E6,CIV143U1,CIV143E9,CNS1F3,CAAYSI,CIT15GS1,CIV13RE2,CIV141E6,CIS15HB1,CIV140U1,CIV140E4,CIV140E7,CAAXQV,CIV13UE4,CIS15MR1,CIV13YE6,CIV143E4,CIV13XE5,CIT15GH1,CIV140E1,CIV140E6,CIU13XS1,CIV146E8,CIU149H1,CIV144E6,CIV13VE5,CIV13YE8,CIV144U1,CNSP0U,CNSKFP,CNSLL4,ERR9941258,ERR9929342,ERR9966382,CLL3JA,CNS7YP,BKRRIF,CNS6QU,44341_3_96,44341_3_21,BKRMVD,CAAYDF,CAAXBN,44341_3_165,44341_3_262,44341_3_265,44341_4_286,44341_3_268,44341_3_280,CAAP2A,CNSFP4,CNSDXZ,CAAQXB,CAAR9T,CAAQUT,CAARE3,CLL6CH,ERR10438737,ERR10113269,ERR6752971,ERR5751227,ERR9976609,ERR11219800,ERR12142619,ERR11747325,ERR11502778,ERR7197834,ERR9079758,ERR6806255,ERR6805990,ERR6806776,ERR5750995,ERR6806749,ERR6805998,ERR6806833,ERR12080226,ERR12321283,ERR12321282,ERR12067314,ERR12321281,ERR12142634,ERR6753111,ERR6806796,ERR6806789,ERR9971918,ERR7197741,ERR5751808,ERR12321280,ERR9692774,ERR6752863,SRR9273829,ERR9079830,ERR10880116,ERR5751304,ERR6806714,ERR5751296,ERR4451427,ERR6806125,ERR6806317,ERR12067371,ERR6806075,ERR10176870,ERR10460856,ERR10460902,ERR6806726,ERR12078572,ERR11747320,ERR12495482,ERR5751726,ERR6806512,ERR9924209,ERR10460483,ERR9785511,ERR10087012,ERR9079768,ERR9822149,ERR9822145,ERR9822146,ERR9785509,ERR10176872,ERR9966389,ERR10460765,ERR10109275,ERR11807704,ERR10109276,ERR9785510,ERR9820422,ERR10880181,ERR10088101,ERR12312688,ERR11201827,ERR12312689,ERR12495485,ERR12312692,ERR10123168,ERR10123167,ERR9966387,ERR10949310,ERR10460875,ERR9966390,ERR10176866,ERR10460687,ERR12078573,ERR9785512,ERR12165616,ERR10460887,ERR10880335,ERR10880156,ERR10880377,ERR10088105,ERR12321284,ERR9966388,ERR10026000,ERR9822144,ERR10088104,ERR10088102,ERR9822151,ERR10109255,ERR11810274,ERR9966386,ERR12259395,ERR12091513,ERR10125140,ERR10949303,ERR10109277,ERR10087013,ERR12146144,ERR11219811,ERR11420238,ERR11437918,ERR11807709,ERR10880183,ERR10880311,ERR10109274,ERR12552381,ERR12552377,ERR11896635,ERR9079508,ERR9420153,ERR10117717,ERR6806600,ERR7197757,ERR6806028,ERR9288082,ERR11455881,ERR6806632,ERR4451478,ERR12302226,ERR12552384,ERR12067334,ERR10880424,ERR10123158,ERR10176869,ERR10880230,ERR11453719,ERR10880157,ERR11872767,ERR6752889,ERR9288143,ERR5751308,ERR4399358,ERR4399957,ERR4399362,SRR13833609,SRR13719289,SRR13719614,SRR13313312,SRR13313295,SRR13719196,SRR13277434,SRR13277416,SRR13277412,SRR13311773,SRR13313309,SRR27481822,SRR27481651,SRR27481649,SRR27481520,SRR27481815,SRR7130368,SRR7130370,SRR7130371,SRR13312061,SRR7130369,ERR4400834,ERR4338896,ERR4338560,SRR1106479,ERR3581536,SRR8369293,SRR7842526,SRR8297279,SRR7850690,SRR7884719,SRR8350305,SRR15853458,SRR21224019,SRR20212638,SRR8706049,SRR16227977,ERR4399344,SRR7841631,SRR22691594,SRR16301618,ERR10109287,ERR9680890,SRR14921286,SRR28295566,ERR4145363,ERR4145392,ERR4145410,ERR4145345,SRR8325561,SRR8293522,ERR4145388,ERR4145353,SRR10326268,SRR9627787,SRR27762886,SRR10992537,SRR1646109,SRR7427053,SRR8503644,SRR7457932,SRR2917137,SRR2917139,SRR3137069,SRR6107195,SRR2917138,SRR2917136,SRR5084265,SRR5121494,SRR3001933,SRR5121497,SRR2917140,ERR10368770,ERR160996,SRR5056398,ERR3635287,SRR22175068,SRR21787058,SRR21787324,SRR26858817,SRR27185117,SRR21535455,SRR21535466,SRR26050334,SRR5379276,SRR6457657,SRR14360286,SRR8137438,ERR3635266,SRR1973602,SRR3002514,SRR7467291,ERR4400884,ERR4399363,ERR4401298,ERR4400265,ERR4401598,ERR4401297,ERR4401299,ERR6806710,SRR952929,SRR7292863,SRR1966891,SRR1967735
44341_3_304,0,0,0,1,2,1,1,1,0,0,1,0,0,0,0,1,1,0,1,1,2,0,0,0,0,0,0,0,0,0,0,0,0,0,0,0,0,0,0,0,0,0,0,0,0,0,0,1,17,16,23,7,7,9,5,7,7,7,6,6,1,1,1,7,11,11,11,11,11,3,11,14,14,15,15,14,14,45,53,30,29,42,31,38,50,46,40,42,53,42,41,41,43,55,54,41,41,41,42,55,55,48,48,45,41,43,44,180,187,173,55,52,47,111,72,74,74,73,363,164,262,179,180,180,127,182,179,181,168,168,269,228,244,153,146,148,81,145,146,143,142,143,152,149,150,148,143,153,145,149,147,149,150,156,144,145,143,150,146,150,146,145,148,145,145,82,84,82,83,145,83,143,163,150,149,150,151,151,148,147,146,145,145,147,147,145,144,147,146,146,146,82,90,149,145,146,144,142,84,80,82,74,76,72,83,77,88,83,85,79,79,77,89,88,93,92,90,85,98,207,401,398,246,309,10369,10691,7099,10703,10633,10543,10688,10651,10661,10602,10459,10503,10463,10466,10465,10512,10500,10535,10685,10555,9707,9628,9655,9602,9937,9821,9523,9541,9585,9548,9533,9558,9623,10022,9712,9772,9619,9609,10355,9590,9603,9636,10660,10372,10103,10169,10816,10580,10454,10320,10538,10575,10518,10473,10591,10353,10445,11893,10293,10390,8582,8667,8766,8718,8810,8590,8490,8652,8490,8707,8842,8624,7829,7742,7783,7988,7952,7927,7975,7908,7974,7964,7971,8017,8041,7792,7706,7625,7704,7784,7805,7766,7793,7768,7810,7804,7793,7798,7733,7710,7565,7998,7873
44341_3_305,0,0,0,1,2,1,1,1,0,0,1,0,0,0,0,1,1,0,1,1,2,0,0,0,0,0,0,0,0,0,0,0,0,0,0,0,0,0,0,0,0,0,0,0,0,0,0,1,17,16,23,7,7,9,5,7,7,7,6,6,1,1,1,7,11,11,11,11,11,3,11,14,14,15,15,14,14,45,53,30,29,42,31,38,50,46,40,42,53,42,41,41,43,55,54,41,41,41,42,55,55,48,48,45,41,43,44,180,187,173,55,52,47,111,72,74,74,73,363,164,262,179,180,180,127,182,179,181,168,168,269,228,244,153,146,148,81,145,146,143,142,143,152,149,150,148,143,153,145,149,147,149,150,156,144,145,143,150,146,150,146,145,148,145,145,82,84,82,83,145,83,143,163,150,149,150,151,151,148,147,146,145,145,147,147,145,144,147,146,146,146,82,90,149,145,146,144,142,84,80,82,74,76,72,83,77,88,83,85,79,79,77,89,88,93,92,90,85,98,207,401,398,246,310,10369,10691,7100,10703,10633,10543,10688,10651,10661,10602,10460,10504,10464,10467,10465,10513,10501,10535,10685,10555,9708,9629,9656,9602,9938,9822,9523,9541,9586,9549,9533,9559,9624,10022,9713,9773,9620,9609,10355,9591,9603,9636,10661,10372,10104,10169,10817,10582,10454,10320,10539,10576,10518,10474,10591,10353,10446,11894,10294,10390,8584,8671,8768,8720,8812,8593,8492,8654,8491,8709,8844,8625,7829,7743,7783,7989,7953,7928,7976,7908,7975,7965,7972,8018,8042,7792,7706,7625,7704,7785,7806,7767,7794,7769,7811,7805,7794,7799,7733,7710,7565,7998,7873
44341_3_281,0,0,0,1,2,1,1,1,0,0,1,0,0,0,0,1,1,0,1,1,2,0,0,0,0,0,0,0,0,0,0,0,0,0,0,0,0,0,0,0,0,0,0,0,0,0,0,1,17,16,23,7,7,9,5,7,7,7,6,6,1,1,1,7,11,11,11,11,11,3,11,14,14,15,15,14,14,45,53,30,29,42,31,38,50,46,40,42,53,42,41,41,43,55,54,41,41,41,42,55,55,48,48,45,41,43,44,180,187,173,55,52,47,111,72,74,74,73,363,164,262,179,180,180,127,182,179,181,168,168,269,228,244,153,146,148,81,145,146,143,142,143,152,149,150,148,143,153,145,149,147,149,150,156,144,145,143,150,146,150,146,145,148,145,145,82,84,82,83,145,83,143,163,150,149,150,151,151,148,147,146,145,145,147,147,145,144,147,146,146,146,82,90,149,145,146,144,142,84,80,82,74,76,72,83,77,88,83,85,79,79,77,89,88,93,92,90,85,98,207,401,398,246,310,10369,10688,7097,10700,10633,10543,10685,10651,10658,10599,10460,10504,10461,10467,10465,10513,10501,10535,10685,10555,9708,9629,9656,9602,9938,9822,9523,9541,9586,9549,9531,9559,9624,10019,9713,9773,9617,9609,10355,9591,9600,9633,10660,10372,10102,10165,10812,10577,10454,10320,10539,10573,10518,10474,10588,10353,10446,11894,10294,10390,8579,8664,8763,8715,8808,8588,8491,8650,8484,8705,8840,8624,7826,7740,7783,7986,7953,7928,7976,7908,7975,7965,7969,8015,8039,7789,7706,7625,7704,7782,7804,7767,7794,7769,7811,7806,7794,7799,7730,7707,7565,7998,7873
CIV13XE8,1,1,1,0,3,2,2,2,1,1,2,1,1,1,1,2,2,1,2,2,3,1,1,1,1,1,1,1,1,1,1,1,1,1,1,1,1,1,1,1,1,1,1,1,1,1,1,2,18,17,24,8,8,10,6,8,8,8,7,7,2,2,2,8,12,12,12,12,12,4,12,15,15,16,16,15,15,46,54,31,30,43,32,39,51,47,41,43,54,43,42,42,44,56,55,42,42,42,43,56,56,49,49,46,42,44,45,181,188,174,56,53,48,112,73,75,75,74,364,165,263,180,181,181,128,183,180,182,169,169,270,229,245,154,147,149,82,146,147,144,143,144,153,150,151,149,144,154,146,150,148,150,151,157,145,146,144,151,147,151,147,146,149,146,146,83,85,83,84,146,86,144,164,151,150,151,152,152,149,148,147,146,146,148,148,146,145,148,147,147,147,83,91,150,146,147,145,143,86,81,83,75,78,73,85,78,89,84,86,81,80,78,90,89,94,93,91,86,99,208,402,399,247,311,10369,10695,7100,10709,10633,10543,10689,10651,10661,10604,10459,10503,10463,10466,10464,10513,10501,10535,10686,10555,9709,9630,9657,9603,9939,9823,9524,9542,9587,9550,9534,9560,9625,10023,9714,9774,9621,9610,10356,9592,9604,9637,10661,10371,10105,10168,10825,10586,10454,10319,10539,10576,10518,10474,10597,10353,10446,11894,10294,10390,8584,8667,8768,8719,8812,8594,8490,8653,8488,8709,8844,8623,7826,7741,7780,7987,7952,7927,7975,7907,7974,7964,7971,8017,8040,7790,7703,7623,7703,7784,7805,7765,7792,7767,7809,7804,7792,7797,7731,7708,7563,7996,7871
44341_3_128,2,2,2,3,0,1,1,3,2,2,3,2,2,2,2,3,3,2,3,3,4,2,2,2,2,2,2,2,2,2,2,2,2,2,2,2,2,2,2,2,2,2,2,2,2,2,2,3,19,18,25,9,9,11,7,9,9,9,8,8,3,3,3,9,13,13,13,13,13,5,13,16,16,17,17,16,16,47,55,32,31,44,33,40,52,48,42,44,55,44,43,43,45,57,56,43,43,43,44,57,57,50,50,47,43,45,46,182,189,175,57,54,49,113,74,76,76,75,365,166,264,181,182,182,129,184,181,183,170,170,271,230,246,155,148,150,83,147,148,145,144,145,154,151,152,150,145,155,147,151,149,151,152,158,146,147,145,152,148,152,148,147,150,147,147,84,86,84,85,147,85,145,165,152,151,152,153,153,150,149,148,147,147,149,149,147,146,149,148,148,148,84,92,151,147,148,146,144,86,82,84,76,78,74,85,79,90,85,87,81,81,79,89,88,93,92,90,85,98,209,403,400,248,312,10368,10693,7102,10705,10635,10545,10690,10653,10663,10604,10462,10506,10466,10469,10467,10515,10502,10536,10687,10557,9710,9631,9658,9604,9940,9824,9525,9543,9588,9551,9535,9561,9625,10024,9715,9775,9622,9611,10357,9593,9605,9638,10661,10374,10104,10167,10817,10582,10456,10321,10541,10578,10520,10476,10593,10355,10448,11693,10296,10392,8570,8654,8753,8705,8798,8578,8491,8640,8475,8695,8830,8626,7831,7745,7785,7991,7955,7930,7978,7910,7977,7967,7974,8020,8044,7794,7708,7627,7706,7787,7809,7769,7796,7771,7813,7807,7796,7801,7735,7712,7567,8000,7875
44341_3_131,1,1,1,2,1,0,0,2,1,1,2,1,1,1,1,2,2,1,2,2,3,1,1,1,1,1,1,1,1,1,1,1,1,1,1,1,1,1,1,1,1,1,1,1,1,1,1,2,18,17,24,8,8,10,6,8,8,8,7,7,2,2,2,8,12,12,12,12,12,4,12,15,15,16,16,15,15,46,54,31,30,43,32,39,51,47,41,43,54,43,42,42,44,56,55,42,42,42,43,56,56,49,49,46,42,44,45,181,188,174,56,53,48,112,73,75,75,74,364,165,263,180,181,181,128,183,180,182,169,169,270,229,245,154,147,149,82,146,147,144,143,144,153,150,151,149,144,154,146,150,148,150,151,157,145,146,144,151,147,151,147,146,149,146,146,83,85,83,84,146,84,144,164,151,150,151,152,152,149,148,147,146,146,148,148,146,145,148,147,147,147,83,91,150,146,147,145,143,85,81,83,75,77,73,84,78,89,84,86,80,80,78,88,87,92,91,89,84,97,208,402,399,247,310,10367,10692,7100,10704,10634,10544,10689,10652,10662,10603,10460,10504,10464,10467,10466,10513,10501,10536,10686,10556,9708,9629,9656,9603,9938,9822,9524,9542,9586,9549,9534,9559,9624,10023,9713,9773,9620,9610,10356,9591,9604,9637,10661,10373,10104,10167,10817,10581,10455,10320,10539,10576,10519,10474,10592,10354,10446,11691,10294,10391,8569,8653,8752,8704,8797,8578,8491,8639,8474,8694,8829,8625,7830,7743,7784,7989,7953,7928,7976,7909,7975,7965,7972,8018,8042,7793,7707,7626,7705,7785,7807,7767,7794,7769,7811,7805,7794,7799,7734,7711,7566,7999,7874
44341_3_136,1,1,1,2,1,0,0,2,1,1,2,1,1,1,1,2,2,1,2,2,3,1,1,1,1,1,1,1,1,1,1,1,1,1,1,1,1,1,1,1,1,1,1,1,1,1,1,2,18,17,24,8,8,10,6,8,8,8,7,7,2,2,2,8,12,12,12,12,12,4,12,15,15,16,16,15,15,46,54,31,30,43,32,39,51,47,41,43,54,43,42,42,44,56,55,42,41,42,43,56,56,49,49,46,42,44,45,181,188,174,55,53,48,112,73,75,75,74,364,165,263,180,181,181,128,183,180,182,169,169,270,178,194,103,96,98,81,95,96,93,92,93,102,99,100,98,93,103,95,99,97,99,100,106,94,95,93,100,96,100,96,95,98,95,95,82,84,82,83,95,83,93,113,100,99,100,101,101,98,96,96,95,95,97,97,95,94,97,96,96,96,82,90,99,95,96,94,92,84,80,82,74,76,72,83,77,88,83,85,79,79,77,89,88,93,92,90,85,98,71,265,266,113,310,10370,10692,7100,10704,10634,10544,10689,10652,10662,10603,10460,10504,10464,10467,10466,10512,10500,10534,10685,10556,9708,9629,9656,9603,9938,9822,9524,9542,9586,9549,9534,9559,9623,10023,9713,9773,9620,9610,10356,9591,9604,9637,10661,10373,10104,10167,10817,10582,10455,10320,10539,10576,10519,10474,10592,10354,10446,11893,10294,10391,8577,8655,8749,8701,8793,8583,8490,8653,8482,8691,8826,8617,7830,7743,7784,7989,7953,7928,7976,7909,7975,7965,7972,8018,8042,7793,7707,7626,7705,7785,7807,7634,7661,7636,7677,7669,7661,7666,7734,7711,7566,7999,7874
CIV13PE7,1,1,1,2,3,2,2,0,1,1,2,1,1,1,1,2,2,1,2,2,3,1,1,1,1,1,1,1,1,1,1,1,1,1,1,1,1,1,1,1,1,1,1,1,1,1,1,2,18,17,24,8,8,10,6,8,8,8,7,7,2,2,2,8,12,12,12,12,12,4,12,15,15,16,16,15,15,46,54,31,30,43,32,39,51,47,41,43,54,43,42,42,44,56,55,42,42,42,43,56,56,49,49,46,42,44,45,181,188,174,56,53,48,112,73,75,75,74,364,165,263,180,181,181,128,183,180,182,169,169,270,229,245,154,147,149,82,146,147,144,143,144,153,150,151,149,144,154,146,150,148,150,151,157,145,146,144,151,147,151,147,146,149,146,146,83,85,83,84,146,86,144,164,151,150,151,152,152,149,148,147,146,146,148,148,146,145,148,147,147,147,83,91,150,146,147,145,143,86,81,83,75,78,73,85,78,89,84,86,81,80,78,90,89,94,93,91,86,99,208,402,399,247,311,10370,10696,7101,10710,10634,10544,10690,10652,10662,10604,10461,10505,10465,10468,10466,10514,10502,10536,10687,10556,9709,9630,9657,9603,9939,9823,9524,9542,9587,9550,9534,9560,9625,10023,9714,9774,9621,9610,10356,9592,9604,9637,10664,10373,10108,10172,10831,10589,10455,10320,10540,10577,10519,10475,10598,10354,10447,11895,10295,10391,8592,8673,8774,8725,8821,8600,8496,8659,8497,8715,8853,8627,7830,7745,7784,7990,7954,7929,7977,7909,7976,7966,7973,8020,8044,7794,7707,7626,7706,7787,7809,7768,7795,7770,7812,7807,7795,7800,7734,7711,7566,7999,7874
CIT159B1,0,0,0,1,2,1,1,1,0,0,1,0,0,0,0,1,1,0,1,1,2,0,0,0,0,0,0,0,0,0,0,0,0,0,0,0,0,0,0,0,0,0,0,0,0,0,0,1,17,16,23,7,7,9,5,7,7,7,6,6,1,1,1,7,11,11,11,11,11,3,11,14,14,15,15,14,14,45,53,30,29,42,31,38,50,46,40,42,53,42,41,41,43,55,54,41,41,41,42,55,55,48,48,45,41,43,44,180,187,173,55,52,47,111,72,74,74,73,363,164,262,179,180,180,127,182,179,181,168,168,269,228,244,153,146,148,81,145,146,143,142,143,152,149,150,148,143,153,145,149,147,149,150,156,144,145,143,150,146,150,146,145,148,145,145,82,84,82,83,145,85,143,163,150,149,150,151,151,148,147,146,145,145,147,147,145,144,147,146,146,146,82,90,149,145,146,144,142,85,80,82,74,77,72,84,77,88,83,85,80,79,77,89,88,93,92,90,85,98,207,401,398,246,310,10370,10696,7100,10711,10634,10543,10690,10652,10662,10603,10460,10504,10464,10467,10465,10513,10502,10535,10686,10555,9708,9629,9656,9602,9938,9822,9523,9541,9586,9549,9533,9559,9624,10022,9713,9773,9620,9609,10355,9591,9603,9636,10663,10372,10107,10172,10830,10590,10454,10319,10539,10576,10518,10474,10598,10353,10446,11894,10294,10390,8591,8672,8773,8724,8819,8599,8495,8658,8495,8714,8851,8626,7829,7744,7783,7989,7953,7928,7976,7908,7975,7965,7972,8019,8043,7793,7706,7625,7705,7786,7808,7767,7794,7769,7811,7806,7794,7799,7733,7710,7565,7998,7873
CIT15EB1,0,0,0,1,2,1,1,1,0,0,1,0,0,0,0,1,1,0,1,1,2,0,0,0,0,0,0,0,0,0,0,0,0,0,0,0,0,0,0,0,0,0,0,0,0,0,0,1,17,16,23,7,7,9,5,7,7,7,6,6,1,1,1,7,11,11,11,11,11,3,11,14,14,15,15,14,14,45,53,30,29,42,31,38,50,46,40,42,53,42,41,41,43,55,54,41,41,41,42,55,55,48,48,45,41,43,44,180,187,173,55,52,47,111,72,74,74,73,363,164,262,179,180,180,127,182,179,181,168,168,268,228,244,153,146,148,81,145,146,143,142,143,152,149,150,148,143,153,145,149,147,149,150,156,144,145,143,150,146,150,146,145,148,145,145,82,84,82,83,145,85,143,163,150,149,150,151,151,148,147,146,145,145,147,147,145,144,147,146,146,146,82,90,149,145,146,144,142,85,80,82,74,77,72,84,77,88,83,85,80,79,77,89,88,93,92,90,85,98,207,401,398,246,310,10370,10696,7100,10711,10634,10543,10690,10652,10662,10603,10460,10504,10464,10467,10465,10513,10502,10535,10686,10555,9708,9629,9656,9602,9938,9822,9523,9541,9586,9549,9533,9559,9624,10022,9713,9773,9620,9609,10355,9591,9603,9636,10663,10371,10107,10172,10829,10589,10454,10319,10540,10576,10518,10474,10597,10353,10446,11894,10294,10390,8590,8671,8772,8723,8818,8598,8494,8657,8494,8713,8850,8625,7828,7743,7782,7988,7952,7927,7975,7907,7974,7964,7971,8018,8042,7792,7705,7624,7704,7785,7807,7765,7792,7767,7809,7804,7792,7797,7732,7709,7564,7997,7873
CIS153C1,1,1,1,2,3,2,2,2,1,1,0,1,1,1,1,2,2,1,2,2,3,1,1,1,1,1,1,1,1,1,1,1,1,1,1,1,1,1,1,1,1,1,1,1,1,1,1,2,18,17,24,8,8,10,6,8,8,8,7,7,2,2,2,8,12,12,12,12,12,4,12,15,15,16,16,15,15,46,54,31,30,43,32,39,51,47,41,43,54,43,42,42,44,56,55,42,42,42,43,56,56,49,49,46,42,44,45,181,188,174,56,53,48,112,73,75,75,74,363,165,263,180,181,181,128,183,180,182,169,169,270,229,245,154,147,149,82,146,147,144,143,144,153,150,151,149,144,154,146,150,148,150,151,157,145,146,144,151,147,151,147,146,149,146,146,83,85,83,84,146,85,144,164,151,150,151,152,152,149,148,147,146,146,148,148,146,145,148,147,147,147,83,91,150,146,147,145,143,85,81,83,75,77,73,85,78,89,84,86,81,80,78,90,89,94,93,91,86,99,208,402,399,247,311,10370,10696,7101,10711,10634,10544,10690,10652,10662,10604,10461,10505,10465,10468,10466,10514,10502,10536,10687,10556,9709,9630,9657,9603,9939,9823,9524,9542,9587,9550,9534,9560,9625,10023,9714,9774,9621,9610,10356,9592,9604,9637,10661,10373,10104,10167,10825,10587,10455,10320,10540,10577,10519,10475,10599,10354,10447,11894,10295,10391,8583,8666,8767,8718,8811,8592,8490,8653,8487,8708,8843,8622,7827,7742,7783,7988,7952,7927,7975,7907,7974,7964,7971,8018,8041,7791,7704,7623,7703,7784,7806,7767,7794,7769,7811,7806,7792,7797,7731,7708,7563,7996,7871
CIV147E3,0,0,0,1,2,1,1,1,0,0,1,0,0,0,0,1,1,0,1,1,2,0,0,0,0,0,0,0,0,0,0,0,0,0,0,0,0,0,0,0,0,0,0,0,0,0,0,1,17,16,23,7,7,9,5,7,7,7,6,6,1,1,1,7,11,11,11,11,11,3,11,14,14,15,15,14,14,45,53,30,29,42,31,38,50,46,40,42,53,42,41,41,43,55,54,41,41,41,42,55,55,48,48,45,41,43,44,180,187,173,55,52,47,111,72,74,74,73,363,164,262,179,180,180,127,182,179,181,168,168,269,228,244,153,146,148,81,145,146,143,142,143,152,149,150,148,143,153,145,149,147,149,150,156,144,145,143,150,146,150,146,145,148,145,145,82,84,82,83,145,85,143,163,150,149,150,151,151,148,147,146,145,145,147,147,145,144,147,146,146,146,82,90,149,145,146,144,142,85,80,82,74,77,72,84,77,88,83,85,80,79,77,89,88,93,92,90,85,98,207,401,398,246,310,10375,10696,7100,10711,10635,10543,10695,10652,10665,10603,10460,10504,10464,10467,10465,10513,10502,10535,10686,10555,9708,9629,9656,9602,9938,9822,9523,9541,9586,9549,9533,9559,9624,10022,9713,9773,9620,9609,10355,9591,9603,9636,10661,10372,10105,10170,10828,10588,10454,10319,10539,10576,10518,10474,10598,10353,10446,11893,10294,10390,8588,8669,8770,8721,8816,8596,8492,8655,8492,8711,8848,8625,7828,7743,7783,7988,7952,7927,7975,7907,7974,7964,7971,8018,8042,7792,7705,7624,7704,7785,7807,7767,7794,7769,7811,7806,7793,7798,7732,7709,7564,7997,7872
CIT15FH1,0,0,0,1,2,1,1,1,0,0,1,0,0,0,0,1,1,0,1,1,2,0,0,0,0,0,0,0,0,0,0,0,0,0,0,0,0,0,0,0,0,0,0,0,0,0,0,1,17,16,23,7,7,9,5,7,7,7,6,6,1,1,1,7,11,11,11,11,11,3,11,14,14,15,15,14,14,45,53,30,29,42,31,38,50,46,40,42,53,42,41,41,43,55,54,41,41,41,42,55,55,48,48,45,41,43,44,180,187,173,55,52,47,111,72,74,74,73,363,164,262,179,180,180,127,182,179,181,168,168,269,228,244,153,146,148,81,145,146,143,142,143,152,149,150,148,143,153,145,149,147,149,150,156,144,145,143,150,146,150,146,145,148,145,145,82,84,82,83,145,85,143,163,150,149,150,151,151,148,147,146,145,145,147,147,145,144,147,146,146,146,82,90,149,145,146,144,142,85,80,82,74,77,72,84,77,88,83,85,80,79,77,89,88,93,92,90,85,98,207,401,398,246,310,10370,10696,7100,10710,10634,10543,10690,10652,10662,10603,10460,10504,10464,10467,10465,10513,10502,10535,10686,10555,9708,9629,9656,9602,9938,9822,9523,9541,9586,9549,9533,9559,9624,10022,9713,9773,9620,9609,10355,9591,9603,9636,10661,10372,10105,10169,10825,10587,10454,10319,10539,10576,10518,10474,10597,10353,10446,11894,10294,10390,8587,8670,8771,8722,8815,8597,8493,8656,8491,8712,8847,8626,7829,7744,7783,7989,7953,7928,7976,7908,7975,7965,7972,8019,8043,7793,7706,7625,7705,7786,7808,7767,7794,7769,7811,7806,7794,7799,7733,7710,7565,7998,7873
CIV143E2,0,0,0,1,2,1,1,1,0,0,1,0,0,0,0,1,1,0,1,1,2,0,0,0,0,0,0,0,0,0,0,0,0,0,0,0,0,0,0,0,0,0,0,0,0,0,0,1,17,16,23,7,7,9,5,7,7,7,6,6,1,1,1,7,11,11,11,11,11,3,11,14,14,15,15,14,14,45,53,30,29,42,31,38,50,46,40,42,53,42,41,41,43,55,54,41,41,41,42,55,55,48,48,45,41,43,44,180,187,173,55,52,47,111,72,74,74,73,363,164,262,179,180,180,127,182,179,181,168,168,269,228,244,153,146,148,81,145,146,143,142,143,152,149,150,148,143,153,145,149,147,149,150,156,144,145,143,150,146,150,146,145,148,145,145,82,84,82,83,145,85,143,163,150,149,150,151,151,148,147,146,145,145,147,147,145,144,147,146,146,146,82,90,149,145,146,144,142,85,80,82,74,77,72,84,77,88,83,85,80,79,77,89,88,93,92,90,85,98,207,401,398,246,310,10370,10695,7100,10708,10634,10543,10690,10652,10662,10603,10460,10504,10464,10467,10465,10513,10502,10535,10686,10555,9708,9629,9656,9602,9938,9822,9523,9541,9586,9549,9533,9559,9624,10022,9713,9773,9620,9609,10355,9591,9603,9636,10663,10372,10107,10172,10829,10587,10454,10319,10539,10576,10518,10474,10595,10353,10446,11894,10294,10390,8591,8672,8773,8724,8821,8598,8495,8658,8497,8714,8853,8626,7829,7744,7783,7989,7953,7928,7976,7908,7975,7965,7972,8019,8043,7793,7706,7625,7705,7786,7808,7767,7794,7769,7811,7806,7794,7799,7733,7710,7565,7998,7873
CIU145B1,0,0,0,1,2,1,1,1,0,0,1,0,0,0,0,1,1,0,1,1,2,0,0,0,0,0,0,0,0,0,0,0,0,0,0,0,0,0,0,0,0,0,0,0,0,0,0,1,17,16,23,7,7,9,5,7,7,7,6,6,1,1,1,7,11,11,11,11,11,3,11,14,14,15,15,14,14,45,53,30,29,42,31,38,50,46,40,42,53,42,41,41,43,55,54,41,41,41,42,55,55,48,48,45,41,43,44,180,187,173,55,52,47,111,72,74,74,73,363,164,262,179,180,180,127,182,179,181,168,168,269,228,244,153,146,148,81,145,146,143,142,143,152,149,150,148,143,153,145,149,147,149,150,156,144,145,143,150,146,150,146,145,148,145,145,82,84,82,83,145,85,143,163,150,149,150,151,151,148,147,146,145,145,147,147,145,144,147,146,146,146,82,90,149,145,146,144,142,85,80,82,74,77,72,84,77,88,83,85,80,79,77,89,88,93,92,90,85,98,207,401,398,246,310,10370,10690,7098,10702,10634,10543,10687,10652,10660,10600,10460,10504,10462,10467,10465,10513,10502,10535,10686,10555,9708,9629,9656,9602,9938,9822,9523,9541,9586,9549,9531,9559,9624,10020,9713,9773,9618,9609,10355,9591,9601,9634,10661,10372,10105,10170,10819,10579,10454,10319,10539,10574,10518,10474,10589,10353,10446,11894,10294,10390,8587,8668,8769,8720,8815,8595,8493,8654,8491,8710,8847,8626,7827,7742,7783,7987,7953,7928,7976,7908,7975,7965,7970,8017,8041,7790,7706,7625,7705,7784,7805,7767,7794,7769,7811,7806,7794,7799,7731,7708,7565,7998,7873
44341_3_310,1,1,1,2,3,2,2,2,1,1,2,1,1,1,1,0,2,1,2,2,3,1,1,1,1,1,1,1,1,1,1,1,1,1,1,1,1,1,1,1,1,1,1,1,1,1,1,2,18,17,24,8,8,10,6,8,8,8,7,7,2,2,2,8,12,12,12,12,12,4,12,15,15,16,16,15,15,46,54,31,30,43,32,39,51,47,41,43,54,43,42,42,44,56,55,42,42,42,43,56,56,49,49,46,42,44,45,181,188,174,56,53,48,112,73,75,75,74,364,165,263,180,181,181,128,183,180,182,169,169,270,229,245,154,147,149,82,146,147,144,143,144,153,150,151,149,144,154,146,150,148,150,151,157,145,146,144,151,147,151,147,146,149,146,146,83,85,83,84,146,84,144,164,151,150,151,152,152,149,148,147,146,146,148,148,146,145,148,147,147,147,83,91,150,146,147,145,143,85,81,83,75,77,73,84,78,89,84,86,80,80,78,90,89,94,93,91,86,99,208,402,399,247,310,10370,10692,7100,10704,10634,10544,10689,10652,10662,10603,10460,10504,10464,10467,10466,10513,10501,10536,10686,10556,9708,9629,9656,9603,9938,9822,9524,9542,9586,9549,9534,9559,9624,10023,9713,9773,9620,9610,10356,9591,9604,9637,10662,10373,10104,10170,10817,10581,10455,10320,10539,10576,10519,10474,10592,10354,10446,11894,10294,10391,8583,8669,8768,8720,8812,8592,8492,8654,8491,8709,8844,8625,7830,7743,7784,7989,7953,7928,7976,7909,7975,7965,7972,8018,8042,7793,7707,7626,7705,7785,7807,7767,7794,7769,7811,7806,7794,7799,7734,7711,7566,7999,7874
CIV13XE2,1,1,1,2,3,2,2,2,1,1,2,1,1,1,1,2,0,1,2,2,3,1,1,1,1,1,1,1,1,1,1,1,1,1,1,1,1,1,1,1,1,1,1,1,1,1,1,2,18,17,24,8,8,10,6,8,8,8,7,7,2,2,2,8,12,12,12,12,12,4,12,15,15,16,16,15,15,46,54,31,30,43,32,39,51,47,41,43,54,43,42,42,44,56,55,42,42,42,43,56,56,49,49,46,42,44,45,181,188,174,56,53,48,112,73,75,75,74,363,165,263,180,181,181,128,183,180,182,169,169,270,229,245,154,147,149,82,146,147,144,143,144,153,150,151,149,144,154,146,150,148,150,151,157,145,146,144,151,147,151,147,146,149,146,146,83,85,83,84,146,86,144,164,151,150,151,152,152,149,148,147,146,146,148,148,146,145,148,147,147,147,83,91,150,146,147,145,143,86,81,83,75,78,73,85,78,89,84,86,81,80,78,90,89,94,93,91,86,99,208,402,399,247,311,10370,10694,7101,10708,10634,10544,10690,10652,10662,10604,10461,10505,10465,10468,10466,10514,10502,10536,10687,10556,9709,9630,9657,9603,9939,9823,9524,9542,9587,9550,9534,9560,9625,10023,9714,9774,9621,9610,10356,9592,9604,9637,10661,10373,10105,10169,10825,10583,10455,10320,10541,10577,10519,10475,10595,10354,10447,11895,10295,10391,8589,8670,8771,8722,8818,8597,8493,8656,8494,8712,8850,8626,7830,7745,7784,7990,7954,7929,7977,7909,7976,7966,7973,8020,8044,7794,7707,7626,7706,7787,7809,7768,7795,7770,7812,7807,7795,7800,7734,7711,7566,7999,7874
44341_4_275,0,0,0,1,2,1,1,1,0,0,1,0,0,0,0,1,1,0,1,1,2,0,0,0,0,0,0,0,0,0,0,0,0,0,0,0,0,0,0,0,0,0,0,0,0,0,0,1,17,16,23,7,7,9,5,7,7,7,6,6,1,1,1,7,11,11,11,11,11,3,11,14,14,15,15,14,14,45,53,30,29,42,31,38,50,46,40,42,53,42,41,41,43,55,54,41,41,41,42,55,55,48,48,45,41,43,44,180,187,173,55,52,47,111,72,74,74,73,363,164,262,179,180,180,127,182,179,181,168,168,269,228,244,153,146,148,81,145,146,143,142,143,152,149,150,148,143,153,145,149,147,149,150,156,144,145,143,150,146,150,146,145,148,145,145,82,84,82,83,145,83,143,163,150,149,150,151,151,148,147,146,145,145,147,147,145,144,147,146,146,146,82,90,149,145,146,144,142,84,80,82,74,76,72,83,77,88,83,85,79,79,77,89,88,93,92,90,85,98,207,401,398,246,310,10369,10688,7097,10700,10633,10543,10685,10651,10658,10599,10460,10504,10461,10467,10465,10512,10500,10533,10684,10555,9708,9629,9656,9602,9938,9822,9523,9541,9586,9549,9531,9559,9623,10019,9713,9773,9617,9609,10355,9591,9600,9633,10660,10372,10103,10169,10813,10577,10454,10319,10539,10573,10518,10474,10588,10353,10446,11894,10294,10390,8580,8665,8764,8716,8808,8587,8490,8650,8488,8705,8840,8625,7826,7740,7783,7986,7953,7928,7976,7908,7975,7965,7969,8015,8039,7789,7706,7625,7704,7782,7804,7767,7794,7769,7811,7805,7794,7799,7730,7707,7565,7998,7873
CIT15FB1,1,1,1,2,3,2,2,2,1,1,2,1,1,1,1,2,2,1,0,2,3,1,1,1,1,1,1,1,1,1,1,1,1,1,1,1,1,1,1,1,1,1,1,1,1,1,1,2,18,17,24,8,8,10,6,8,8,8,7,7,2,2,2,8,12,12,12,12,12,4,12,15,15,16,16,15,15,46,54,31,30,43,32,39,51,47,41,43,54,43,42,42,44,56,55,42,42,42,43,56,56,49,49,46,42,44,45,181,188,174,55,53,48,111,73,75,75,74,363,164,263,180,181,181,128,182,179,181,169,169,270,229,245,154,147,149,82,146,147,144,143,144,153,150,151,149,144,153,146,150,148,150,151,157,145,146,144,151,147,151,147,146,149,146,146,83,85,83,84,146,86,144,164,151,150,151,152,152,149,148,147,146,146,148,148,146,145,148,147,147,147,83,91,150,146,147,145,143,86,81,83,75,78,73,85,78,89,84,86,81,80,78,90,89,94,93,91,86,98,208,402,399,247,311,10370,10696,7100,10710,10634,10543,10690,10652,10662,10603,10461,10505,10465,10468,10466,10514,10503,10536,10687,10556,9709,9630,9656,9603,9939,9822,9523,9541,9586,9549,9533,9559,9624,10023,9714,9774,9620,9609,10356,9591,9604,9637,10662,10373,10106,10171,10829,10588,10455,10320,10540,10577,10519,10475,10598,10354,10447,11895,10294,10391,8589,8670,8771,8722,8818,8597,8493,8656,8494,8712,8850,8626,7829,7744,7783,7989,7953,7928,7976,7908,7975,7965,7972,8019,8043,7793,7706,7625,7705,7786,7808,7767,7794,7769,7811,7806,7794,7799,7733,7710,7565,7998,7873
CIV13XU1,1,1,1,2,3,2,2,2,1,1,2,1,1,1,1,2,2,1,2,0,3,1,1,1,1,1,1,1,1,1,1,1,1,1,1,1,1,1,1,1,1,1,1,1,1,1,1,2,18,17,24,8,8,10,6,8,8,8,7,7,2,2,2,8,12,12,12,12,12,4,12,15,15,16,16,15,15,46,54,31,30,43,32,39,51,47,41,43,54,43,42,42,44,56,55,42,42,42,43,56,56,49,49,46,42,44,45,181,188,174,56,53,48,112,73,75,75,74,364,165,263,180,181,181,128,183,180,182,169,169,270,229,245,154,147,149,82,146,147,144,143,144,153,150,151,149,144,154,146,150,148,150,151,157,145,146,144,151,147,151,147,146,149,146,146,83,85,83,84,146,86,144,164,151,150,151,152,152,149,148,147,146,146,148,148,146,145,148,147,147,147,83,91,150,146,147,145,143,86,81,83,75,78,73,85,78,89,84,86,81,80,78,90,89,94,93,91,86,99,208,402,399,247,311,10371,10697,7101,10711,10635,10544,10691,10653,10663,10604,10461,10505,10465,10468,10466,10514,10503,10536,10687,10556,9709,9630,9657,9603,9939,9823,9524,9542,9587,9550,9534,9560,9625,10023,9714,9774,9621,9610,10356,9592,9604,9637,10663,10373,10107,10171,10827,10589,10455,10320,10540,10577,10519,10475,10598,10354,10447,11895,10295,10391,8584,8667,8768,8719,8812,8594,8490,8653,8488,8709,8844,8622,7825,7740,7782,7986,7950,7925,7973,7905,7972,7962,7969,8016,8039,7789,7702,7621,7701,7782,7804,7765,7792,7767,7809,7804,7790,7795,7729,7706,7561,7994,7869
CIV142E6,2,2,2,3,4,3,3,3,2,2,3,2,2,2,2,3,3,2,3,3,0,2,2,2,2,2,2,2,2,2,2,2,2,2,2,2,2,2,2,2,2,2,2,2,2,2,2,3,19,18,25,9,9,11,7,9,9,9,8,8,3,3,3,9,13,13,13,13,13,5,12,16,16,17,17,16,16,47,54,32,31,44,33,40,51,47,41,43,54,43,42,42,44,56,55,42,42,42,43,56,56,49,49,46,42,44,45,181,188,174,56,54,48,112,74,76,76,75,341,166,263,181,182,182,129,183,180,182,169,170,270,227,242,153,146,148,83,145,146,143,142,143,152,149,150,148,143,153,145,149,147,149,150,156,144,145,143,150,146,150,146,145,148,145,145,83,85,83,84,145,87,143,163,150,149,150,151,151,148,147,146,145,145,147,147,145,144,147,146,146,146,83,91,149,145,146,144,142,87,82,84,76,79,74,86,79,90,85,87,82,81,79,90,89,94,93,90,86,99,208,391,388,247,311,10366,10692,7096,10706,10630,10539,10686,10648,10658,10603,10456,10500,10460,10463,10461,10509,10498,10531,10682,10551,9708,9629,9656,9602,9938,9822,9523,9541,9586,9549,9533,9559,9624,10022,9713,9773,9620,9609,10355,9591,9603,9636,10636,10368,10082,10146,10805,10563,10450,10315,10535,10572,10514,10470,10593,10349,10442,11850,10290,10386,8566,8648,8749,8700,8796,8574,8476,8634,8473,8690,8827,8604,7824,7739,7779,7984,7948,7923,7971,7903,7970,7960,7967,8015,8038,7788,7701,7624,7705,7785,7803,7766,7793,7768,7810,7805,7793,7798,7732,7709,7564,7997,7872
CIV143U1,0,0,0,1,2,1,1,1,0,0,1,0,0,0,0,1,1,0,1,1,2,0,0,0,0,0,0,0,0,0,0,0,0,0,0,0,0,0,0,0,0,0,0,0,0,0,0,1,17,16,23,7,7,9,5,7,7,7,6,6,1,1,1,7,11,11,11,11,11,3,11,14,14,15,15,14,14,45,53,30,29,42,31,38,50,46,40,42,53,42,41,41,43,55,54,41,41,41,42,55,55,48,48,45,41,43,44,180,187,172,55,52,47,111,72,74,74,73,326,164,262,172,173,173,127,182,179,181,168,168,269,226,242,151,144,146,81,143,144,141,140,141,150,147,148,146,141,151,143,147,145,147,148,154,142,143,141,148,144,148,144,143,146,143,143,82,84,82,83,143,85,141,161,148,147,148,149,149,146,145,144,143,143,145,145,143,142,145,144,144,144,82,90,147,143,144,142,140,85,80,82,74,77,72,84,77,88,83,85,80,79,77,89,88,93,92,90,85,98,197,374,372,236,310,10363,10688,7097,10701,10627,10537,10683,10645,10655,10597,10454,10498,10458,10461,10459,10507,10495,10529,10680,10549,9702,9623,9650,9596,9932,9816,9517,9535,9580,9543,9527,9553,9618,10016,9707,9767,9614,9603,10349,9585,9597,9630,10648,10363,10092,10156,10814,10571,10445,10309,10531,10568,10510,10466,10587,10345,10438,11814,10286,10382,8576,8658,8759,8710,8805,8583,8482,8639,8483,8700,8838,8613,7825,7740,7779,7985,7949,7924,7972,7904,7971,7961,7968,8016,8039,7789,7702,7621,7702,7782,7804,7754,7781,7756,7798,7793,7781,7786,7729,7706,7561,7991,7866
CIV143E9,0,0,0,1,2,1,1,1,0,0,1,0,0,0,0,1,1,0,1,1,2,0,0,0,0,0,0,0,0,0,0,0,0,0,0,0,0,0,0,0,0,0,0,0,0,0,0,1,17,16,23,7,7,9,5,7,7,7,6,6,1,1,1,7,11,11,11,11,11,3,11,14,14,15,15,14,14,45,53,30,29,42,31,38,50,46,40,42,53,42,41,41,43,55,54,41,41,41,42,55,55,48,48,45,41,43,44,180,187,173,55,52,47,111,72,74,74,73,363,164,262,179,180,180,127,182,179,181,168,168,269,228,244,153,146,148,81,145,146,143,142,143,152,149,150,148,143,153,145,149,147,149,150,156,144,145,143,150,146,150,146,145,148,145,145,82,84,82,83,145,85,143,163,150,149,150,151,151,148,147,146,145,145,147,147,145,144,147,146,146,146,82,90,149,145,146,144,142,85,80,82,74,77,72,84,77,88,83,85,80,79,77,89,88,93,92,90,85,98,207,401,398,246,310,10369,10695,7100,10710,10633,10543,10689,10651,10661,10603,10460,10504,10464,10467,10465,10513,10501,10535,10686,10555,9708,9629,9656,9602,9938,9822,9523,9541,9586,9549,9533,9559,9624,10022,9713,9773,9620,9609,10355,9591,9603,9636,10661,10372,10105,10168,10826,10587,10454,10319,10539,10576,10518,10474,10598,10353,10446,11893,10294,10390,8580,8664,8765,8716,8808,8590,8486,8650,8485,8706,8840,8619,7822,7737,7780,7983,7948,7923,7971,7903,7970,7960,7967,8014,8036,7786,7699,7618,7699,7779,7801,7762,7789,7764,7806,7801,7787,7792,7726,7703,7558,7991,7866
CNS1F3,0,0,0,1,2,1,1,1,0,0,1,0,0,0,0,1,1,0,1,1,2,0,0,0,0,0,0,0,0,0,0,0,0,0,0,0,0,0,0,0,0,0,0,0,0,0,0,1,17,16,23,7,7,9,5,7,7,7,6,6,1,1,1,7,10,10,10,10,10,3,11,14,14,14,14,13,13,44,53,30,29,40,29,36,50,46,40,42,52,42,40,40,42,55,54,41,41,41,42,55,54,48,48,45,41,43,44,179,186,172,54,51,45,110,72,74,74,73,360,163,258,179,180,180,127,180,177,179,168,168,269,226,242,151,145,146,80,143,144,142,141,141,150,147,149,146,141,151,143,148,145,148,149,154,142,144,142,148,143,148,145,144,146,144,143,80,82,80,81,143,83,142,162,149,148,148,150,150,145,144,144,143,143,145,145,144,143,145,144,145,145,79,88,148,144,144,143,140,83,79,80,73,75,71,80,76,85,82,83,79,77,75,86,85,90,89,88,83,96,206,398,395,243,305,10105,10425,6919,10440,10363,10272,10417,10380,10391,10334,10193,10241,10201,10203,10200,10247,10229,10270,10417,10292,9471,9395,9421,9371,9692,9589,9294,9314,9360,9322,9306,9331,9395,9790,9483,9545,9383,9375,10112,9364,9371,9404,10424,10140,9863,9930,10582,10343,10220,10083,10299,10338,10286,10242,10357,10121,10216,11663,10062,10161,8338,8421,8522,8473,8565,8350,8244,8407,8243,8463,8596,8378,7600,7515,7559,7760,7725,7700,7748,7680,7747,7737,7744,7791,7812,7562,7474,7401,7479,7556,7578,7539,7566,7541,7583,7578,7564,7569,7504,7481,7336,7750,7630
CAAYSI,0,0,0,1,2,1,1,1,0,0,1,0,0,0,0,1,1,0,1,1,2,0,0,0,0,0,0,0,0,0,0,0,0,0,0,0,0,0,0,0,0,0,0,0,0,0,0,1,17,16,23,7,7,9,5,7,7,7,6,6,1,1,1,7,10,10,10,10,10,3,11,14,14,15,15,14,14,45,53,30,29,42,31,38,50,46,40,42,53,42,41,41,43,55,54,41,41,41,42,55,55,48,48,45,41,43,44,179,186,172,54,52,47,111,72,74,74,73,363,164,262,179,180,180,127,182,179,181,168,168,269,228,244,153,146,148,81,145,146,143,142,143,152,149,150,148,143,152,145,149,147,149,150,156,144,145,143,150,145,150,146,145,148,145,145,82,84,82,83,145,85,143,163,150,149,150,151,151,147,146,146,145,145,147,147,145,144,147,146,146,146,82,90,149,145,146,144,142,85,80,82,74,77,72,83,77,88,83,85,80,79,77,89,88,93,92,90,85,98,207,401,398,246,310,10363,10680,7093,10692,10625,10535,10677,10643,10650,10591,10452,10496,10453,10459,10457,10505,10493,10527,10678,10547,9700,9621,9648,9594,9930,9814,9515,9533,9578,9541,9523,9551,9616,10011,9705,9765,9609,9601,10347,9582,9592,9625,10653,10363,10097,10164,10808,10569,10445,10307,10531,10565,10509,10466,10580,10345,10438,11886,10284,10382,8573,8657,8758,8708,8801,8583,8482,8643,8478,8699,8833,8615,7815,7730,7772,7975,7942,7917,7965,7897,7964,7954,7958,8006,8029,7778,7695,7616,7695,7772,7793,7755,7782,7757,7799,7794,7782,7787,7719,7696,7554,7985,7860
CIT15GS1,0,0,0,1,2,1,1,1,0,0,1,0,0,0,0,1,1,0,1,1,2,0,0,0,0,0,0,0,0,0,0,0,0,0,0,0,0,0,0,0,0,0,0,0,0,0,0,1,17,16,23,7,7,9,5,7,7,7,6,6,1,1,1,7,11,11,11,11,11,3,11,14,14,15,15,14,14,45,53,30,29,42,31,38,50,46,40,42,53,42,41,41,43,55,54,41,41,41,42,55,55,48,48,45,41,43,44,180,187,173,55,52,47,111,72,74,74,73,362,164,262,179,180,180,127,182,179,181,168,168,269,228,244,153,146,148,81,145,146,143,142,143,152,149,150,148,143,153,145,149,147,149,150,156,144,145,143,150,146,150,146,145,148,145,145,82,84,82,83,145,85,143,163,150,149,150,151,151,148,147,146,145,145,147,147,145,144,147,146,146,146,82,90,149,145,146,144,142,85,80,82,74,77,72,84,77,88,83,85,80,79,77,89,88,93,92,90,85,98,207,401,398,246,310,10369,10695,7100,10710,10633,10543,10689,10651,10661,10603,10460,10504,10464,10467,10465,10513,10501,10535,10686,10555,9708,9629,9656,9602,9938,9822,9523,9541,9586,9549,9533,9559,9624,10022,9713,9773,9620,9609,10355,9591,9603,9636,10661,10371,10105,10168,10826,10587,10454,10319,10539,10576,10518,10474,10598,10353,10446,11894,10294,10390,8587,8671,8772,8723,8815,8597,8493,8657,8492,8713,8847,8626,7829,7744,7783,7989,7953,7928,7976,7908,7975,7965,7972,8020,8043,7793,7706,7625,7706,7786,7808,7767,7794,7769,7811,7806,7794,7799,7733,7710,7565,7998,7873
CIV13RE2,0,0,0,1,2,1,1,1,0,0,1,0,0,0,0,1,1,0,1,1,2,0,0,0,0,0,0,0,0,0,0,0,0,0,0,0,0,0,0,0,0,0,0,0,0,0,0,1,17,16,23,7,7,9,5,7,7,7,6,6,1,1,1,7,11,11,11,11,11,3,11,14,14,15,15,14,14,45,53,30,29,42,31,38,50,46,40,42,53,42,41,41,43,55,54,41,41,41,42,55,55,48,48,45,41,43,44,180,187,173,55,52,47,111,72,74,74,73,362,164,262,179,180,180,127,182,179,181,168,168,269,228,244,153,146,148,81,145,146,143,142,143,152,149,150,148,143,153,145,149,147,149,150,156,144,145,143,150,146,150,146,145,148,145,145,82,84,82,83,145,85,143,163,150,149,150,151,151,148,147,146,145,145,147,147,145,144,147,146,146,146,82,90,149,145,146,144,142,85,80,82,74,77,72,84,77,88,83,85,80,79,77,89,88,93,92,90,85,98,207,401,398,246,310,10370,10695,7100,10708,10634,10543,10690,10652,10662,10603,10460,10504,10464,10467,10465,10513,10502,10535,10686,10555,9708,9629,9656,9602,9938,9822,9523,9541,9586,9549,9533,9559,9624,10022,9713,9773,9620,9609,10355,9591,9603,9636,10661,10372,10105,10170,10826,10585,10454,10319,10539,10576,10518,10474,10595,10353,10446,11894,10294,10390,8586,8668,8769,8720,8815,8594,8490,8654,8492,8710,8847,8623,7826,7741,7780,7987,7952,7927,7975,7907,7974,7964,7971,8018,8040,7790,7703,7622,7703,7783,7805,7764,7791,7766,7808,7803,7791,7796,7730,7707,7562,7995,7870
CIV141E6,0,0,0,1,2,1,1,1,0,0,1,0,0,0,0,1,1,0,1,1,2,0,0,0,0,0,0,0,0,0,0,0,0,0,0,0,0,0,0,0,0,0,0,0,0,0,0,1,17,16,23,7,7,9,5,7,7,7,6,6,1,1,1,7,11,11,11,11,11,3,11,14,14,15,15,14,14,45,53,30,29,42,31,38,50,46,40,42,53,42,41,41,43,55,54,41,41,41,42,55,55,48,48,45,41,43,44,180,187,173,55,52,47,111,72,74,74,73,363,164,262,179,180,180,127,182,179,181,168,168,269,228,244,153,146,148,81,145,146,143,142,143,152,149,150,148,143,153,145,149,147,149,150,156,144,145,143,150,146,150,146,145,148,145,145,82,84,82,83,145,83,143,163,150,149,150,151,151,148,147,146,145,145,147,147,145,144,147,146,146,146,82,90,149,145,146,144,142,84,80,82,74,76,72,83,77,88,83,85,79,79,77,89,88,93,92,90,85,98,207,401,398,246,310,10369,10695,7100,10710,10633,10543,10689,10651,10661,10603,10460,10504,10464,10467,10465,10513,10501,10535,10686,10555,9708,9629,9656,9602,9938,9822,9523,9541,9586,9549,9533,9559,9624,10022,9713,9773,9620,9609,10355,9591,9603,9636,10661,10372,10103,10166,10824,10587,10454,10319,10539,10576,10518,10474,10598,10353,10446,11894,10294,10390,8585,8670,8770,8721,8814,8595,8493,8657,8490,8711,8846,8625,7829,7744,7783,7989,7953,7928,7976,7908,7975,7965,7972,8020,8043,7793,7706,7625,7706,7786,7808,7767,7794,7769,7811,7806,7794,7799,7733,7710,7565,7998,7873
CIS15HB1,0,0,0,1,2,1,1,1,0,0,1,0,0,0,0,1,1,0,1,1,2,0,0,0,0,0,0,0,0,0,0,0,0,0,0,0,0,0,0,0,0,0,0,0,0,0,0,1,17,16,23,7,7,9,5,7,7,7,6,6,1,1,1,7,11,11,11,11,11,3,11,14,14,15,15,14,14,45,53,30,29,42,31,38,50,46,40,42,53,42,41,41,43,55,54,41,41,41,42,55,55,48,48,45,41,43,44,180,187,173,55,52,47,111,72,74,74,73,363,164,252,169,170,170,127,172,169,171,158,158,259,228,244,153,146,148,81,145,146,143,142,143,152,149,150,148,143,153,145,149,147,149,150,156,144,145,143,150,146,150,146,145,148,145,145,82,84,82,83,145,85,143,163,150,149,150,151,151,148,147,146,145,145,147,147,145,144,147,146,146,146,82,90,149,145,146,144,142,85,80,82,74,77,72,84,77,88,83,85,80,79,77,89,88,93,92,90,85,98,207,401,398,246,310,10368,10692,7098,10705,10632,10541,10688,10650,10660,10601,10458,10502,10462,10465,10463,10511,10500,10533,10684,10553,9706,9627,9654,9600,9936,9820,9521,9539,9584,9547,9531,9557,9622,10020,9711,9771,9618,9607,10353,9589,9601,9634,10659,10369,10103,10168,10824,10582,10452,10317,10537,10574,10516,10472,10592,10351,10444,11890,10292,10388,8581,8663,8764,8715,8811,8592,8485,8652,8488,8705,8843,8618,7824,7739,7779,7985,7950,7925,7973,7905,7972,7962,7969,8016,8038,7788,7701,7620,7701,7781,7803,7763,7790,7765,7807,7802,7789,7794,7728,7705,7560,7993,7868
CIV140U1,0,0,0,1,2,1,1,1,0,0,1,0,0,0,0,1,1,0,1,1,2,0,0,0,0,0,0,0,0,0,0,0,0,0,0,0,0,0,0,0,0,0,0,0,0,0,0,1,17,16,23,7,7,9,5,7,7,7,6,6,1,1,1,7,11,11,11,11,11,3,11,14,14,15,15,14,14,45,53,30,29,42,31,38,50,46,40,42,53,42,41,41,43,55,54,41,41,41,42,55,55,48,48,45,41,43,44,180,187,173,55,52,47,111,72,74,74,73,363,164,262,179,180,180,127,182,179,181,168,168,269,228,244,153,146,148,81,145,146,143,142,143,152,149,150,148,143,153,145,149,147,149,150,156,144,145,143,150,146,150,146,145,148,145,145,82,84,82,83,145,85,143,163,150,149,150,151,151,148,147,146,145,145,147,147,145,144,147,146,146,146,82,90,149,145,146,144,142,85,80,82,74,77,72,84,77,88,83,85,80,79,77,89,88,93,92,90,85,98,207,401,398,246,310,10370,10696,7100,10710,10634,10543,10690,10652,10662,10603,10460,10504,10464,10467,10465,10513,10502,10535,10686,10555,9708,9629,9656,9602,9938,9822,9523,9541,9586,9549,9533,9559,9624,10022,9713,9773,9620,9609,10355,9591,9603,9636,10661,10372,10105,10170,10828,10587,10454,10319,10539,10576,10518,10474,10597,10353,10446,11894,10294,10390,8589,8671,8772,8723,8818,8597,8493,8657,8495,8713,8850,8626,7829,7744,7783,7989,7953,7928,7976,7908,7975,7965,7972,8020,8043,7793,7706,7625,7706,7786,7808,7767,7794,7769,7811,7806,7794,7799,7733,7710,7565,7998,7873
CIV140E4,0,0,0,1,2,1,1,1,0,0,1,0,0,0,0,1,1,0,1,1,2,0,0,0,0,0,0,0,0,0,0,0,0,0,0,0,0,0,0,0,0,0,0,0,0,0,0,1,17,16,23,7,7,9,5,7,7,7,6,6,1,1,1,7,11,11,11,11,11,3,11,14,14,15,15,14,14,45,52,30,29,42,31,38,50,46,40,42,53,42,41,41,43,51,50,41,41,41,42,55,55,48,48,45,41,43,44,176,183,169,55,52,47,111,72,74,74,73,363,164,261,178,179,178,119,177,174,176,167,167,264,224,240,149,142,144,81,141,142,139,138,139,148,145,146,144,139,149,141,145,143,145,146,152,140,141,139,146,142,146,142,141,144,141,141,82,84,82,83,141,85,139,159,146,145,146,147,147,144,143,142,141,141,143,143,141,140,143,142,142,142,82,90,145,141,142,140,138,85,80,82,74,77,72,84,77,88,83,85,80,79,77,89,88,93,92,90,85,98,207,385,382,242,310,10364,10690,7099,10705,10628,10538,10684,10646,10656,10598,10455,10499,10459,10462,10460,10508,10496,10530,10681,10550,9703,9624,9651,9597,9933,9817,9518,9536,9581,9544,9528,9554,9619,10017,9708,9768,9615,9604,10350,9586,9599,9632,10653,10368,10097,10160,10818,10579,10450,10315,10535,10572,10514,10470,10594,10349,10442,11841,10290,10386,8567,8651,8752,8703,8795,8577,8476,8641,8472,8693,8827,8606,7828,7743,7782,7988,7952,7927,7975,7907,7974,7964,7971,8019,8042,7792,7705,7624,7705,7785,7807,7766,7793,7768,7810,7805,7793,7798,7731,7709,7564,7997,7872
CIV140E7,0,0,0,1,2,1,1,1,0,0,1,0,0,0,0,1,1,0,1,1,2,0,0,0,0,0,0,0,0,0,0,0,0,0,0,0,0,0,0,0,0,0,0,0,0,0,0,1,17,16,23,7,7,9,5,7,7,7,6,6,1,1,1,7,11,11,11,11,11,3,11,14,14,15,15,14,14,45,53,30,29,42,31,38,50,46,40,42,53,42,41,41,43,55,54,41,41,41,42,55,55,48,48,45,41,43,44,180,187,173,55,52,47,111,72,74,74,73,363,164,262,179,180,180,127,182,179,181,168,168,269,228,244,153,146,148,81,145,146,143,142,143,152,149,150,148,143,153,145,149,147,149,150,156,144,145,143,150,146,150,146,145,148,145,145,82,84,82,83,145,85,143,163,150,149,150,151,151,148,147,146,145,145,147,147,145,144,147,146,146,146,82,90,149,145,146,144,142,85,80,82,74,77,72,84,77,88,83,85,80,79,77,89,88,93,92,90,85,98,207,401,398,246,310,10370,10692,7100,10704,10634,10543,10689,10652,10662,10602,10460,10504,10464,10467,10465,10513,10502,10535,10686,10555,9708,9629,9656,9602,9938,9822,9523,9541,9586,9549,9533,9559,9624,10022,9713,9773,9620,9609,10355,9591,9603,9636,10661,10372,10105,10169,10819,10581,10454,10319,10539,10576,10518,10474,10591,10353,10446,11894,10294,10390,8585,8669,8770,8721,8813,8595,8491,8655,8490,8711,8845,8624,7827,7742,7783,7987,7951,7926,7974,7906,7973,7963,7970,8018,8041,7790,7704,7623,7704,7784,7805,7767,7794,7769,7811,7806,7792,7797,7731,7708,7563,7996,7871
CAAXQV,0,0,0,1,2,1,1,1,0,0,1,0,0,0,0,1,1,0,1,1,2,0,0,0,0,0,0,0,0,0,0,0,0,0,0,0,0,0,0,0,0,0,0,0,0,0,0,1,17,16,23,7,7,9,5,7,7,7,6,6,1,1,1,7,11,11,11,11,11,3,11,14,14,15,15,14,14,45,53,30,29,42,31,38,50,46,40,42,53,42,41,41,43,55,54,41,41,41,42,55,55,48,48,45,41,43,44,180,187,173,55,52,47,111,72,74,74,73,363,164,262,179,180,180,127,182,179,181,168,168,269,228,244,153,146,148,81,145,146,143,142,143,152,149,150,148,143,153,145,149,147,149,150,156,144,145,143,150,146,150,146,145,148,145,145,82,84,82,83,145,85,143,163,150,149,150,151,151,148,147,146,145,145,147,147,145,144,147,146,146,146,82,90,149,145,146,144,142,85,80,82,74,77,72,84,77,88,83,85,80,79,77,89,88,93,92,90,85,98,207,401,398,246,310,10370,10696,7100,10711,10634,10543,10690,10652,10662,10603,10460,10504,10464,10467,10465,10513,10502,10535,10686,10555,9708,9629,9656,9602,9938,9822,9523,9541,9586,9549,9533,9559,9624,10022,9713,9773,9620,9609,10355,9591,9603,9636,10663,10372,10107,10171,10828,10590,10454,10319,10539,10576,10518,10474,10598,10353,10446,11894,10294,10390,8589,8673,8774,8725,8817,8599,8495,8659,8494,8715,8849,8626,7829,7744,7783,7989,7953,7928,7976,7908,7975,7965,7972,8020,8043,7793,7706,7625,7706,7786,7808,7767,7794,7769,7811,7806,7794,7799,7733,7710,7565,7998,7873
CIV13UE4,0,0,0,1,2,1,1,1,0,0,1,0,0,0,0,1,1,0,1,1,2,0,0,0,0,0,0,0,0,0,0,0,0,0,0,0,0,0,0,0,0,0,0,0,0,0,0,1,17,16,23,7,7,9,5,7,7,7,6,6,1,1,1,7,11,11,11,11,11,3,11,14,14,15,15,14,14,45,53,30,29,42,31,38,50,46,40,42,53,42,41,41,43,55,54,41,41,41,42,55,55,48,48,45,41,43,44,180,187,173,55,52,47,111,72,74,74,73,363,164,262,179,180,180,127,182,179,181,168,168,269,228,244,153,146,148,81,145,146,143,142,143,152,149,150,148,143,153,145,149,147,149,150,156,144,145,143,150,146,150,146,145,148,145,145,82,84,82,83,145,85,143,163,150,149,150,151,151,148,147,146,145,145,147,147,145,144,147,146,146,146,82,90,149,145,146,144,142,85,80,82,74,77,72,84,77,88,83,85,80,79,77,89,88,93,92,90,85,98,207,401,398,246,310,10370,10696,7100,10710,10634,10543,10690,10652,10662,10603,10460,10504,10464,10467,10465,10513,10502,10535,10686,10555,9708,9629,9656,9602,9938,9822,9523,9541,9586,9549,9533,9559,9624,10022,9713,9773,9620,9609,10355,9591,9603,9636,10661,10372,10105,10169,10825,10587,10454,10319,10539,10576,10518,10474,10597,10353,10446,11894,10294,10390,8587,8671,8772,8723,8815,8597,8493,8657,8492,8713,8847,8626,7829,7744,7783,7989,7953,7928,7976,7908,7975,7965,7972,8020,8043,7793,7706,7625,7706,7786,7808,7767,7794,7769,7811,7806,7794,7799,7733,7710,7565,7998,7873
CIS15MR1,0,0,0,1,2,1,1,1,0,0,1,0,0,0,0,1,1,0,1,1,2,0,0,0,0,0,0,0,0,0,0,0,0,0,0,0,0,0,0,0,0,0,0,0,0,0,0,1,17,16,23,7,7,9,5,7,7,7,6,6,1,1,1,7,11,11,11,11,11,3,11,14,14,15,15,14,14,45,53,30,29,42,31,38,50,46,40,42,53,42,41,41,43,55,54,41,41,41,42,55,55,48,48,45,41,43,44,180,187,173,55,52,47,111,72,74,74,73,362,164,262,179,180,180,127,182,179,181,168,168,269,228,244,153,146,148,81,145,146,143,142,143,152,149,150,148,143,153,145,149,147,149,150,156,144,145,143,150,146,150,146,145,148,145,145,82,84,82,83,145,85,143,163,150,149,150,151,151,148,147,146,145,145,147,147,145,144,147,146,146,146,82,90,149,145,146,144,142,85,80,82,74,77,72,84,77,88,83,85,80,79,77,89,88,93,92,90,85,98,207,401,398,246,310,10370,10695,7100,10709,10634,10543,10690,10652,10662,10603,10460,10504,10464,10467,10465,10513,10502,10535,10686,10555,9708,9629,9656,9602,9938,9822,9523,9541,9586,9549,9533,9559,9624,10022,9713,9773,9620,9609,10355,9591,9603,9636,10661,10372,10105,10170,10827,10586,10454,10319,10539,10576,10518,10474,10596,10353,10446,11894,10294,10390,8589,8671,8772,8723,8818,8597,8493,8657,8495,8713,8850,8626,7829,7744,7783,7989,7953,7928,7976,7908,7975,7965,7972,8020,8043,7793,7706,7625,7706,7786,7808,7767,7794,7769,7811,7806,7794,7799,7733,7710,7565,7998,7873
CIV13YE6,0,0,0,1,2,1,1,1,0,0,1,0,0,0,0,1,1,0,1,1,2,0,0,0,0,0,0,0,0,0,0,0,0,0,0,0,0,0,0,0,0,0,0,0,0,0,0,1,17,16,23,7,7,9,5,7,7,7,6,6,1,1,1,7,11,11,11,11,11,3,11,14,14,15,15,14,14,45,53,30,29,42,31,38,50,46,40,42,53,42,41,41,43,55,54,41,41,41,42,55,55,48,48,45,41,43,44,180,187,173,55,52,47,111,72,74,74,73,363,164,262,179,180,180,127,182,179,181,168,168,269,228,244,153,146,148,81,145,146,143,142,143,152,149,150,148,143,153,145,149,147,149,150,156,144,145,143,150,146,150,146,145,148,145,145,82,84,82,83,145,85,143,163,150,149,150,151,151,148,147,146,145,145,147,147,145,144,147,146,146,146,82,90,149,145,146,144,142,85,80,82,74,77,72,84,77,88,83,85,80,79,77,89,88,93,92,90,85,98,207,401,398,246,310,10370,10696,7100,10711,10634,10543,10690,10652,10662,10603,10460,10504,10464,10467,10465,10513,10502,10535,10686,10555,9708,9629,9656,9602,9938,9822,9523,9541,9586,9549,9533,9559,9624,10022,9713,9773,9620,9609,10355,9591,9603,9636,10661,10372,10105,10170,10830,10588,10454,10319,10539,10576,10518,10474,10598,10353,10446,11894,10294,10390,8589,8671,8772,8723,8819,8597,8493,8657,8496,8713,8851,8626,7829,7744,7783,7989,7953,7928,7976,7908,7975,7965,7972,8020,8043,7793,7706,7625,7706,7786,7808,7767,7794,7769,7811,7806,7794,7799,7733,7710,7565,7998,7873
CIV143E4,0,0,0,1,2,1,1,1,0,0,1,0,0,0,0,1,1,0,1,1,2,0,0,0,0,0,0,0,0,0,0,0,0,0,0,0,0,0,0,0,0,0,0,0,0,0,0,1,17,16,23,7,7,9,5,7,7,7,6,6,1,1,1,7,11,11,11,11,11,3,11,14,14,15,15,14,14,45,53,30,29,42,31,38,50,46,40,42,53,42,41,41,43,55,54,41,41,41,42,55,55,48,48,45,41,43,44,180,187,173,55,52,47,111,72,74,74,73,363,164,262,179,180,180,127,182,179,181,168,168,269,228,244,153,146,148,81,145,146,143,142,143,152,149,150,148,143,153,145,149,147,149,150,156,144,145,143,150,146,150,146,145,148,145,145,82,84,82,83,145,83,143,163,150,149,150,151,151,148,147,146,145,145,147,147,145,144,147,146,146,146,82,90,149,145,146,144,142,84,80,82,74,76,72,83,77,88,83,85,79,79,77,89,88,93,92,90,85,98,207,398,395,246,310,10369,10691,7100,10703,10633,10543,10688,10651,10661,10602,10460,10504,10464,10467,10465,10513,10501,10535,10686,10555,9708,9629,9656,9602,9938,9822,9523,9541,9586,9549,9533,9559,9624,10022,9713,9773,9620,9609,10355,9591,9603,9636,10661,10372,10103,10166,10817,10580,10454,10319,10539,10576,10518,10474,10591,10353,10446,11894,10294,10390,8586,8670,8770,8721,8814,8596,8494,8657,8490,8711,8846,8625,7829,7744,7783,7989,7953,7928,7976,7908,7975,7965,7972,8020,8043,7792,7706,7625,7706,7786,7807,7767,7794,7769,7811,7806,7794,7799,7733,7710,7565,7998,7873
CIV13XE5,0,0,0,1,2,1,1,1,0,0,1,0,0,0,0,1,1,0,1,1,2,0,0,0,0,0,0,0,0,0,0,0,0,0,0,0,0,0,0,0,0,0,0,0,0,0,0,1,17,16,23,7,7,9,5,7,7,7,6,6,1,1,1,7,11,11,11,11,11,3,11,14,14,15,15,14,14,45,53,30,29,42,31,38,50,46,40,42,53,42,41,41,43,55,54,41,41,41,42,55,55,48,48,45,41,43,44,180,187,173,55,52,47,111,72,74,74,73,363,164,262,179,180,180,127,182,179,181,168,168,269,228,244,153,146,148,81,145,146,143,142,143,152,149,150,148,143,153,145,149,147,149,150,156,144,145,143,150,146,150,146,145,148,145,145,82,84,82,83,145,85,143,163,150,149,150,151,151,148,147,146,145,145,147,147,145,144,147,146,146,146,82,90,149,145,146,144,142,85,80,82,74,77,72,84,77,88,83,85,80,79,77,89,88,93,92,90,85,98,207,401,398,246,310,10369,10694,7100,10707,10633,10543,10689,10651,10661,10603,10460,10504,10464,10467,10465,10513,10501,10535,10686,10555,9708,9629,9656,9602,9938,9822,9523,9541,9586,9549,9533,9559,9624,10022,9713,9773,9620,9609,10355,9591,9603,9636,10661,10372,10105,10169,10827,10584,10454,10319,10539,10576,10518,10474,10595,10353,10446,11894,10294,10390,8589,8671,8772,8723,8819,8597,8493,8657,8496,8713,8851,8626,7829,7744,7783,7989,7953,7928,7976,7908,7975,7965,7972,8020,8043,7793,7706,7625,7706,7786,7808,7767,7794,7769,7811,7806,7794,7799,7733,7710,7565,7998,7873
CIT15GH1,0,0,0,1,2,1,1,1,0,0,1,0,0,0,0,1,1,0,1,1,2,0,0,0,0,0,0,0,0,0,0,0,0,0,0,0,0,0,0,0,0,0,0,0,0,0,0,1,17,16,23,7,7,9,5,7,7,7,6,6,1,1,1,7,11,11,11,11,11,3,11,14,14,15,15,14,14,45,53,30,29,42,31,38,50,46,40,42,53,42,41,41,43,55,54,41,41,41,42,55,55,48,48,45,41,43,44,180,187,173,55,52,47,111,72,74,74,73,363,164,262,179,180,180,127,182,179,181,168,168,269,228,244,153,146,148,81,145,146,143,142,143,152,149,150,148,143,153,145,149,147,149,150,156,144,145,143,150,146,150,146,145,148,145,145,82,84,82,83,145,85,143,163,150,149,150,151,151,148,147,146,145,145,147,147,145,144,147,146,146,146,82,90,149,145,146,144,142,85,80,82,74,77,72,84,77,88,83,85,80,79,77,89,88,93,92,90,85,98,207,401,398,246,310,10370,10693,7100,10706,10634,10543,10690,10652,10662,10603,10460,10504,10464,10467,10465,10513,10502,10535,10686,10555,9708,9629,9656,9602,9938,9822,9523,9541,9586,9549,9533,9559,9624,10022,9713,9773,9620,9609,10355,9591,9603,9636,10661,10372,10105,10170,10825,10583,10454,10319,10539,10576,10518,10474,10593,10353,10446,11894,10294,10390,8589,8671,8772,8723,8819,8597,8493,8657,8496,8713,8851,8626,7829,7744,7783,7989,7953,7928,7976,7908,7975,7965,7972,8020,8043,7793,7706,7625,7706,7786,7808,7767,7794,7769,7811,7806,7794,7799,7733,7710,7565,7998,7873
CIV140E1,0,0,0,1,2,1,1,1,0,0,1,0,0,0,0,1,1,0,1,1,2,0,0,0,0,0,0,0,0,0,0,0,0,0,0,0,0,0,0,0,0,0,0,0,0,0,0,1,17,16,23,7,7,9,5,7,7,7,6,6,1,1,1,7,11,11,11,11,11,3,11,14,14,15,15,14,14,45,53,30,29,42,31,38,50,46,40,42,53,42,41,41,43,55,54,41,41,41,42,55,55,48,48,45,41,43,44,180,187,173,55,52,47,111,72,74,74,73,363,164,261,179,180,179,127,182,179,181,168,168,269,228,244,153,146,148,81,145,146,143,142,143,152,149,150,148,143,153,145,149,147,149,150,156,144,145,143,150,146,150,146,145,148,145,145,82,84,82,83,145,85,143,163,150,149,150,151,151,148,147,146,145,145,147,147,145,144,147,146,146,146,82,90,149,145,146,144,142,85,80,82,74,77,72,84,77,88,83,85,80,79,77,89,88,93,92,90,85,98,207,400,397,246,310,10370,10696,7100,10710,10634,10543,10690,10652,10662,10603,10460,10504,10464,10467,10465,10513,10502,10535,10686,10555,9708,9629,9656,9602,9938,9822,9523,9541,9586,9549,9533,9559,9624,10022,9713,9773,9620,9609,10355,9591,9603,9636,10661,10372,10105,10170,10828,10587,10454,10319,10539,10576,10518,10474,10597,10353,10446,11886,10294,10390,8589,8671,8772,8723,8818,8597,8493,8657,8495,8713,8850,8626,7829,7744,7783,7989,7953,7928,7976,7908,7975,7965,7972,8020,8043,7793,7706,7625,7706,7786,7808,7767,7794,7769,7811,7806,7794,7799,7733,7710,7565,7998,7873
CIV140E6,0,0,0,1,2,1,1,1,0,0,1,0,0,0,0,1,1,0,1,1,2,0,0,0,0,0,0,0,0,0,0,0,0,0,0,0,0,0,0,0,0,0,0,0,0,0,0,1,17,16,23,7,7,9,5,7,7,7,6,6,1,1,1,7,11,11,11,11,11,3,11,14,14,15,15,14,14,45,53,30,29,42,31,38,50,46,40,42,53,42,41,41,43,55,54,41,41,41,42,55,55,48,48,45,41,43,44,180,187,173,55,52,47,111,72,74,74,73,360,164,262,179,180,180,127,182,179,181,167,168,269,228,244,153,146,148,81,145,146,143,142,143,152,149,150,148,143,153,145,149,147,149,150,156,144,145,143,150,146,150,146,145,148,145,145,82,84,82,83,145,85,143,163,150,149,150,151,151,148,147,146,145,145,147,147,145,144,147,146,146,146,82,90,149,145,146,144,142,85,80,82,74,77,72,84,77,88,83,85,80,79,77,89,88,93,92,90,85,98,207,401,398,246,310,10362,10684,7092,10696,10626,10535,10681,10644,10654,10602,10452,10496,10456,10459,10457,10505,10494,10527,10678,10547,9708,9629,9656,9602,9938,9822,9523,9541,9586,9549,9533,9559,9624,10022,9713,9773,9620,9609,10355,9591,9603,9636,10652,10364,10097,10161,10814,10572,10446,10311,10531,10568,10510,10466,10583,10345,10438,11884,10286,10382,8575,8657,8758,8709,8805,8583,8480,8643,8482,8699,8838,8613,7816,7731,7775,7976,7940,7915,7963,7895,7962,7952,7959,8007,8030,7779,7693,7620,7701,7781,7794,7764,7791,7766,7808,7803,7789,7794,7728,7705,7560,7993,7868
CIU13XS1,0,0,0,1,2,1,1,1,0,0,1,0,0,0,0,1,1,0,1,1,2,0,0,0,0,0,0,0,0,0,0,0,0,0,0,0,0,0,0,0,0,0,0,0,0,0,0,1,17,16,23,7,7,9,5,7,7,7,6,6,1,1,1,7,11,11,11,11,11,3,11,14,14,15,15,14,14,45,53,30,29,42,31,38,50,46,40,42,53,42,41,41,43,55,54,41,41,41,42,55,55,48,48,45,41,43,44,180,187,173,55,52,47,111,72,74,74,73,363,164,262,179,180,180,127,182,179,181,168,168,269,228,244,153,146,148,81,145,146,143,142,143,152,149,150,148,143,153,145,149,147,149,150,156,144,145,143,150,146,150,146,145,148,145,145,82,84,82,83,145,85,143,163,150,149,150,151,151,148,147,146,145,145,147,147,145,144,147,146,146,146,82,90,149,145,146,144,142,85,80,82,74,77,72,84,77,88,83,85,80,79,77,89,88,93,92,90,85,98,207,401,398,246,310,10370,10694,7100,10707,10634,10543,10690,10652,10662,10603,10460,10504,10464,10467,10465,10513,10502,10535,10686,10555,9708,9629,9656,9602,9938,9822,9523,9541,9586,9549,9533,9559,9624,10022,9713,9773,9620,9609,10355,9591,9603,9636,10663,10372,10107,10171,10824,10586,10454,10319,10539,10576,10518,10474,10594,10353,10446,11894,10294,10390,8589,8673,8774,8725,8817,8599,8495,8659,8494,8715,8849,8626,7829,7744,7783,7989,7953,7928,7976,7908,7975,7965,7972,8020,8043,7793,7706,7625,7706,7786,7808,7767,7794,7769,7811,7806,7794,7799,7733,7710,7565,7998,7873
CIV146E8,0,0,0,1,2,1,1,1,0,0,1,0,0,0,0,1,1,0,1,1,2,0,0,0,0,0,0,0,0,0,0,0,0,0,0,0,0,0,0,0,0,0,0,0,0,0,0,1,16,15,22,7,7,9,5,7,7,7,6,6,1,1,1,7,11,11,11,11,11,3,11,14,14,15,15,14,14,45,53,29,29,42,31,38,50,46,40,42,53,42,41,41,43,55,54,41,41,41,42,55,55,48,48,45,41,43,44,179,187,173,55,52,47,111,72,74,74,73,333,164,258,174,175,175,111,178,175,176,164,163,265,228,244,153,146,148,81,145,146,143,142,143,152,149,150,148,143,153,145,149,147,149,150,156,144,145,143,150,146,150,146,145,148,145,145,82,84,82,83,145,85,143,163,150,149,150,151,151,148,147,146,145,145,147,147,145,144,147,146,146,146,82,90,149,145,146,144,142,85,80,82,74,77,72,84,77,87,83,85,80,79,77,89,88,93,92,90,85,98,201,389,386,240,310,10354,10680,7093,10692,10622,10532,10677,10640,10650,10591,10449,10493,10453,10456,10454,10503,10491,10525,10676,10545,9702,9623,9650,9596,9932,9816,9517,9535,9580,9543,9527,9553,9618,10016,9707,9767,9614,9603,10349,9585,9600,9633,10644,10369,10088,10151,10802,10563,10451,10316,10536,10573,10515,10471,10588,10350,10443,11860,10291,10387,8576,8660,8761,8712,8804,8586,8485,8646,8481,8702,8836,8612,7822,7737,7780,7983,7947,7922,7970,7902,7969,7959,7966,8014,8036,7785,7699,7618,7699,7779,7800,7756,7783,7758,7800,7795,7781,7786,7726,7703,7558,7991,7866
CIU149H1,0,0,0,1,2,1,1,1,0,0,1,0,0,0,0,1,1,0,1,1,2,0,0,0,0,0,0,0,0,0,0,0,0,0,0,0,0,0,0,0,0,0,0,0,0,0,0,1,17,16,23,7,7,9,5,7,7,7,6,6,1,1,1,7,11,11,11,11,11,3,11,14,14,15,15,14,14,45,53,30,29,42,31,38,50,46,40,42,53,42,41,41,43,55,54,41,41,41,42,55,55,48,48,45,41,43,44,180,187,173,55,52,47,111,72,74,74,73,363,164,262,179,180,180,127,182,179,181,168,168,269,228,244,153,146,148,81,145,146,143,142,143,152,149,150,148,143,153,145,149,147,149,150,156,144,145,143,150,146,150,146,145,148,145,145,82,84,82,83,145,85,143,163,150,149,150,151,151,148,147,146,145,145,147,147,145,144,147,146,146,146,82,90,149,145,146,144,142,85,80,82,74,77,72,84,77,88,83,85,80,79,77,89,88,93,92,90,85,98,207,401,398,246,310,10369,10695,7100,10709,10633,10543,10689,10651,10661,10603,10460,10504,10464,10467,10465,10513,10501,10535,10686,10555,9708,9629,9656,9602,9938,9822,9523,9541,9586,9549,9533,9559,9624,10022,9713,9773,9620,9609,10355,9591,9603,9636,10661,10372,10105,10168,10825,10586,10454,10319,10539,10576,10518,10474,10597,10353,10446,11894,10294,10390,8587,8671,8772,8723,8815,8597,8493,8657,8492,8713,8847,8626,7829,7744,7783,7989,7953,7928,7976,7908,7975,7965,7972,8020,8043,7793,7706,7625,7706,7786,7808,7767,7794,7769,7811,7806,7794,7799,7733,7710,7565,7998,7873
CIV144E6,0,0,0,1,2,1,1,1,0,0,1,0,0,0,0,1,1,0,1,1,2,0,0,0,0,0,0,0,0,0,0,0,0,0,0,0,0,0,0,0,0,0,0,0,0,0,0,1,17,16,23,7,7,9,5,7,7,7,6,6,1,1,1,7,11,11,11,11,11,3,11,14,14,15,15,14,14,44,53,30,29,42,31,38,50,46,40,42,53,42,41,41,43,55,54,41,41,41,42,55,55,48,48,45,41,43,44,180,187,173,55,52,47,111,72,74,74,73,362,164,262,179,180,180,127,182,179,181,168,168,269,228,244,148,146,148,81,145,146,143,142,143,152,149,150,148,143,153,145,149,147,149,150,153,144,145,143,150,146,150,146,145,148,145,145,82,84,82,83,145,85,143,163,150,149,150,151,151,148,147,146,145,145,147,147,145,144,147,146,146,146,82,90,149,145,146,144,142,85,80,82,74,77,72,84,77,83,83,85,80,79,77,89,88,93,92,90,85,98,207,400,397,246,310,10369,10694,7100,10707,10633,10543,10689,10651,10661,10603,10460,10504,10464,10467,10465,10513,10501,10535,10686,10555,9708,9629,9656,9602,9938,9822,9523,9541,9586,9549,9533,9559,9624,10022,9713,9773,9620,9609,10355,9591,9603,9636,10660,10372,10104,10167,10822,10583,10454,10319,10539,10576,10518,10473,10595,10353,10446,11888,10294,10390,8585,8669,8770,8721,8813,8595,8492,8655,8490,8711,8845,8624,7828,7743,7783,7988,7952,7927,7975,7907,7974,7964,7971,8019,8042,7792,7705,7624,7705,7785,7807,7766,7793,7768,7810,7805,7793,7798,7732,7709,7564,7997,7872
CIV13VE5,0,0,0,1,2,1,1,1,0,0,1,0,0,0,0,1,1,0,1,1,2,0,0,0,0,0,0,0,0,0,0,0,0,0,0,0,0,0,0,0,0,0,0,0,0,0,0,1,17,16,23,7,7,9,5,7,7,7,6,6,1,1,1,7,11,11,11,11,11,3,11,14,14,15,15,14,14,45,53,30,29,42,31,38,50,46,40,42,53,42,41,41,43,55,54,41,41,41,42,55,55,48,48,45,41,43,44,180,187,173,55,52,47,111,72,74,74,73,363,164,262,179,180,180,127,182,179,181,168,168,269,228,244,153,146,148,81,145,146,143,142,143,152,149,150,148,143,153,145,149,147,149,150,156,144,145,143,150,146,150,146,145,148,145,145,82,84,82,83,145,85,143,163,150,149,150,151,151,148,147,146,145,145,147,147,145,144,147,146,146,146,82,90,149,145,146,144,142,85,80,82,74,77,72,84,77,88,83,85,80,79,77,89,88,93,92,90,85,98,207,396,393,246,310,10369,10694,7100,10707,10633,10543,10689,10651,10661,10603,10460,10504,10464,10467,10465,10513,10501,10535,10686,10555,9708,9629,9656,9602,9938,9822,9523,9541,9586,9549,9533,9559,9624,10022,9713,9773,9620,9609,10355,9591,9603,9636,10660,10372,10105,10169,10826,10584,10454,10319,10539,10576,10518,10474,10595,10353,10446,11894,10294,10390,8577,8659,8759,8711,8806,8583,8480,8644,8484,8701,8838,8615,7823,7738,7782,7984,7948,7923,7971,7903,7970,7960,7967,8015,8037,7787,7700,7619,7700,7780,7802,7763,7790,7765,7807,7801,7788,7793,7727,7704,7559,7992,7867
CIV13YE8,0,0,0,1,2,1,1,1,0,0,1,0,0,0,0,1,1,0,1,1,2,0,0,0,0,0,0,0,0,0,0,0,0,0,0,0,0,0,0,0,0,0,0,0,0,0,0,0,17,16,23,7,7,9,5,7,7,7,6,6,1,1,1,7,11,11,11,11,11,3,11,14,14,15,15,14,14,45,53,30,29,42,31,38,50,46,40,42,53,42,41,41,43,55,54,41,41,41,42,55,55,48,48,45,41,43,44,180,187,173,55,52,47,111,72,74,74,73,363,164,262,179,180,180,127,182,179,181,168,168,269,228,244,153,146,148,81,145,146,143,142,143,152,149,150,148,143,153,145,149,147,149,150,156,144,145,143,150,146,150,146,145,148,145,145,82,84,82,83,145,85,143,163,150,149,150,151,151,148,147,146,145,145,147,147,145,144,147,146,146,146,82,90,149,145,146,144,142,85,80,82,74,77,72,84,77,88,83,85,80,79,77,89,88,93,92,90,85,98,207,401,398,246,310,10370,10696,7100,10711,10634,10543,10690,10652,10662,10603,10460,10504,10464,10467,10465,10513,10502,10535,10686,10555,9708,9629,9656,9602,9938,9822,9523,9541,9586,9549,9533,9559,9624,10022,9713,9773,9620,9609,10355,9591,9603,9636,10661,10372,10105,10170,10829,10588,10454,10319,10539,10576,10518,10474,10598,10353,10446,11894,10294,10390,8589,8670,8771,8722,8818,8597,8493,8656,8494,8712,8850,8626,7829,7744,7783,7989,7953,7928,7976,7908,7975,7965,7972,8019,8043,7793,7706,7625,7705,7786,7808,7766,7794,7768,7810,7805,7793,7799,7733,7710,7565,7998,7873
CIV144U1,1,1,1,2,3,2,2,2,1,1,2,1,1,1,1,2,2,1,2,2,3,1,1,1,1,1,1,1,1,1,1,1,1,1,1,1,1,1,1,1,1,1,1,1,1,1,0,0,18,17,24,8,8,10,6,8,8,8,7,7,2,2,2,8,12,12,12,12,12,4,12,15,15,16,16,15,15,46,53,31,30,43,32,39,50,46,40,42,53,42,41,41,43,55,54,41,41,41,42,55,55,48,48,45,41,43,44,181,188,174,56,53,48,111,73,75,75,74,364,165,263,180,181,181,128,183,180,182,169,169,270,229,245,154,147,149,82,146,147,144,143,144,153,150,151,149,144,154,146,150,148,150,151,157,145,146,144,151,147,151,147,146,149,146,146,83,85,83,84,146,86,144,164,151,150,151,152,151,149,148,147,146,146,148,148,146,145,148,147,147,147,83,91,150,146,147,145,143,86,81,83,75,78,73,85,78,89,84,86,81,80,78,90,89,94,93,91,86,98,208,399,396,247,310,10370,10696,7100,10711,10634,10543,10690,10652,10662,10603,10460,10504,10464,10467,10465,10513,10502,10535,10686,10555,9708,9629,9656,9602,9938,9822,9523,9541,9586,9549,9533,9559,9624,10022,9713,9773,9620,9609,10355,9591,9603,9636,10661,10372,10106,10170,10830,10588,10454,10319,10539,10576,10518,10474,10598,10353,10446,11894,10294,10390,8589,8671,8772,8723,8819,8597,8493,8657,8496,8713,8851,8626,7829,7744,7783,7989,7953,7928,7976,7908,7975,7965,7972,8020,8043,7793,7706,7625,7706,7786,7808,7766,7794,7768,7810,7805,7793,7799,7733,7710,7565,7998,7873
CNSP0U,17,17,17,18,19,18,18,18,17,17,18,17,17,17,17,18,18,17,18,18,19,17,17,17,17,17,17,17,17,17,17,17,17,17,17,17,17,17,17,17,17,17,16,17,17,17,17,18,0,1,5,14,14,16,12,14,14,14,13,13,16,16,16,22,26,26,26,26,26,18,25,29,28,30,30,29,27,59,67,45,44,56,46,53,63,59,53,55,66,55,54,54,56,68,67,54,54,54,55,68,68,60,60,58,54,58,59,195,202,188,69,65,61,126,87,89,89,88,376,178,276,194,195,195,142,197,194,196,183,183,284,243,259,168,161,163,96,160,161,158,157,158,167,164,165,163,158,168,160,164,162,164,165,171,159,160,158,165,161,165,161,160,163,160,160,97,99,97,98,160,100,158,178,165,164,165,166,166,163,162,161,160,160,162,162,160,159,162,161,161,161,97,105,164,160,161,159,156,100,95,97,88,92,87,99,92,103,98,100,95,94,92,104,103,108,107,105,100,113,222,411,408,261,323,10384,10710,7114,10725,10648,10557,10704,10666,10676,10617,10474,10518,10478,10481,10479,10526,10515,10548,10699,10568,9721,9642,9669,9615,9950,9834,9536,9554,9599,9561,9546,9572,9637,10029,9725,9785,9633,9622,10368,9604,9616,9649,10674,10385,10118,10182,10839,10601,10467,10332,10552,10589,10531,10487,10611,10366,10459,11907,10307,10403,8596,8680,8781,8732,8824,8606,8501,8665,8501,8722,8856,8635,7842,7757,7796,7997,7961,7936,7984,7916,7983,7973,7980,8028,8052,7806,7719,7638,7719,7799,7821,7781,7808,7783,7825,7819,7808,7813,7746,7723,7578,8011,7886
CNSKFP,16,16,16,17,18,17,17,17,16,16,17,16,16,16,16,17,17,16,17,17,18,16,16,16,16,16,16,16,16,16,16,16,16,16,16,16,16,16,16,16,16,16,15,16,16,16,16,17,1,0,8,13,13,15,11,13,13,13,12,12,15,15,15,21,24,24,24,24,24,17,24,28,27,29,29,28,26,58,64,44,43,55,45,52,62,58,52,54,65,54,53,53,55,67,66,53,53,53,54,67,67,59,59,57,53,57,58,193,200,186,67,63,59,124,86,88,88,87,373,177,269,187,188,188,138,190,187,189,176,176,277,241,255,166,160,161,95,158,159,157,156,156,166,162,164,161,156,166,158,163,160,163,164,169,157,159,157,163,158,163,160,159,161,159,158,95,97,95,96,158,97,157,177,164,163,163,165,165,160,159,159,158,158,160,160,159,158,160,159,160,160,95,104,163,159,159,158,154,98,94,95,87,90,86,96,91,101,97,98,94,92,90,103,102,107,106,104,99,111,221,409,406,260,320,10342,10661,7084,10673,10606,10516,10658,10624,10631,10572,10433,10477,10434,10440,10438,10480,10469,10503,10654,10524,9679,9600,9628,9574,9908,9793,9495,9513,9558,9521,9503,9531,9596,9992,9686,9746,9589,9580,10324,9562,9572,9604,10626,10339,10070,10135,10785,10542,10421,10283,10507,10541,10485,10442,10555,10321,10414,11861,10260,10358,8568,8649,8750,8701,8798,8575,8474,8634,8474,8691,8830,8607,7810,7727,7771,7969,7937,7912,7960,7892,7959,7949,7953,8000,8023,7774,7691,7613,7691,7769,7788,7753,7781,7755,7798,7791,7780,7786,7716,7693,7550,7978,7854
CNSLL4,23,23,23,24,25,24,24,24,23,23,24,23,23,23,23,24,24,23,24,24,25,23,23,23,23,23,23,23,23,23,23,23,23,23,23,23,23,23,23,23,23,23,22,23,23,23,23,24,5,8,0,21,21,23,19,21,21,21,20,20,22,22,22,28,32,32,32,32,32,24,31,35,34,35,35,34,33,62,70,49,48,60,50,57,67,63,57,59,70,59,57,57,59,71,71,57,57,57,58,72,72,64,64,62,58,61,62,198,205,191,72,66,62,130,91,92,92,91,377,182,258,176,177,177,144,181,178,180,167,167,267,244,259,169,162,164,99,161,162,159,158,159,168,165,166,164,159,168,161,165,163,165,166,172,160,161,159,166,161,166,162,161,164,161,161,100,102,100,101,161,103,159,178,166,165,166,167,167,163,163,162,161,161,162,163,161,160,163,162,162,162,99,107,165,161,162,160,157,103,98,100,91,95,90,99,95,105,100,102,98,97,95,106,105,110,109,107,102,113,217,398,397,257,319,10148,10456,6956,10470,10401,10312,10458,10414,10424,10366,10229,10271,10232,10232,10237,10270,10257,10291,10441,10315,9491,9413,9438,9390,9714,9599,9310,9331,9369,9337,9317,9341,9406,9807,9502,9556,9404,9389,10129,9380,9398,9425,10432,10150,9877,9950,10596,10355,10219,10080,10308,10344,10286,10243,10367,10125,10220,11667,10066,10166,8374,8451,8553,8504,8598,8380,8272,8439,8279,8494,8630,8407,7631,7547,7587,7788,7753,7728,7776,7708,7775,7765,7773,7820,7843,7596,7510,7432,7508,7590,7611,7565,7593,7567,7608,7602,7593,7597,7534,7514,7369,7788,7665
ERR9941258,7,7,7,8,9,8,8,8,7,7,8,7,7,7,7,8,8,7,8,8,9,7,7,7,7,7,7,7,7,7,7,7,7,7,7,7,7,7,7,7,7,7,7,7,7,7,7,8,14,13,21,0,2,4,2,4,4,4,3,3,6,6,6,12,16,16,16,16,16,8,15,19,18,20,20,19,18,49,55,35,34,47,36,43,53,49,43,45,56,45,44,44,46,58,57,44,44,44,45,58,58,50,50,48,44,48,49,184,191,177,59,56,51,116,77,79,79,78,366,168,267,184,185,185,132,187,184,186,173,173,274,233,247,158,151,153,86,150,151,148,147,148,157,154,155,153,148,158,150,154,152,154,155,161,149,150,148,155,151,155,151,150,153,150,150,87,89,87,88,150,90,148,168,155,154,155,156,156,153,152,151,150,150,152,152,150,149,152,151,151,151,87,95,154,150,151,149,146,90,85,87,79,82,77,89,82,93,88,90,85,84,82,94,93,98,97,95,90,103,212,406,403,251,314,10373,10693,7102,10705,10637,10547,10690,10655,10663,10604,10464,10508,10466,10471,10469,10516,10505,10538,10688,10559,9712,9633,9660,9606,9940,9824,9527,9545,9590,9553,9535,9563,9628,10024,9717,9777,9622,9613,10359,9595,9605,9638,10664,10376,10108,10171,10819,10581,10458,10323,10543,10578,10522,10478,10593,10357,10450,11897,10298,10394,8586,8670,8770,8722,8814,8595,8495,8655,8491,8712,8846,8629,7831,7745,7787,7991,7957,7932,7980,7912,7979,7969,7974,8020,8044,7794,7710,7629,7708,7787,7809,7771,7798,7773,7815,7810,7798,7803,7735,7712,7569,8002,7877
ERR9929342,7,7,7,8,9,8,8,8,7,7,8,7,7,7,7,8,8,7,8,8,9,7,7,7,7,7,7,7,7,7,7,7,7,7,7,7,7,7,7,7,7,7,7,7,7,7,7,8,14,13,21,2,0,2,2,4,4,4,3,3,6,6,6,12,16,16,16,16,16,8,15,19,18,20,20,19,18,48,56,35,34,47,36,43,53,49,43,45,56,45,44,44,46,58,57,44,44,44,45,58,58,50,50,48,44,48,49,184,191,177,59,56,51,116,77,79,79,78,366,168,267,183,185,185,132,187,184,186,173,173,274,233,249,158,151,153,86,150,151,148,147,148,157,154,155,153,148,158,150,154,152,154,155,161,149,150,148,155,151,155,150,149,153,150,150,87,89,87,88,150,89,148,167,155,154,155,156,156,153,152,151,150,150,152,151,149,149,152,151,151,151,87,95,154,150,151,149,146,89,85,87,79,81,77,89,82,93,88,90,85,84,82,94,93,98,97,95,90,103,212,406,403,251,314,10373,10691,7100,10703,10637,10547,10688,10655,10661,10602,10464,10508,10464,10471,10469,10516,10505,10538,10689,10559,9712,9633,9660,9606,9940,9824,9527,9545,9590,9553,9534,9563,9628,10022,9717,9777,9620,9613,10359,9595,9603,9636,10664,10375,10107,10170,10817,10579,10458,10323,10543,10576,10522,10478,10591,10357,10450,11898,10298,10394,8581,8664,8765,8716,8809,8591,8492,8651,8485,8706,8841,8624,7825,7740,7785,7986,7955,7930,7978,7910,7977,7967,7970,8016,8039,7788,7706,7625,7704,7782,7803,7769,7796,7771,7813,7808,7794,7799,7729,7706,7565,7998,7873
ERR9966382,9,9,9,10,11,10,10,10,9,9,10,9,9,9,9,10,10,9,10,10,11,9,9,9,9,9,9,9,9,9,9,9,9,9,9,9,9,9,9,9,9,9,9,9,9,9,9,10,16,15,23,4,2,0,4,6,6,6,5,5,8,8,8,14,18,18,18,18,18,10,17,21,20,22,22,21,20,51,59,37,36,49,38,45,55,51,45,47,58,47,46,46,48,60,59,46,46,46,47,60,60,52,52,50,46,50,51,186,193,179,61,58,53,118,79,81,81,80,368,170,269,186,187,187,134,189,186,188,175,175,276,235,251,160,153,155,88,152,153,150,149,150,159,156,157,155,150,160,152,156,154,156,157,163,151,152,150,157,153,157,153,152,155,152,152,89,91,89,90,152,90,150,170,157,156,157,158,158,155,154,153,152,152,154,154,152,151,154,153,153,153,89,97,156,152,153,151,148,91,87,89,81,83,79,90,84,95,90,92,86,86,84,96,95,100,99,97,92,105,214,408,405,253,316,10375,10694,7103,10706,10639,10549,10691,10657,10664,10605,10466,10510,10467,10473,10471,10518,10507,10540,10691,10561,9714,9635,9662,9608,9942,9826,9529,9547,9592,9555,9537,9565,9630,10025,9719,9779,9623,9615,10361,9597,9606,9639,10667,10377,10109,10172,10820,10583,10460,10325,10545,10579,10524,10480,10594,10359,10452,11900,10300,10396,8588,8672,8772,8723,8817,8598,8499,8659,8492,8713,8849,8631,7832,7747,7789,7992,7959,7934,7982,7914,7981,7971,7975,8022,8046,7795,7712,7631,7710,7789,7810,7773,7800,7775,7817,7812,7800,7805,7736,7713,7571,8004,7879
CLL3JA,5,5,5,6,7,6,6,6,5,5,6,5,5,5,5,6,6,5,6,6,7,5,5,5,5,5,5,5,5,5,5,5,5,5,5,5,5,5,5,5,5,5,5,5,5,5,5,6,12,11,19,2,2,4,0,2,2,2,1,1,4,4,4,10,14,14,14,14,14,6,13,17,16,17,17,16,16,48,52,33,32,43,32,39,51,47,41,43,54,43,42,42,44,56,55,42,42,42,43,56,56,49,49,46,42,46,47,182,189,175,57,54,49,114,75,76,76,75,364,167,243,163,164,164,130,166,163,165,152,152,252,230,242,155,148,150,83,147,148,145,144,145,154,151,152,150,145,153,147,151,149,151,152,158,146,147,145,152,147,152,148,147,150,147,147,84,86,84,85,147,87,145,165,152,151,152,153,153,149,149,148,147,147,149,149,146,146,149,148,148,148,84,92,151,147,148,146,144,87,82,84,76,79,74,86,79,90,85,87,82,81,79,92,91,96,95,93,88,99,210,402,399,249,309,10189,10501,6977,10518,10440,10356,10500,10465,10469,10412,10271,10318,10276,10280,10275,10320,10311,10341,10487,10359,9556,9478,9505,9459,9783,9673,9376,9398,9440,9401,9390,9415,9479,9875,9566,9627,9470,9460,10190,9447,9455,9485,10494,10211,9945,10014,10652,10409,10288,10151,10362,10411,10355,10309,10425,10189,10280,11728,10132,10227,8424,8504,8598,8557,8641,8423,8327,8491,8327,8549,8674,8461,7688,7603,7646,7849,7814,7789,7837,7769,7836,7826,7833,7881,7894,7649,7564,7480,7566,7645,7665,7626,7653,7628,7662,7657,7651,7656,7591,7569,7421,7842,7722
CNS7YP,7,7,7,8,9,8,8,8,7,7,8,7,7,7,7,8,8,7,8,8,9,7,7,7,7,7,7,7,7,7,7,7,7,7,7,7,7,7,7,7,7,7,7,7,7,7,7,8,14,13,21,4,4,6,2,0,0,0,1,1,6,6,6,12,16,16,16,16,16,8,15,19,17,20,20,19,18,50,58,35,34,47,36,43,53,49,43,45,56,45,44,44,46,58,57,44,44,44,45,58,58,51,51,48,44,48,49,185,192,178,60,57,52,114,77,79,79,78,368,169,267,184,185,185,132,187,184,186,173,173,274,233,249,158,151,153,86,150,151,148,147,148,157,154,155,153,148,158,150,154,152,154,155,161,149,150,148,155,151,155,151,150,153,150,150,87,89,87,88,150,90,148,168,155,154,155,156,156,153,152,151,150,150,152,152,150,149,152,151,151,151,87,95,154,150,151,149,147,90,85,87,79,82,77,89,82,93,88,90,85,84,82,94,93,98,97,95,90,103,212,406,403,251,315,10375,10701,7105,10716,10639,10548,10695,10657,10667,10608,10465,10509,10469,10472,10470,10518,10507,10540,10691,10560,9713,9634,9661,9607,9941,9825,9528,9546,9591,9554,9538,9564,9629,10027,9718,9778,9625,9614,10360,9596,9608,9641,10668,10377,10112,10176,10833,10595,10459,10324,10544,10581,10523,10479,10603,10358,10451,11899,10299,10395,8593,8676,8777,8728,8821,8603,8499,8662,8497,8718,8853,8630,7833,7748,7787,7993,7957,7932,7980,7912,7979,7969,7976,8023,8047,7797,7710,7629,7709,7790,7812,7771,7798,7773,7815,7810,7798,7803,7737,7714,7569,8002,7877
BKRRIF,7,7,7,8,9,8,8,8,7,7,8,7,7,7,7,8,8,7,8,8,9,7,7,7,7,7,7,7,7,7,7,7,7,7,7,7,7,7,7,7,7,7,7,7,7,7,7,8,14,13,21,4,4,6,2,0,0,0,1,1,6,6,6,12,16,16,16,16,16,8,15,19,17,20,20,19,18,50,58,35,34,47,36,43,53,49,43,45,56,45,44,44,46,58,57,44,44,44,45,58,58,51,51,48,44,48,49,185,192,178,60,57,52,114,77,79,79,78,368,169,267,184,185,185,132,187,184,186,173,173,274,233,249,158,151,153,86,150,151,148,147,148,157,154,155,153,148,158,150,154,152,154,155,161,149,150,148,155,151,155,151,150,153,150,150,87,89,87,88,150,90,148,168,155,154,155,156,156,153,152,151,150,150,152,152,150,149,152,151,151,151,87,95,154,150,151,149,147,90,85,87,79,82,77,89,82,93,88,90,85,84,82,94,93,98,97,95,90,103,212,406,403,251,315,10375,10701,7105,10716,10639,10548,10695,10657,10667,10608,10465,10509,10469,10472,10470,10518,10507,10540,10691,10560,9713,9634,9661,9607,9941,9825,9528,9546,9591,9554,9538,9564,9629,10027,9718,9778,9625,9614,10360,9596,9608,9641,10666,10377,10110,10175,10834,10593,10459,10324,10544,10581,10523,10479,10603,10358,10451,11899,10299,10395,8593,8674,8775,8726,8822,8601,8497,8660,8498,8716,8854,8630,7833,7748,7787,7993,7957,7932,7980,7912,7979,7969,7976,8023,8047,7797,7710,7629,7709,7790,7812,7771,7798,7773,7815,7810,7798,7803,7737,7714,7569,8002,7877
CNS6QU,7,7,7,8,9,8,8,8,7,7,8,7,7,7,7,8,8,7,8,8,9,7,7,7,7,7,7,7,7,7,7,7,7,7,7,7,7,7,7,7,7,7,7,7,7,7,7,8,14,13,21,4,4,6,2,0,0,0,1,1,6,6,6,12,16,16,16,16,16,8,15,19,17,20,20,19,18,50,58,35,34,47,36,43,53,49,43,45,56,45,44,44,46,58,57,44,44,44,45,58,58,51,51,48,44,48,49,185,192,178,60,57,52,114,77,79,79,78,368,169,267,184,185,185,132,187,184,186,173,173,274,233,249,158,151,153,86,150,151,148,147,148,157,154,155,153,148,158,150,154,152,154,155,161,149,150,148,155,151,155,151,150,153,150,150,87,89,87,88,150,90,148,168,155,154,155,156,156,153,152,151,150,150,152,152,150,149,152,151,151,151,87,95,154,150,151,149,147,90,85,87,79,82,77,89,82,93,88,90,85,84,82,94,93,98,97,95,90,103,212,406,403,251,315,10375,10701,7105,10716,10639,10548,10695,10657,10667,10608,10465,10509,10469,10472,10470,10518,10507,10540,10691,10560,9713,9634,9661,9607,9941,9825,9528,9546,9591,9554,9538,9564,9629,10027,9718,9778,9625,9614,10360,9596,9608,9641,10667,10377,10111,10175,10832,10594,10459,10324,10544,10581,10523,10479,10603,10358,10451,11899,10299,10395,8593,8677,8778,8729,8821,8603,8499,8663,8498,8719,8853,8631,7834,7749,7788,7994,7958,7933,7981,7913,7980,7970,7977,8025,8048,7798,7711,7630,7711,7791,7813,7772,7799,7774,7816,7811,7799,7804,7738,7715,7570,8003,7878
44341_3_96,6,6,6,7,8,7,7,7,6,6,7,6,6,6,6,7,7,6,7,7,8,6,6,6,6,6,6,6,6,6,6,6,6,6,6,6,6,6,6,6,6,6,6,6,6,6,6,7,13,12,20,3,3,5,1,1,1,1,0,0,5,5,5,11,15,15,15,15,15,7,14,18,16,19,19,18,17,49,57,34,33,46,35,42,52,48,42,44,55,44,43,43,45,57,56,43,43,43,44,57,57,50,50,47,43,47,48,184,190,177,59,56,51,113,76,78,78,77,367,168,266,183,184,184,131,186,183,185,172,172,273,232,248,157,150,152,85,149,150,147,146,147,156,153,154,152,147,157,149,153,151,153,154,160,148,149,147,154,150,154,150,149,152,149,149,86,88,86,87,149,87,147,167,154,153,154,155,155,152,151,150,149,149,151,151,149,148,151,150,150,150,86,94,153,149,150,148,146,88,84,86,78,80,76,87,81,92,87,89,83,83,81,93,92,97,96,94,89,102,211,405,402,250,313,10314,10636,7043,10647,10578,10488,10633,10596,10606,10606,10404,10448,10408,10411,10410,10457,10445,10480,10630,10500,9711,9632,9659,9606,9939,9823,9527,9545,9589,9552,9537,9562,9627,10026,9716,9776,9623,9613,10359,9594,9607,9640,10605,10317,10048,10113,10761,10525,10399,10264,10483,10520,10463,10418,10536,10298,10389,11837,10238,10334,8526,8611,8710,8661,8755,8535,8435,8597,8433,8652,8787,8569,7773,7687,7727,7933,7897,7872,7920,7853,7919,7909,7916,7962,7985,7736,7651,7629,7708,7788,7751,7770,7797,7772,7814,7808,7797,7802,7737,7714,7569,8002,7877
44341_3_21,6,6,6,7,8,7,7,7,6,6,7,6,6,6,6,7,7,6,7,7,8,6,6,6,6,6,6,6,6,6,6,6,6,6,6,6,6,6,6,6,6,6,6,6,6,6,6,7,13,12,20,3,3,5,1,1,1,1,0,0,5,5,5,11,15,15,15,15,15,7,14,18,16,19,19,18,17,49,57,34,33,46,35,42,52,48,42,44,55,44,43,43,45,57,56,43,43,43,44,57,57,50,50,47,43,47,48,184,191,177,59,56,51,113,76,78,78,77,367,168,266,183,184,184,131,186,183,185,172,172,273,232,248,157,150,152,85,149,150,147,146,147,156,153,154,152,147,157,149,153,151,153,154,160,148,149,147,154,150,154,150,149,152,149,149,86,88,86,87,149,87,147,167,154,153,154,155,155,152,151,150,149,149,151,151,149,148,151,150,150,150,86,94,153,149,150,148,146,88,84,86,78,80,76,87,81,92,87,89,83,83,81,93,92,97,96,94,89,102,211,405,402,250,314,10373,10695,7104,10707,10637,10547,10692,10655,10665,10606,10464,10508,10468,10471,10469,10517,10505,10539,10689,10559,9712,9633,9660,9606,9940,9824,9527,9545,9590,9553,9537,9563,9628,10026,9717,9777,9624,9613,10359,9595,9607,9640,10664,10376,10107,10170,10820,10585,10458,10323,10543,10580,10522,10478,10595,10357,10450,11898,10298,10394,8587,8673,8770,8722,8815,8596,8495,8657,8492,8712,8847,8629,7833,7747,7787,7993,7957,7932,7980,7912,7979,7969,7976,8022,8046,7796,7710,7629,7708,7789,7811,7771,7798,7773,7815,7809,7798,7803,7737,7714,7569,8002,7877
BKRMVD,1,1,1,2,3,2,2,2,1,1,2,1,1,1,1,2,2,1,2,2,3,1,1,1,1,1,1,1,1,1,1,1,1,1,1,1,1,1,1,1,1,1,1,1,1,1,1,2,16,15,22,6,6,8,4,6,6,6,5,5,0,0,0,6,10,10,10,10,10,2,10,13,13,14,14,13,13,44,52,29,28,41,30,37,49,45,39,41,51,41,40,40,42,54,53,40,40,40,41,54,54,47,47,44,40,42,43,179,186,172,54,50,45,110,71,73,73,72,361,163,257,174,175,175,126,177,174,176,163,163,264,227,243,152,145,147,80,144,145,142,141,142,151,148,149,147,142,152,144,148,146,148,149,155,143,144,142,149,145,149,145,144,147,144,144,81,83,81,82,144,84,142,162,149,148,149,150,150,147,146,145,144,144,146,146,144,143,146,145,145,145,81,89,148,144,145,143,141,84,79,81,73,76,71,83,76,87,82,84,79,78,76,88,87,92,91,89,84,96,206,400,397,245,308,10323,10646,7067,10659,10588,10497,10643,10605,10617,10557,10417,10461,10422,10424,10422,10471,10457,10495,10643,10517,9672,9593,9620,9566,9898,9787,9488,9505,9550,9514,9498,9524,9589,9986,9677,9738,9584,9574,10319,9555,9567,9600,10628,10340,10072,10139,10790,10549,10422,10286,10504,10543,10486,10442,10558,10321,10413,11863,10261,10357,8547,8629,8729,8680,8775,8559,8451,8614,8453,8671,8808,8584,7791,7707,7752,7953,7918,7893,7941,7873,7940,7930,7936,7984,8006,7755,7670,7591,7668,7749,7770,7732,7759,7734,7776,7771,7757,7762,7695,7673,7529,7961,7838
CAAYDF,1,1,1,2,3,2,2,2,1,1,2,1,1,1,1,2,2,1,2,2,3,1,1,1,1,1,1,1,1,1,1,1,1,1,1,1,1,1,1,1,1,1,1,1,1,1,1,2,16,15,22,6,6,8,4,6,6,6,5,5,0,0,0,6,10,10,10,10,10,2,10,13,13,14,14,13,13,44,52,29,28,41,30,37,49,45,39,41,52,41,40,40,42,54,53,40,40,40,41,54,54,47,47,44,40,42,43,179,186,172,54,51,46,110,71,73,73,72,362,163,261,178,179,179,126,181,178,180,167,167,268,227,243,152,145,147,80,144,145,142,141,142,151,148,149,147,142,152,144,148,146,148,149,155,143,144,142,149,145,149,145,144,147,144,144,81,83,81,82,144,84,142,162,149,148,149,150,150,147,146,145,144,144,146,146,144,143,146,145,145,145,81,89,148,144,145,143,141,84,79,81,73,76,71,83,76,87,82,84,79,78,76,88,87,92,91,89,84,97,206,400,397,245,309,10369,10695,7099,10710,10633,10542,10689,10651,10661,10602,10459,10503,10463,10466,10464,10512,10501,10534,10685,10554,9707,9628,9655,9601,9937,9821,9522,9540,9585,9548,9532,9558,9623,10021,9712,9772,9619,9608,10354,9590,9602,9635,10660,10371,10104,10169,10829,10587,10453,10318,10538,10575,10517,10473,10597,10352,10445,11893,10293,10389,8588,8669,8770,8721,8818,8596,8492,8655,8494,8711,8850,8625,7828,7743,7782,7988,7952,7927,7975,7907,7974,7964,7971,8018,8042,7792,7705,7624,7704,7785,7807,7766,7793,7768,7810,7805,7793,7798,7732,7709,7564,7997,7872
CAAXBN,1,1,1,2,3,2,2,2,1,1,2,1,1,1,1,2,2,1,2,2,3,1,1,1,1,1,1,1,1,1,1,1,1,1,1,1,1,1,1,1,1,1,1,1,1,1,1,2,16,15,22,6,6,8,4,6,6,6,5,5,0,0,0,6,9,9,9,9,9,2,10,13,13,14,14,13,13,44,52,29,28,39,28,35,49,45,39,41,52,40,40,40,42,54,53,40,40,40,41,54,54,47,47,44,40,41,42,179,186,172,54,50,46,109,71,73,73,72,361,163,234,152,153,152,123,155,152,154,141,141,242,226,242,151,145,146,80,143,144,142,141,141,151,147,149,146,141,151,143,148,145,148,149,154,142,144,142,148,143,148,145,144,146,144,143,80,82,80,81,143,83,142,162,149,148,148,150,150,145,144,144,143,143,145,145,144,143,145,144,145,145,80,89,148,144,144,143,140,83,79,80,73,75,71,81,76,86,82,83,79,77,75,88,87,92,91,89,84,96,202,381,380,240,307,10171,10482,6939,10494,10428,10337,10479,10446,10449,10390,10255,10300,10257,10265,10261,10325,10320,10352,10497,10369,9579,9501,9528,9477,9810,9696,9398,9413,9459,9421,9404,9433,9495,9893,9585,9647,9488,9483,10219,9465,9473,9506,10529,10238,9967,10042,10677,10442,10321,10182,10397,10435,10383,10341,10448,10217,10314,11742,10161,10258,8421,8504,8602,8553,8646,8439,8331,8491,8322,8543,8678,8452,7693,7608,7656,7854,7822,7797,7845,7777,7844,7834,7837,7884,7907,7656,7574,7498,7573,7650,7670,7633,7660,7635,7676,7670,7658,7663,7597,7574,7433,7857,7735
44341_3_165,7,7,7,8,9,8,8,8,7,7,8,7,7,7,7,8,8,7,8,8,9,7,7,7,7,7,7,7,7,7,7,7,7,7,7,7,7,7,7,7,7,7,7,7,7,7,7,8,22,21,28,12,12,14,10,12,12,12,11,11,6,6,6,0,16,16,16,16,16,7,16,19,19,20,19,18,19,50,57,35,34,46,35,42,54,50,44,46,57,46,45,45,47,59,58,45,45,45,46,59,59,52,52,48,45,47,48,184,191,177,59,56,51,115,76,78,78,77,367,168,266,183,184,184,131,186,183,185,172,172,273,232,248,157,150,152,85,149,150,147,146,147,156,153,154,152,147,157,149,153,151,153,154,160,148,149,147,154,150,154,150,149,152,149,149,86,88,86,87,149,87,147,167,154,153,154,155,155,152,151,150,149,149,151,151,149,148,151,150,150,150,86,94,153,149,150,146,146,88,84,86,78,80,76,87,81,92,87,89,83,83,81,93,92,97,96,94,89,102,211,405,402,250,314,10376,10695,7104,10707,10637,10547,10695,10655,10668,10606,10464,10508,10468,10471,10469,10517,10505,10539,10689,10559,9712,9633,9660,9606,9942,9826,9527,9545,9590,9553,9537,9563,9628,10026,9717,9777,9624,9613,10359,9595,9607,9640,10666,10376,10109,10175,10822,10587,10458,10323,10543,10580,10522,10478,10595,10357,10450,11898,10298,10394,8589,8674,8773,8725,8817,8597,8497,8659,8497,8714,8849,8629,7833,7747,7787,7993,7957,7932,7980,7912,7979,7969,7976,8022,8046,7796,7710,7629,7708,7789,7811,7771,7798,7773,7815,7809,7798,7803,7737,7714,7569,8002,7877
44341_3_262,11,11,11,12,13,12,12,12,11,11,12,11,11,11,11,12,12,11,12,12,13,11,11,10,10,11,11,11,11,11,11,11,11,11,11,11,11,11,11,11,11,11,11,11,11,11,11,12,26,24,32,16,16,18,14,16,16,16,15,15,10,10,9,16,0,0,0,0,0,8,17,19,18,20,20,19,19,50,58,35,34,47,36,43,55,51,45,47,58,47,46,46,48,60,59,46,46,46,47,60,60,53,53,50,46,48,49,185,192,178,60,57,52,116,77,79,79,78,368,169,267,184,185,185,132,187,184,186,173,173,274,232,248,157,150,152,85,149,150,147,146,147,156,153,154,152,147,157,149,153,151,153,154,160,148,149,147,154,150,154,150,149,152,149,149,86,88,86,87,149,87,147,167,154,153,154,155,155,152,150,150,149,149,151,151,149,148,151,150,150,150,86,94,153,149,150,148,146,88,84,86,78,80,76,86,81,92,87,89,83,83,81,94,93,98,97,95,90,103,212,406,403,251,315,10374,10696,7105,10708,10638,10548,10693,10656,10666,10607,10465,10509,10469,10472,10470,10518,10505,10539,10690,10560,9713,9634,9661,9607,9943,9827,9528,9546,9591,9554,9538,9564,9628,10027,9718,9778,9625,9614,10360,9596,9608,9641,10664,10377,10107,10170,10820,10584,10459,10324,10544,10581,10523,10479,10596,10358,10451,11899,10299,10395,8586,8670,8769,8721,8814,8593,8494,8656,8491,8711,8846,8629,7833,7747,7787,7993,7957,7932,7980,7912,7979,7969,7976,8022,8046,7796,7710,7628,7708,7789,7811,7771,7798,7773,7815,7809,7798,7803,7737,7714,7569,8002,7877
44341_3_265,11,11,11,12,13,12,12,12,11,11,12,11,11,11,11,12,12,11,12,12,13,11,11,10,10,11,11,11,11,11,11,11,11,11,11,11,11,11,11,11,11,11,11,11,11,11,11,12,26,24,32,16,16,18,14,16,16,16,15,15,10,10,9,16,0,0,0,0,0,8,17,19,18,20,20,19,19,50,58,35,34,47,36,43,55,51,45,47,58,47,46,46,48,60,59,46,46,46,47,60,60,53,53,50,46,48,49,185,192,178,60,57,52,116,77,79,79,78,368,169,267,184,185,185,132,187,184,186,173,173,274,232,248,157,150,152,85,149,150,147,146,147,156,153,154,152,147,157,149,153,151,153,154,160,148,149,147,154,150,154,150,149,152,149,149,86,88,86,87,149,87,147,167,154,153,154,155,155,152,150,150,149,149,151,151,149,148,151,150,150,150,86,94,153,149,150,148,146,88,84,86,78,80,76,86,81,92,87,89,83,83,81,94,93,98,97,95,90,103,212,406,403,251,315,10374,10698,7105,10711,10638,10548,10694,10656,10666,10608,10465,10509,10469,10472,10470,10517,10505,10538,10689,10560,9713,9634,9661,9607,9943,9827,9528,9546,9591,9554,9538,9564,9628,10027,9718,9778,9625,9614,10360,9596,9608,9641,10666,10377,10108,10173,10824,10589,10459,10324,10544,10581,10523,10479,10599,10358,10451,11899,10299,10395,8587,8673,8772,8724,8816,8595,8495,8658,8494,8713,8848,8629,7833,7747,7787,7993,7957,7932,7980,7912,7979,7969,7976,8022,8046,7797,7710,7628,7708,7789,7812,7771,7798,7773,7815,7810,7798,7803,7737,7714,7569,8002,7877
44341_4_286,11,11,11,12,13,12,12,12,11,11,12,11,11,11,11,12,12,11,12,12,13,11,11,10,10,11,11,11,11,11,11,11,11,11,11,11,11,11,11,11,11,11,11,11,11,11,11,12,26,24,32,16,16,18,14,16,16,16,15,15,10,10,9,16,0,0,0,0,0,8,17,19,18,20,20,19,19,50,58,35,34,47,36,43,55,51,45,47,58,47,46,46,48,60,59,46,46,46,47,60,60,53,53,50,46,48,49,185,192,178,60,57,52,116,77,79,79,78,368,169,267,184,185,185,132,187,184,186,173,173,274,232,248,157,150,152,85,149,150,147,146,147,156,153,154,152,147,157,149,153,151,153,154,160,148,149,147,154,150,154,150,149,152,149,149,86,88,86,87,149,87,147,167,154,153,154,155,155,152,150,150,149,149,151,151,149,148,151,150,150,150,86,94,153,149,150,148,146,88,84,86,78,80,76,86,81,92,87,89,83,83,81,94,93,98,97,95,90,103,212,406,403,251,315,10374,10696,7105,10708,10638,10548,10693,10656,10666,10607,10465,10509,10469,10472,10470,10518,10506,10540,10690,10560,9713,9634,9661,9607,9943,9827,9528,9546,9591,9554,9538,9564,9629,10027,9718,9778,9625,9614,10360,9596,9608,9641,10666,10376,10108,10171,10821,10586,10459,10324,10544,10581,10523,10479,10596,10358,10451,11899,10299,10395,8587,8672,8771,8723,8816,8596,8496,8658,8492,8713,8848,8629,7833,7747,7787,7993,7957,7932,7980,7912,7979,7969,7976,8022,8046,7796,7710,7628,7708,7789,7811,7771,7798,7773,7815,7810,7798,7803,7737,7714,7569,8002,7877
44341_3_268,11,11,11,12,13,12,12,12,11,11,12,11,11,11,11,12,12,11,12,12,13,11,11,10,10,11,11,11,11,11,11,11,11,11,11,11,11,11,11,11,11,11,11,11,11,11,11,12,26,24,32,16,16,18,14,16,16,16,15,15,10,10,9,16,0,0,0,0,0,8,17,19,18,20,20,19,19,50,58,35,34,47,36,43,55,51,45,47,58,47,46,46,48,60,59,46,46,46,47,60,60,53,53,50,46,48,49,185,192,178,60,57,52,116,77,79,79,78,368,169,267,184,185,185,132,187,184,186,173,173,274,232,248,157,150,152,85,149,150,147,146,147,156,153,154,152,147,157,149,153,151,153,154,160,148,149,147,154,150,154,150,149,152,149,149,86,88,86,87,149,87,147,167,154,153,154,155,155,152,150,150,149,149,151,151,149,148,151,150,150,150,86,94,153,149,150,148,146,88,84,86,78,80,76,86,81,92,87,89,83,83,81,94,93,98,97,95,90,103,212,406,403,251,315,10374,10696,7105,10708,10638,10548,10693,10656,10666,10607,10465,10509,10469,10472,10470,10517,10506,10539,10689,10560,9713,9634,9661,9607,9943,9827,9528,9546,9591,9554,9538,9564,9629,10027,9718,9778,9625,9614,10360,9596,9608,9641,10667,10377,10110,10176,10823,10587,10459,10324,10544,10581,10523,10479,10596,10358,10451,11899,10299,10395,8589,8674,8773,8725,8817,8597,8497,8659,8497,8714,8849,8629,7833,7747,7787,7993,7957,7932,7980,7912,7979,7969,7976,8022,8046,7796,7710,7628,7708,7789,7811,7771,7798,7773,7815,7809,7798,7803,7737,7714,7569,8002,7877
44341_3_280,11,11,11,12,13,12,12,12,11,11,12,11,11,11,11,12,12,11,12,12,13,11,11,10,10,11,11,11,11,11,11,11,11,11,11,11,11,11,11,11,11,11,11,11,11,11,11,12,26,24,32,16,16,18,14,16,16,16,15,15,10,10,9,16,0,0,0,0,0,8,17,19,18,20,20,19,19,50,56,35,34,47,36,43,55,51,45,47,58,47,46,46,48,60,59,46,46,46,47,60,60,53,53,50,46,48,49,185,192,178,60,57,52,116,77,79,79,78,367,169,267,184,185,185,132,187,184,186,173,173,274,232,246,157,150,152,85,149,150,147,146,147,156,153,154,152,147,157,149,153,151,153,154,160,148,149,147,154,150,154,150,149,152,149,149,86,88,86,87,149,87,147,167,154,153,154,155,155,152,150,150,149,149,151,151,149,148,151,150,150,150,86,94,153,149,150,148,146,88,84,86,78,80,76,86,81,92,87,89,83,83,81,94,93,98,97,95,90,103,212,406,403,251,314,10374,10696,7104,10708,10638,10548,10693,10656,10666,10607,10464,10508,10468,10471,10470,10517,10505,10540,10690,10560,9712,9633,9660,9607,9942,9826,9528,9546,9590,9553,9538,9563,9628,10027,9717,9777,9624,9614,10360,9595,9608,9641,10665,10377,10108,10173,10821,10586,10459,10324,10543,10580,10523,10478,10596,10358,10450,11897,10298,10395,8586,8671,8770,8722,8814,8594,8494,8656,8493,8711,8846,8628,7833,7746,7787,7992,7956,7931,7979,7912,7978,7968,7975,8021,8045,7796,7710,7628,7708,7788,7809,7770,7797,7772,7814,7808,7797,7802,7737,7714,7569,8002,7877
CAAP2A,3,3,3,4,5,4,4,4,3,3,4,3,3,3,3,4,4,3,4,4,5,3,3,3,3,3,3,3,3,3,3,3,3,3,3,3,3,3,3,3,3,3,3,3,3,3,3,4,18,17,24,8,8,10,6,8,8,8,7,7,2,2,2,7,8,8,8,8,8,0,9,11,11,12,12,11,11,37,50,27,26,39,28,35,47,43,37,39,50,39,38,38,40,52,51,38,38,38,38,52,52,45,45,42,38,40,41,170,176,163,52,49,44,78,40,41,41,41,331,131,258,176,176,177,124,179,176,177,164,164,266,225,241,150,143,145,78,141,143,140,139,140,148,146,147,145,140,149,142,146,144,146,147,153,141,141,140,146,143,147,143,141,145,142,142,79,81,79,80,142,82,140,160,147,146,147,148,148,144,144,142,142,142,144,143,142,141,143,143,143,143,79,87,146,142,143,141,139,82,77,79,71,73,69,80,74,85,80,81,77,76,74,86,85,90,88,87,82,94,204,369,366,214,306,10329,10655,7055,10669,10593,10502,10649,10611,10617,10562,10419,10463,10433,10431,10424,10468,10453,10490,10636,10506,9667,9626,9653,9599,9935,9819,9520,9538,9582,9533,9530,9556,9621,9895,9699,9759,9617,9606,10311,9587,9599,9632,10660,10369,10104,10168,10824,10586,10450,10316,10536,10573,10514,10470,10594,10350,10443,11891,10291,10387,8366,8436,8530,8477,8570,8363,8248,8420,8264,8473,8603,8361,7822,7738,7748,7727,7716,7693,7714,7652,7721,7716,7739,7759,7797,7786,7690,7586,7666,7780,7801,7764,7788,7763,7805,7800,7788,7793,7727,7704,7558,7992,7867
CNSFP4,11,11,11,12,13,12,12,12,11,11,12,11,11,11,11,12,12,11,12,12,12,11,11,11,11,11,11,11,11,11,11,11,11,11,11,11,11,11,11,11,11,11,11,11,11,11,11,12,25,24,31,15,15,17,13,15,15,15,14,14,10,10,10,16,17,17,17,17,17,9,0,5,20,20,20,19,20,47,57,34,33,42,32,38,53,49,43,45,56,44,44,44,46,57,57,43,44,44,45,58,58,51,51,48,44,46,47,182,188,175,57,52,49,114,75,76,76,75,344,166,230,151,149,151,126,152,152,154,141,139,236,224,240,150,143,145,79,142,143,141,140,140,150,145,147,145,140,151,142,147,144,147,148,153,141,143,141,147,143,147,143,143,144,143,142,79,81,79,80,142,81,141,160,148,147,147,149,149,145,143,142,141,141,144,143,142,142,143,142,143,143,79,87,145,144,144,143,140,83,79,80,73,76,72,83,77,87,82,83,79,77,76,88,87,91,91,89,85,97,206,389,386,245,301,9718,10022,6628,10033,9970,9886,10024,9983,9993,9993,9805,9845,9809,9810,9811,9830,9816,9854,10002,9877,9170,9091,9119,9078,9391,9282,8997,9017,9055,9022,9001,9026,9089,9489,9184,9241,9083,9074,9809,9063,9074,9102,10027,9750,9466,9555,10172,9929,9821,9684,9902,9940,9887,9846,9955,9729,9822,11237,9668,9766,7970,8049,8148,8100,8198,7988,7873,8037,7875,8093,8229,8006,7305,7222,7265,7466,7432,7408,7453,7384,7452,7442,7449,7495,7516,7265,7182,7165,7240,7324,7284,7297,7324,7299,7341,7336,7320,7325,7267,7246,7101,7495,7371
CNSDXZ,14,14,14,15,16,15,15,15,14,14,15,14,14,14,14,15,15,14,15,15,16,14,14,14,14,14,14,14,14,14,14,14,14,14,14,14,14,14,14,14,14,14,14,14,14,14,14,15,29,28,35,19,19,21,17,19,19,19,18,18,13,13,13,19,19,19,19,19,19,11,5,0,21,23,23,22,21,53,60,38,37,50,39,46,58,54,48,50,61,50,49,49,51,63,62,49,49,49,50,63,63,56,56,53,49,51,52,188,195,181,63,60,55,119,80,82,82,81,370,172,270,187,188,188,135,190,187,189,176,176,277,236,251,161,154,156,89,153,154,151,150,151,160,157,158,156,151,161,153,157,155,157,158,164,152,153,151,158,154,158,154,153,156,153,153,90,92,90,91,153,92,151,171,158,157,158,159,159,156,155,154,153,153,155,155,153,152,155,154,154,154,90,98,157,153,154,152,150,92,88,90,82,84,80,92,85,96,91,93,88,87,85,97,96,101,100,98,93,106,215,409,406,254,318,10378,10704,7108,10719,10642,10551,10698,10660,10670,10611,10468,10512,10472,10475,10473,10521,10510,10543,10694,10563,9716,9637,9664,9610,9946,9830,9531,9549,9594,9557,9541,9567,9632,10030,9721,9781,9628,9617,10363,9599,9611,9644,10671,10380,10114,10178,10835,10598,10462,10327,10547,10584,10526,10482,10606,10361,10454,11901,10302,10398,8596,8679,8780,8731,8824,8605,8503,8666,8500,8721,8856,8633,7837,7752,7791,7997,7961,7936,7984,7916,7983,7973,7980,8027,8051,7801,7714,7633,7713,7794,7816,7775,7802,7777,7819,7814,7802,7807,7741,7718,7573,8006,7881
CAAQXB,14,14,14,15,16,15,15,15,14,14,15,14,14,14,14,15,15,14,15,15,16,14,14,14,14,14,14,14,14,14,14,14,14,14,14,14,14,14,14,14,14,14,14,14,14,14,14,15,28,27,34,18,18,20,16,17,17,17,16,16,13,13,13,19,18,18,18,18,18,11,20,21,0,0,1,1,15,45,53,30,29,42,31,37,49,45,39,41,52,41,40,40,42,54,53,40,40,40,41,53,53,47,47,44,40,43,44,176,184,170,55,52,47,108,71,74,74,73,362,162,258,177,178,178,126,180,177,179,166,166,267,222,237,147,141,142,79,139,140,138,137,137,147,143,145,142,137,147,139,144,141,144,145,150,138,140,138,144,139,144,141,139,141,139,138,78,80,78,79,138,80,138,158,145,144,144,146,146,141,140,140,139,139,141,141,140,140,141,140,141,141,79,88,143,140,140,139,136,81,77,78,72,74,70,80,75,84,81,82,78,76,74,86,85,90,89,87,83,94,206,388,385,243,302,10108,10421,6928,10433,10367,10280,10419,10386,10388,10331,10197,10242,10197,10207,10203,10247,10234,10266,10418,10289,9496,9419,9446,9402,9729,9615,9323,9339,9380,9348,9326,9356,9419,9805,9503,9564,9405,9400,10136,9387,9382,9414,10428,10152,9883,9949,10589,10348,10224,10093,10304,10336,10289,10249,10363,10134,10222,11667,10076,10168,8335,8410,8508,8457,8555,8344,8233,8399,8240,8449,8587,8368,7622,7539,7587,7783,7753,7728,7775,7708,7775,7765,7768,7815,7837,7585,7502,7420,7504,7566,7602,7564,7593,7566,7609,7604,7591,7594,7519,7505,7361,7784,7661
CAAR9T,15,15,15,16,17,16,16,16,15,15,16,15,15,15,15,16,16,15,16,16,17,15,15,14,15,15,15,15,15,15,15,15,15,15,15,15,15,15,15,15,15,15,15,15,15,15,15,16,30,29,35,20,20,22,17,20,20,20,19,19,14,14,14,20,20,20,20,20,20,12,20,23,0,0,1,1,16,49,56,33,32,45,34,41,53,49,43,45,56,45,44,44,46,58,57,44,44,44,45,58,58,51,51,48,44,46,47,182,190,176,58,55,50,114,75,77,77,76,366,167,265,182,183,183,130,185,182,184,171,171,272,231,247,156,149,151,84,148,149,146,145,146,155,152,153,151,146,156,148,152,150,152,153,159,147,148,146,153,149,153,149,148,151,148,148,85,87,85,86,148,88,146,166,153,152,153,154,154,151,150,149,148,148,150,150,148,147,150,149,149,149,85,93,152,148,149,147,145,88,83,85,77,80,75,87,80,91,86,88,83,82,80,92,91,96,95,93,88,101,210,404,401,249,314,10375,10700,7104,10715,10639,10547,10695,10656,10666,10607,10464,10508,10468,10471,10469,10518,10506,10539,10690,10559,9712,9633,9660,9606,9942,9826,9527,9545,9590,9553,9537,9563,9628,10026,9717,9777,9624,9613,10359,9595,9607,9640,10662,10376,10107,10172,10831,10590,10458,10323,10543,10580,10522,10478,10602,10357,10451,11898,10298,10394,8591,8672,8769,8720,8816,8601,8492,8661,8498,8710,8848,8622,7832,7749,7787,7993,7957,7932,7980,7912,7979,7969,7976,8024,8047,7797,7709,7629,7711,7790,7812,7770,7797,7772,7814,7809,7797,7802,7737,7714,7568,8002,7877
CAAQUT,15,15,15,16,17,16,16,16,15,15,16,15,15,15,15,16,16,15,16,16,17,15,15,14,15,15,15,15,15,15,15,15,15,15,15,15,15,15,15,15,15,15,15,15,15,15,15,16,30,29,35,20,20,22,17,20,20,20,19,19,14,14,14,19,20,20,20,20,20,12,20,23,1,1,0,0,16,44,56,33,32,45,34,41,53,49,43,45,56,45,44,44,46,58,57,44,44,44,44,58,58,51,51,48,44,46,47,175,182,169,58,55,50,84,46,47,47,47,337,137,264,182,182,183,130,185,182,183,170,170,272,231,247,156,149,151,84,147,149,146,145,146,154,152,153,151,146,155,148,152,150,152,153,159,147,147,146,152,149,153,149,147,151,148,148,85,87,85,86,148,88,146,166,153,152,153,154,154,150,150,148,148,148,150,149,148,147,149,149,149,149,85,93,152,148,149,147,145,88,83,85,77,79,75,86,80,91,86,87,83,82,80,92,91,96,94,93,88,100,210,375,372,220,313,10336,10662,7062,10676,10600,10509,10656,10618,10624,10569,10426,10470,10440,10438,10431,10476,10460,10497,10643,10513,9674,9633,9660,9606,9942,9826,9527,9545,9589,9540,9537,9563,9628,9902,9706,9766,9624,9613,10318,9594,9606,9639,10664,10376,10109,10173,10828,10591,10457,10323,10543,10580,10521,10477,10601,10357,10451,11898,10298,10394,8371,8441,8531,8478,8570,8371,8248,8428,8270,8474,8603,8361,7828,7746,7755,7734,7723,7700,7721,7659,7728,7723,7746,7767,7804,7793,7696,7593,7675,7787,7808,7770,7794,7769,7811,7806,7794,7799,7734,7711,7564,7999,7874
CAARE3,14,14,14,15,16,15,15,15,14,14,15,14,14,14,14,15,15,14,15,15,16,14,14,13,14,14,14,14,14,14,14,14,14,14,14,14,14,14,14,14,14,14,14,14,14,14,14,15,29,28,34,19,19,21,16,19,19,19,18,18,13,13,13,18,19,19,19,19,19,11,19,22,1,1,0,0,15,43,55,32,31,44,33,40,52,48,42,44,55,44,43,43,45,57,56,43,43,43,43,57,57,50,50,47,43,45,46,174,181,168,57,54,49,83,45,46,46,46,336,136,263,181,181,182,129,184,181,182,169,169,271,230,246,155,148,150,83,146,148,145,144,145,153,151,152,150,145,154,147,151,149,151,152,158,146,146,145,151,148,152,148,146,150,147,147,84,86,84,85,147,87,145,165,152,151,152,153,153,149,149,147,147,147,149,148,147,146,148,148,148,148,84,92,151,147,148,146,144,87,82,84,76,78,74,85,79,90,85,86,82,81,79,91,90,95,93,92,87,99,209,374,371,219,312,10335,10661,7061,10676,10599,10508,10655,10617,10623,10568,10425,10469,10439,10437,10430,10475,10459,10496,10642,10512,9673,9632,9659,9605,9941,9825,9526,9544,9588,9539,9536,9562,9627,9901,9705,9765,9623,9612,10317,9593,9605,9638,10663,10375,10108,10172,10828,10591,10456,10322,10542,10579,10520,10476,10601,10356,10450,11897,10297,10393,8370,8439,8529,8476,8569,8370,8247,8426,8268,8472,8602,8360,7827,7745,7754,7733,7722,7699,7720,7658,7727,7722,7745,7765,7803,7792,7695,7592,7673,7786,7807,7769,7793,7768,7810,7805,7793,7798,7733,7710,7563,7998,7873
CLL6CH,14,14,14,15,16,15,15,15,14,14,15,14,14,14,14,15,15,14,15,15,16,14,14,13,14,14,14,14,14,14,14,14,14,14,14,14,14,14,14,14,14,14,14,14,14,14,14,15,27,26,33,18,18,20,16,18,18,18,17,17,13,13,13,19,19,19,19,19,19,11,20,21,15,16,16,15,0,46,54,30,30,40,30,35,50,46,40,42,53,41,41,41,43,54,54,40,40,41,42,54,54,48,48,45,41,44,45,180,187,173,55,51,46,111,72,73,73,72,359,163,256,177,178,177,125,178,176,177,167,166,262,224,240,149,142,144,77,141,142,139,138,139,148,145,146,143,139,145,141,145,143,145,146,152,140,141,139,146,141,146,142,141,143,141,141,78,80,78,79,141,80,139,158,145,144,145,145,146,143,143,142,141,141,143,143,141,141,143,142,142,142,78,86,145,141,142,140,138,81,77,79,71,74,69,81,74,85,79,81,76,75,73,86,85,90,89,87,82,92,187,380,377,226,302,9981,10290,6825,10304,10232,10142,10284,10250,10257,10199,10065,10110,10071,10077,10076,10106,10086,10122,10271,10141,9357,9279,9305,9253,9580,9466,9182,9204,9239,9210,9194,9217,9276,9679,9371,9426,9271,9260,9976,9250,9252,9282,10265,9981,9721,9789,10430,10188,10065,9932,10140,10184,10121,10074,10199,9964,10055,11480,9908,9994,8195,8274,8375,8324,8423,8202,8099,8258,8100,8316,8454,8231,7492,7410,7455,7654,7619,7594,7641,7574,7641,7631,7638,7684,7708,7458,7367,7302,7374,7452,7473,7417,7444,7419,7460,7453,7441,7446,7397,7377,7230,7634,7516
ERR10438737,45,45,45,46,47,46,46,46,45,45,46,45,45,45,45,46,46,45,46,46,47,45,45,44,45,45,45,45,45,45,45,45,45,45,45,45,45,45,45,45,45,45,45,45,44,45,45,46,59,58,62,49,48,51,48,50,50,50,49,49,44,44,44,50,50,50,50,50,50,37,47,53,45,49,44,43,46,0,43,33,32,40,29,35,47,42,37,39,50,37,38,37,39,51,51,39,37,37,39,51,51,38,40,41,38,39,39,70,68,60,49,42,39,106,68,69,70,69,330,128,258,174,178,177,110,179,176,177,165,166,266,225,240,149,143,145,79,142,143,138,139,139,148,145,145,145,139,149,140,145,143,146,146,153,142,143,141,147,143,146,141,140,144,141,142,79,80,78,78,141,81,139,158,148,146,147,148,147,145,144,143,142,142,143,142,141,140,144,143,143,143,79,85,144,142,143,141,138,81,78,80,71,71,69,81,74,85,80,82,77,75,75,81,81,86,84,81,76,82,204,393,389,243,305,10223,10514,6912,10503,10462,10413,10493,10487,10460,10406,10315,10354,10315,10305,10320,10450,10435,10455,10603,10482,9685,9606,9633,9579,9741,9662,9500,9518,9563,9523,9508,9536,9569,9798,9555,9611,9586,9571,9622,9573,9543,9577,10530,10346,10052,10113,10739,10524,10358,10233,10444,10464,10418,10384,10564,10333,10360,10798,10276,10374,8342,8415,8512,8473,8564,8340,8454,8398,8250,8465,8587,8392,7657,7585,7676,7957,7924,7899,7946,7879,7946,7936,7941,7987,8010,7766,7674,7564,7648,7704,7773,7737,7764,7739,7781,7776,7757,7763,7613,7677,7533,7965,7842
ERR10113269,53,53,53,54,55,54,54,54,53,53,54,53,53,53,53,54,54,53,54,54,54,53,53,53,53,53,53,53,53,53,52,53,53,53,53,53,53,53,53,53,53,53,53,53,53,53,53,53,67,64,70,55,56,59,52,58,58,58,57,57,52,52,52,57,58,58,58,58,56,50,57,60,53,56,56,55,54,43,0,30,31,44,32,39,52,47,42,32,55,41,43,42,44,55,55,30,41,41,42,53,55,38,40,45,42,31,31,48,47,40,51,42,39,70,43,44,45,45,111,94,191,99,102,102,117,122,119,119,97,108,208,138,141,149,142,145,81,142,143,139,139,140,141,147,148,147,141,150,141,148,146,145,146,154,142,142,141,145,145,148,141,140,145,141,141,82,83,81,82,141,75,142,159,139,146,149,149,149,144,146,144,144,144,145,143,143,141,145,145,145,145,82,89,147,145,145,143,135,83,79,82,75,73,70,81,76,88,81,82,80,78,76,90,90,95,92,91,85,99,206,372,367,217,295,10207,10483,6864,10472,10432,10383,10462,10456,10424,10374,10285,10324,10295,10280,10290,10398,10384,10420,10562,10442,9655,9614,9641,9587,9758,9678,9508,9526,9570,9518,9516,9544,9575,9683,9545,9609,9594,9579,9590,9572,9547,9581,10590,10355,10098,10163,10808,10569,10365,10243,10437,10472,10425,10391,10572,10336,10358,11695,10277,10373,8339,8415,8502,8457,8549,8334,8231,8380,8244,8452,8582,8341,7662,7586,7679,7704,7696,7673,7692,7632,7700,7695,7718,7734,7772,7761,7667,7564,7644,7706,7775,7751,7776,7750,7792,7788,7768,7775,7616,7681,7534,7970,7847
ERR6752971,30,30,30,31,32,31,31,31,30,30,31,30,30,30,30,31,31,30,31,31,32,30,30,30,30,30,30,30,30,30,30,30,30,30,30,30,30,30,30,30,30,30,29,30,30,30,30,31,45,44,49,35,35,37,33,35,35,35,34,34,29,29,29,35,35,35,35,35,35,27,34,38,30,33,33,32,30,33,30,0,1,22,10,17,29,24,19,21,32,20,20,20,21,20,19,20,19,19,21,33,33,27,28,23,20,22,23,146,153,139,34,31,26,90,50,53,53,52,340,144,202,117,120,118,106,108,105,106,106,107,194,142,156,59,60,62,60,59,60,57,56,58,66,63,61,62,57,67,58,63,61,63,63,64,59,60,58,61,60,60,59,58,62,59,59,60,62,60,61,58,61,57,76,63,63,64,65,66,62,60,60,59,59,60,60,59,58,61,60,60,60,60,68,63,60,60,58,57,62,59,61,53,53,50,61,55,60,61,63,57,57,56,68,67,72,70,69,63,76,50,100,101,77,197,10325,10646,7055,10658,10589,10499,10643,10607,10616,10557,10438,10482,10441,10445,10443,10495,10482,10516,10666,10536,9689,9610,9637,9583,9919,9803,9504,9522,9567,9530,9513,9540,9602,10002,9694,9754,9600,9590,10335,9572,9583,9616,10619,10353,10055,10117,10765,10530,10435,10300,10520,10556,10498,10455,10571,10334,10428,11591,10275,10371,8422,8496,8593,8545,8638,8420,8320,8494,8327,8534,8668,8457,7774,7691,7731,7932,7898,7873,7921,7856,7920,7910,7916,7962,7984,7734,7652,7569,7648,7727,7748,7578,7605,7580,7621,7615,7603,7608,7675,7652,7510,7947,7823
ERR5751227,29,29,29,30,31,30,30,30,29,29,30,29,29,29,29,30,30,29,30,30,31,29,29,29,29,29,29,29,29,29,29,29,29,29,29,29,29,29,29,29,29,29,29,29,29,29,29,30,44,43,48,34,34,36,32,34,34,34,33,33,28,28,28,34,34,34,34,34,34,26,33,37,29,32,32,31,30,32,31,1,0,21,9,16,28,23,18,20,31,19,19,19,20,19,18,19,18,18,20,32,32,26,27,22,19,21,22,145,152,138,33,30,25,89,49,52,52,51,339,143,194,109,112,110,105,100,97,98,98,99,186,141,157,58,59,61,59,58,59,56,55,57,65,62,60,61,56,66,57,62,60,62,62,63,58,59,57,60,59,59,58,57,61,58,58,59,61,59,60,57,62,56,75,62,62,63,64,65,61,59,59,58,58,59,59,58,57,60,59,59,59,59,67,62,59,59,57,56,62,58,60,52,53,49,61,54,59,60,62,57,56,55,67,66,71,69,68,62,75,49,99,100,76,196,10324,10642,7051,10654,10588,10498,10639,10606,10612,10553,10437,10481,10437,10444,10442,10493,10481,10514,10665,10535,9688,9609,9636,9582,9918,9802,9503,9521,9566,9529,9510,9539,9601,9998,9693,9753,9596,9589,10334,9571,9579,9612,10614,10351,10052,10114,10760,10522,10434,10299,10519,10552,10497,10454,10567,10333,10427,11591,10274,10370,8415,8487,8586,8537,8630,8413,8316,8485,8319,8526,8660,8451,7767,7685,7727,7925,7894,7869,7917,7852,7916,7906,7909,7956,7978,7727,7648,7565,7644,7721,7741,7574,7601,7576,7617,7611,7599,7604,7668,7645,7506,7943,7820
ERR9976609,42,42,42,43,44,43,43,43,42,42,43,42,42,42,42,43,43,42,43,43,44,42,42,40,42,42,42,42,42,42,42,42,42,42,42,42,42,42,42,42,42,42,42,42,42,42,42,43,56,55,60,47,47,49,43,47,47,47,46,46,41,41,39,46,47,47,47,47,47,39,42,50,42,45,45,44,40,40,44,22,21,0,12,19,37,32,27,29,40,28,28,28,29,30,29,28,27,27,28,41,41,33,34,31,28,28,29,149,155,142,42,39,34,68,29,31,31,31,309,122,194,123,124,124,114,115,112,112,111,112,201,202,217,127,120,122,68,118,120,117,116,118,125,123,124,122,117,126,118,123,121,123,123,130,119,119,118,124,120,124,120,118,122,119,119,68,70,68,69,118,70,117,137,125,123,124,125,126,121,121,119,119,119,120,120,120,118,120,120,120,120,68,76,123,120,120,118,116,71,67,69,61,61,58,67,63,74,69,70,65,65,64,76,75,80,77,77,71,84,194,358,355,191,296,10316,10635,7043,10647,10580,10490,10632,10598,10602,10547,10409,10453,10420,10421,10414,10458,10442,10479,10624,10496,9657,9616,9643,9589,9925,9809,9510,9528,9572,9523,9518,9546,9611,9882,9689,9749,9604,9596,10300,9576,9587,9620,10645,10358,10090,10151,10798,10562,10440,10306,10526,10560,10503,10460,10575,10340,10434,11869,10281,10377,8325,8397,8489,8437,8530,8321,8216,8392,8224,8432,8563,8328,7799,7716,7734,7706,7699,7676,7697,7635,7704,7699,7719,7737,7774,7763,7670,7567,7648,7757,7777,7745,7769,7744,7786,7783,7768,7773,7705,7682,7538,7973,7848
ERR11219800,31,31,31,32,33,32,32,32,31,31,32,31,31,31,31,32,32,31,32,32,33,31,31,29,31,31,31,31,31,31,31,31,31,31,31,31,31,31,31,31,31,31,31,31,31,31,31,32,46,45,50,36,36,38,32,36,36,36,35,35,30,30,28,35,36,36,36,36,36,28,32,39,31,34,34,33,30,29,32,10,9,12,0,7,25,20,15,17,28,16,16,16,17,28,27,16,15,15,16,29,29,23,24,19,16,18,19,147,153,140,30,27,22,56,17,19,19,19,311,110,200,117,118,118,102,119,116,116,105,106,205,200,215,125,118,120,56,116,118,115,114,116,123,121,122,120,115,124,116,121,119,121,121,128,117,117,116,122,118,122,118,116,120,117,117,56,58,56,57,116,58,115,135,123,121,122,123,124,119,119,117,117,117,118,118,118,116,118,118,118,118,56,64,121,118,118,116,115,59,55,57,49,49,46,56,51,62,57,58,53,53,52,64,63,68,65,65,59,72,182,347,344,190,286,10308,10630,7035,10642,10572,10482,10627,10590,10596,10541,10399,10443,10413,10411,10404,10448,10432,10469,10614,10486,9647,9606,9633,9579,9915,9799,9500,9518,9562,9513,9510,9536,9601,9875,9679,9739,9597,9586,10290,9567,9579,9612,10634,10348,10079,10141,10791,10554,10430,10296,10516,10553,10493,10450,10568,10330,10424,11869,10271,10367,8337,8408,8501,8448,8542,8333,8225,8394,8236,8443,8575,8336,7801,7718,7728,7707,7696,7673,7694,7632,7701,7696,7719,7738,7776,7765,7669,7566,7646,7759,7779,7743,7767,7742,7784,7780,7767,7772,7707,7684,7537,7972,7847
ERR12142619,38,38,38,39,40,39,39,39,38,38,39,38,38,38,38,39,39,38,39,39,40,38,38,36,38,38,38,38,38,38,38,38,38,38,38,38,38,38,38,38,38,38,38,38,38,38,38,39,53,52,57,43,43,45,39,43,43,43,42,42,37,37,35,42,43,43,43,43,43,35,38,46,37,41,41,40,35,35,39,17,16,19,7,0,32,27,22,24,35,23,23,23,24,35,34,23,22,22,23,36,35,30,31,26,23,25,26,154,160,147,37,34,29,63,24,26,26,26,314,117,167,84,85,85,109,86,83,83,72,73,172,207,223,132,125,127,63,123,125,122,121,123,130,128,129,127,122,131,123,128,126,128,128,135,124,124,123,129,125,129,125,123,127,124,124,63,65,63,64,123,65,122,142,130,128,129,130,131,126,126,124,124,124,125,125,125,121,125,125,125,125,63,71,128,125,125,123,122,65,62,64,56,55,53,64,58,69,64,65,61,60,59,71,70,75,72,72,66,79,189,354,351,197,200,10274,10592,6997,10604,10538,10448,10589,10556,10558,10503,10403,10447,10413,10415,10408,10455,10438,10475,10621,10493,9654,9613,9640,9586,9921,9806,9507,9525,9569,9520,9514,9543,9604,9878,9686,9746,9600,9593,10297,9574,9582,9615,10643,10356,10087,10150,10795,10559,10437,10303,10523,10556,10500,10457,10571,10337,10431,11876,10278,10374,8341,8412,8505,8453,8545,8336,8230,8398,8239,8448,8578,8344,7804,7721,7735,7710,7703,7680,7701,7639,7708,7703,7722,7741,7779,7768,7676,7573,7653,7762,7782,7748,7772,7747,7789,7785,7772,7777,7710,7687,7544,7979,7854
ERR11747325,50,50,50,51,52,51,51,51,50,50,51,50,50,50,50,51,51,50,51,51,51,50,50,50,50,50,50,50,50,50,50,50,50,50,50,50,50,50,50,50,50,50,50,50,50,50,50,50,63,62,67,53,53,55,51,53,53,53,52,52,49,49,49,54,55,55,55,55,55,47,53,58,49,53,53,52,50,47,52,29,28,37,25,32,0,5,10,12,29,15,17,17,18,30,29,22,20,20,21,34,34,28,29,24,21,31,32,162,169,155,44,45,41,74,35,38,38,38,329,128,203,120,121,121,120,123,120,120,108,108,209,217,233,143,135,138,74,134,136,133,132,134,141,139,140,138,133,142,134,139,137,139,139,146,135,135,134,140,136,140,136,134,138,135,135,74,76,74,75,134,76,133,151,141,139,140,141,141,137,136,134,134,134,136,135,135,133,135,135,135,135,74,82,138,136,136,134,133,77,73,75,67,67,64,74,69,80,75,76,71,71,70,81,80,85,82,81,76,79,199,361,358,209,304,10317,10644,7049,10656,10590,10500,10641,10608,10610,10555,10417,10461,10427,10429,10422,10465,10449,10486,10631,10503,9665,9624,9651,9597,9930,9814,9518,9536,9580,9531,9525,9554,9619,9889,9697,9757,9611,9604,10308,9585,9593,9626,10645,10366,10094,10154,10801,10564,10448,10314,10534,10567,10511,10468,10582,10348,10442,11494,10289,10385,8347,8417,8507,8454,8551,8340,8237,8399,8245,8449,8584,8345,7815,7733,7736,7721,7714,7691,7712,7650,7719,7714,7733,7753,7791,7779,7687,7574,7662,7774,7793,7759,7784,7758,7800,7796,7783,7789,7721,7698,7555,7990,7865
ERR11502778,46,46,46,47,48,47,47,47,46,46,47,46,46,46,46,47,47,46,47,47,47,46,46,46,46,46,46,46,46,46,46,46,46,46,46,46,46,46,46,46,46,46,46,46,46,46,46,46,59,58,63,49,49,51,47,49,49,49,48,48,45,45,45,50,51,51,51,51,51,43,49,54,45,49,49,48,46,42,47,24,23,32,20,27,5,0,5,7,24,10,12,12,13,12,11,17,15,15,16,29,29,23,24,19,16,26,27,144,151,137,39,40,36,69,30,33,33,33,325,123,199,116,117,117,115,106,103,103,104,104,192,188,204,114,106,109,69,105,107,104,103,105,112,110,111,109,104,113,105,110,108,110,110,117,106,106,105,111,107,111,107,105,109,106,106,69,71,69,70,105,70,104,122,112,110,111,112,112,108,107,105,105,105,107,106,106,104,106,106,106,106,69,77,109,107,107,105,104,71,68,70,62,61,59,69,64,75,70,71,66,66,65,76,75,80,77,76,71,74,194,356,353,191,299,10312,10643,7048,10655,10585,10495,10640,10603,10609,10554,10412,10456,10426,10424,10417,10461,10444,10481,10627,10499,9660,9619,9646,9592,9926,9810,9513,9531,9575,9526,9523,9549,9613,9888,9692,9752,9610,9599,10303,9580,9592,9625,10641,10362,10089,10148,10796,10564,10443,10309,10529,10566,10506,10463,10581,10343,10437,11476,10284,10380,8330,8403,8492,8440,8533,8324,8219,8398,8228,8435,8566,8328,7814,7731,7731,7720,7709,7686,7707,7645,7714,7709,7732,7751,7789,7778,7682,7569,7657,7772,7792,7754,7779,7753,7795,7791,7778,7784,7720,7697,7550,7985,7860
ERR7197834,40,40,40,41,42,41,41,41,40,40,41,40,40,40,40,41,41,40,41,41,41,40,40,40,40,40,40,40,40,40,40,40,40,40,40,40,40,40,40,40,40,40,40,40,40,40,40,40,53,52,57,43,43,45,41,43,43,43,42,42,39,39,39,44,45,45,45,45,45,37,43,48,39,43,43,42,40,37,42,19,18,27,15,22,10,5,0,2,19,5,7,7,8,20,19,12,10,10,11,24,24,18,19,14,11,21,22,152,159,145,34,35,31,64,25,28,28,28,319,118,216,133,134,134,110,136,134,134,122,122,223,208,224,134,126,129,64,125,127,124,123,125,132,130,131,129,124,133,125,130,128,130,130,137,126,126,125,131,127,131,127,125,129,126,126,64,66,64,65,125,67,124,142,132,130,131,132,132,128,127,125,125,125,127,126,126,124,126,126,126,126,64,72,129,127,127,125,124,67,63,65,57,57,54,65,59,70,65,66,62,61,60,71,70,75,72,71,66,69,189,351,348,198,293,10263,10590,7011,10602,10535,10445,10587,10553,10557,10502,10363,10407,10374,10375,10368,10415,10398,10434,10580,10451,9616,9575,9602,9548,9883,9766,9470,9488,9532,9483,9478,9506,9571,9840,9649,9709,9564,9556,10260,9536,9546,9578,10596,10319,10055,10115,10751,10524,10401,10267,10490,10521,10464,10421,10536,10300,10394,11497,10242,10338,8314,8385,8474,8421,8514,8308,8203,8365,8211,8417,8547,8311,7783,7704,7707,7690,7682,7659,7680,7618,7687,7682,7702,7722,7759,7747,7654,7540,7628,7742,7760,7728,7753,7727,7769,7765,7749,7755,7689,7665,7522,7942,7817
ERR9079758,42,42,42,43,44,43,43,43,42,42,43,42,42,42,42,43,43,42,43,43,43,42,42,42,42,42,42,42,42,42,42,42,42,42,42,42,42,42,42,42,42,42,42,42,42,42,42,42,55,54,59,45,45,47,43,45,45,45,44,44,41,41,41,46,47,47,47,47,47,39,45,50,41,45,45,44,42,39,32,21,20,29,17,24,12,7,2,0,21,7,9,9,10,17,16,12,12,12,13,26,26,20,21,16,13,21,22,146,154,140,36,37,33,64,27,30,30,30,127,120,193,102,103,103,111,109,106,106,98,99,194,123,126,127,118,121,65,117,120,117,116,118,117,122,124,122,117,125,118,123,121,122,123,130,119,119,118,124,120,124,120,118,122,118,118,66,68,66,67,118,69,117,135,125,123,124,124,125,121,120,118,118,118,120,119,119,117,119,119,119,119,66,74,122,120,120,118,117,69,65,67,59,59,56,67,61,72,67,68,64,63,62,73,72,77,74,73,68,71,191,353,350,196,295,10308,10638,7043,10650,10581,10491,10635,10599,10604,10549,10408,10452,10421,10420,10413,10457,10441,10478,10623,10495,9656,9615,9642,9588,9922,9806,9509,9527,9571,9522,9518,9545,9610,9883,9688,9748,9605,9595,10299,9576,9587,9620,10634,10358,10085,10145,10794,10557,10439,10305,10525,10561,10502,10459,10576,10339,10433,11338,10280,10376,8335,8404,8494,8442,8537,8327,8221,8370,8234,8437,8570,8331,7809,7726,7727,7715,7705,7682,7703,7641,7710,7705,7727,7746,7784,7773,7678,7565,7653,7767,7787,7751,7776,7750,7792,7787,7775,7781,7715,7692,7546,7981,7856
ERR6806255,53,53,53,54,55,54,54,54,53,53,54,53,53,53,53,54,54,53,54,54,54,53,53,52,53,53,53,53,53,53,53,53,53,53,53,53,53,53,53,53,53,53,53,53,53,53,53,53,66,65,70,56,56,58,54,56,56,56,55,55,51,52,52,57,58,58,58,58,58,50,56,61,52,56,56,55,53,50,55,32,31,40,28,35,29,24,19,21,0,20,20,20,21,34,33,25,23,23,24,37,37,31,32,27,24,34,35,166,173,159,47,48,44,77,38,41,41,41,332,131,257,174,175,175,123,178,175,175,162,162,264,222,238,148,140,143,77,139,141,138,137,139,146,144,145,143,138,147,139,144,142,144,144,151,140,140,139,145,141,145,141,139,143,140,140,77,79,77,78,139,80,138,156,146,144,145,146,146,142,141,139,139,139,141,140,140,138,140,140,140,140,77,85,143,141,141,139,138,80,76,78,70,70,67,78,72,83,78,79,75,74,73,84,83,88,85,84,79,82,202,364,361,213,307,10320,10650,7055,10662,10593,10503,10647,10611,10616,10561,10420,10464,10433,10432,10425,10469,10453,10490,10636,10507,9668,9627,9654,9600,9934,9818,9521,9539,9583,9534,9530,9557,9622,9895,9700,9760,9617,9607,10311,9588,9599,9632,10650,10370,10099,10159,10807,10571,10451,10317,10537,10573,10514,10471,10588,10351,10445,11552,10292,10388,8351,8421,8512,8459,8552,8347,8236,8403,8248,8455,8585,8347,7816,7734,7736,7723,7714,7691,7712,7650,7719,7714,7736,7755,7792,7780,7685,7572,7660,7775,7794,7759,7784,7758,7800,7796,7781,7787,7722,7699,7553,7988,7863
ERR6805990,42,42,42,43,44,43,43,43,42,42,43,42,42,42,42,43,43,42,43,43,43,42,42,42,42,42,42,42,42,42,42,42,42,42,42,42,42,42,42,42,42,42,42,42,42,42,42,42,55,54,59,45,45,47,43,45,45,45,44,44,41,41,40,46,47,47,47,47,47,39,44,50,41,45,45,44,41,37,41,20,19,28,16,23,15,10,5,7,20,0,8,8,9,21,20,13,11,11,12,25,25,19,20,15,12,21,22,153,159,146,35,36,32,65,26,29,29,29,320,119,176,92,94,94,111,96,93,93,81,81,182,209,225,135,127,130,65,126,128,125,124,126,133,131,132,130,125,134,126,131,129,131,131,138,127,127,126,132,128,132,127,125,130,127,127,65,67,65,66,126,68,125,142,133,131,132,133,133,129,128,126,126,126,128,126,126,125,127,127,127,127,65,73,130,128,128,126,125,68,64,66,58,58,55,66,60,71,66,67,63,62,61,70,69,74,71,70,65,68,190,352,349,200,295,10246,10577,6981,10588,10522,10432,10574,10540,10543,10547,10349,10393,10360,10361,10354,10398,10382,10419,10565,10436,9656,9615,9642,9588,9922,9806,9509,9527,9571,9522,9517,9545,9610,9881,9688,9748,9603,9595,10299,9576,9585,9618,10577,10298,10027,10087,10734,10497,10380,10246,10466,10500,10443,10400,10515,10280,10373,11153,10221,10316,8259,8329,8420,8366,8462,8254,8162,8311,8156,8362,8495,8270,7739,7658,7642,7647,7640,7617,7638,7576,7645,7640,7660,7679,7715,7703,7611,7536,7620,7758,7718,7744,7769,7743,7785,7781,7766,7772,7705,7682,7538,7973,7849
ERR6806776,41,41,41,42,43,42,42,42,41,41,42,41,41,41,41,42,42,41,42,42,42,41,41,40,41,41,41,41,41,41,41,41,41,41,41,41,41,41,41,41,41,41,41,41,41,41,41,41,54,53,57,44,44,46,42,44,44,44,43,43,40,40,40,45,46,46,46,46,46,38,44,49,40,44,44,43,41,38,43,20,19,28,16,23,17,12,7,9,20,8,0,0,1,14,13,13,11,11,12,25,25,19,20,15,12,22,23,150,157,143,35,36,32,65,26,29,29,29,318,119,195,112,113,113,111,112,109,109,100,100,198,206,222,132,124,127,65,123,125,122,121,123,130,128,129,127,122,131,123,128,126,128,128,135,124,124,123,129,125,129,125,123,127,124,124,65,67,65,66,123,68,122,140,130,128,129,130,130,126,125,123,123,123,125,124,124,122,124,124,124,124,65,73,127,125,125,123,122,68,64,66,58,58,55,66,60,71,66,67,63,62,61,72,71,76,73,72,67,70,190,352,349,197,295,10308,10636,7041,10648,10581,10491,10633,10599,10602,10547,10408,10452,10419,10420,10413,10457,10441,10478,10623,10495,9656,9615,9642,9588,9922,9806,9509,9527,9571,9522,9517,9545,9610,9881,9688,9748,9603,9595,10299,9576,9585,9618,10636,10358,10086,10145,10791,10556,10439,10305,10525,10559,10502,10459,10574,10339,10433,11536,10280,10376,8330,8401,8492,8439,8532,8326,8221,8386,8228,8434,8565,8329,7802,7719,7726,7709,7701,7678,7699,7637,7706,7701,7721,7740,7777,7766,7673,7560,7648,7760,7780,7747,7772,7746,7788,7784,7769,7775,7708,7685,7541,7976,7851
ERR5750995,41,41,41,42,43,42,42,42,41,41,42,41,41,41,41,42,42,41,42,42,42,41,41,40,41,41,41,41,41,41,41,41,41,41,41,41,41,41,41,41,41,41,41,41,41,41,41,41,54,53,57,44,44,46,42,44,44,44,43,43,40,40,40,45,46,46,46,46,46,38,44,49,40,44,44,43,41,37,42,20,19,28,16,23,17,12,7,9,20,8,0,0,1,11,10,13,11,11,12,25,25,19,20,15,12,22,23,147,154,140,35,36,32,65,26,29,29,29,319,119,197,113,115,115,111,111,108,108,102,102,197,203,219,129,121,124,65,120,122,119,118,120,127,125,126,124,119,128,120,125,123,125,125,132,121,121,120,126,122,126,121,119,124,121,121,65,67,65,66,120,66,119,136,127,125,126,127,127,123,122,120,120,120,122,120,120,119,121,121,121,121,65,73,124,122,122,120,119,67,64,66,58,57,55,65,60,71,66,67,62,62,61,72,71,76,73,72,67,70,190,352,349,194,295,10308,10638,7043,10650,10581,10491,10635,10599,10604,10549,10408,10452,10421,10420,10413,10457,10440,10477,10623,10495,9656,9615,9642,9588,9922,9806,9509,9527,9571,9522,9518,9545,9609,9883,9688,9748,9605,9595,10299,9576,9587,9620,10639,10358,10087,10146,10793,10561,10439,10305,10525,10561,10502,10459,10576,10339,10433,11533,10280,10376,8328,8401,8490,8438,8531,8322,8216,8389,8226,8433,8564,8327,7803,7720,7724,7710,7701,7678,7699,7637,7706,7701,7723,7741,7778,7767,7672,7559,7647,7761,7781,7746,7771,7745,7787,7783,7768,7774,7709,7686,7540,7975,7850
ERR6806749,43,43,43,44,45,44,44,44,43,43,44,43,43,43,43,44,44,43,44,44,44,43,43,42,43,43,43,43,43,43,43,43,43,43,43,43,43,43,43,43,43,43,43,43,43,43,43,43,56,55,59,46,46,48,44,46,46,46,45,45,42,42,42,47,48,48,48,48,48,40,46,51,42,46,46,45,43,39,44,21,20,29,17,24,18,13,8,10,21,9,1,1,0,5,4,14,12,12,13,26,26,20,21,16,13,23,24,141,148,134,36,37,33,66,27,30,30,30,319,120,165,82,83,83,112,72,69,69,70,70,158,197,213,123,115,118,66,114,116,113,112,114,121,119,120,118,113,122,114,119,117,119,119,126,115,115,114,120,116,120,116,114,118,115,115,66,68,66,67,114,69,113,131,121,119,120,121,121,117,116,114,114,114,116,115,115,113,115,115,115,115,66,74,118,116,116,114,113,69,65,67,59,59,56,67,61,72,67,68,64,63,62,73,72,77,74,73,68,71,191,353,350,188,296,10309,10638,7043,10650,10582,10492,10635,10600,10604,10549,10409,10453,10421,10421,10414,10458,10442,10479,10624,10496,9657,9616,9643,9589,9923,9807,9510,9528,9572,9523,9518,9546,9611,9883,9689,9749,9605,9596,10300,9577,9587,9620,10639,10358,10089,10148,10795,10560,10440,10306,10526,10561,10503,10460,10576,10340,10434,11527,10281,10377,8324,8395,8486,8433,8526,8320,8213,8390,8222,8428,8559,8322,7804,7721,7728,7710,7701,7678,7699,7637,7706,7701,7722,7741,7779,7768,7674,7561,7649,7762,7782,7748,7773,7747,7789,7785,7770,7776,7710,7687,7542,7977,7852
ERR6805998,55,55,55,56,57,56,56,56,55,55,56,55,55,55,55,56,56,55,56,56,56,55,55,55,55,55,55,55,55,55,51,55,55,55,55,55,55,55,55,55,55,55,55,55,55,55,55,55,68,67,71,58,58,60,56,58,58,58,57,57,54,54,54,59,60,60,60,60,60,52,57,63,54,58,58,57,54,51,55,20,19,30,28,35,30,12,20,17,34,21,14,11,5,0,1,13,11,11,22,38,38,26,30,28,19,35,36,140,147,133,49,50,46,78,40,36,42,29,333,129,200,115,117,116,124,92,89,89,95,90,179,196,212,114,114,117,65,113,115,112,111,113,120,118,116,117,112,121,113,118,116,118,118,119,114,114,113,115,115,115,114,112,117,114,114,65,67,65,66,113,67,112,129,118,118,119,120,120,116,115,113,113,113,115,113,113,112,114,114,114,114,65,73,117,115,115,113,112,68,64,66,58,58,55,65,60,65,66,67,62,62,61,80,73,77,83,84,80,79,190,227,224,187,295,10308,10637,7042,10649,10581,10491,10634,10599,10603,10548,10408,10452,10420,10420,10413,10457,10441,10478,10624,10495,9656,9615,9642,9588,9922,9806,9509,9527,9571,9522,9517,9545,9610,9882,9688,9748,9604,9595,10299,9576,9586,9619,10618,10357,10059,10118,10765,10531,10439,10305,10525,10560,10502,10459,10575,10339,10433,11257,10280,10376,8236,8295,8385,8332,8426,8219,8110,8290,8125,8327,8457,8220,7803,7721,7724,7710,7702,7679,7700,7638,7707,7702,7723,7742,7779,7767,7673,7560,7648,7762,7781,7747,7772,7746,7788,7784,7769,7775,7709,7686,7541,7976,7851
ERR6806833,54,54,54,55,56,55,55,55,54,54,55,54,54,54,54,55,55,54,55,55,55,54,54,54,54,54,54,54,54,54,50,54,54,54,54,54,54,54,54,54,54,54,54,54,54,54,54,54,67,66,71,57,57,59,55,57,57,57,56,56,53,53,53,58,59,59,59,59,59,51,57,62,53,57,57,56,54,51,55,19,18,29,27,34,29,11,19,16,33,20,13,10,4,1,0,12,10,10,21,37,37,25,29,27,18,34,35,139,146,132,48,49,45,77,39,35,41,28,333,128,241,157,158,157,123,133,130,130,136,131,220,195,211,113,113,116,64,112,114,111,110,112,119,117,115,116,111,120,112,117,115,117,117,118,113,113,112,114,114,114,114,112,116,113,113,64,66,64,65,112,67,111,129,117,117,118,119,119,115,114,112,112,112,114,113,113,111,113,113,113,113,64,72,116,114,114,112,111,67,63,65,57,57,54,65,59,64,65,66,62,61,60,79,72,76,82,83,79,78,189,226,223,186,294,10307,10635,7040,10647,10580,10490,10632,10598,10601,10546,10407,10451,10418,10419,10412,10456,10440,10477,10623,10494,9655,9614,9641,9587,9921,9805,9508,9526,9570,9521,9516,9544,9609,9880,9687,9747,9602,9594,10298,9575,9584,9617,10617,10356,10059,10118,10764,10529,10438,10304,10524,10558,10501,10458,10573,10338,10432,11256,10279,10375,8239,8297,8388,8335,8428,8222,8113,8292,8128,8330,8459,8223,7805,7723,7726,7711,7703,7680,7701,7639,7708,7703,7723,7743,7781,7769,7676,7563,7652,7764,7783,7749,7774,7748,7790,7786,7772,7778,7711,7688,7544,7979,7854
ERR12080226,41,41,41,42,43,42,42,42,41,41,42,41,41,41,41,42,42,41,42,42,42,41,41,41,41,41,41,41,41,41,41,41,41,41,41,41,41,41,41,41,41,41,41,41,41,41,41,41,54,53,57,44,44,46,42,44,44,44,43,43,40,40,40,45,46,46,46,46,46,38,43,49,40,44,44,43,40,39,30,20,19,28,16,23,22,17,12,12,25,13,13,13,14,13,12,0,2,2,3,24,24,18,19,14,11,19,20,137,144,131,35,34,32,63,27,29,29,29,126,119,176,85,86,86,111,84,80,81,81,81,169,68,70,72,63,66,64,62,65,61,61,62,62,66,68,67,62,69,62,67,65,67,68,75,64,64,63,69,65,68,65,63,65,62,63,65,67,65,65,63,68,61,80,70,68,69,69,69,66,64,63,63,63,65,64,64,62,64,64,64,64,65,72,66,64,65,63,62,68,64,66,57,58,55,66,60,71,66,67,63,62,61,68,67,72,69,68,63,67,54,211,212,54,294,10242,10577,6981,10588,10521,10431,10574,10539,10543,10547,10348,10392,10360,10360,10353,10397,10381,10418,10563,10435,9656,9615,9642,9588,9921,9805,9509,9527,9571,9522,9517,9545,9610,9882,9688,9748,9604,9595,10299,9576,9585,9617,10572,10299,10023,10082,10728,10494,10380,10246,10466,10501,10443,10400,10516,10280,10372,10545,10221,10316,8046,8112,8197,8144,8236,8041,8153,8098,7944,8139,8269,8056,7747,7665,7645,7654,7645,7622,7643,7581,7650,7645,7666,7685,7722,7711,7618,7542,7625,7765,7725,7618,7643,7617,7658,7651,7642,7648,7714,7691,7546,7981,7855
ERR12321283,41,41,41,42,43,42,41,42,41,41,42,41,41,41,41,42,42,41,42,42,42,41,41,41,41,41,41,41,41,41,41,41,41,41,41,41,41,41,41,41,41,41,41,41,41,41,41,41,54,53,57,44,44,46,42,44,44,44,43,43,40,40,40,45,46,46,46,46,46,38,44,49,40,44,44,43,40,37,41,19,18,27,15,22,20,15,10,12,23,11,11,11,12,11,10,2,0,0,1,22,22,16,17,12,9,20,21,139,146,132,35,35,31,64,25,28,28,28,320,118,173,90,91,91,110,80,77,77,78,77,166,195,211,121,113,116,64,112,114,111,110,112,119,117,118,116,111,120,112,117,115,117,117,124,113,113,112,118,114,118,114,112,116,113,113,64,66,64,65,112,67,111,129,119,117,118,119,119,115,114,112,112,112,114,113,113,111,113,113,113,113,64,72,116,114,114,112,111,67,63,65,57,57,54,65,59,70,65,66,62,61,60,68,67,72,69,68,63,68,189,351,348,186,294,10306,10643,7043,10659,10582,10490,10638,10599,10605,10550,10407,10451,10421,10419,10412,10457,10441,10478,10624,10494,9655,9614,9641,9587,9920,9804,9508,9526,9570,9521,9518,9544,9609,9883,9687,9747,9605,9594,10298,9575,9587,9619,10641,10357,10090,10155,10810,10572,10438,10304,10525,10561,10501,10458,10583,10338,10432,11214,10279,10375,8322,8393,8484,8431,8526,8317,8218,8387,8225,8425,8559,8326,7809,7727,7705,7715,7704,7681,7702,7640,7709,7704,7727,7748,7785,7774,7677,7542,7627,7768,7787,7749,7774,7748,7790,7786,7773,7779,7715,7692,7545,7980,7854
ERR12321282,41,41,41,42,43,42,42,42,41,41,42,41,41,41,41,42,42,41,42,42,42,41,41,41,41,41,41,41,41,41,41,41,41,41,41,41,41,41,41,41,41,41,41,41,41,41,41,41,54,53,57,44,44,46,42,44,44,44,43,43,40,40,40,45,46,46,46,46,46,38,44,49,40,44,44,43,41,37,41,19,18,27,15,22,20,15,10,12,23,11,11,11,12,11,10,2,0,0,1,22,22,16,17,12,9,20,21,139,146,132,35,35,31,64,25,28,28,28,320,118,172,89,90,90,110,79,76,76,77,76,165,195,211,121,113,116,64,112,114,111,110,112,119,117,118,116,111,120,112,117,115,117,117,124,113,113,112,118,114,118,114,112,116,113,113,64,66,64,65,112,67,111,129,119,117,118,119,119,115,114,112,112,112,114,113,113,111,113,113,113,113,64,72,116,114,114,112,111,67,63,65,57,57,54,65,59,70,65,66,62,61,60,68,67,72,69,68,63,68,189,351,348,186,294,10309,10643,7043,10659,10582,10490,10641,10599,10608,10550,10407,10451,10421,10419,10412,10457,10441,10478,10624,10494,9655,9614,9641,9587,9920,9804,9508,9526,9570,9521,9518,9544,9609,9883,9687,9747,9605,9594,10298,9575,9587,9620,10641,10357,10090,10152,10810,10572,10438,10304,10525,10561,10501,10458,10583,10338,10432,11214,10279,10375,8322,8392,8483,8430,8526,8317,8218,8387,8222,8425,8559,8326,7809,7727,7705,7715,7704,7681,7702,7640,7709,7704,7727,7748,7785,7774,7677,7542,7627,7768,7787,7749,7774,7748,7790,7786,7773,7779,7715,7692,7545,7980,7854
ERR12067314,42,42,42,43,44,43,43,43,42,42,43,42,42,42,42,43,43,42,43,43,43,42,42,42,42,42,42,42,42,42,42,42,42,42,42,42,42,42,42,42,42,42,42,42,42,42,42,42,55,54,58,45,45,47,43,45,45,45,44,44,41,41,41,46,47,47,47,47,47,38,45,50,41,45,44,43,42,39,42,21,20,28,16,23,21,16,11,13,24,12,12,12,13,22,21,3,1,1,0,23,23,17,18,13,10,21,22,150,157,143,36,36,32,65,26,29,29,29,321,119,165,82,83,83,111,82,79,79,70,69,168,206,222,132,124,127,65,123,125,122,121,123,130,128,129,127,122,131,123,128,126,128,128,135,124,124,123,129,125,129,125,123,127,124,124,65,67,65,66,123,67,122,140,130,128,129,130,130,126,125,123,123,123,125,124,124,122,124,124,124,124,65,73,127,125,125,123,122,68,64,66,58,58,55,65,60,71,66,67,62,62,61,69,68,73,70,69,64,69,190,352,349,197,295,10305,10638,7043,10650,10581,10491,10635,10599,10604,10549,10408,10452,10421,10420,10413,10457,10441,10478,10623,10495,9656,9615,9642,9588,9921,9805,9509,9527,9571,9522,9518,9545,9610,9884,9688,9748,9605,9595,10299,9576,9587,9620,10635,10358,10083,10143,10791,10557,10439,10305,10525,10561,10502,10459,10576,10339,10433,11225,10280,10376,8322,8394,8484,8431,8525,8318,8226,8379,8220,8426,8558,8334,7809,7726,7706,7716,7706,7683,7704,7642,7711,7706,7728,7747,7785,7773,7678,7543,7626,7767,7786,7750,7775,7749,7791,7787,7774,7780,7715,7692,7546,7981,7855
ERR12321281,55,55,55,56,57,56,56,56,55,55,56,55,55,55,55,56,56,55,56,56,56,55,55,55,55,55,55,55,55,55,55,55,55,55,55,55,55,55,55,55,55,55,55,55,55,55,55,55,68,67,72,58,58,60,56,58,58,58,57,57,54,54,54,59,60,60,60,60,60,52,58,63,53,58,58,57,54,51,53,33,32,41,29,36,34,29,24,26,37,25,25,25,26,38,37,24,22,22,23,0,12,28,29,26,23,34,35,164,171,157,49,47,43,78,39,42,42,42,332,130,195,112,113,113,124,115,112,112,100,100,201,176,192,102,94,97,78,93,95,92,91,93,100,98,99,97,92,101,93,98,96,98,98,105,94,94,93,99,95,99,95,93,97,94,94,78,80,78,79,93,81,92,110,100,98,99,100,100,96,95,93,93,93,95,94,94,92,94,94,94,94,78,86,97,95,95,93,92,81,77,79,71,71,68,79,73,84,79,80,76,75,74,82,81,86,83,82,77,82,201,363,360,211,308,10323,10655,7057,10668,10596,10504,10655,10613,10622,10564,10421,10465,10435,10433,10426,10471,10455,10492,10638,10508,9669,9628,9655,9601,9934,9818,9522,9540,9584,9535,9532,9558,9623,9897,9701,9761,9619,9608,10312,9589,9599,9631,10650,10368,10100,10160,10815,10577,10449,10315,10535,10572,10512,10469,10590,10349,10443,11238,10290,10386,8344,8414,8505,8452,8548,8339,8240,8396,8244,8447,8581,8350,7820,7738,7716,7726,7715,7692,7713,7651,7720,7715,7738,7759,7796,7785,7688,7553,7640,7779,7799,7758,7783,7757,7799,7795,7780,7786,7726,7703,7556,7991,7866
ERR12142634,55,55,55,56,57,56,56,56,55,55,56,55,55,55,55,56,56,55,56,56,56,55,55,54,55,55,55,55,55,55,55,55,55,55,55,55,55,55,55,55,55,55,55,55,55,55,55,55,68,67,72,58,58,60,56,58,58,58,57,57,54,54,54,59,60,60,60,60,60,52,58,63,53,58,58,57,54,51,55,33,32,41,29,35,34,29,24,26,37,25,25,25,26,38,37,24,22,22,23,12,0,30,31,26,23,34,35,166,173,159,49,49,45,78,39,42,42,42,333,132,183,100,101,101,124,103,100,100,88,88,189,189,205,115,107,110,77,106,108,105,104,106,113,111,112,110,105,114,106,111,109,111,111,118,107,107,106,112,108,112,108,106,110,107,107,77,79,77,78,106,79,105,123,113,111,112,113,113,109,108,106,106,106,108,107,107,105,107,107,107,107,77,85,110,108,108,106,105,79,76,78,70,69,67,78,72,83,78,79,75,74,73,81,80,85,82,81,76,81,202,365,362,213,308,10313,10644,7049,10657,10590,10500,10641,10607,10610,10554,10416,10460,10428,10428,10421,10465,10450,10487,10633,10504,9665,9624,9651,9597,9930,9815,9518,9536,9580,9531,9526,9554,9619,9890,9697,9757,9612,9604,10307,9584,9592,9625,10642,10363,10091,10150,10795,10562,10444,10310,10530,10564,10507,10464,10578,10344,10438,11234,10285,10381,8330,8401,8490,8438,8530,8324,8232,8382,8226,8434,8564,8342,7812,7730,7713,7719,7711,7688,7708,7647,7715,7710,7730,7750,7788,7775,7684,7550,7633,7771,7789,7755,7780,7754,7796,7793,7779,7785,7718,7696,7551,7986,7863
ERR6753111,48,48,48,49,50,49,49,49,48,48,49,48,48,48,48,49,49,48,49,49,49,48,48,48,48,48,48,48,48,48,48,48,48,48,48,48,48,48,48,48,48,48,48,48,48,48,48,48,60,59,64,50,50,52,49,51,51,51,50,50,47,47,47,52,53,53,53,53,53,45,51,56,47,51,51,50,48,38,38,27,26,33,23,30,28,23,18,20,31,19,19,19,20,26,25,18,16,16,17,28,30,0,5,14,11,25,26,41,39,33,37,33,29,72,33,35,35,35,295,89,179,95,97,97,118,92,89,89,84,84,179,210,226,136,128,131,72,127,129,126,125,127,134,132,133,131,126,135,127,132,130,132,132,139,128,128,127,132,129,133,128,126,131,128,128,72,74,72,73,127,75,126,143,134,132,133,134,134,130,129,127,127,127,129,127,127,126,128,128,128,128,72,80,131,129,129,127,120,75,71,73,65,65,62,73,67,78,73,74,70,69,68,76,75,80,77,76,71,76,197,359,355,201,296,10197,10484,6865,10473,10434,10385,10463,10459,10426,10376,10287,10326,10295,10282,10292,10401,10386,10422,10566,10445,9657,9616,9643,9589,9758,9678,9510,9528,9572,9520,9517,9546,9577,9683,9547,9611,9594,9581,9592,9575,9550,9583,10579,10359,10086,10148,10792,10557,10369,10245,10440,10473,10429,10395,10574,10340,10362,11224,10281,10377,8311,8382,8473,8420,8513,8308,8214,8370,8208,8415,8546,8324,7661,7587,7652,7705,7699,7676,7697,7635,7704,7699,7718,7737,7774,7762,7670,7536,7620,7708,7776,7744,7769,7743,7785,7781,7761,7768,7617,7681,7538,7973,7849
ERR6806796,48,48,48,49,50,49,49,49,48,48,49,48,48,48,48,49,49,48,49,49,49,48,48,48,48,48,48,48,48,48,48,48,48,48,48,48,48,48,48,48,48,48,48,48,48,48,48,48,60,59,64,50,50,52,49,51,51,51,50,50,47,47,47,52,53,53,53,53,53,45,51,56,47,51,51,50,48,40,40,28,27,34,24,31,29,24,19,21,32,20,20,20,21,30,29,19,17,17,18,29,31,5,0,15,12,26,27,45,43,37,38,34,30,73,34,36,36,36,297,90,184,101,102,102,119,100,97,97,89,89,187,214,230,140,132,135,73,131,133,130,129,131,138,136,137,135,130,139,131,136,134,136,136,143,132,132,131,136,133,137,133,131,135,132,132,73,75,73,74,131,74,130,148,138,136,137,138,138,134,133,131,131,131,133,132,132,130,132,132,132,132,73,81,135,133,133,131,124,75,72,74,66,65,63,73,68,79,74,75,70,70,69,77,76,81,78,77,72,77,198,360,356,205,297,10198,10486,6867,10475,10435,10386,10465,10460,10428,10378,10288,10327,10297,10283,10293,10403,10386,10423,10567,10446,9658,9617,9644,9590,9759,9679,9511,9529,9573,9521,9519,9547,9577,9685,9548,9612,9596,9582,9593,9576,9552,9585,10582,10360,10088,10149,10793,10561,10370,10246,10441,10475,10430,10396,10576,10341,10363,11228,10282,10378,8315,8388,8477,8425,8518,8310,8219,8373,8213,8420,8551,8330,7664,7589,7654,7708,7701,7678,7699,7637,7706,7701,7721,7739,7776,7765,7672,7538,7622,7710,7779,7746,7771,7745,7787,7783,7763,7770,7620,7684,7540,7975,7851
ERR6806789,45,45,45,46,47,46,46,46,45,45,46,45,45,45,45,46,46,45,46,46,46,45,45,45,45,45,45,45,45,45,45,45,45,45,45,45,45,45,45,45,45,45,45,45,45,45,45,45,58,57,62,48,48,50,46,48,48,48,47,47,44,44,44,48,50,50,50,50,50,42,48,53,44,48,48,47,45,41,45,23,22,31,19,26,24,19,14,16,27,15,15,15,16,28,27,14,12,12,13,26,26,14,15,0,5,24,25,155,162,148,39,39,35,68,29,32,32,32,324,122,210,127,128,128,114,130,127,127,115,115,216,212,228,138,130,133,68,129,131,128,127,129,136,134,135,133,128,137,129,134,132,134,134,141,130,130,129,135,131,135,131,129,133,130,130,68,70,68,69,129,70,128,146,136,134,135,136,136,132,131,129,129,129,131,130,130,128,130,130,130,130,68,76,133,131,131,128,128,71,67,69,61,61,58,68,63,74,69,70,65,65,64,72,71,76,73,72,67,72,193,355,352,203,298,10306,10639,7044,10651,10582,10492,10636,10600,10605,10550,10409,10453,10422,10421,10414,10458,10442,10479,10624,10496,9657,9616,9643,9589,9923,9807,9510,9528,9572,9523,9519,9546,9611,9884,9689,9749,9606,9596,10300,9577,9588,9621,10638,10359,10085,10145,10793,10560,10440,10306,10526,10562,10503,10460,10577,10340,10434,11229,10281,10377,8322,8395,8484,8432,8525,8318,8226,8376,8220,8427,8558,8335,7806,7722,7707,7712,7702,7679,7700,7638,7707,7702,7724,7743,7781,7770,7675,7541,7625,7764,7784,7749,7774,7748,7790,7786,7771,7777,7712,7689,7543,7978,7853
ERR9971918,41,41,41,42,43,42,42,42,41,41,42,41,41,41,41,42,42,41,42,42,42,41,41,41,41,41,41,41,41,41,41,41,41,41,41,41,41,41,41,41,41,41,41,41,41,41,41,41,54,53,58,44,44,46,42,44,44,44,43,43,40,40,40,45,46,46,46,46,46,38,44,49,40,44,44,43,41,38,42,20,19,28,16,23,21,16,11,13,24,12,12,12,13,19,18,11,9,9,10,23,23,11,12,5,0,21,22,147,154,140,36,36,32,65,26,29,29,29,320,119,217,134,135,135,111,131,128,128,122,122,217,203,219,129,121,124,65,120,122,119,118,120,127,125,126,124,119,128,120,125,123,125,125,132,121,121,120,126,122,126,122,120,124,121,121,65,67,65,66,120,68,119,137,127,125,126,127,127,123,122,120,120,120,122,121,121,119,121,121,121,121,65,73,124,122,122,120,119,68,64,66,58,58,55,66,60,71,66,67,63,62,61,69,68,73,70,69,64,69,190,352,349,194,295,10303,10635,7040,10647,10579,10489,10632,10597,10601,10546,10406,10450,10418,10418,10411,10455,10439,10476,10622,10493,9654,9613,9640,9586,9920,9804,9507,9525,9569,9520,9515,9543,9608,9880,9686,9746,9602,9593,10297,9574,9584,9617,10634,10356,10083,10144,10793,10555,10437,10303,10523,10558,10500,10457,10573,10337,10431,11220,10278,10374,8316,8385,8476,8423,8519,8310,8217,8373,8214,8418,8552,8325,7802,7720,7703,7709,7700,7677,7698,7636,7705,7700,7721,7741,7778,7766,7672,7538,7622,7761,7780,7746,7771,7745,7787,7783,7768,7774,7708,7685,7540,7975,7850
ERR7197741,43,43,43,44,45,44,44,44,43,43,44,43,43,43,43,44,44,43,44,44,44,43,43,43,43,43,43,43,43,43,43,43,43,43,43,43,43,43,43,43,43,43,43,43,43,43,43,43,58,57,61,48,48,50,46,48,48,48,47,47,42,42,41,47,48,48,48,48,48,40,46,51,43,46,46,45,44,39,31,22,21,28,18,25,31,26,21,21,34,21,22,22,23,35,34,19,20,20,21,34,34,25,26,24,21,0,3,151,159,145,36,34,31,63,26,31,31,31,127,120,244,153,154,154,110,167,164,164,151,152,252,133,135,137,128,131,66,127,130,127,126,128,127,132,134,132,127,135,128,133,131,132,133,140,129,129,128,134,130,134,130,128,132,128,128,67,69,67,68,128,70,127,145,135,133,134,134,135,131,130,128,128,128,130,129,129,127,129,129,129,129,67,75,132,130,130,128,126,70,66,68,60,60,57,68,62,73,68,69,65,64,63,72,71,76,73,72,67,70,192,354,351,202,295,10305,10636,7041,10648,10581,10491,10633,10599,10602,10547,10408,10452,10419,10420,10413,10457,10441,10478,10624,10495,9656,9615,9642,9588,9924,9808,9509,9527,9571,9522,9517,9545,9610,9881,9688,9748,9603,9595,10300,9576,9585,9618,10634,10357,10085,10145,10791,10555,10439,10305,10525,10559,10502,10459,10574,10339,10433,11006,10280,10376,8322,8391,8481,8429,8523,8315,8223,8352,8219,8424,8556,8333,7804,7722,7706,7710,7702,7679,7700,7638,7707,7702,7722,7742,7780,7768,7675,7540,7626,7763,7782,7750,7775,7749,7791,7786,7772,7778,7710,7687,7543,7978,7853
ERR5751808,44,44,44,45,46,45,45,45,44,44,45,44,44,44,44,45,45,44,45,45,45,44,44,44,44,44,44,44,44,44,44,44,44,44,44,44,44,44,44,44,44,44,44,44,44,44,44,44,59,58,62,49,49,51,47,49,49,49,48,48,43,43,42,48,49,49,49,49,49,41,47,52,44,47,47,46,45,39,31,23,22,29,19,26,32,27,22,22,35,22,23,23,24,36,35,20,21,21,22,35,35,26,27,25,22,3,0,152,160,146,37,35,32,64,27,32,32,32,128,121,245,153,155,155,111,168,165,165,152,153,253,134,136,138,129,132,67,128,131,128,127,129,128,133,135,133,128,136,129,134,132,133,134,141,130,130,129,135,131,135,130,128,133,129,129,68,70,68,69,129,69,128,145,136,134,135,135,136,132,131,129,129,129,131,129,129,128,130,130,130,130,68,76,133,131,131,129,127,70,67,69,61,60,58,68,63,74,69,70,65,65,64,73,72,77,74,73,68,71,193,355,352,203,296,10306,10638,7043,10650,10582,10492,10635,10600,10604,10549,10409,10453,10421,10421,10414,10459,10442,10480,10625,10496,9657,9616,9643,9589,9925,9809,9510,9528,9572,9523,9518,9546,9611,9883,9689,9749,9605,9596,10301,9577,9587,9620,10637,10359,10086,10145,10791,10559,10440,10306,10526,10561,10503,10460,10576,10340,10434,11007,10281,10377,8315,8387,8476,8424,8517,8310,8218,8349,8213,8419,8550,8329,7800,7717,7703,7707,7699,7676,7697,7635,7704,7699,7720,7738,7775,7764,7670,7535,7620,7758,7778,7745,7770,7744,7786,7781,7767,7773,7706,7683,7538,7973,7848
ERR12321280,180,180,180,181,182,181,181,181,180,180,181,180,180,180,180,181,181,180,181,181,181,180,180,179,179,180,180,180,180,180,176,180,180,180,180,180,180,180,180,180,180,180,179,180,180,180,180,181,195,193,198,184,184,186,182,185,185,185,184,184,179,179,179,184,185,185,185,185,185,170,182,188,176,182,175,174,180,70,48,146,145,149,147,154,162,144,152,146,166,153,150,147,141,140,139,137,139,139,150,164,166,41,45,155,147,151,152,0,16,15,40,57,51,194,159,152,160,149,162,154,375,283,284,283,237,269,266,266,270,269,335,314,319,233,233,235,183,232,234,231,230,232,239,237,235,236,231,240,232,237,235,237,237,238,232,232,231,232,233,233,234,232,236,233,233,184,186,184,185,232,187,231,250,237,237,238,239,240,235,234,232,232,232,234,233,233,231,233,233,233,233,184,192,236,234,234,232,122,187,183,185,177,177,174,185,179,184,185,186,182,181,180,201,194,198,204,206,201,205,311,347,343,307,301,10240,10538,6946,10558,10481,10416,10540,10497,10502,10451,10356,10391,10364,10355,10359,10396,10381,10417,10562,10439,9651,9610,9637,9583,9840,9754,9504,9522,9566,9515,9514,9540,9604,9779,9628,9685,9597,9579,9653,9569,9546,9580,10492,10353,9960,10044,10670,10430,10377,10253,10449,10485,10437,10403,10579,10334,10370,11425,10275,10371,8247,8304,8397,8345,8439,8227,8114,8280,8143,8339,8470,8227,7741,7663,7697,7710,7699,7676,7697,7635,7704,7699,7722,7743,7780,7769,7665,7569,7651,7714,7783,7749,7774,7749,7791,7786,7769,7775,7637,7687,7540,7974,7850
ERR9692774,187,187,187,188,189,188,188,188,187,187,188,187,187,187,187,188,188,187,188,188,188,187,187,186,186,187,187,187,187,187,183,187,187,187,187,187,187,187,187,187,187,187,187,187,187,187,187,188,202,200,205,191,191,193,189,192,192,192,190,191,186,186,186,191,192,192,192,192,192,176,188,195,184,190,182,181,187,68,47,153,152,155,153,160,169,151,159,154,173,159,157,154,148,147,146,144,146,146,157,171,173,39,43,162,154,159,160,16,0,9,33,54,49,202,165,158,166,155,157,150,384,292,293,292,246,277,274,274,278,276,335,321,326,240,239,242,190,239,241,238,237,239,246,244,242,243,238,247,239,244,242,244,244,245,239,239,238,239,240,240,241,239,243,240,240,190,192,190,191,239,194,238,257,244,244,245,246,247,242,241,239,239,239,241,240,240,238,240,240,240,240,191,199,243,241,241,239,120,194,190,192,184,184,181,192,186,191,192,193,189,188,187,207,200,204,210,212,207,212,316,352,348,312,300,10240,10529,6941,10544,10477,10414,10533,10496,10497,10445,10353,10387,10358,10353,10355,10398,10383,10419,10563,10442,9649,9608,9635,9581,9824,9739,9502,9520,9564,9513,9510,9538,9598,9772,9625,9683,9596,9580,9663,9567,9545,9578,10497,10350,9954,10034,10651,10414,10389,10265,10460,10495,10449,10415,10568,10332,10382,11423,10273,10369,8239,8296,8389,8337,8429,8221,8111,8273,8129,8332,8460,8226,7726,7650,7702,7707,7698,7675,7696,7634,7703,7698,7719,7739,7777,7764,7662,7567,7647,7712,7778,7744,7769,7744,7786,7781,7764,7770,7647,7683,7538,7972,7848
ERR6752863,173,173,173,174,175,174,174,174,173,173,174,173,173,173,173,174,174,173,174,174,174,172,173,172,172,173,173,173,173,173,169,173,173,173,173,173,173,173,173,173,173,173,173,173,173,173,173,174,188,186,191,177,177,179,175,178,178,178,177,177,172,172,172,177,178,178,178,178,178,163,175,181,170,176,169,168,173,60,40,139,138,142,140,147,155,137,145,140,159,146,143,140,134,133,132,131,132,132,143,157,159,33,37,148,140,145,146,15,9,0,32,49,44,189,153,146,153,142,148,141,370,277,279,278,232,263,260,260,265,263,329,231,233,227,226,228,176,225,228,225,224,226,225,230,229,230,225,233,226,231,229,230,231,232,226,226,225,226,227,227,227,225,230,226,226,178,180,178,179,226,179,225,243,231,231,232,232,234,229,228,226,226,226,228,226,226,225,227,227,227,227,178,186,230,228,228,226,115,180,177,179,171,170,168,178,173,178,179,180,175,175,174,194,187,191,197,199,194,198,304,340,336,300,295,10232,10513,6926,10531,10463,10406,10518,10488,10483,10430,10339,10377,10347,10342,10345,10399,10382,10419,10564,10442,9645,9604,9631,9577,9820,9738,9498,9516,9560,9509,9506,9534,9587,9766,9620,9677,9588,9573,9656,9563,9536,9570,10490,10347,9948,10026,10643,10408,10381,10257,10452,10486,10441,10407,10563,10328,10374,11391,10269,10365,8219,8277,8369,8317,8410,8200,8093,8255,8110,8312,8441,8208,7708,7629,7694,7691,7684,7661,7682,7620,7689,7684,7704,7722,7760,7749,7651,7553,7633,7694,7763,7733,7758,7733,7775,7770,7751,7757,7628,7668,7524,7958,7834
SRR9273829,55,55,55,56,57,56,55,56,55,55,56,55,55,55,55,56,56,55,55,56,56,55,55,54,54,55,55,55,55,55,55,55,55,55,55,55,55,55,55,55,55,55,55,55,55,55,55,56,69,67,72,59,59,61,57,60,60,60,59,59,54,54,54,59,60,60,60,60,60,52,57,63,55,58,58,57,55,49,51,34,33,42,30,37,44,39,34,36,47,35,35,35,36,49,48,35,35,35,36,49,49,37,38,39,36,36,37,40,33,32,0,43,40,80,41,42,42,42,301,101,258,176,177,177,121,178,175,175,164,165,205,221,236,147,139,142,76,140,142,139,138,140,147,145,146,144,139,148,140,145,143,145,145,152,141,141,140,145,142,146,142,140,144,141,141,78,80,78,79,140,79,139,156,147,145,146,147,148,143,142,140,140,140,142,141,141,139,141,141,141,141,78,86,144,142,142,140,137,79,76,78,70,70,68,78,73,84,79,80,75,75,74,88,87,92,89,89,83,91,204,360,356,214,213,10021,10295,6679,10283,10243,10198,10276,10272,10239,10248,10213,10252,10221,10208,10219,10294,10283,10311,10451,10335,9646,9605,9631,9579,9727,9647,9499,9518,9560,9517,9510,9534,9561,9671,9542,9599,9586,9573,9582,9551,9540,9573,10431,10290,9927,10007,10612,10386,10299,10175,10378,10411,10359,10324,10504,10269,10294,11810,10217,10306,8280,8351,8444,8391,8484,8276,8170,8337,8179,8385,8517,8285,7605,7533,7633,7650,7643,7620,7641,7580,7648,7643,7663,7682,7717,7708,7617,7573,7654,7713,7722,7747,7772,7745,7789,7785,7765,7773,7624,7687,7544,7977,7855
ERR9079830,52,52,52,53,54,53,53,53,52,52,53,52,52,52,52,53,53,52,53,53,54,52,52,51,52,52,52,52,52,52,52,52,52,52,52,52,52,52,52,52,52,52,52,52,52,52,52,53,65,63,66,56,56,58,54,57,57,57,56,56,50,51,50,56,57,57,57,57,57,49,52,60,52,55,55,54,51,42,42,31,30,39,27,34,45,40,35,37,48,36,36,36,37,50,49,34,35,35,36,47,49,33,34,39,36,34,35,57,54,49,43,0,15,65,26,33,33,33,292,88,246,163,164,164,112,170,167,167,155,154,257,210,226,135,128,130,70,126,128,125,124,126,133,130,131,130,125,134,126,131,129,131,131,138,127,127,126,131,128,132,128,126,130,127,127,70,72,70,71,126,72,125,145,133,131,132,133,134,129,128,127,127,126,128,128,128,126,128,128,128,128,70,78,131,128,128,126,119,73,69,71,62,63,60,70,64,76,71,72,67,67,66,74,73,78,75,75,69,72,193,358,354,203,292,10189,10480,6860,10467,10430,10381,10459,10455,10421,10370,10283,10322,10291,10278,10288,10397,10382,10418,10562,10441,9653,9612,9637,9585,9755,9676,9506,9524,9568,9516,9513,9542,9573,9679,9543,9607,9588,9577,9588,9571,9544,9577,10572,10354,10078,10140,10787,10549,10365,10241,10436,10469,10425,10391,10570,10336,10358,10979,10277,10373,8307,8376,8466,8413,8510,8302,8221,8359,8206,8407,8545,8319,7664,7587,7649,7706,7700,7675,7696,7634,7703,7698,7717,7739,7775,7763,7673,7535,7621,7709,7777,7746,7768,7744,7787,7781,7763,7769,7618,7683,7540,7975,7849
ERR10880116,47,47,47,48,49,48,48,48,47,47,48,47,47,47,47,48,48,47,48,48,48,47,47,45,47,47,47,47,47,47,47,47,47,47,47,47,47,47,47,47,47,47,47,47,47,47,47,48,61,59,62,51,51,53,49,52,52,52,51,51,45,46,46,51,52,52,52,52,52,44,49,55,47,50,50,49,46,39,39,26,25,34,22,29,41,36,31,33,44,32,32,32,33,46,45,32,31,31,32,43,45,29,30,35,32,31,32,51,49,44,40,15,0,62,23,28,28,28,288,83,242,159,160,160,108,166,163,163,151,150,253,211,227,137,129,132,66,128,130,127,126,128,135,133,134,132,127,136,128,133,131,133,133,140,129,129,128,133,130,134,130,128,132,129,129,66,68,66,67,128,67,127,146,135,133,134,135,136,131,130,128,128,128,130,129,129,127,129,129,129,129,66,74,132,130,130,128,121,68,65,67,59,58,56,66,61,72,67,68,63,63,62,74,73,78,75,75,69,82,192,353,349,202,290,10200,10479,6858,10466,10429,10379,10458,10454,10420,10368,10281,10320,10289,10276,10286,10395,10381,10416,10559,10439,9651,9610,9635,9583,9753,9674,9504,9522,9566,9514,9511,9540,9571,9677,9541,9605,9586,9575,9586,9569,9542,9575,10579,10353,10079,10144,10789,10554,10363,10239,10433,10466,10423,10389,10568,10334,10356,11876,10275,10371,8332,8404,8492,8439,8533,8334,8219,8392,8233,8434,8568,8332,7662,7584,7678,7704,7698,7673,7694,7632,7701,7696,7715,7736,7772,7760,7671,7564,7646,7706,7774,7745,7767,7743,7786,7780,7762,7768,7616,7681,7538,7973,7847
ERR5751304,111,111,111,112,113,112,112,112,111,111,112,111,111,111,111,112,112,111,111,112,112,111,111,110,111,111,111,111,111,111,111,111,111,111,111,111,111,111,111,111,111,111,111,111,111,111,111,111,126,124,130,116,116,118,114,114,114,114,113,113,110,110,109,115,116,116,116,116,116,78,114,119,108,114,84,83,111,106,70,90,89,68,56,63,74,69,64,64,77,65,65,65,66,78,77,63,64,64,65,78,78,72,73,68,65,63,64,194,202,189,80,65,62,0,39,51,59,63,85,77,273,182,184,184,122,166,162,163,183,184,189,164,167,168,159,162,97,158,161,158,157,159,158,163,165,163,158,133,159,164,162,163,164,171,160,160,159,165,161,165,160,158,163,159,159,98,100,98,99,159,101,158,175,166,164,165,165,166,162,161,159,159,159,161,159,159,158,160,160,160,160,98,106,163,161,161,159,158,100,96,98,91,91,88,99,93,104,99,100,96,95,94,108,107,112,109,108,103,83,224,386,383,234,236,10197,10517,6920,10527,10461,10375,10516,10483,10484,10428,10437,10481,10447,10449,10442,10422,10405,10443,10585,10458,9689,9648,9640,9621,9911,9795,9509,9527,9571,9522,9516,9544,9607,9913,9730,9790,9600,9595,10338,9564,9614,9647,10578,10391,10007,10086,10703,10466,10472,10338,10558,10591,10535,10492,10606,10372,10466,11717,10280,10409,8336,8405,8499,8447,8538,8333,8221,8371,8236,8439,8573,8337,7793,7712,7730,7703,7698,7673,7694,7632,7701,7696,7716,7737,7770,7757,7670,7561,7645,7753,7771,7742,7766,7739,7784,7777,7761,7769,7700,7677,7534,7968,7845
ERR6806714,72,72,72,73,74,73,73,73,72,72,73,72,72,72,72,73,73,72,73,73,74,72,72,72,72,72,72,72,72,72,72,72,72,72,72,72,72,72,72,72,72,72,72,72,72,72,72,73,87,86,91,77,77,79,75,77,77,77,76,76,71,71,71,76,77,77,77,77,77,40,75,80,71,75,46,45,72,68,43,50,49,29,17,24,35,30,25,27,38,26,26,26,27,40,39,27,25,25,26,39,39,33,34,29,26,26,27,159,165,153,41,26,23,39,0,24,24,24,290,89,237,154,155,155,103,162,159,159,146,147,248,207,222,132,125,127,61,123,125,121,121,122,130,127,128,127,122,130,122,127,125,128,128,135,124,124,123,129,125,128,125,123,126,123,124,61,63,61,61,123,63,121,142,130,128,129,130,130,126,126,124,124,124,125,125,125,123,125,125,125,125,61,68,127,124,125,123,122,63,60,62,53,53,51,62,56,67,62,63,59,58,57,65,64,69,66,66,60,75,187,347,344,197,290,10301,10631,7033,10639,10577,10487,10626,10595,10594,10538,10402,10446,10412,10414,10407,10452,10437,10474,10619,10491,9652,9611,9636,9584,9917,9802,9505,9523,9567,9518,9512,9541,9606,9909,9695,9755,9596,9591,10302,9572,9578,9611,10640,10354,10081,10145,10792,10554,10435,10301,10520,10554,10498,10455,10569,10335,10429,11098,10276,10372,8113,8184,8277,8225,8317,8113,8216,8169,8014,8218,8351,8129,7787,7701,7703,7695,7690,7665,7686,7624,7693,7688,7707,7727,7762,7751,7661,7535,7612,7745,7765,7737,7759,7735,7778,7772,7757,7762,7693,7671,7528,7963,7839
ERR5751296,74,74,74,75,76,75,75,75,74,74,75,74,74,74,74,75,75,74,75,75,76,74,74,74,74,74,74,74,74,74,74,74,74,74,74,74,74,74,74,74,74,74,74,74,74,74,74,75,89,88,92,79,79,81,76,79,79,79,78,78,73,73,73,78,79,79,79,79,79,41,76,82,74,77,47,46,73,69,44,53,52,31,19,26,38,33,28,30,41,29,29,29,30,36,35,29,28,28,29,42,42,35,36,32,29,31,32,152,158,146,42,33,28,51,24,0,0,0,289,88,191,107,109,109,105,104,101,101,96,97,189,198,214,123,116,118,59,114,116,113,112,114,121,119,120,118,113,121,114,119,117,119,119,126,115,115,114,120,116,120,115,113,118,115,115,59,61,59,60,114,60,113,132,121,119,120,121,122,117,117,115,115,115,116,115,115,114,116,116,116,116,59,67,119,116,116,114,112,61,58,60,52,51,49,59,54,65,60,61,56,56,55,67,66,71,68,68,62,74,185,350,347,188,288,10300,10616,7021,10628,10562,10474,10613,10580,10582,10527,10400,10444,10410,10412,10405,10450,10434,10471,10616,10488,9649,9608,9634,9581,9907,9791,9501,9519,9563,9514,9508,9537,9600,9896,9692,9752,9594,9587,10300,9560,9575,9608,10638,10351,10082,10144,10789,10554,10432,10298,10518,10551,10495,10452,10566,10332,10426,11866,10272,10369,8297,8369,8461,8409,8502,8293,8189,8360,8196,8404,8535,8301,7765,7683,7702,7673,7667,7644,7665,7603,7672,7667,7686,7704,7741,7730,7640,7535,7615,7724,7744,7714,7738,7713,7755,7751,7736,7741,7672,7649,7506,7941,7816
ERR4451427,74,74,74,75,76,75,75,75,74,74,75,74,74,74,74,75,75,74,75,75,76,74,74,74,74,74,74,74,74,74,74,74,74,74,74,74,74,74,74,74,74,74,74,74,74,74,74,75,89,88,92,79,79,81,76,79,79,79,78,78,73,73,73,78,79,79,79,79,79,41,76,82,74,77,47,46,73,70,45,53,52,31,19,26,38,33,28,30,41,29,29,29,30,42,41,29,28,28,29,42,42,35,36,32,29,31,32,160,166,153,42,33,28,59,24,0,0,0,301,101,195,112,113,113,105,114,111,111,100,101,199,204,220,129,122,124,59,120,122,119,118,120,127,125,126,124,119,127,120,125,123,125,125,132,121,121,120,126,122,126,122,120,124,121,121,59,61,59,60,120,60,119,139,127,125,126,127,128,123,123,121,121,121,122,122,122,120,122,122,122,122,59,67,125,122,122,120,118,61,58,60,52,51,49,59,54,65,60,61,56,56,55,67,66,71,68,68,62,74,185,350,347,194,287,10298,10618,7022,10630,10564,10474,10615,10582,10584,10529,10400,10444,10410,10412,10406,10449,10432,10470,10616,10488,9648,9607,9633,9581,9907,9791,9501,9519,9562,9513,9508,9535,9600,9897,9693,9753,9593,9587,10302,9559,9576,9609,10633,10350,10078,10140,10785,10550,10432,10298,10517,10550,10495,10451,10566,10332,10425,11869,10271,10369,8304,8375,8467,8415,8508,8298,8195,8360,8203,8408,8541,8308,7772,7689,7705,7678,7671,7648,7668,7608,7676,7671,7690,7709,7746,7736,7645,7541,7621,7729,7748,7719,7743,7718,7760,7755,7741,7746,7678,7655,7512,7947,7822
ERR6806125,73,73,73,74,75,74,74,74,73,73,74,73,73,73,73,74,74,73,74,74,75,73,73,73,73,73,73,73,73,73,73,73,73,73,73,73,73,73,73,73,73,73,73,73,73,73,73,74,88,87,91,78,78,80,75,78,78,78,77,77,72,72,72,77,78,78,78,78,78,41,75,81,73,76,47,46,72,69,45,52,51,31,19,26,38,33,28,30,41,29,29,29,30,29,28,29,28,28,29,42,42,35,36,32,29,31,32,149,155,142,42,33,28,63,24,0,0,0,311,111,166,83,84,84,105,72,69,69,71,72,158,191,207,116,109,111,59,107,109,106,105,107,114,112,113,111,106,114,107,112,110,112,112,119,108,108,107,113,109,113,109,107,111,108,108,59,61,59,60,107,62,106,126,114,112,113,114,115,110,110,108,108,108,109,109,109,107,109,109,109,109,59,67,112,109,109,107,105,62,58,60,52,52,49,60,54,65,60,61,57,56,55,67,66,71,68,68,62,74,185,350,347,181,288,10300,10622,7027,10634,10564,10474,10619,10582,10588,10533,10401,10445,10415,10413,10406,10451,10434,10472,10617,10488,9649,9608,9634,9581,9908,9792,9501,9519,9563,9514,9511,9537,9602,9900,9694,9754,9598,9587,10302,9560,9580,9613,10639,10351,10085,10147,10796,10559,10432,10298,10518,10555,10495,10452,10570,10332,10426,11859,10272,10369,8296,8367,8460,8408,8500,8292,8181,8364,8195,8403,8533,8295,7769,7687,7701,7676,7666,7643,7664,7602,7671,7666,7689,7707,7744,7733,7638,7534,7614,7727,7747,7713,7737,7712,7754,7750,7735,7740,7675,7652,7505,7940,7815
ERR6806317,363,363,363,364,365,364,364,364,363,363,363,363,363,363,363,364,363,363,363,364,341,326,363,360,363,362,362,363,363,363,363,363,363,363,362,363,363,363,363,363,360,363,333,363,362,363,363,364,376,373,377,366,366,368,364,368,368,368,367,367,361,362,361,367,368,368,368,368,367,331,344,370,362,366,337,336,359,330,111,340,339,309,311,314,329,325,319,127,332,320,318,319,319,333,333,126,320,320,321,332,333,295,297,324,320,127,128,162,157,148,301,292,288,85,290,289,301,311,0,234,321,256,258,258,201,401,397,398,239,436,409,247,264,367,358,363,348,359,360,357,356,358,366,364,365,364,358,335,358,364,363,363,364,372,360,360,358,363,362,365,360,359,363,358,358,349,350,349,350,358,345,358,377,360,363,366,365,365,362,360,359,360,360,361,360,360,358,360,360,361,360,346,354,359,361,358,359,327,348,346,348,340,340,337,347,344,353,348,350,346,346,343,354,356,358,356,356,350,332,339,472,481,351,257,10020,10313,6720,10324,10262,10192,10316,10276,10281,10288,10316,10354,10324,10320,10322,10228,10210,10247,10382,10272,9709,9668,9652,9640,9780,9688,9518,9537,9581,9527,9526,9555,9619,9719,9648,9706,9604,9589,9678,9545,9576,9606,10760,10349,10274,10332,10983,10745,10359,10232,10432,10465,10418,10386,10566,10330,10351,11762,10226,10366,8346,8423,8425,8478,8551,8276,8286,8399,8260,8468,8587,8361,7570,7512,7554,7576,7571,7554,7565,7509,7574,7571,7587,7598,7636,7628,7522,7498,7574,7632,7643,7733,7764,7730,7775,7768,7754,7760,7553,7607,7465,7896,7776
ERR12067371,164,164,164,165,166,165,165,165,164,164,165,164,164,164,164,165,165,164,164,165,166,164,164,163,164,164,164,164,164,164,164,164,164,164,164,164,164,164,164,164,164,164,164,164,164,164,164,165,178,177,182,168,168,170,167,169,169,169,168,168,163,163,163,168,169,169,169,169,169,131,166,172,162,167,137,136,163,128,94,144,143,122,110,117,128,123,118,120,131,119,119,119,120,129,128,119,118,118,119,130,132,89,90,122,119,120,121,154,150,141,101,88,83,77,89,88,101,111,234,0,304,221,222,222,196,177,174,174,210,211,188,291,302,216,209,211,149,207,209,206,205,207,214,212,213,211,206,182,207,212,210,212,212,219,208,208,207,212,209,213,209,207,211,208,208,149,151,149,150,207,151,206,226,214,212,213,214,215,210,210,208,208,208,209,209,209,207,209,209,209,209,149,157,212,208,208,206,173,151,147,149,142,142,139,148,144,154,150,151,146,146,145,157,156,161,158,158,152,132,275,441,437,282,253,10093,10388,6789,10399,10335,10266,10391,10350,10354,10302,10373,10411,10382,10378,10379,10322,10306,10343,10481,10367,9703,9662,9648,9635,9808,9716,9515,9533,9577,9524,9522,9551,9615,9749,9643,9701,9601,9585,9673,9568,9590,9621,10629,10404,10133,10198,10847,10607,10414,10290,10486,10520,10474,10440,10621,10385,10407,11912,10285,10422,8352,8419,8514,8460,8555,8345,8240,8409,8251,8454,8588,8351,7725,7655,7692,7720,7712,7689,7709,7648,7717,7712,7733,7752,7788,7776,7664,7580,7661,7722,7790,7757,7783,7756,7800,7796,7776,7784,7633,7694,7551,7984,7863
ERR6806075,262,262,262,263,264,263,263,263,262,262,263,262,262,262,262,263,263,262,263,263,263,262,262,258,262,262,262,262,252,262,261,262,262,262,262,262,262,262,262,261,262,262,258,262,262,262,262,263,276,269,258,267,267,269,243,267,267,267,266,266,257,261,234,266,267,267,267,267,267,258,230,270,258,265,264,263,256,258,191,202,194,194,200,167,203,199,216,193,257,176,195,197,165,200,241,176,173,172,165,195,183,179,184,210,217,244,245,375,384,370,258,246,242,273,237,191,195,166,321,304,0,93,93,94,187,134,133,133,124,122,224,229,230,232,224,226,160,224,227,223,223,224,224,228,230,229,224,230,224,229,227,229,230,237,226,226,225,231,227,230,226,224,228,224,225,163,165,163,163,225,166,223,241,232,230,231,231,232,228,228,226,226,226,227,226,226,225,227,227,227,227,163,170,228,226,227,225,223,166,162,164,156,156,153,163,158,168,164,165,161,160,159,203,256,181,256,280,209,238,402,560,557,410,389,10324,10659,7073,10668,10602,10509,10655,10621,10619,10625,10434,10479,10449,10447,10439,10473,10466,10495,10635,10510,9741,9702,9726,9675,10009,9895,9597,9613,9658,9608,9608,9633,9696,9973,9773,9836,9688,9683,10388,9664,9675,9706,10763,10388,10203,10271,10914,10682,10469,10334,10546,10585,10531,10489,10600,10365,10461,10753,10309,10405,8145,8212,8302,8250,8345,8142,8234,8175,8044,8244,8378,8152,7831,7744,7732,7739,7731,7706,7725,7664,7733,7728,7751,7770,7803,7792,7701,7623,7709,7846,7807,7943,7965,7941,7984,7977,7964,7969,7795,7773,7625,8064,7940
ERR10176870,179,179,179,180,181,180,180,180,179,179,180,179,179,179,179,180,180,179,180,180,181,172,179,179,179,179,179,179,169,179,178,179,179,179,179,179,179,179,179,179,179,179,174,179,179,179,179,180,194,187,176,184,183,186,163,184,184,184,183,183,174,178,152,183,184,184,184,184,184,176,151,187,177,182,182,181,177,174,99,117,109,123,117,84,120,116,133,102,174,92,112,113,82,115,157,85,90,89,82,112,100,95,101,127,134,153,153,283,292,277,176,163,159,182,154,107,112,83,256,221,93,0,1,2,95,52,51,51,32,38,140,138,139,148,141,143,78,139,142,137,138,138,138,143,144,144,138,146,139,144,142,144,145,152,141,141,140,146,142,145,140,138,143,139,140,79,80,78,78,140,82,138,157,147,145,146,146,146,143,143,141,141,141,142,140,140,139,142,142,142,142,79,85,143,141,142,140,139,82,78,80,72,71,69,80,74,84,80,81,77,75,75,119,173,98,173,197,125,156,318,483,480,328,300,10304,10642,7046,10652,10587,10497,10639,10605,10607,10551,10414,10458,10425,10426,10419,10463,10447,10484,10630,10501,9662,9621,9646,9594,9929,9814,9515,9533,9577,9528,9523,9551,9616,9887,9694,9754,9607,9601,10305,9582,9588,9622,10745,10363,10195,10256,10903,10667,10445,10311,10531,10565,10508,10465,10580,10345,10439,10737,10286,10382,8124,8195,8281,8233,8324,8120,8224,8158,8023,8223,8359,8132,7805,7721,7707,7711,7705,7680,7700,7639,7708,7703,7723,7744,7779,7767,7676,7540,7626,7762,7781,7873,7895,7871,7914,7907,7893,7898,7709,7687,7543,7978,7854
ERR10460856,180,180,180,181,182,181,181,181,180,180,181,180,180,180,180,181,181,180,181,181,182,173,180,180,180,180,180,180,170,180,179,180,180,180,180,180,180,180,180,180,180,180,175,180,180,180,180,181,195,188,177,185,185,187,164,185,185,185,184,184,175,179,153,184,185,185,185,185,185,176,149,188,178,183,182,181,178,178,102,120,112,124,118,85,121,117,134,103,175,94,113,115,83,117,158,86,91,90,83,113,101,97,102,128,135,154,155,284,293,279,177,164,160,184,155,109,113,84,258,222,93,1,0,1,94,51,50,50,31,37,139,137,138,148,140,142,77,138,141,137,137,138,138,142,144,143,138,145,138,143,141,143,144,151,140,140,139,145,141,144,141,139,142,138,139,78,80,78,78,139,81,137,158,146,144,145,145,146,142,142,140,140,140,141,141,141,139,141,141,141,141,78,85,143,140,141,139,138,81,77,79,71,71,68,79,73,83,79,80,76,75,74,121,174,99,174,198,127,157,320,484,481,329,299,10303,10644,7048,10654,10586,10496,10641,10604,10609,10553,10413,10457,10427,10425,10418,10462,10446,10483,10629,10500,9661,9620,9645,9593,9928,9813,9514,9532,9576,9527,9524,9550,9615,9890,9693,9753,9609,9600,10304,9581,9591,9624,10746,10362,10196,10256,10905,10671,10444,10310,10530,10567,10507,10464,10582,10344,10438,10738,10285,10381,8128,8201,8287,8239,8328,8126,8227,8164,8027,8229,8363,8136,7810,7726,7709,7717,7707,7682,7703,7641,7710,7705,7728,7750,7785,7772,7678,7542,7628,7767,7786,7877,7899,7875,7918,7911,7897,7902,7714,7692,7545,7980,7855
ERR10460902,180,180,180,181,182,181,181,181,180,180,181,180,180,180,180,181,181,180,181,181,182,173,180,180,180,180,180,180,170,180,178,180,180,180,180,180,180,180,180,179,180,180,175,180,180,180,180,181,195,188,177,185,185,187,164,185,185,185,184,184,175,179,152,184,185,185,185,185,185,177,151,188,178,183,183,182,177,177,102,118,110,124,118,85,121,117,134,103,175,94,113,115,83,116,157,86,91,90,83,113,101,97,102,128,135,154,155,283,292,278,177,164,160,184,155,109,113,84,258,222,94,2,1,0,95,51,50,50,32,38,139,137,138,148,140,142,77,138,141,137,137,138,138,142,144,143,138,145,138,143,141,143,144,151,140,140,139,145,141,144,141,139,142,138,139,78,80,78,78,139,81,137,158,146,144,145,145,146,142,142,140,140,140,141,141,141,139,141,141,141,141,78,85,143,140,141,139,138,81,77,79,71,71,68,79,73,83,79,80,76,75,74,121,174,99,174,198,127,157,319,479,476,328,299,10303,10641,7045,10651,10586,10496,10638,10604,10606,10550,10413,10457,10424,10425,10418,10462,10445,10482,10629,10500,9661,9620,9645,9593,9928,9813,9514,9532,9576,9527,9522,9550,9614,9886,9693,9753,9606,9600,10304,9581,9588,9621,10745,10362,10195,10255,10901,10667,10444,10310,10530,10564,10507,10464,10579,10344,10438,10737,10285,10381,8125,8198,8284,8236,8325,8122,8226,8161,8024,8226,8360,8136,7808,7724,7709,7714,7707,7682,7703,7641,7710,7705,7725,7747,7782,7770,7679,7543,7629,7765,7784,7877,7899,7875,7918,7911,7897,7902,7712,7690,7546,7981,7856
ERR6806726,127,127,127,128,129,128,128,128,127,127,128,127,127,127,127,128,128,127,128,128,129,127,127,127,127,127,127,127,127,127,119,127,127,127,127,127,127,127,127,127,127,127,111,127,127,127,127,128,142,138,144,132,132,134,130,132,132,132,131,131,126,126,123,131,132,132,132,132,132,124,126,135,126,130,130,129,125,110,117,106,105,114,102,109,120,115,110,111,123,111,111,111,112,124,123,111,110,110,111,124,124,118,119,114,111,110,111,237,246,232,121,112,108,122,103,105,105,105,201,196,187,95,94,95,0,115,114,114,103,101,203,138,139,141,133,135,70,131,134,130,130,131,131,135,137,136,131,138,131,136,134,136,137,144,133,133,132,138,134,137,134,132,135,131,132,71,73,71,71,132,74,130,151,139,137,138,138,139,135,135,133,133,133,134,134,134,132,134,134,134,134,71,78,136,133,134,132,131,74,70,72,64,64,61,72,66,76,72,73,69,68,67,145,144,149,146,146,140,144,197,362,359,206,300,10304,10645,7049,10655,10587,10497,10642,10605,10610,10554,10414,10458,10428,10426,10419,10463,10447,10483,10630,10500,9662,9621,9646,9594,9929,9814,9515,9533,9577,9528,9525,9551,9616,9890,9694,9754,9610,9601,10305,9582,9592,9625,10521,10364,9951,10026,10649,10413,10445,10311,10530,10567,10508,10465,10583,10345,10439,10676,10286,10382,8192,8262,8352,8299,8394,8191,8284,8226,8091,8292,8428,8198,7807,7722,7708,7713,7704,7679,7700,7638,7707,7702,7725,7746,7781,7769,7675,7539,7627,7764,7782,7750,7772,7748,7791,7784,7770,7775,7711,7689,7542,7977,7851
ERR12078572,182,182,182,183,184,183,183,183,182,182,183,182,182,182,182,183,183,182,182,183,183,182,182,180,182,182,182,182,172,182,177,182,182,182,182,182,182,182,182,182,182,182,178,182,182,182,182,183,197,190,181,187,187,189,166,187,187,187,186,186,177,181,155,186,187,187,187,187,187,179,152,190,180,185,185,184,178,179,122,108,100,115,119,86,123,106,136,109,178,96,112,111,72,92,133,84,80,79,82,115,103,92,100,130,131,167,168,269,277,263,178,170,166,166,162,104,114,72,401,177,134,52,51,51,115,0,2,0,33,26,24,198,213,116,116,119,67,115,117,113,113,114,122,119,117,119,114,122,114,119,117,120,120,121,116,116,115,117,117,116,117,115,118,115,116,67,69,67,67,115,68,113,133,120,120,121,122,122,118,117,115,115,115,116,116,116,114,116,116,116,116,67,74,118,115,116,114,113,68,65,66,60,59,57,67,62,66,68,69,64,64,63,117,164,88,172,198,128,155,308,345,342,305,203,10139,10468,6877,10482,10412,10325,10468,10433,10438,10384,10401,10445,10413,10413,10406,10312,10294,10331,10468,10351,9653,9612,9634,9585,9878,9762,9501,9519,9563,9514,9509,9536,9598,9846,9684,9744,9596,9587,10297,9531,9555,9586,10716,10355,10156,10216,10863,10631,10436,10302,10521,10557,10499,10456,10572,10336,10430,10638,10272,10373,7934,7982,8071,8018,8106,7908,8010,7985,7822,8008,8136,7927,7704,7636,7610,7615,7609,7591,7602,7546,7611,7608,7625,7637,7677,7671,7562,7449,7529,7664,7685,7765,7796,7762,7808,7803,7791,7796,7624,7590,7448,7882,7761
ERR11747320,179,179,179,180,181,180,180,180,179,179,180,179,179,179,179,180,180,179,179,180,180,179,179,177,179,179,179,179,169,179,174,179,179,179,179,179,179,179,179,179,179,179,175,179,179,179,179,180,194,187,178,184,184,186,163,184,184,184,183,183,174,178,152,183,184,184,184,184,184,176,152,187,177,182,182,181,176,176,119,105,97,112,116,83,120,103,134,106,175,93,109,108,69,89,130,80,77,76,79,112,100,89,97,127,128,164,165,266,274,260,175,167,163,162,159,101,111,69,397,174,133,51,50,50,114,2,0,2,32,26,24,198,213,116,116,119,67,115,117,113,113,114,122,119,117,119,114,122,114,119,117,120,120,121,116,116,115,117,117,116,117,115,118,115,116,67,69,67,67,115,69,113,133,120,120,121,122,122,118,117,115,115,115,116,116,116,114,116,116,116,116,67,74,118,115,116,114,113,69,65,67,60,60,57,67,62,66,68,69,64,64,63,114,161,85,169,194,125,152,304,342,339,302,202,10137,10465,6874,10479,10410,10323,10465,10431,10435,10381,10399,10443,10410,10411,10404,10310,10292,10329,10466,10349,9652,9611,9633,9584,9877,9761,9500,9518,9562,9513,9508,9535,9597,9844,9683,9743,9593,9585,10295,9530,9552,9583,10711,10354,10154,10213,10860,10626,10434,10300,10519,10554,10497,10454,10570,10335,10428,10635,10271,10372,7934,7981,8071,8017,8106,7908,8011,7984,7822,8007,8136,7928,7702,7634,7609,7613,7608,7590,7601,7545,7610,7607,7623,7635,7675,7669,7561,7448,7528,7661,7683,7762,7793,7759,7805,7800,7788,7793,7621,7588,7447,7881,7760
ERR12495482,181,181,181,182,183,182,182,182,181,181,182,181,181,181,181,182,182,181,181,182,182,181,181,179,181,181,181,181,171,181,176,181,181,181,181,181,181,181,181,181,181,181,176,181,181,181,181,182,196,189,180,186,186,188,165,186,186,186,185,185,176,180,154,185,186,186,186,186,186,177,154,189,179,184,183,182,177,177,119,106,98,112,116,83,120,103,134,106,175,93,109,108,69,89,130,81,77,76,79,112,100,89,97,127,128,164,165,266,274,260,175,167,163,163,159,101,111,69,398,174,133,51,50,50,114,0,2,0,32,25,23,197,212,115,115,118,66,114,116,112,112,113,121,118,116,118,113,121,113,118,116,119,119,120,115,115,114,116,116,115,116,114,117,114,115,66,68,66,66,114,69,112,132,119,119,120,121,121,117,116,114,114,114,115,115,115,113,115,115,115,115,66,73,117,114,115,113,112,68,64,66,59,59,56,67,61,65,67,68,64,63,62,114,161,85,169,195,125,152,305,342,339,302,202,10136,10464,6873,10478,10409,10322,10464,10430,10434,10380,10398,10442,10409,10410,10403,10309,10292,10329,10465,10348,9652,9611,9633,9584,9877,9761,9500,9518,9562,9513,9508,9535,9598,9845,9683,9743,9592,9584,10294,9530,9551,9582,10709,10353,10154,10213,10860,10625,10433,10299,10518,10553,10496,10453,10570,10335,10427,10634,10271,10372,7935,7981,8072,8018,8106,7910,8011,7984,7823,8008,8136,7927,7702,7634,7607,7614,7609,7591,7602,7546,7611,7608,7624,7636,7676,7669,7561,7448,7529,7660,7683,7762,7793,7759,7805,7800,7788,7793,7620,7588,7447,7881,7760
ERR5751726,168,168,168,169,170,169,169,169,168,168,169,168,168,168,168,169,169,168,169,169,169,168,168,168,168,168,168,168,158,168,167,168,168,168,168,168,168,168,168,168,167,168,164,168,168,168,168,169,183,176,167,173,173,175,152,173,173,173,172,172,163,167,141,172,173,173,173,173,173,164,141,176,166,171,170,169,167,165,97,106,98,111,105,72,108,104,122,98,162,81,100,102,70,95,136,81,78,77,70,100,88,84,89,115,122,151,152,270,278,265,164,155,151,183,146,96,100,71,239,210,124,32,31,32,103,33,32,32,0,18,121,126,127,130,121,124,67,120,123,119,119,120,120,124,126,125,120,127,120,125,123,125,126,133,122,122,121,127,123,126,123,121,124,120,121,68,70,68,68,121,71,119,139,128,126,127,127,126,124,123,121,121,121,123,122,122,120,122,122,122,122,66,73,122,122,123,121,120,71,67,69,61,61,58,69,63,73,69,70,66,65,64,108,161,86,161,185,114,144,306,468,465,307,297,10228,10560,6979,10574,10497,10424,10557,10524,10527,10531,10316,10363,10330,10330,10319,10383,10367,10402,10545,10414,9638,9597,9631,9575,9907,9799,9500,9518,9562,9512,9504,9535,9597,9867,9676,9739,9593,9580,10289,9566,9556,9591,10661,10292,10116,10174,10815,10577,10365,10229,10443,10490,10429,10383,10501,10272,10361,10646,10210,10305,8052,8124,8214,8161,8254,8050,8149,8095,7950,8156,8286,8063,7744,7661,7646,7653,7645,7622,7643,7581,7650,7645,7666,7684,7720,7708,7615,7538,7624,7762,7723,7861,7885,7860,7902,7897,7883,7888,7710,7687,7542,7975,7850
ERR6806512,168,168,168,169,170,169,169,169,168,168,169,168,168,168,168,169,169,168,169,169,170,168,168,168,168,168,168,168,158,168,167,168,168,168,168,168,168,168,168,168,168,168,163,168,168,168,168,169,183,176,167,173,173,175,152,173,173,173,172,172,163,167,141,172,173,173,173,173,173,164,139,176,166,171,170,169,166,166,108,107,99,112,106,73,108,104,122,99,162,81,100,102,70,90,131,81,77,76,69,100,88,84,89,115,122,152,153,269,276,263,165,154,150,184,147,97,101,72,436,211,122,38,37,38,101,26,26,25,18,0,115,199,214,124,117,119,67,115,117,113,113,114,122,119,120,119,114,122,114,119,117,120,120,127,116,116,115,121,117,120,117,115,118,115,116,67,69,67,67,115,70,113,134,122,120,121,122,122,118,118,116,116,116,117,117,117,115,117,117,117,117,67,74,119,116,117,115,114,70,66,68,60,60,57,68,62,72,68,69,65,64,63,109,162,87,162,186,115,144,307,473,470,303,295,10302,10636,7042,10648,10581,10491,10633,10599,10602,10547,10408,10452,10419,10420,10413,10457,10441,10478,10624,10495,9656,9615,9642,9589,9924,9808,9509,9527,9571,9522,9517,9545,9610,9882,9689,9748,9603,9595,10299,9577,9586,9619,10739,10359,10188,10248,10896,10658,10440,10306,10526,10560,10503,10460,10575,10340,10434,10910,10281,10377,8112,8181,8272,8219,8314,8110,8211,8178,8009,8213,8346,8120,7803,7720,7707,7710,7702,7679,7700,7638,7707,7702,7722,7742,7780,7767,7674,7539,7622,7762,7781,7865,7889,7864,7906,7902,7887,7892,7709,7686,7542,7977,7852
ERR9924209,269,269,269,270,271,270,270,270,269,268,270,269,269,269,269,270,270,269,270,270,270,269,269,269,269,269,269,269,259,269,264,269,269,269,269,269,269,269,269,269,269,269,265,269,269,269,269,270,284,277,267,274,274,276,252,274,274,274,273,273,264,268,242,273,274,274,274,274,274,266,236,277,267,272,272,271,262,266,208,194,186,201,205,172,209,192,223,194,264,182,198,197,158,179,220,169,166,165,168,201,189,179,187,216,217,252,253,335,335,329,205,257,253,189,248,189,199,158,409,188,224,140,139,139,203,24,24,23,121,115,0,286,301,205,205,208,156,204,206,202,202,203,211,208,206,208,203,142,203,208,206,209,209,210,205,205,204,206,206,205,206,204,207,204,205,156,158,156,156,204,159,202,222,209,209,210,211,211,207,206,204,204,204,205,205,205,203,205,205,205,205,156,163,150,204,205,203,203,158,154,156,149,149,146,157,151,155,157,158,154,153,152,203,250,174,258,284,214,170,394,431,428,391,293,10143,10472,6881,10486,10416,10329,10472,10437,10442,10389,10491,10535,10503,10503,10496,10372,10355,10392,10534,10412,9744,9703,9640,9676,9882,9765,9507,9525,9570,9521,9515,9543,9605,9853,9774,9833,9602,9593,10385,9538,9645,9676,10806,10446,10248,10307,10955,10719,10528,10393,10612,10648,10591,10548,10663,10427,10521,10727,10278,10464,8022,8069,8160,8105,8195,7998,8097,8072,7910,8096,8225,8013,7789,7719,7700,7698,7692,7674,7685,7629,7694,7691,7707,7720,7764,7756,7648,7534,7614,7749,7770,7847,7880,7848,7892,7887,7876,7879,7708,7675,7534,7967,7844
ERR10460483,228,228,228,229,230,229,178,229,228,228,229,228,228,228,228,229,229,228,229,229,227,226,228,226,228,228,228,228,228,228,224,228,228,228,228,228,228,228,228,228,228,228,228,228,228,228,228,229,243,241,244,233,233,235,230,233,233,233,232,232,227,227,226,232,232,232,232,232,232,225,224,236,222,231,231,230,224,225,138,142,141,202,200,207,217,188,208,123,222,209,206,203,197,196,195,68,195,195,206,176,189,210,214,212,203,133,134,314,321,231,221,210,211,164,207,198,204,191,247,291,229,138,137,137,138,198,198,197,126,199,286,0,9,26,67,32,84,72,46,66,45,74,17,39,80,34,83,72,77,88,57,85,44,90,66,50,50,87,42,49,62,44,61,32,30,87,89,87,87,62,91,63,94,32,70,60,74,94,88,48,49,55,53,43,71,53,59,48,60,36,58,85,93,66,59,50,95,68,101,98,100,94,93,91,100,98,101,104,104,101,99,98,137,131,134,140,142,137,138,159,217,218,180,305,10250,10583,6987,10594,10529,10439,10580,10547,10549,10553,10357,10401,10367,10369,10362,10407,10390,10427,10573,10444,9664,9623,9649,9596,9931,9814,9515,9533,9578,9528,9522,9552,9616,9887,9695,9756,9609,9601,10307,9582,9591,9624,10464,10305,9892,9967,10582,10349,10387,10253,10475,10508,10450,10407,10522,10287,10381,10350,10227,10324,8042,8101,8191,8138,8231,8028,8131,8078,7931,8133,8261,8042,7751,7669,7654,7659,7652,7629,7649,7588,7657,7652,7671,7691,7727,7715,7624,7547,7632,7770,7730,7738,7762,7737,7778,7771,7760,7765,7717,7694,7551,7985,7860
ERR9785511,244,244,244,245,246,245,194,245,244,244,245,244,244,244,244,245,245,244,245,245,242,242,244,242,244,244,244,244,244,244,240,244,244,244,244,244,244,244,244,244,244,244,244,244,244,244,244,245,259,255,259,247,249,251,242,249,249,249,248,248,243,243,242,248,248,248,248,248,246,241,240,251,237,247,247,246,240,240,141,156,157,217,215,223,233,204,224,126,238,225,222,219,213,212,211,70,211,211,222,192,205,226,230,228,219,135,136,319,326,233,236,226,227,167,222,214,220,207,264,302,230,139,138,138,139,213,213,212,127,214,301,9,0,38,79,45,98,86,58,78,57,86,31,47,88,42,97,86,89,102,71,97,56,103,78,62,62,98,56,62,74,57,73,44,42,101,103,101,101,74,95,77,108,35,82,74,88,108,96,64,65,71,69,59,87,69,75,64,76,52,74,101,109,82,73,64,109,81,113,110,113,108,106,103,112,111,115,116,116,115,113,110,153,147,150,156,158,153,154,174,231,231,195,306,10251,10586,6990,10597,10530,10440,10583,10548,10552,10556,10358,10402,10370,10370,10363,10408,10391,10428,10574,10445,9665,9624,9650,9597,9932,9815,9516,9534,9579,9529,9524,9553,9617,9890,9696,9757,9612,9602,10308,9583,9594,9627,10477,10306,9908,9983,10601,10365,10388,10254,10476,10511,10451,10408,10525,10288,10382,10368,10228,10325,8058,8121,8205,8159,8254,8042,8149,8099,7954,8154,8284,8057,7758,7677,7656,7665,7656,7633,7653,7592,7661,7656,7677,7697,7734,7722,7629,7552,7637,7777,7737,7755,7779,7754,7795,7788,7779,7784,7724,7701,7556,7990,7865
ERR10087012,153,153,153,154,155,154,103,154,153,153,154,153,153,153,153,154,154,153,154,154,153,151,153,151,153,153,153,153,153,153,149,153,153,153,153,153,153,153,153,153,153,153,153,153,148,153,153,154,168,166,169,158,158,160,155,158,158,158,157,157,152,152,151,157,157,157,157,157,157,150,150,161,147,156,156,155,149,149,149,59,58,127,125,132,143,114,134,127,148,135,132,129,123,114,113,72,121,121,132,102,115,136,140,138,129,137,138,233,240,227,147,135,137,168,132,123,129,116,367,216,232,148,148,148,141,116,116,115,130,124,205,26,38,0,0,2,1,0,3,0,0,0,1,4,5,5,1,8,1,7,4,7,7,8,2,3,2,4,2,2,3,1,3,1,3,5,7,5,5,1,8,0,17,7,7,7,8,11,5,1,1,1,1,3,1,2,2,3,2,3,3,5,13,5,11,11,12,6,18,15,17,11,10,8,17,15,18,21,21,18,16,15,64,57,61,67,69,64,65,77,139,140,98,301,10305,10639,7044,10651,10584,10494,10636,10602,10604,10549,10412,10456,10423,10424,10417,10462,10445,10482,10628,10499,9660,9619,9645,9592,9927,9810,9511,9529,9574,9524,9519,9548,9612,9884,9691,9752,9606,9597,10303,9577,9588,9621,10444,10360,9872,9947,10565,10330,10442,10308,10530,10564,10505,10462,10578,10342,10437,10524,10282,10380,8021,8077,8167,8115,8210,8004,8106,8074,7910,8109,8240,8016,7804,7721,7707,7711,7704,7681,7700,7640,7708,7703,7724,7742,7779,7767,7675,7539,7623,7762,7781,7651,7675,7650,7691,7686,7673,7678,7710,7687,7542,7977,7852
ERR9079768,146,146,146,147,148,147,96,147,146,146,147,146,146,146,146,147,147,146,147,147,146,144,146,145,146,146,146,146,146,146,142,146,146,146,146,146,146,146,146,146,146,146,146,146,146,146,146,147,161,160,162,151,151,153,148,151,151,151,150,150,145,145,145,150,150,150,150,150,150,143,143,154,141,149,149,148,142,143,142,60,59,120,118,125,135,106,126,118,140,127,124,121,115,114,113,63,113,113,124,94,107,128,132,130,121,128,129,233,239,226,139,128,129,159,125,116,122,109,358,209,224,141,140,140,133,116,116,115,121,117,205,67,79,0,0,3,2,1,3,1,0,1,6,5,5,5,1,9,1,8,4,8,7,9,2,3,2,5,2,2,5,2,3,1,3,5,7,5,5,1,9,0,18,8,7,7,9,12,6,1,1,1,1,3,2,3,2,3,2,3,3,5,13,5,11,11,13,6,19,16,18,12,11,9,18,16,19,22,22,19,17,16,55,48,52,58,60,55,56,76,135,136,98,300,10245,10580,6984,10591,10524,10434,10577,10542,10546,10550,10352,10396,10364,10364,10357,10402,10385,10422,10568,10439,9659,9618,9644,9591,9926,9809,9510,9528,9573,9523,9518,9547,9611,9884,9690,9751,9606,9596,10302,9577,9588,9621,10387,10300,9815,9890,10507,10274,10382,10248,10470,10505,10445,10402,10519,10282,10376,10463,10222,10319,7971,8030,8120,8067,8161,7958,8058,8027,7860,8062,8191,7968,7752,7671,7650,7659,7650,7627,7647,7586,7655,7650,7671,7691,7728,7716,7623,7547,7632,7771,7731,7658,7682,7657,7698,7692,7682,7687,7718,7695,7550,7984,7859
ERR9822149,148,148,148,149,150,149,98,149,148,148,149,148,148,148,148,149,149,148,149,149,148,146,148,146,148,148,148,148,148,148,144,148,148,148,148,148,148,148,148,148,148,148,148,148,148,148,148,149,163,161,164,153,153,155,150,153,153,153,152,152,147,147,146,152,152,152,152,152,152,145,145,156,142,151,151,150,144,145,145,62,61,122,120,127,138,109,129,121,143,130,127,124,118,117,116,66,116,116,127,97,110,131,135,133,124,131,132,235,242,228,142,130,132,162,127,118,124,111,363,211,226,143,142,142,135,119,119,118,124,119,208,32,45,2,3,0,1,1,5,2,2,2,3,6,7,7,3,10,3,9,6,9,9,10,2,3,2,4,2,2,6,4,5,3,5,7,9,7,7,3,9,2,21,9,9,9,10,13,7,4,4,4,4,5,5,6,5,6,5,6,6,7,15,8,13,13,14,8,19,17,19,13,11,10,19,17,20,23,23,20,18,17,58,51,55,61,63,58,59,79,142,143,101,303,10307,10644,7049,10656,10586,10496,10641,10604,10610,10555,10414,10458,10428,10426,10419,10464,10447,10484,10629,10501,9662,9621,9647,9594,9929,9812,9513,9531,9576,9526,9523,9550,9614,9889,9693,9754,9611,9599,10305,9580,9593,9626,10447,10363,9873,9947,10568,10335,10444,10310,10532,10569,10507,10464,10583,10344,10439,10527,10284,10382,8032,8090,8181,8128,8221,8018,8119,8089,7922,8122,8251,8027,7817,7733,7712,7723,7712,7689,7709,7648,7717,7712,7735,7754,7792,7781,7685,7549,7634,7775,7795,7661,7685,7660,7701,7695,7685,7690,7723,7700,7553,7987,7862
ERR9822145,81,81,81,82,83,82,81,82,81,81,82,81,81,81,81,82,82,81,82,82,83,81,81,80,81,81,81,81,81,81,81,81,81,81,81,81,81,81,81,81,81,81,81,81,81,81,81,82,96,95,99,86,86,88,83,86,86,86,85,85,80,80,80,85,85,85,85,85,85,78,79,89,79,84,84,83,77,79,81,60,59,68,56,63,74,69,64,65,77,65,65,65,66,65,64,64,64,64,65,78,77,72,73,68,65,66,67,183,190,176,76,70,66,97,61,59,59,59,348,149,160,78,77,77,70,67,67,66,67,67,156,84,98,1,2,1,0,0,4,1,1,1,10,5,6,6,2,9,2,8,5,8,8,9,1,2,1,3,1,1,5,3,4,2,4,6,8,6,6,2,7,1,20,8,8,8,9,12,6,3,3,3,3,4,4,5,4,5,4,5,5,6,14,7,12,12,13,7,18,16,18,12,10,9,17,16,19,22,22,18,17,16,48,47,52,49,49,43,47,41,90,91,63,301,10305,10642,7047,10654,10584,10494,10639,10602,10608,10553,10412,10456,10426,10424,10417,10462,10445,10482,10628,10499,9660,9619,9645,9592,9927,9810,9511,9529,9574,9524,9521,9548,9612,9887,9691,9752,9609,9597,10303,9578,9591,9624,10444,10361,9869,9943,10564,10332,10442,10308,10530,10567,10505,10462,10581,10342,10437,10525,10282,10380,8029,8088,8178,8125,8219,8016,8116,8087,7918,8119,8249,8024,7815,7732,7710,7721,7710,7687,7707,7646,7715,7710,7733,7753,7791,7779,7683,7548,7632,7774,7793,7623,7647,7622,7663,7657,7647,7652,7721,7698,7551,7985,7860
ERR9822146,145,145,145,146,147,146,95,146,145,145,146,145,145,145,145,146,146,145,146,146,145,143,145,143,145,145,145,145,145,145,141,145,145,145,145,145,145,145,145,145,145,145,145,145,145,145,145,146,160,158,161,150,150,152,147,150,150,150,149,149,144,144,143,149,149,149,149,149,149,141,142,153,139,148,147,146,141,142,142,59,58,118,116,123,134,105,125,117,139,126,123,120,114,113,112,62,112,112,123,93,106,127,131,129,120,127,128,232,239,225,140,126,128,158,123,114,120,107,359,207,224,139,138,138,131,115,115,114,120,115,204,72,86,0,1,1,0,0,3,0,0,0,6,4,4,5,0,7,0,6,3,6,7,7,1,2,1,2,1,1,4,1,2,0,0,2,4,2,2,0,3,0,19,7,7,7,8,9,3,2,2,2,2,3,3,4,3,3,3,4,4,3,11,6,11,11,10,6,15,13,15,9,7,6,14,13,16,19,19,15,14,13,54,47,51,57,59,54,55,75,138,139,97,301,10305,10640,7045,10652,10584,10494,10637,10602,10606,10551,10412,10456,10424,10424,10417,10462,10445,10482,10628,10499,9660,9619,9645,9592,9927,9810,9511,9529,9574,9524,9519,9548,9612,9886,9691,9752,9607,9597,10303,9578,9589,9622,10445,10361,9871,9945,10562,10332,10442,10308,10530,10565,10505,10462,10579,10342,10437,10524,10282,10380,8028,8088,8177,8125,8218,8014,8117,8086,7917,8119,8248,8026,7813,7731,7710,7720,7711,7688,7708,7647,7716,7711,7732,7752,7790,7777,7683,7547,7632,7772,7791,7659,7683,7658,7699,7693,7683,7688,7719,7696,7551,7985,7860
ERR9785509,146,146,146,147,148,147,96,147,146,146,147,146,146,146,146,147,147,146,147,147,146,144,146,144,146,146,146,146,146,146,142,146,146,146,146,146,146,146,146,146,146,146,146,146,146,146,146,147,161,159,162,151,151,153,148,151,151,151,150,150,145,145,144,150,150,150,150,150,150,143,143,154,140,149,149,148,142,143,143,60,59,120,118,125,136,107,127,120,141,128,125,122,116,115,114,65,114,114,125,95,108,129,133,131,122,130,131,234,241,228,142,128,130,161,125,116,122,109,360,209,227,142,141,141,134,117,117,116,123,117,206,46,58,3,3,5,4,3,0,3,3,3,9,7,7,8,3,10,3,9,6,9,10,10,5,6,5,6,5,5,7,5,6,4,4,6,8,6,6,4,9,3,21,10,10,10,11,12,6,4,4,4,4,6,5,6,5,5,5,6,6,6,14,8,14,14,13,9,19,16,18,12,11,9,18,16,19,22,22,19,17,16,57,50,54,60,62,57,58,78,140,141,99,304,10308,10642,7047,10654,10587,10497,10639,10605,10608,10553,10415,10459,10426,10427,10420,10465,10448,10485,10631,10502,9663,9622,9648,9595,9930,9813,9514,9532,9577,9527,9522,9551,9615,9887,9694,9755,9609,9600,10306,9581,9591,9624,10446,10364,9874,9949,10566,10332,10445,10311,10533,10567,10508,10465,10581,10345,10440,10526,10285,10383,8031,8088,8178,8126,8220,8015,8117,8085,7920,8120,8250,8027,7815,7733,7713,7721,7713,7690,7710,7649,7718,7713,7733,7753,7791,7779,7686,7550,7635,7774,7793,7661,7685,7660,7701,7695,7685,7690,7721,7698,7554,7988,7863
ERR10176872,143,143,143,144,145,144,93,144,143,143,144,143,143,143,143,144,144,143,144,144,143,141,143,142,143,143,143,143,143,143,139,143,143,143,143,143,143,143,143,143,143,143,143,143,143,143,143,144,158,157,159,148,148,150,145,148,148,148,147,147,142,142,142,147,147,147,147,147,147,140,141,151,138,146,146,145,139,138,139,57,56,117,115,122,133,104,124,117,138,125,122,119,113,112,111,61,111,111,122,92,105,126,130,128,119,127,128,231,238,225,139,125,127,158,121,113,119,106,357,206,223,137,137,137,130,113,113,112,119,113,202,66,78,0,1,2,1,0,3,0,0,0,8,4,4,5,0,7,0,6,3,6,7,7,2,3,2,3,2,2,3,1,3,1,1,3,5,3,3,1,5,0,18,7,7,7,8,9,3,2,2,2,2,3,2,3,3,3,3,4,4,3,11,6,11,11,10,6,16,13,15,9,8,6,14,13,16,19,19,15,14,13,54,47,51,57,59,54,55,74,136,137,95,300,10304,10637,7042,10649,10583,10493,10634,10601,10603,10548,10411,10455,10421,10423,10416,10461,10444,10481,10626,10498,9659,9618,9644,9591,9926,9809,9510,9528,9573,9523,9517,9547,9611,9882,9690,9751,9604,9596,10302,9577,9586,9619,10444,10360,9871,9945,10560,10329,10441,10307,10529,10562,10504,10461,10576,10341,10436,10523,10281,10379,8014,8074,8163,8111,8204,8000,8104,8071,7904,8105,8234,8015,7800,7717,7704,7707,7701,7678,7698,7637,7706,7701,7720,7738,7775,7764,7672,7537,7621,7758,7778,7649,7673,7648,7689,7683,7671,7676,7706,7683,7540,7974,7850
ERR9966389,142,142,142,143,144,143,92,143,142,142,143,142,142,142,142,143,143,142,143,143,142,140,142,141,142,142,142,142,142,142,138,142,142,142,142,142,142,142,142,142,142,142,142,142,142,142,142,143,157,156,158,147,147,149,144,147,147,147,146,146,141,141,141,146,146,146,146,146,146,139,140,150,137,145,145,144,138,139,139,56,55,116,114,121,132,103,123,116,137,124,121,118,112,111,110,61,110,110,121,91,104,125,129,127,118,126,127,230,237,224,138,124,126,157,121,112,118,105,356,205,223,138,137,137,130,113,113,112,119,113,202,45,57,0,0,2,1,0,3,0,0,0,6,4,4,5,0,7,0,6,3,6,7,7,2,3,2,3,2,2,4,2,3,1,1,3,5,3,3,1,5,0,18,7,7,7,8,9,3,1,1,1,1,3,2,3,2,2,2,3,3,3,11,5,11,11,10,6,16,13,15,9,8,6,14,13,16,19,19,15,14,13,53,46,50,56,58,53,54,74,136,137,95,300,10304,10639,7044,10651,10583,10493,10636,10601,10605,10550,10411,10455,10423,10423,10416,10461,10444,10481,10627,10498,9659,9618,9644,9591,9926,9809,9510,9528,9573,9523,9518,9547,9611,9884,9690,9751,9606,9596,10302,9577,9588,9621,10441,10360,9868,9942,10560,10328,10441,10307,10529,10564,10504,10461,10578,10341,10436,10522,10281,10379,8025,8084,8174,8121,8215,8011,8113,8082,7914,8115,8245,8022,7812,7730,7709,7718,7709,7686,7706,7645,7714,7709,7730,7750,7788,7776,7682,7547,7631,7771,7790,7657,7681,7656,7697,7691,7681,7686,7718,7695,7550,7984,7859
ERR10460765,143,143,143,144,145,144,93,144,143,143,144,143,143,143,143,144,144,143,144,144,143,141,143,141,143,143,143,143,143,143,139,143,143,143,143,143,143,143,143,143,143,143,143,143,143,143,143,144,158,156,159,148,148,150,145,148,148,148,147,147,142,142,141,147,147,147,147,147,147,140,140,151,137,146,146,145,139,139,140,58,57,118,116,123,134,105,125,118,139,126,123,120,114,113,112,62,112,112,123,93,106,127,131,129,120,128,129,232,239,226,140,126,128,159,122,114,120,107,358,207,224,138,138,138,131,114,114,113,120,114,203,74,86,0,1,2,1,0,3,0,0,0,7,4,4,5,0,7,0,6,3,6,7,7,2,3,2,3,2,2,3,1,3,1,1,3,5,3,3,1,4,0,18,7,7,7,8,9,3,2,2,2,2,3,2,3,3,3,3,4,4,3,11,6,11,11,10,6,15,13,15,9,7,6,14,13,16,19,19,15,14,13,55,48,52,58,60,55,56,75,137,138,96,301,10304,10640,7046,10652,10583,10493,10637,10601,10606,10551,10411,10455,10424,10423,10416,10461,10444,10481,10627,10498,9659,9618,9644,9591,9926,9809,9510,9528,9573,9523,9519,9547,9611,9885,9690,9751,9607,9596,10302,9577,9589,9622,10444,10360,9870,9944,10562,10332,10441,10307,10529,10565,10504,10461,10579,10341,10436,10523,10281,10379,8017,8077,8166,8114,8207,8003,8104,8075,7906,8108,8237,8014,7803,7721,7704,7710,7701,7678,7698,7637,7706,7701,7723,7742,7779,7767,7672,7536,7622,7762,7781,7649,7673,7648,7689,7683,7671,7676,7709,7686,7540,7974,7850
ERR10109275,152,152,152,153,154,153,102,153,152,152,153,152,152,152,152,153,153,152,153,153,152,150,152,150,152,152,152,152,152,152,148,152,152,152,152,152,152,152,152,152,152,152,152,152,152,152,152,153,167,166,168,157,157,159,154,157,157,157,156,156,151,151,151,156,156,156,156,156,156,148,150,160,147,155,154,153,148,148,141,66,65,125,123,130,141,112,132,117,146,133,130,127,121,120,119,62,119,119,130,100,113,134,138,136,127,127,128,239,246,225,147,133,135,158,130,121,127,114,366,214,224,138,138,138,131,122,122,121,120,122,211,17,31,1,6,3,10,6,9,8,6,7,0,5,12,7,9,13,6,15,9,15,8,15,8,8,3,12,8,8,9,6,11,2,2,12,14,12,12,7,15,8,23,8,14,8,14,18,12,4,7,4,8,9,8,8,7,8,8,4,9,12,20,12,16,13,19,12,25,22,24,18,17,15,24,22,25,28,28,25,23,22,62,55,59,65,67,62,63,83,145,146,104,301,10304,10638,7044,10650,10583,10493,10635,10601,10604,10549,10411,10455,10422,10423,10416,10461,10444,10481,10627,10498,9659,9618,9644,9591,9926,9809,9510,9528,9573,9523,9518,9547,9611,9884,9690,9751,9605,9596,10302,9577,9587,9620,10450,10360,9878,9952,10568,10336,10441,10307,10529,10563,10504,10461,10577,10341,10436,10531,10281,10379,8029,8088,8178,8126,8218,8015,8117,8085,7918,8120,8248,8027,7806,7724,7707,7714,7707,7684,7704,7643,7712,7707,7727,7746,7783,7770,7677,7542,7626,7765,7784,7662,7686,7661,7702,7696,7684,7689,7712,7689,7545,7979,7854
ERR11807704,149,149,149,150,151,150,99,150,149,149,150,149,149,149,149,150,150,149,150,150,149,147,149,147,149,149,149,149,149,149,145,149,149,149,149,149,149,149,149,149,149,149,149,149,149,149,149,150,164,162,165,154,154,156,151,154,154,154,153,153,148,148,147,153,153,153,153,153,153,146,145,157,143,152,152,151,145,145,147,63,62,123,121,128,139,110,130,122,144,131,128,125,119,118,117,66,117,117,128,98,111,132,136,134,125,132,133,237,244,230,145,130,133,163,127,119,125,112,364,212,228,143,142,142,135,119,119,118,124,119,208,39,47,4,5,6,5,4,7,4,4,4,5,0,0,3,4,11,4,10,7,10,11,11,6,7,6,7,6,6,8,6,7,5,5,7,9,7,7,5,9,4,23,11,11,11,12,13,3,6,6,6,6,7,7,8,7,7,7,8,8,7,15,10,15,15,14,10,19,17,19,12,11,10,19,17,20,23,23,20,18,17,59,52,56,62,64,59,60,79,137,138,101,305,10309,10643,7048,10655,10588,10498,10640,10606,10609,10554,10416,10460,10427,10428,10421,10466,10449,10486,10631,10503,9664,9623,9649,9596,9931,9814,9515,9533,9578,9528,9523,9552,9616,9888,9695,9756,9610,9601,10307,9582,9592,9625,10449,10365,9876,9950,10566,10335,10446,10312,10534,10568,10509,10466,10582,10346,10441,10529,10286,10384,8030,8089,8179,8127,8219,8016,8119,8087,7920,8121,8249,8029,7816,7733,7714,7722,7714,7691,7711,7650,7719,7714,7734,7753,7791,7780,7687,7551,7636,7774,7794,7663,7687,7662,7703,7697,7687,7692,7722,7699,7555,7989,7864
ERR10109276,150,150,150,151,152,151,100,151,150,150,151,150,150,150,150,151,151,150,151,151,150,148,150,149,150,150,150,150,150,150,146,150,150,150,150,150,150,150,150,150,150,150,150,150,150,150,150,151,165,164,166,155,155,157,152,155,155,155,154,154,149,149,149,154,154,154,154,154,154,147,147,158,145,153,153,152,146,145,148,61,60,124,122,129,140,111,131,124,145,132,129,126,120,116,115,68,118,118,129,99,112,133,137,135,126,134,135,235,242,229,146,131,134,165,128,120,126,113,365,213,230,144,144,144,137,117,117,116,126,120,206,80,88,5,5,7,6,4,7,4,4,4,12,0,0,3,4,11,4,10,7,10,11,11,6,7,6,7,6,6,7,5,7,5,5,7,9,7,7,5,8,4,22,11,11,11,12,13,3,5,5,5,5,7,5,6,6,6,6,7,7,7,15,9,15,15,14,10,19,17,19,12,11,10,18,17,20,23,23,19,18,17,61,54,58,64,66,61,63,78,135,136,99,304,10308,10644,7049,10656,10587,10497,10641,10605,10610,10555,10415,10459,10428,10427,10420,10465,10448,10485,10631,10502,9663,9622,9648,9595,9930,9813,9514,9532,9577,9527,9523,9551,9615,9889,9694,9755,9611,9600,10306,9581,9593,9626,10448,10363,9874,9948,10567,10336,10445,10311,10533,10569,10508,10465,10583,10345,10440,10528,10285,10383,8024,8083,8173,8120,8214,8010,8111,8082,7913,8114,8244,8020,7809,7727,7709,7716,7707,7684,7704,7643,7712,7707,7729,7748,7785,7773,7678,7543,7627,7768,7787,7656,7680,7655,7696,7690,7678,7683,7715,7692,7546,7980,7856
ERR9785510,148,148,148,149,150,149,98,149,148,148,149,148,148,148,148,149,149,148,149,149,148,146,148,146,148,148,148,148,148,148,144,148,148,148,148,148,148,148,148,148,148,148,148,148,148,148,148,149,163,161,164,153,153,155,150,153,153,153,152,152,147,147,146,152,152,152,152,152,152,145,145,156,142,151,151,150,143,145,147,62,61,122,120,127,138,109,129,122,143,130,127,124,118,117,116,67,116,116,127,97,110,131,135,133,124,132,133,236,243,230,144,130,132,163,127,118,124,111,364,211,229,144,143,143,136,119,119,118,125,119,208,34,42,5,5,7,6,5,8,5,5,5,7,3,3,0,5,12,5,11,8,11,12,12,7,8,7,8,7,7,9,7,8,6,6,8,10,8,8,6,10,5,23,12,12,12,13,14,4,6,6,6,6,8,7,8,7,7,7,8,8,8,16,10,16,16,15,11,21,18,20,14,13,11,19,18,21,24,24,20,19,18,59,52,56,62,64,59,60,80,142,143,101,306,10310,10645,7050,10657,10589,10499,10642,10607,10611,10556,10417,10461,10429,10429,10422,10467,10450,10487,10633,10504,9665,9624,9650,9597,9932,9815,9516,9534,9579,9529,9524,9553,9617,9890,9696,9757,9612,9602,10308,9583,9594,9627,10446,10366,9873,9948,10568,10333,10447,10313,10535,10570,10510,10467,10584,10347,10442,10529,10287,10385,8032,8089,8179,8126,8223,8016,8118,8087,7922,8120,8253,8027,7818,7736,7715,7724,7715,7692,7712,7651,7720,7715,7736,7756,7794,7782,7688,7552,7637,7777,7796,7663,7687,7662,7703,7697,7687,7692,7724,7701,7556,7990,7865
ERR9820422,143,143,143,144,145,144,93,144,143,143,144,143,143,143,143,144,144,143,144,144,143,141,143,141,143,143,143,143,143,143,139,143,143,143,143,143,143,143,143,143,143,143,143,143,143,143,143,144,158,156,159,148,148,150,145,148,148,148,147,147,142,142,141,147,147,147,147,147,147,140,140,151,137,146,146,145,139,139,141,57,56,117,115,122,133,104,124,117,138,125,122,119,113,112,111,62,111,111,122,92,105,126,130,128,119,127,128,231,238,225,139,125,127,158,122,113,119,106,358,206,224,138,138,138,131,114,114,113,120,114,203,83,97,1,1,3,2,0,3,0,0,0,9,4,4,5,0,7,0,6,3,6,7,7,2,3,2,3,2,2,3,1,3,1,1,3,5,3,3,1,5,0,18,7,7,7,8,9,3,1,1,1,1,3,1,2,1,2,2,3,3,3,11,5,11,11,10,6,16,13,15,9,8,6,14,13,16,19,19,15,14,13,54,47,51,57,59,54,55,75,137,138,96,301,10305,10639,7044,10651,10584,10494,10636,10602,10605,10550,10412,10456,10423,10424,10417,10462,10445,10482,10628,10499,9660,9619,9645,9592,9927,9810,9511,9529,9574,9524,9519,9548,9612,9884,9691,9752,9606,9597,10303,9578,9588,9621,10444,10361,9871,9946,10565,10330,10442,10308,10530,10564,10505,10462,10578,10342,10437,10524,10282,10380,8022,8079,8169,8116,8213,8006,8109,8077,7912,8110,8243,8018,7805,7723,7706,7712,7705,7682,7702,7641,7710,7705,7725,7744,7781,7769,7676,7540,7625,7764,7783,7654,7678,7653,7694,7688,7676,7681,7711,7688,7544,7978,7854
ERR10880181,153,153,153,154,155,154,103,154,153,153,154,153,153,153,153,154,154,153,153,154,153,151,153,151,152,153,153,153,153,153,149,153,153,153,153,153,153,153,153,153,153,153,153,153,153,153,153,154,168,166,168,158,158,160,153,158,158,158,157,157,152,152,151,157,157,157,157,157,157,149,151,161,147,156,155,154,145,149,150,67,66,126,124,131,142,113,133,125,147,134,131,128,122,121,120,69,120,120,131,101,114,135,139,137,128,135,136,240,247,233,148,134,136,133,130,121,127,114,335,182,230,146,145,145,138,122,122,121,127,122,142,72,86,8,9,10,9,7,10,7,7,7,13,11,11,12,7,0,7,13,10,13,14,14,9,10,9,10,9,9,11,9,10,8,8,10,12,10,10,8,11,7,27,14,14,14,15,16,10,9,9,9,9,10,10,11,10,10,10,11,11,10,18,13,17,17,16,13,21,19,21,16,14,13,21,20,23,26,26,22,21,20,62,55,59,65,67,62,63,82,145,146,104,215,10197,10528,6932,10540,10471,10385,10527,10493,10496,10441,10414,10458,10425,10426,10419,10383,10366,10403,10545,10419,9666,9625,9652,9598,9922,9804,9518,9536,9581,9531,9526,9555,9616,9892,9696,9757,9613,9604,10309,9573,9587,9620,10450,10367,9877,9951,10567,10337,10448,10314,10536,10570,10511,10468,10584,10348,10443,10531,10289,10386,8025,8084,8174,8122,8214,8011,8114,8083,7914,8115,8244,8024,7806,7728,7708,7716,7708,7685,7705,7644,7713,7708,7729,7749,7785,7773,7674,7544,7631,7769,7787,7657,7682,7655,7698,7692,7680,7687,7716,7692,7548,7981,7858
ERR10088101,145,145,145,146,147,146,95,146,145,145,146,145,145,145,145,146,146,145,146,146,145,143,145,143,145,145,145,145,145,145,141,145,145,145,145,145,145,145,145,145,145,145,145,145,145,145,145,146,160,158,161,150,150,152,147,150,150,150,149,149,144,144,143,149,149,149,149,149,149,142,142,153,139,148,148,147,141,140,141,58,57,118,116,123,134,105,125,118,139,126,123,120,114,113,112,62,112,112,123,93,106,127,131,129,120,128,129,232,239,226,140,126,128,159,122,114,120,107,358,207,224,139,138,138,131,114,114,113,120,114,203,77,89,1,1,3,2,0,3,0,0,0,6,4,4,5,0,7,0,6,3,6,7,7,2,3,2,3,2,2,4,2,3,1,1,3,5,3,3,1,5,0,19,7,7,7,8,9,3,1,1,1,1,3,2,3,2,2,2,3,3,3,11,5,11,11,10,6,15,13,15,9,7,6,15,13,16,19,19,16,14,13,55,48,52,58,60,55,56,75,137,138,96,301,10305,10639,7044,10651,10584,10494,10636,10602,10605,10550,10412,10456,10423,10424,10417,10462,10445,10482,10628,10499,9660,9619,9645,9592,9927,9810,9511,9529,9574,9524,9519,9548,9612,9884,9691,9752,9606,9597,10303,9578,9588,9621,10445,10360,9872,9946,10562,10331,10442,10308,10530,10564,10505,10462,10578,10342,10437,10524,10282,10380,8027,8086,8176,8124,8216,8013,8115,8084,7916,8118,8246,8025,7812,7730,7710,7718,7710,7687,7707,7646,7715,7710,7730,7750,7788,7776,7683,7547,7632,7771,7790,7659,7683,7658,7699,7693,7683,7688,7718,7695,7551,7985,7860
ERR12312688,149,149,149,150,151,150,99,150,149,149,150,149,149,149,149,150,150,149,150,150,149,147,149,148,149,149,149,149,149,149,145,149,149,149,149,149,149,149,149,149,149,149,149,149,149,149,149,150,164,163,165,154,154,156,151,154,154,154,153,153,148,148,148,153,153,153,153,153,153,146,147,157,144,152,152,151,145,145,148,63,62,123,121,128,139,110,130,123,144,131,128,125,119,118,117,67,117,117,128,98,111,132,136,134,125,133,134,237,244,231,145,131,133,164,127,119,125,112,364,212,229,144,143,143,136,119,119,118,125,119,208,88,102,7,8,9,8,6,9,6,6,6,15,10,10,11,6,13,6,0,3,0,1,1,8,9,8,9,8,8,10,8,9,7,7,9,11,9,9,7,11,6,26,13,13,13,14,15,9,8,8,8,8,9,9,10,9,9,9,10,10,9,17,12,17,17,16,12,21,19,21,15,13,12,21,19,22,25,25,22,20,19,60,53,57,63,65,60,61,80,142,143,101,306,10309,10642,7047,10654,10588,10498,10639,10606,10608,10553,10416,10460,10426,10428,10421,10466,10449,10486,10632,10503,9664,9623,9649,9596,9931,9814,9515,9533,9578,9528,9522,9552,9616,9887,9695,9756,9609,9601,10307,9582,9591,9624,10449,10364,9876,9950,10565,10334,10446,10312,10534,10567,10509,10466,10581,10346,10441,10529,10286,10384,8030,8089,8179,8127,8219,8017,8119,8087,7919,8121,8249,8029,7815,7733,7714,7721,7714,7691,7711,7650,7719,7714,7733,7753,7791,7779,7687,7552,7636,7774,7793,7663,7687,7662,7703,7697,7687,7692,7721,7698,7555,7989,7864
ERR11201827,147,147,147,148,149,148,97,148,147,147,148,147,147,147,147,148,148,147,148,148,147,145,147,145,147,147,147,147,147,147,143,147,147,147,147,147,147,147,147,147,147,147,147,147,147,147,147,148,162,160,163,152,152,154,149,152,152,152,151,151,146,146,145,151,151,151,151,151,151,144,144,155,141,150,150,149,143,143,146,61,60,121,119,126,137,108,128,121,142,129,126,123,117,116,115,65,115,115,126,96,109,130,134,132,123,131,132,235,242,229,143,129,131,162,125,117,123,110,363,210,227,142,141,141,134,117,117,116,123,117,206,57,71,4,4,6,5,3,6,3,3,3,9,7,7,8,3,10,3,3,0,3,4,4,5,6,5,6,5,5,7,5,6,4,4,6,8,6,6,4,7,3,22,10,10,10,11,12,6,4,4,4,4,6,5,6,5,5,5,6,6,6,14,8,14,14,13,9,18,16,18,12,10,9,17,16,19,22,22,18,17,16,58,51,55,61,63,58,59,78,140,141,99,304,10308,10643,7048,10655,10587,10497,10640,10605,10609,10554,10415,10459,10427,10427,10420,10465,10448,10485,10631,10502,9663,9622,9648,9595,9930,9813,9514,9532,9577,9527,9522,9551,9615,9888,9694,9755,9610,9600,10306,9581,9592,9625,10447,10363,9873,9947,10565,10334,10445,10311,10533,10568,10508,10465,10582,10345,10440,10528,10285,10383,8030,8089,8179,8126,8220,8016,8118,8088,7919,8120,8250,8027,7816,7734,7713,7722,7713,7690,7710,7649,7718,7713,7734,7754,7792,7780,7686,7550,7635,7775,7794,7662,7686,7661,7702,7696,7686,7691,7722,7699,7554,7988,7863
ERR12312689,149,149,149,150,151,150,99,150,149,149,150,149,149,149,149,150,150,149,150,150,149,147,149,148,149,149,149,149,149,149,145,149,149,149,149,149,149,149,149,149,149,149,149,149,149,149,149,150,164,163,165,154,154,156,151,154,154,154,153,153,148,148,148,153,153,153,153,153,153,146,147,157,144,152,152,151,145,146,145,63,62,123,121,128,139,110,130,122,144,131,128,125,119,118,117,67,117,117,128,98,111,132,136,134,125,132,133,237,244,230,145,131,133,163,128,119,125,112,363,212,229,144,143,143,136,120,120,119,125,120,209,85,97,7,8,9,8,6,9,6,6,6,15,10,10,11,6,13,6,0,3,0,1,1,8,9,8,9,8,8,10,8,9,7,7,9,11,9,9,7,10,6,26,13,13,13,14,15,9,8,8,8,8,9,9,10,9,9,9,10,10,9,17,12,17,17,16,12,21,19,21,15,13,12,20,19,22,25,25,21,20,19,59,52,56,62,64,59,60,80,143,144,102,306,10309,10644,7049,10656,10588,10498,10641,10606,10610,10555,10416,10460,10428,10428,10421,10466,10449,10486,10632,10503,9664,9623,9649,9596,9931,9814,9515,9533,9578,9528,9523,9552,9616,9889,9695,9756,9611,9601,10307,9582,9593,9626,10448,10365,9874,9948,10566,10335,10446,10312,10534,10569,10509,10466,10583,10346,10441,10527,10286,10384,8031,8090,8180,8127,8221,8017,8120,8089,7920,8121,8251,8028,7817,7735,7714,7723,7714,7691,7711,7650,7719,7714,7735,7755,7793,7781,7687,7552,7637,7776,7795,7664,7688,7663,7704,7698,7688,7693,7723,7700,7555,7989,7864
ERR12495485,150,150,150,151,152,151,100,151,150,150,151,150,150,150,150,151,151,150,151,151,150,148,150,149,150,150,150,150,150,150,146,150,150,150,150,150,150,150,150,150,150,150,150,150,150,150,150,151,165,164,166,155,155,157,152,155,155,155,154,154,149,149,149,154,154,154,154,154,154,147,148,158,145,153,153,152,146,146,146,63,62,123,121,128,139,110,130,123,144,131,128,125,119,118,117,68,117,117,128,98,111,132,136,134,125,133,134,237,244,231,145,131,133,164,128,119,125,112,364,212,230,145,144,144,137,120,120,119,126,120,209,44,56,7,7,9,8,7,10,7,7,7,8,11,11,12,7,14,7,1,4,1,0,2,9,10,9,10,9,9,11,9,10,8,8,10,12,10,10,8,12,7,25,14,14,14,15,16,10,8,8,8,8,10,9,10,9,9,9,10,10,10,18,12,18,18,17,13,23,20,22,16,15,13,21,20,23,26,26,22,21,20,60,53,57,63,65,60,61,81,143,144,102,307,10310,10647,7052,10659,10589,10499,10644,10607,10613,10558,10417,10461,10431,10429,10422,10467,10450,10487,10633,10504,9665,9624,9650,9597,9932,9815,9516,9534,9579,9529,9526,9553,9617,9892,9696,9757,9614,9602,10308,9583,9596,9629,10447,10366,9874,9949,10569,10336,10447,10313,10535,10572,10510,10467,10586,10347,10442,10528,10287,10385,8034,8092,8181,8129,8224,8018,8118,8089,7923,8123,8254,8028,7820,7738,7715,7726,7715,7692,7712,7651,7720,7715,7738,7758,7796,7784,7688,7553,7637,7779,7798,7663,7687,7662,7703,7697,7687,7692,7726,7703,7556,7990,7865
ERR12312692,156,156,156,157,158,157,106,157,156,156,157,156,156,156,156,157,157,156,157,157,156,154,156,154,156,156,156,156,156,156,152,156,156,156,156,156,156,156,156,156,156,156,156,156,153,156,156,157,171,169,172,161,161,163,158,161,161,161,160,160,155,155,154,160,160,160,160,160,160,153,153,164,150,159,159,158,152,153,154,64,63,130,128,135,146,117,137,130,151,138,135,132,126,119,118,75,124,124,135,105,118,139,143,141,132,140,141,238,245,232,152,138,140,171,135,126,132,119,372,219,237,152,151,151,144,121,121,120,133,127,210,90,103,8,9,10,9,7,10,7,7,7,15,11,11,12,7,14,7,1,4,1,2,0,9,10,9,10,9,9,11,9,10,8,8,10,12,10,10,8,11,7,27,14,14,14,15,16,10,9,9,9,9,10,10,11,10,10,10,11,11,10,18,13,18,18,17,13,22,20,22,16,14,13,21,20,23,26,26,22,21,20,67,60,64,70,72,67,68,82,144,145,103,308,10311,10646,7051,10658,10590,10500,10643,10608,10612,10557,10418,10462,10430,10430,10423,10469,10451,10489,10635,10505,9666,9625,9651,9598,9933,9816,9517,9535,9580,9530,9525,9554,9618,9891,9697,9758,9613,9603,10309,9584,9595,9628,10450,10366,9876,9950,10567,10337,10448,10314,10536,10571,10511,10468,10585,10348,10443,10530,10288,10386,8032,8092,8181,8129,8222,8018,8121,8090,7921,8123,8252,8030,7819,7737,7716,7725,7716,7693,7713,7652,7721,7716,7737,7757,7795,7783,7689,7553,7638,7778,7797,7665,7689,7664,7705,7699,7689,7694,7725,7702,7557,7991,7866
ERR10123168,144,144,144,145,146,145,94,145,144,144,145,144,144,144,144,145,145,144,145,145,144,142,144,142,144,144,144,144,144,144,140,144,144,144,144,144,144,144,144,144,144,144,144,144,144,144,144,145,159,157,160,149,149,151,146,149,149,149,148,148,143,143,142,148,148,148,148,148,148,141,141,152,138,147,147,146,140,142,142,59,58,119,117,124,135,106,126,119,140,127,124,121,115,114,113,64,113,113,124,94,107,128,132,130,121,129,130,232,239,226,141,127,129,160,124,115,121,108,360,208,226,141,140,140,133,116,116,115,122,116,205,66,78,2,2,2,1,1,5,2,2,2,8,6,6,7,2,9,2,8,5,8,9,9,0,1,0,1,0,0,6,4,5,3,3,5,7,5,5,3,7,1,20,9,9,9,10,11,5,3,3,3,3,5,4,5,4,4,4,5,5,5,13,7,13,13,12,8,18,15,17,11,10,8,16,15,18,21,21,17,16,15,56,49,53,59,61,56,57,77,139,140,98,303,10307,10641,7046,10653,10586,10496,10638,10604,10607,10552,10414,10458,10425,10426,10419,10464,10447,10484,10629,10501,9662,9621,9647,9594,9929,9812,9513,9531,9576,9526,9521,9550,9614,9886,9693,9754,9608,9599,10305,9580,9590,9623,10444,10363,9870,9945,10562,10329,10444,10310,10532,10566,10507,10464,10580,10344,10439,10525,10284,10382,8020,8079,8168,8116,8210,8005,8109,8076,7910,8110,8240,8019,7808,7724,7709,7715,7708,7685,7705,7644,7713,7708,7728,7746,7783,7772,7679,7543,7628,7766,7786,7656,7680,7655,7696,7690,7678,7683,7714,7691,7547,7981,7856
ERR10123167,145,145,145,146,147,146,95,146,145,145,146,145,145,145,145,146,146,145,146,146,145,143,145,144,145,145,145,145,145,145,141,145,145,145,145,145,145,145,145,145,145,145,145,145,145,145,145,146,160,159,161,150,150,152,147,150,150,150,149,149,144,144,144,149,149,149,149,149,149,141,143,153,140,148,147,146,141,143,142,60,59,119,117,124,135,106,126,119,140,127,124,121,115,114,113,64,113,113,124,94,107,128,132,130,121,129,130,232,239,226,141,127,129,160,124,115,121,108,360,208,226,141,140,140,133,116,116,115,122,116,205,50,62,3,3,3,2,2,6,3,3,3,8,7,7,8,3,10,3,9,6,9,10,10,1,0,1,2,1,1,7,5,6,4,4,6,8,6,6,4,7,2,21,10,10,10,11,12,6,4,4,4,4,6,5,6,5,5,5,6,6,6,14,8,14,14,13,9,18,16,18,12,10,9,17,16,19,22,22,18,17,16,56,49,53,59,61,56,57,77,139,140,98,303,10307,10644,7049,10656,10586,10496,10641,10604,10610,10555,10414,10458,10428,10426,10419,10464,10446,10483,10629,10501,9662,9621,9647,9594,9929,9812,9513,9531,9576,9526,9523,9550,9613,9890,9693,9754,9611,9599,10305,9580,9593,9626,10446,10363,9871,9945,10565,10334,10444,10310,10532,10569,10507,10464,10583,10344,10439,10525,10284,10382,8023,8083,8172,8120,8213,8008,8110,8081,7913,8114,8243,8020,7810,7726,7710,7718,7708,7685,7705,7644,7713,7708,7731,7749,7786,7774,7678,7543,7627,7768,7788,7655,7679,7654,7695,7689,7677,7682,7716,7693,7546,7980,7855
ERR9966387,143,143,143,144,145,144,93,144,143,143,144,143,143,143,143,144,144,143,144,144,143,141,143,142,143,143,143,143,143,143,139,143,143,143,143,143,143,143,143,143,143,143,143,143,143,143,143,144,158,157,159,148,148,150,145,148,148,148,147,147,142,142,142,147,147,147,147,147,147,140,141,151,138,146,146,145,139,141,141,58,57,118,116,123,134,105,125,118,139,126,123,120,114,113,112,63,112,112,123,93,106,127,131,129,120,128,129,231,238,225,140,126,128,159,123,114,120,107,358,207,225,140,139,139,132,115,115,114,121,115,204,50,62,2,2,2,1,1,5,2,2,2,3,6,6,7,2,9,2,8,5,8,9,9,0,1,0,1,0,0,6,4,5,3,3,5,7,5,5,3,8,1,20,9,9,9,10,11,5,3,3,3,3,5,4,5,4,4,4,5,5,5,13,7,13,13,12,8,18,15,17,11,10,8,17,15,18,21,21,18,16,15,55,48,52,58,60,55,56,76,138,139,97,302,10306,10639,7044,10651,10585,10495,10636,10603,10605,10550,10413,10457,10423,10425,10418,10463,10446,10483,10629,10500,9661,9620,9646,9593,9928,9811,9512,9530,9575,9525,9519,9549,9613,9884,9692,9753,9606,9598,10304,9579,9588,9621,10444,10361,9871,9946,10564,10328,10443,10309,10531,10564,10506,10463,10578,10343,10438,10524,10283,10381,8029,8085,8176,8123,8218,8013,8116,8083,7918,8117,8248,8025,7812,7729,7711,7718,7711,7688,7708,7647,7716,7711,7730,7750,7788,7776,7684,7549,7633,7771,7790,7659,7683,7658,7699,7693,7683,7688,7718,7695,7552,7986,7861
ERR10949310,150,150,150,151,152,151,100,151,150,150,151,150,150,150,150,151,151,150,151,151,150,148,150,148,150,150,150,150,150,150,146,150,150,150,150,150,150,150,150,150,150,150,150,150,150,150,150,151,165,163,166,155,155,157,152,155,155,155,154,154,149,149,148,154,154,154,154,154,154,146,147,158,144,153,152,151,146,147,145,61,60,124,122,129,140,111,131,124,145,132,129,126,120,115,114,69,118,118,129,99,112,132,136,135,126,134,135,232,239,226,145,131,133,165,129,120,126,113,363,212,231,146,145,145,138,117,117,116,127,121,206,87,98,4,5,4,3,2,6,3,3,3,12,7,7,8,3,10,3,9,6,9,10,10,1,2,1,0,1,1,7,5,6,4,4,6,8,6,6,4,8,2,23,10,10,10,11,12,6,5,5,5,5,6,6,7,6,6,6,7,7,6,14,9,14,14,13,8,19,16,18,12,11,9,17,16,19,22,22,18,17,16,61,54,58,64,66,61,62,78,140,141,99,303,10307,10641,7046,10653,10586,10496,10638,10604,10607,10552,10414,10458,10425,10426,10419,10464,10447,10484,10629,10501,9662,9621,9647,9594,9929,9812,9513,9531,9576,9526,9521,9550,9614,9887,9693,9754,9608,9599,10306,9580,9590,9623,10445,10363,9871,9946,10565,10330,10444,10310,10532,10566,10507,10464,10580,10344,10439,10525,10284,10382,8030,8087,8177,8124,8220,8014,8118,8085,7920,8118,8250,8027,7814,7730,7712,7721,7713,7690,7710,7649,7718,7713,7733,7752,7790,7778,7685,7549,7634,7772,7792,7661,7685,7660,7701,7695,7685,7690,7720,7697,7553,7987,7862
ERR10460875,146,146,146,147,148,147,96,147,146,146,147,146,146,146,146,147,147,146,147,147,146,144,146,143,145,146,146,146,146,146,142,146,146,146,146,146,146,146,146,146,146,146,146,146,146,146,146,147,161,158,161,151,151,153,147,151,151,151,150,150,145,145,143,150,150,150,150,150,150,143,143,154,139,149,149,148,141,143,145,60,59,120,118,125,136,107,127,120,141,128,125,122,116,115,114,65,114,114,125,95,108,129,133,131,122,130,131,233,240,227,142,128,130,161,125,116,122,109,362,209,227,142,141,141,134,117,117,116,123,117,206,42,56,2,2,2,1,1,5,2,2,2,8,6,6,7,2,9,2,8,5,8,9,9,0,1,0,1,0,0,6,4,5,3,3,5,7,5,5,3,7,1,20,9,9,9,10,11,5,3,3,3,3,5,4,5,4,4,4,5,5,5,13,7,13,13,12,8,18,15,17,11,10,8,16,15,18,21,21,17,16,15,57,50,54,60,62,57,58,78,140,141,99,304,10308,10642,7047,10654,10587,10497,10639,10605,10608,10553,10415,10459,10426,10427,10420,10466,10448,10486,10632,10502,9663,9622,9648,9595,9930,9813,9514,9532,9577,9527,9522,9551,9615,9887,9694,9755,9609,9600,10306,9581,9591,9624,10447,10364,9873,9947,10564,10332,10445,10311,10533,10567,10508,10465,10581,10345,10440,10527,10285,10383,8023,8083,8172,8120,8213,8009,8112,8080,7912,8114,8243,8022,7809,7726,7710,7716,7709,7686,7706,7645,7714,7709,7729,7748,7785,7773,7680,7543,7629,7768,7787,7657,7681,7656,7697,7691,7679,7684,7715,7692,7548,7982,7857
ERR9966390,150,150,150,151,152,151,100,151,150,150,151,150,150,150,150,151,151,150,151,151,150,148,150,148,150,150,150,150,150,150,146,150,150,150,150,150,150,150,150,150,150,150,150,150,150,150,150,151,165,163,166,155,155,157,152,155,155,155,154,154,149,149,148,154,154,154,154,154,154,147,147,158,144,153,153,152,146,146,148,60,59,124,122,129,140,111,131,124,145,132,129,126,120,115,114,68,118,118,129,99,112,133,137,135,126,134,135,233,240,227,146,132,134,165,128,120,126,113,365,213,230,145,144,144,137,116,116,115,126,120,205,49,62,2,2,2,1,1,5,2,2,2,8,6,6,7,2,9,2,8,5,8,9,9,0,1,0,1,0,0,6,4,5,3,3,5,7,5,5,3,7,1,20,9,9,9,10,11,5,3,3,3,3,5,4,5,4,4,4,5,5,5,13,7,13,13,12,8,18,15,17,11,10,8,16,15,18,21,21,17,16,15,61,54,58,64,66,61,62,77,139,140,98,303,10307,10640,7045,10652,10586,10496,10637,10604,10606,10551,10414,10458,10424,10426,10419,10464,10446,10483,10630,10501,9662,9621,9647,9594,9929,9812,9513,9531,9576,9526,9520,9550,9613,9885,9693,9754,9607,9599,10305,9580,9589,9622,10445,10362,9871,9946,10565,10329,10444,10310,10532,10565,10507,10464,10579,10344,10439,10527,10284,10382,8029,8086,8176,8123,8220,8013,8115,8084,7919,8117,8250,8026,7813,7730,7712,7719,7712,7689,7709,7648,7717,7712,7731,7751,7789,7777,7685,7549,7634,7772,7791,7660,7684,7659,7700,7694,7684,7689,7719,7696,7553,7987,7862
ERR10176866,146,146,146,147,148,147,96,147,146,146,147,146,146,146,146,147,147,146,147,147,146,144,146,145,146,146,146,146,146,146,142,146,146,146,146,146,146,146,146,146,146,146,146,146,146,146,146,147,161,160,162,151,150,153,148,151,151,151,150,150,145,145,145,150,150,150,150,150,150,143,143,154,141,149,149,148,142,141,141,59,58,120,118,125,136,107,127,120,141,127,125,121,116,114,114,65,114,114,125,95,108,128,133,131,122,130,130,234,241,227,142,128,130,160,125,115,122,109,360,209,226,140,141,141,134,117,117,116,123,117,206,62,74,3,5,6,5,4,7,3,4,3,9,8,7,9,3,11,4,10,7,10,11,11,6,7,6,7,6,6,0,4,7,5,5,7,8,6,6,5,8,4,21,11,11,11,12,12,7,6,6,6,6,7,5,6,6,7,7,8,8,7,14,9,15,15,14,10,19,17,19,13,10,10,18,17,20,23,23,19,17,17,56,50,54,60,62,56,58,77,140,141,99,304,10308,10642,7047,10654,10587,10497,10639,10605,10608,10553,10415,10459,10426,10427,10420,10465,10448,10485,10631,10502,9663,9622,9648,9595,9930,9813,9514,9532,9577,9527,9522,9551,9615,9887,9694,9755,9609,9600,10306,9581,9590,9624,10445,10364,9871,9945,10562,10331,10445,10311,10533,10567,10508,10465,10581,10345,10440,10526,10285,10383,8021,8080,8170,8117,8211,8007,8111,8079,7910,8111,8241,8018,7809,7727,7710,7716,7709,7686,7705,7645,7714,7709,7729,7748,7785,7773,7680,7545,7629,7768,7787,7657,7681,7656,7697,7691,7679,7684,7715,7692,7548,7982,7857
ERR10460687,145,145,145,146,147,146,95,146,145,145,146,145,145,145,145,146,146,145,146,146,145,143,145,144,145,145,145,145,145,145,141,145,145,145,145,145,145,145,145,145,145,145,145,145,145,145,145,146,160,159,161,150,149,152,147,150,150,150,149,149,144,144,144,149,149,149,149,149,149,141,143,153,139,148,147,146,141,140,140,58,57,118,116,123,134,105,125,118,139,125,123,119,114,112,112,63,112,112,123,93,106,126,131,129,120,128,128,232,239,225,140,126,128,158,123,113,120,107,359,207,224,138,139,139,132,115,115,114,121,115,204,44,57,1,2,4,3,1,5,1,2,1,6,6,5,7,1,9,2,8,5,8,9,9,4,5,4,5,4,4,4,0,3,1,1,3,4,2,2,1,5,1,18,9,9,9,10,10,5,3,3,3,3,5,2,3,3,4,4,5,5,5,12,6,13,13,12,8,18,15,17,11,9,8,16,15,18,21,21,17,15,15,54,48,52,58,60,54,56,75,138,139,97,302,10306,10640,7045,10652,10585,10495,10637,10603,10606,10551,10413,10457,10424,10425,10418,10463,10446,10483,10629,10500,9661,9620,9646,9593,9928,9811,9512,9530,9575,9525,9520,9549,9613,9886,9692,9753,9607,9598,10304,9579,9588,9622,10442,10361,9869,9944,10563,10328,10443,10309,10531,10565,10506,10463,10579,10343,10438,10525,10283,10381,8019,8076,8166,8113,8210,8004,8106,8074,7909,8107,8240,8014,7804,7722,7707,7712,7705,7682,7701,7641,7710,7705,7725,7744,7781,7768,7675,7540,7624,7763,7782,7652,7676,7651,7692,7686,7674,7679,7710,7687,7543,7977,7853
ERR12078573,148,148,148,149,150,149,98,149,148,148,149,148,148,148,148,149,149,148,149,149,148,146,148,146,148,148,148,148,148,148,144,148,148,148,148,148,148,148,148,148,148,148,148,148,148,148,148,149,163,161,164,153,153,155,150,153,153,153,152,152,147,147,146,152,152,152,152,152,152,145,144,156,141,151,151,150,143,144,145,62,61,122,120,127,138,109,129,122,143,130,127,124,118,117,116,65,116,116,127,97,110,131,135,133,124,132,133,236,243,230,144,130,132,163,126,118,124,111,363,211,228,143,142,142,135,118,118,117,124,118,207,61,73,3,3,5,4,2,6,3,3,3,11,7,7,8,3,10,3,9,6,9,10,10,5,6,5,6,5,5,7,3,0,2,2,4,6,4,4,2,5,2,21,10,10,10,11,12,6,4,4,4,4,6,5,6,5,5,5,6,6,6,14,8,14,14,13,9,19,17,19,13,11,10,18,17,20,23,23,19,18,17,59,52,56,62,64,59,60,79,141,142,100,305,10308,10643,7048,10655,10587,10497,10640,10605,10609,10554,10415,10459,10427,10427,10420,10465,10448,10485,10630,10502,9664,9623,9649,9596,9931,9814,9515,9533,9578,9528,9523,9552,9616,9889,9695,9756,9611,9601,10307,9582,9592,9625,10447,10365,9872,9946,10564,10333,10446,10312,10534,10569,10509,10466,10583,10346,10440,10528,10286,10384,8027,8087,8176,8124,8217,8013,8116,8085,7917,8118,8247,8026,7816,7733,7713,7722,7713,7690,7710,7649,7718,7713,7734,7753,7791,7780,7686,7550,7635,7774,7794,7662,7686,7661,7702,7696,7686,7691,7723,7700,7555,7989,7864
ERR9785512,145,145,145,146,147,146,95,146,145,145,146,145,145,145,145,146,146,145,146,146,145,143,145,144,145,145,145,145,145,145,141,145,145,145,145,145,145,145,145,145,145,145,145,145,145,145,145,146,160,159,161,150,150,152,147,150,150,150,149,149,144,144,144,149,149,149,149,149,149,142,143,153,139,148,148,147,141,141,141,59,58,119,117,124,135,106,126,118,140,127,124,121,115,114,113,62,113,113,124,94,107,128,132,130,121,128,129,233,240,226,141,127,129,159,123,115,121,108,358,208,224,139,138,138,131,115,115,114,120,115,204,32,44,1,1,3,2,0,4,1,1,1,2,5,5,6,1,8,1,7,4,7,8,8,3,4,3,4,3,3,5,1,2,0,0,2,4,2,2,0,4,0,19,8,8,8,9,10,4,2,2,2,2,4,3,4,3,3,3,4,4,4,12,6,12,12,11,7,17,14,16,10,9,7,15,14,17,20,20,16,15,14,55,48,52,58,60,55,56,75,138,139,97,301,10305,10640,7045,10652,10584,10494,10637,10602,10606,10551,10412,10456,10424,10424,10417,10462,10445,10482,10628,10499,9660,9619,9645,9592,9927,9810,9511,9529,9574,9524,9519,9548,9612,9885,9691,9752,9607,9597,10303,9578,9589,9622,10443,10360,9870,9945,10564,10330,10442,10308,10530,10565,10505,10462,10579,10342,10437,10524,10282,10380,8028,8086,8175,8123,8219,8012,8113,8083,7918,8117,8249,8024,7813,7731,7710,7719,7710,7687,7707,7646,7715,7710,7731,7751,7789,7777,7683,7548,7632,7772,7791,7659,7683,7658,7699,7693,7683,7688,7719,7696,7551,7985,7860
ERR12165616,145,145,145,146,147,146,95,146,145,145,146,145,145,145,145,146,146,145,146,146,145,143,145,143,145,145,145,145,145,145,141,145,145,145,145,145,145,145,145,145,145,145,145,145,145,145,145,146,160,158,161,150,150,152,147,150,150,150,149,149,144,144,143,149,149,149,149,149,149,142,142,153,138,148,148,147,141,142,141,59,58,119,117,124,135,106,126,118,140,127,124,121,115,114,113,63,113,113,124,94,107,128,132,130,121,128,129,233,240,226,141,127,129,159,124,115,121,108,358,208,225,140,139,139,132,116,116,115,121,116,205,30,42,3,3,5,4,0,4,1,1,1,2,5,5,6,1,8,1,7,4,7,8,8,3,4,3,4,3,3,5,1,2,0,0,2,4,2,2,0,3,0,21,8,8,8,9,10,4,2,2,2,2,4,3,4,3,3,3,4,4,4,12,6,12,12,11,7,16,14,16,10,8,7,15,14,17,20,20,16,15,14,55,48,52,58,60,55,56,76,139,140,98,302,10306,10639,7044,10651,10585,10495,10636,10603,10605,10550,10413,10457,10423,10425,10418,10463,10446,10483,10629,10500,9661,9620,9646,9593,9928,9811,9512,9530,9575,9525,9519,9549,9613,9884,9692,9753,9606,9598,10304,9579,9588,9621,10444,10362,9870,9944,10559,10329,10443,10309,10531,10564,10506,10463,10578,10343,10438,10525,10283,10381,8024,8084,8173,8121,8214,8010,8115,8082,7913,8115,8244,8024,7812,7730,7711,7718,7711,7688,7708,7647,7716,7711,7730,7750,7788,7776,7684,7548,7633,7771,7790,7662,7686,7661,7702,7696,7686,7691,7718,7695,7552,7986,7861
ERR10460887,82,82,82,83,84,83,82,83,82,82,83,82,82,82,82,83,83,82,83,83,83,82,82,80,82,82,82,82,82,82,82,82,82,82,82,82,82,82,82,82,82,82,82,82,82,82,82,83,97,95,100,87,87,89,84,87,87,87,86,86,81,81,80,86,86,86,86,86,86,79,79,90,78,85,85,84,78,79,82,60,59,68,56,63,74,69,64,66,77,65,65,65,66,65,64,65,64,64,65,78,77,72,73,68,65,67,68,184,190,178,78,70,66,98,61,59,59,59,349,149,163,79,78,78,71,67,67,66,68,67,156,87,101,5,5,7,6,2,6,3,3,3,12,7,7,8,3,10,3,9,6,9,10,10,5,6,5,6,5,5,7,3,4,2,2,0,2,0,0,2,5,2,23,10,10,10,11,12,6,4,4,4,4,6,5,6,5,5,5,6,6,6,14,8,14,14,13,9,18,16,18,12,10,9,17,16,19,22,22,18,17,16,49,48,53,50,50,44,48,42,86,87,63,304,10249,10583,6987,10594,10528,10438,10580,10546,10549,10553,10356,10400,10367,10368,10361,10406,10388,10425,10571,10443,9663,9622,9648,9595,9930,9813,9514,9532,9577,9527,9522,9551,9614,9887,9694,9755,9609,9600,10306,9581,9591,9624,10385,10305,9811,9885,10501,10271,10386,10252,10474,10508,10449,10406,10522,10286,10380,10468,10226,10323,7957,8018,8107,8054,8148,7943,8048,8016,7847,8049,8178,7958,7748,7666,7650,7656,7649,7626,7646,7585,7654,7649,7669,7687,7723,7712,7620,7543,7628,7766,7727,7622,7646,7621,7662,7656,7644,7649,7714,7691,7547,7981,7856
ERR10880335,84,84,84,85,86,85,84,85,84,84,85,84,84,84,84,85,85,84,85,85,85,84,84,82,84,84,84,84,84,84,84,84,84,84,84,84,84,84,84,84,84,84,84,84,84,84,84,85,99,97,102,89,89,91,86,89,89,89,88,88,83,83,82,88,88,88,88,88,88,81,81,92,80,87,87,86,80,80,83,62,61,70,58,65,76,71,66,68,79,67,67,67,68,67,66,67,66,66,67,80,79,74,75,70,67,69,70,186,192,180,80,72,68,100,63,61,61,61,350,151,165,80,80,80,73,69,69,68,70,69,158,89,103,7,7,9,8,4,8,5,5,5,14,9,9,10,5,12,5,11,8,11,12,12,7,8,7,8,7,7,8,4,6,4,4,2,0,2,2,4,7,4,24,12,12,12,13,14,8,6,6,6,6,8,6,7,7,7,7,8,8,8,16,10,16,16,15,11,20,18,20,14,12,11,19,18,21,24,24,20,19,18,51,50,55,52,52,46,50,44,88,89,65,306,10251,10585,6989,10596,10530,10440,10582,10548,10551,10555,10358,10402,10369,10370,10363,10408,10390,10427,10574,10445,9665,9624,9650,9597,9932,9815,9516,9534,9579,9529,9524,9553,9616,9889,9696,9757,9611,9602,10308,9583,9593,9626,10387,10307,9813,9887,10504,10273,10388,10254,10476,10510,10451,10408,10524,10288,10382,10470,10228,10325,7961,8021,8111,8057,8152,7947,8051,8020,7850,8052,8182,7960,7750,7669,7652,7658,7651,7628,7648,7587,7656,7651,7671,7690,7726,7714,7622,7545,7630,7769,7729,7624,7648,7623,7664,7658,7646,7651,7716,7693,7549,7983,7858
ERR10880156,82,82,82,83,84,83,82,83,82,82,83,82,82,82,82,83,83,82,83,83,83,82,82,80,82,82,82,82,82,82,82,82,82,82,82,82,82,82,82,82,82,82,82,82,82,82,82,83,97,95,100,87,87,89,84,87,87,87,86,86,81,81,80,86,86,86,86,86,86,79,79,90,78,85,85,84,78,78,81,60,59,68,56,63,74,69,64,66,77,65,65,65,66,65,64,65,64,64,65,78,77,72,73,68,65,67,68,184,190,178,78,70,66,98,61,59,59,59,349,149,163,78,78,78,71,67,67,66,68,67,156,87,101,5,5,7,6,2,6,3,3,3,12,7,7,8,3,10,3,9,6,9,10,10,5,6,5,6,5,5,6,2,4,2,2,0,2,0,0,2,5,2,22,10,10,10,11,12,6,4,4,4,4,6,4,5,5,5,5,6,6,6,14,8,14,14,13,9,18,16,18,12,10,9,17,16,19,22,22,18,17,16,49,48,53,50,50,44,48,42,86,87,63,304,10249,10584,6988,10595,10528,10438,10581,10546,10550,10554,10356,10400,10368,10368,10361,10406,10389,10426,10571,10443,9663,9622,9648,9595,9930,9813,9514,9532,9577,9527,9522,9551,9615,9888,9694,9755,9610,9600,10306,9581,9592,9625,10385,10305,9811,9885,10503,10272,10386,10252,10474,10509,10449,10406,10523,10286,10380,10468,10226,10323,7959,8019,8109,8055,8150,7946,8050,8018,7849,8050,8180,7958,7749,7667,7649,7657,7649,7626,7646,7585,7654,7649,7670,7688,7724,7713,7620,7543,7628,7767,7728,7622,7646,7621,7662,7656,7644,7649,7715,7692,7547,7981,7857
ERR10880377,83,83,83,84,85,84,83,84,83,83,84,83,83,83,83,84,84,83,84,84,84,83,83,81,83,83,83,83,83,83,83,83,83,83,83,83,83,83,83,83,83,83,83,83,83,83,83,84,98,96,101,88,88,90,85,88,88,88,87,87,82,82,81,87,87,87,87,87,87,80,80,91,79,86,86,85,79,78,82,61,60,69,57,64,75,70,65,67,78,66,66,66,67,66,65,65,65,65,66,79,78,73,74,69,66,68,69,185,191,179,79,71,67,99,61,60,60,60,350,150,163,78,78,78,71,67,67,66,68,67,156,87,101,5,5,7,6,2,6,3,3,3,12,7,7,8,3,10,3,9,6,9,10,10,5,6,5,6,5,5,6,2,4,2,2,0,2,0,0,2,5,2,22,10,10,10,11,12,6,4,4,4,4,6,4,5,5,5,5,6,6,6,14,8,14,14,13,9,18,16,18,12,10,9,17,16,19,22,22,18,17,16,50,49,54,51,51,45,49,42,86,87,63,304,10249,10586,6990,10597,10528,10438,10583,10546,10552,10556,10356,10400,10370,10368,10361,10406,10389,10426,10572,10443,9663,9622,9648,9595,9930,9813,9514,9532,9577,9527,9524,9551,9615,9890,9694,9755,9612,9600,10306,9581,9594,9627,10386,10305,9812,9886,10506,10275,10386,10252,10474,10511,10449,10406,10525,10286,10380,10469,10226,10323,7961,8021,8111,8057,8152,7948,8048,8020,7850,8052,8182,7957,7749,7668,7649,7657,7647,7624,7644,7583,7652,7647,7670,7689,7725,7713,7618,7541,7626,7768,7728,7620,7644,7619,7660,7654,7642,7647,7715,7692,7545,7979,7855
ERR10088105,145,145,145,146,147,146,95,146,145,145,146,145,145,145,145,146,146,145,146,146,145,143,145,143,145,145,145,145,145,145,141,145,145,145,145,145,145,145,145,145,145,145,145,145,145,145,145,146,160,158,161,150,150,152,147,150,150,150,149,149,144,144,143,149,149,149,149,149,149,142,142,153,138,148,148,147,141,141,141,58,57,118,116,123,134,105,125,118,139,126,123,120,114,113,112,63,112,112,123,93,106,127,131,129,120,128,129,232,239,226,140,126,128,159,123,114,120,107,358,207,225,140,139,139,132,115,115,114,121,115,204,62,74,1,1,3,2,0,4,1,1,1,7,5,5,6,1,8,1,7,4,7,8,8,3,4,3,4,3,3,5,1,2,0,0,2,4,2,2,0,4,0,19,8,8,8,9,10,4,2,2,2,2,4,3,4,3,3,3,4,4,4,12,6,12,12,11,7,17,14,16,10,9,7,15,14,17,20,20,16,15,14,55,48,52,58,60,55,56,76,138,139,97,302,10306,10639,7044,10651,10585,10495,10636,10603,10605,10550,10413,10457,10423,10425,10418,10463,10446,10483,10629,10500,9661,9620,9646,9593,9928,9811,9512,9530,9575,9525,9519,9549,9613,9884,9692,9753,9606,9598,10304,9579,9588,9621,10442,10361,9869,9944,10561,10327,10443,10309,10531,10564,10506,10463,10578,10343,10438,10524,10283,10381,8026,8084,8174,8121,8216,8011,8114,8082,7916,8115,8246,8023,7812,7730,7711,7718,7711,7688,7708,7647,7716,7711,7730,7751,7788,7776,7684,7548,7634,7771,7790,7659,7683,7658,7699,7693,7683,7688,7718,7695,7552,7986,7861
ERR12321284,83,83,83,86,85,84,83,86,85,85,85,85,85,85,85,84,86,83,86,86,87,85,85,83,85,85,85,83,85,85,85,85,85,85,85,85,83,85,85,85,85,85,85,85,85,85,85,86,100,97,103,90,89,90,87,90,90,90,87,87,84,84,83,87,87,87,87,87,87,82,81,92,80,88,88,87,80,81,75,61,62,70,58,65,76,70,67,69,80,68,68,66,69,67,67,68,67,67,67,81,79,75,74,70,68,70,69,187,194,179,79,72,67,101,63,60,60,62,345,151,166,82,81,81,74,68,69,69,71,70,159,91,95,8,9,9,7,3,9,5,5,4,15,9,8,10,5,11,5,11,7,10,12,11,7,7,8,8,7,7,8,5,5,4,3,5,7,5,5,4,0,5,27,11,13,12,14,13,7,8,7,7,6,8,9,8,7,9,8,9,10,7,15,11,15,15,14,12,19,17,19,13,11,10,18,17,20,23,23,19,18,17,52,50,55,52,52,45,50,43,91,92,64,305,10316,10651,7051,10667,10590,10498,10651,10607,10616,10558,10416,10460,10430,10428,10421,10467,10450,10487,10633,10503,9664,9623,9649,9596,9931,9814,9515,9533,9578,9528,9525,9552,9616,9891,9695,9756,9613,9601,10307,9582,9595,9628,10450,10365,9876,9954,10577,10347,10446,10312,10535,10571,10509,10466,10592,10346,10441,10525,10286,10384,8035,8096,8186,8133,8225,8022,8122,8094,7928,8126,8255,8028,7819,7737,7714,7725,7714,7691,7711,7650,7719,7714,7737,7758,7795,7784,7687,7551,7638,7778,7798,7628,7652,7627,7668,7662,7652,7657,7725,7702,7555,7989,7864
ERR9966388,143,143,143,144,145,144,93,144,143,143,144,143,143,143,143,144,144,143,144,144,143,141,143,142,143,143,143,143,143,143,139,143,143,143,143,143,143,143,143,143,143,143,143,143,143,143,143,144,158,157,159,148,148,150,145,148,148,148,147,147,142,142,142,147,147,147,147,147,147,140,141,151,138,146,146,145,139,139,142,57,56,117,115,122,133,104,124,117,138,125,122,119,113,112,111,61,111,111,122,92,105,126,130,128,119,127,128,231,238,225,139,125,127,158,121,113,119,106,358,206,223,138,137,137,130,113,113,112,119,113,202,63,77,0,0,2,1,0,3,0,0,0,8,4,4,5,0,7,0,6,3,6,7,7,1,2,1,2,1,1,4,1,2,0,0,2,4,2,2,0,5,0,18,7,7,7,8,9,3,1,1,1,1,3,2,3,2,2,2,3,3,3,11,5,11,11,10,6,16,13,15,9,8,6,15,13,16,19,19,16,14,13,54,47,51,57,59,54,55,74,136,137,95,300,10304,10638,7043,10650,10583,10493,10635,10601,10604,10549,10411,10455,10422,10423,10416,10461,10444,10481,10627,10498,9659,9618,9644,9591,9926,9809,9510,9528,9573,9523,9518,9547,9611,9883,9690,9751,9605,9596,10302,9577,9587,9620,10442,10360,9870,9945,10563,10328,10441,10307,10529,10563,10504,10461,10577,10341,10436,10524,10281,10379,8028,8084,8175,8122,8217,8013,8113,8082,7917,8116,8247,8023,7811,7729,7709,7717,7709,7686,7706,7645,7714,7709,7729,7749,7787,7775,7682,7547,7631,7770,7789,7657,7681,7656,7697,7691,7681,7686,7717,7694,7550,7984,7859
ERR10026000,163,163,163,164,165,164,113,164,163,163,164,163,163,163,163,164,164,163,164,164,163,161,163,162,163,163,163,163,163,163,159,163,163,163,163,163,163,163,163,163,163,163,163,163,163,163,163,164,178,177,178,168,167,170,165,168,168,168,167,167,162,162,162,167,167,167,167,167,167,160,160,171,158,166,166,165,158,158,159,76,75,137,135,142,151,122,142,135,156,142,140,136,131,129,129,80,129,129,140,110,123,143,148,146,137,145,145,250,257,243,156,145,146,175,142,132,139,126,377,226,241,157,158,158,151,133,133,132,139,134,222,94,108,17,18,21,20,19,21,18,18,18,23,23,22,23,18,27,19,26,22,26,25,27,20,21,20,23,20,20,21,18,21,19,21,23,24,22,22,19,27,18,0,12,11,11,13,15,24,19,19,19,19,21,18,19,18,21,20,21,21,23,30,22,29,29,31,24,37,34,36,30,28,27,36,34,37,40,40,37,34,34,72,66,70,76,78,72,73,93,152,153,115,317,10321,10655,7060,10667,10600,10510,10652,10618,10621,10566,10428,10472,10439,10440,10433,10478,10461,10498,10644,10515,9676,9635,9661,9608,9943,9826,9527,9545,9590,9540,9535,9564,9628,9900,9707,9768,9622,9613,10319,9594,9603,9637,10462,10376,9890,9964,10581,10348,10458,10324,10546,10580,10521,10478,10594,10358,10453,10541,10298,10396,8041,8099,8190,8137,8230,8027,8129,8097,7930,8131,8260,8037,7823,7741,7724,7730,7723,7700,7719,7659,7728,7723,7743,7762,7799,7787,7694,7559,7643,7782,7801,7672,7696,7671,7712,7706,7694,7699,7729,7706,7562,7996,7871
ERR9822144,150,150,150,151,152,151,100,151,150,150,151,150,150,150,150,151,151,150,151,151,150,148,150,149,150,150,150,150,150,150,146,150,150,150,150,150,150,150,150,150,150,150,150,150,150,150,150,151,165,164,166,155,155,157,152,155,155,155,154,154,149,149,149,154,154,154,154,154,154,147,148,158,145,153,153,152,145,148,139,63,62,125,123,130,141,112,132,125,146,133,130,127,121,118,117,70,119,119,130,100,113,134,138,136,127,135,136,237,244,231,147,133,135,166,130,121,127,114,360,214,232,147,146,146,139,120,120,119,128,122,209,32,35,7,8,9,8,7,10,7,7,7,8,11,11,12,7,14,7,13,10,13,14,14,9,10,9,10,9,9,11,9,10,8,8,10,12,10,10,8,11,7,12,0,0,0,1,2,10,9,9,9,9,10,10,11,10,10,10,11,11,10,18,13,18,18,17,13,22,20,22,16,14,13,21,20,23,26,26,22,21,20,62,55,59,65,67,62,63,81,143,144,102,307,10311,10644,7049,10656,10590,10500,10641,10608,10610,10555,10418,10462,10428,10430,10423,10468,10451,10488,10634,10505,9666,9625,9651,9598,9933,9816,9517,9535,9580,9530,9524,9554,9618,9889,9697,9758,9611,9603,10309,9584,9593,9626,10449,10366,9875,9949,10564,10334,10448,10314,10536,10569,10511,10468,10583,10348,10443,10525,10288,10386,8029,8089,8178,8126,8219,8015,8120,8087,7918,8120,8249,8029,7817,7735,7716,7723,7716,7693,7713,7652,7721,7716,7735,7755,7793,7781,7689,7554,7638,7776,7795,7664,7688,7663,7704,7698,7688,7693,7723,7700,7557,7991,7866
ERR10088104,149,149,149,150,151,150,99,150,149,149,150,149,149,149,149,150,150,149,150,150,149,147,149,148,149,149,149,149,149,149,145,149,149,149,149,149,149,149,149,149,149,149,149,149,149,149,149,150,164,163,165,154,154,156,151,154,154,154,153,153,148,148,148,153,153,153,153,153,153,146,147,157,144,152,152,151,144,146,146,63,62,123,121,128,139,110,130,123,144,131,128,125,119,118,117,68,117,117,128,98,111,132,136,134,125,133,134,237,244,231,145,131,133,164,128,119,125,112,363,212,230,145,144,144,137,120,120,119,126,120,209,70,82,7,7,9,8,7,10,7,7,7,14,11,11,12,7,14,7,13,10,13,14,14,9,10,9,10,9,9,11,9,10,8,8,10,12,10,10,8,13,7,11,0,0,0,1,2,10,8,8,8,8,10,9,10,9,9,9,10,10,10,18,12,18,18,17,13,23,20,22,16,15,13,22,20,23,26,26,23,21,20,60,53,57,63,65,60,61,81,143,144,102,307,10311,10648,7053,10660,10590,10500,10645,10608,10614,10559,10418,10462,10432,10430,10423,10468,10451,10488,10634,10505,9666,9625,9651,9598,9933,9816,9517,9535,9580,9530,9527,9554,9618,9893,9697,9758,9615,9603,10309,9584,9597,9630,10449,10367,9877,9952,10573,10338,10448,10314,10536,10573,10511,10468,10587,10348,10443,10529,10288,10386,8038,8094,8185,8132,8227,8023,8121,8092,7927,8126,8257,8030,7821,7739,7716,7727,7716,7693,7713,7652,7721,7716,7739,7759,7797,7785,7689,7554,7639,7780,7799,7664,7688,7663,7704,7698,7688,7693,7727,7704,7557,7991,7866
ERR10088102,150,150,150,151,152,151,100,151,150,150,151,150,150,150,150,151,151,150,151,151,150,148,150,148,150,150,150,150,150,150,146,150,150,150,150,150,150,150,150,150,150,150,150,150,150,150,150,151,165,163,166,155,155,157,152,155,155,155,154,154,149,149,148,154,154,154,154,154,154,147,147,158,144,153,153,152,145,147,149,64,63,124,122,129,140,111,131,124,145,132,129,126,120,119,118,69,118,118,129,99,112,133,137,135,126,134,135,238,245,232,146,132,134,165,129,120,126,113,366,213,231,146,145,145,138,121,121,120,127,121,210,60,74,7,7,9,8,7,10,7,7,7,8,11,11,12,7,14,7,13,10,13,14,14,9,10,9,10,9,9,11,9,10,8,8,10,12,10,10,8,12,7,11,0,0,0,1,2,10,8,8,8,8,10,9,10,9,9,9,10,10,10,18,12,18,18,17,13,22,20,22,16,14,13,22,20,23,26,26,23,21,20,61,54,58,64,66,61,62,82,144,145,103,308,10312,10646,7051,10658,10591,10501,10643,10609,10612,10557,10419,10463,10430,10431,10424,10469,10452,10489,10634,10506,9667,9626,9652,9599,9934,9817,9518,9536,9581,9531,9526,9555,9619,9891,9698,9759,9613,9604,10310,9585,9595,9628,10451,10368,9878,9952,10568,10337,10449,10315,10537,10571,10512,10469,10585,10349,10444,10531,10289,10387,8032,8091,8181,8129,8221,8018,8122,8089,7922,8123,8251,8031,7819,7736,7717,7725,7717,7694,7714,7653,7722,7717,7737,7756,7794,7783,7690,7554,7639,7777,7797,7665,7689,7664,7705,7699,7689,7694,7725,7702,7558,7992,7867
ERR9822151,151,151,151,152,153,152,101,152,151,151,152,151,151,151,151,152,152,151,152,152,151,149,151,150,151,151,151,151,151,151,147,151,151,151,151,151,151,151,151,151,151,151,151,151,151,151,151,152,166,165,167,156,156,158,153,156,156,156,155,155,150,150,150,155,155,155,155,155,155,148,149,159,146,154,154,153,145,148,149,65,64,125,123,130,141,112,132,124,146,133,130,127,121,120,119,69,119,119,130,100,113,134,138,136,127,134,135,239,246,232,147,133,135,165,130,121,127,114,365,214,231,146,145,145,138,122,122,121,127,122,211,74,88,8,9,10,9,8,11,8,8,8,14,12,12,13,8,15,8,14,11,14,15,15,10,11,10,11,10,10,12,10,11,9,9,11,13,11,11,9,14,8,13,1,1,1,0,3,11,10,10,10,10,11,11,12,11,11,11,12,12,11,19,14,19,19,18,14,24,21,23,17,16,14,23,21,24,27,27,24,22,21,61,54,58,64,66,61,62,82,145,146,104,308,10312,10646,7051,10658,10591,10501,10643,10609,10612,10557,10419,10463,10430,10431,10424,10469,10452,10489,10635,10506,9667,9626,9652,9599,9934,9817,9518,9536,9581,9531,9526,9555,9619,9891,9698,9759,9613,9604,10310,9585,9595,9628,10452,10367,9880,9955,10573,10338,10449,10315,10537,10571,10512,10469,10585,10349,10444,10531,10289,10387,8038,8094,8185,8132,8227,8022,8124,8092,7927,8126,8257,8033,7819,7737,7717,7725,7717,7694,7714,7653,7722,7717,7737,7757,7795,7783,7690,7555,7639,7778,7797,7666,7690,7665,7706,7700,7690,7695,7725,7702,7558,7992,7867
ERR10109255,151,151,151,152,153,152,101,152,151,151,152,151,151,151,151,152,152,151,152,152,151,149,151,150,151,151,151,151,151,151,147,151,151,151,151,151,151,151,151,151,151,151,151,151,151,151,151,151,166,165,167,156,156,158,153,156,156,156,155,155,150,150,150,155,155,155,155,155,155,148,149,159,146,154,154,153,146,147,149,66,65,126,124,131,141,112,132,125,146,133,130,127,121,120,119,69,119,119,130,100,113,134,138,136,127,135,136,240,247,234,148,134,136,166,130,122,128,115,365,215,232,146,146,146,139,122,122,121,126,122,211,94,108,11,12,13,12,9,12,9,9,9,18,13,13,14,9,16,9,15,12,15,16,16,11,12,11,12,11,11,12,10,12,10,10,12,14,12,12,10,13,9,15,2,2,2,3,0,12,11,11,11,11,12,11,12,12,12,12,13,13,10,18,13,20,20,19,15,24,22,24,18,16,15,23,22,25,28,28,24,23,22,63,56,60,66,68,63,63,83,145,146,104,308,10312,10649,7054,10661,10591,10501,10646,10609,10614,10559,10419,10463,10433,10431,10424,10469,10452,10489,10634,10506,9667,9626,9652,9599,9934,9817,9518,9536,9581,9531,9528,9555,9619,9894,9698,9759,9616,9604,10310,9584,9598,9631,10452,10368,9878,9952,10571,10341,10449,10315,10537,10574,10512,10469,10588,10349,10444,10533,10289,10387,8026,8085,8174,8122,8215,8012,8112,8083,7915,8116,8245,8022,7813,7729,7713,7720,7710,7687,7706,7646,7714,7709,7733,7750,7787,7776,7681,7546,7629,7770,7790,7659,7684,7658,7699,7694,7681,7687,7719,7696,7548,7983,7859
ERR11810274,148,148,148,149,150,149,98,149,148,148,149,148,148,148,148,149,149,148,149,149,148,146,148,145,147,148,148,148,148,148,144,148,148,148,148,148,148,148,148,148,148,148,148,148,148,148,148,149,163,160,163,153,153,155,149,153,153,153,152,152,147,147,145,152,152,152,152,152,152,144,145,156,141,151,150,149,143,145,144,62,61,121,119,126,137,108,128,121,142,129,126,123,117,116,115,66,115,115,126,96,109,130,134,132,123,131,132,235,242,229,143,129,131,162,126,117,123,110,362,210,228,143,142,142,135,118,118,117,124,118,207,88,96,5,6,7,6,3,6,3,3,3,12,3,3,4,3,10,3,9,6,9,10,10,5,6,5,6,5,5,7,5,6,4,4,6,8,6,6,4,7,3,24,10,10,10,11,12,0,5,5,5,5,6,6,7,6,6,6,7,7,6,14,9,14,14,13,9,18,16,18,12,10,9,17,16,19,22,22,18,17,16,58,51,55,61,63,58,59,79,141,142,100,305,10309,10644,7049,10656,10588,10498,10641,10606,10610,10555,10416,10460,10428,10428,10421,10466,10449,10486,10632,10503,9664,9623,9649,9596,9931,9814,9515,9533,9578,9528,9523,9552,9616,9890,9695,9756,9611,9601,10307,9582,9593,9626,10446,10364,9872,9946,10564,10333,10446,10312,10534,10569,10509,10466,10583,10346,10441,10528,10286,10384,8030,8089,8179,8126,8220,8016,8119,8088,7919,8120,8250,8027,7817,7735,7714,7724,7715,7692,7712,7651,7720,7715,7736,7756,7794,7781,7687,7550,7636,7776,7795,7664,7688,7663,7704,7698,7688,7693,7723,7700,7555,7989,7864
ERR9966386,147,147,147,148,149,148,96,148,147,147,148,147,147,147,147,148,148,147,148,148,147,145,147,144,146,147,147,147,147,147,143,147,147,147,147,147,147,147,147,147,147,147,147,147,147,147,147,148,162,159,163,152,152,154,149,152,152,152,151,151,146,146,144,151,150,150,150,150,150,144,143,155,140,150,150,149,143,144,146,60,59,121,119,126,136,107,127,120,141,128,125,122,116,115,114,64,114,114,125,95,108,129,133,131,122,130,131,234,241,228,142,128,130,161,126,117,123,110,360,210,228,143,142,142,135,117,117,116,123,118,206,48,64,1,1,4,3,2,4,2,1,2,4,6,5,6,1,9,1,8,4,8,8,9,3,4,3,5,3,3,6,3,4,2,2,4,6,4,4,2,8,1,19,9,8,8,10,11,5,0,0,0,0,2,1,2,1,1,1,2,2,2,10,4,12,12,12,7,18,15,17,11,10,8,17,15,18,21,21,18,16,15,56,49,53,59,61,56,57,78,136,137,99,303,10307,10641,7046,10653,10586,10496,10638,10604,10607,10552,10414,10458,10425,10426,10419,10464,10447,10484,10630,10501,9662,9621,9647,9594,9929,9812,9513,9531,9576,9526,9521,9550,9614,9886,9693,9754,9608,9599,10305,9580,9590,9623,10445,10362,9872,9948,10566,10330,10444,10310,10532,10566,10507,10464,10580,10344,10439,10526,10284,10382,8031,8087,8178,8125,8220,8015,8117,8085,7920,8119,8250,8026,7814,7732,7713,7720,7712,7689,7709,7648,7717,7712,7732,7752,7790,7778,7685,7548,7634,7773,7792,7661,7685,7660,7701,7695,7685,7690,7720,7697,7553,7987,7862
ERR12259395,146,146,146,147,148,147,96,147,146,146,147,146,146,146,146,147,147,146,147,147,146,144,146,144,146,146,146,146,146,146,142,146,146,146,146,146,146,146,146,146,146,146,146,146,146,146,146,147,161,159,162,151,151,153,148,151,151,151,150,150,145,145,144,150,150,150,150,150,150,142,142,154,140,149,148,147,142,143,144,60,59,119,117,124,134,105,125,118,139,126,123,120,114,113,112,63,112,112,123,93,106,127,131,129,120,128,129,232,239,226,140,127,128,159,124,115,121,108,359,208,226,141,140,140,133,115,115,114,121,116,204,49,65,1,1,4,3,2,4,2,1,2,7,6,5,6,1,9,1,8,4,8,8,9,3,4,3,5,3,3,6,3,4,2,2,4,6,4,4,2,7,1,19,9,8,8,10,11,5,0,0,0,0,2,1,2,1,1,1,2,2,2,10,4,12,12,12,7,18,15,17,11,10,8,16,15,18,21,21,17,16,15,55,48,52,58,60,55,56,76,134,135,97,302,10306,10642,7047,10654,10585,10495,10639,10603,10608,10553,10413,10457,10426,10425,10418,10463,10446,10483,10628,10500,9661,9620,9646,9593,9928,9811,9512,9530,9575,9525,9521,9549,9613,9888,9692,9753,9609,9598,10304,9579,9591,9624,10444,10361,9870,9945,10564,10331,10443,10309,10531,10567,10506,10463,10581,10343,10438,10525,10283,10381,8029,8088,8178,8125,8219,8015,8117,8086,7919,8119,8249,8026,7815,7732,7712,7722,7712,7689,7709,7648,7717,7712,7734,7753,7791,7779,7684,7548,7633,7773,7793,7659,7683,7658,7699,7693,7683,7688,7721,7698,7552,7986,7861
ERR12091513,145,145,145,146,147,146,95,146,145,145,146,145,145,145,145,146,146,145,146,146,145,143,145,143,145,145,145,145,145,145,141,145,145,145,145,145,145,145,145,145,145,145,145,145,145,145,145,146,160,158,161,150,150,152,147,150,150,150,149,149,144,144,143,149,149,149,149,149,149,142,141,153,139,148,148,147,141,142,144,59,58,119,117,124,134,105,125,118,139,126,123,120,114,113,112,63,112,112,123,93,106,127,131,129,120,128,129,232,239,226,140,127,128,159,124,115,121,108,360,208,226,141,140,140,133,115,115,114,121,116,204,55,71,1,1,4,3,2,4,2,1,2,4,6,5,6,1,9,1,8,4,8,8,9,3,4,3,5,3,3,6,3,4,2,2,4,6,4,4,2,7,1,19,9,8,8,10,11,5,0,0,0,0,2,1,2,1,1,1,2,2,2,10,4,12,12,12,7,17,15,17,11,9,8,17,15,18,21,21,18,16,15,55,48,52,58,60,55,56,76,134,135,97,302,10306,10641,7046,10653,10585,10495,10638,10603,10607,10552,10413,10457,10425,10425,10418,10463,10446,10483,10628,10500,9661,9620,9646,9593,9928,9811,9512,9530,9575,9525,9520,9549,9613,9886,9692,9753,9608,9598,10304,9579,9590,9623,10445,10361,9871,9946,10563,10331,10443,10309,10531,10566,10506,10463,10580,10343,10438,10525,10283,10381,8027,8086,8176,8124,8216,8013,8116,8084,7917,8118,8246,8025,7814,7731,7712,7720,7711,7688,7708,7647,7716,7711,7732,7751,7789,7778,7684,7548,7634,7772,7792,7659,7683,7658,7699,7693,7683,7688,7720,7697,7552,7986,7861
ERR10125140,145,145,145,146,147,146,95,146,145,145,146,145,145,145,145,146,146,145,146,146,145,143,145,143,145,145,145,145,145,145,141,145,145,145,145,145,145,145,145,145,145,145,145,145,145,145,145,146,160,158,161,150,150,152,147,150,150,150,149,149,144,144,143,149,149,149,149,149,149,142,141,153,139,148,148,147,141,142,144,59,58,119,117,124,134,105,125,118,139,126,123,120,114,113,112,63,112,112,123,93,106,127,131,129,120,128,129,232,239,226,140,126,128,159,124,115,121,108,360,208,226,141,140,140,133,115,115,114,121,116,204,53,69,1,1,4,3,2,4,2,1,2,8,6,5,6,1,9,1,8,4,8,8,9,3,4,3,5,3,3,6,3,4,2,2,4,6,4,4,2,6,1,19,9,8,8,10,11,5,0,0,0,0,2,1,2,1,1,1,2,2,2,10,4,12,12,12,7,17,15,17,10,9,8,16,15,18,21,21,17,16,15,55,48,52,58,60,55,56,76,129,130,97,302,10306,10640,7045,10652,10585,10495,10637,10603,10606,10551,10413,10457,10424,10425,10418,10463,10446,10483,10629,10500,9661,9620,9646,9593,9928,9811,9512,9530,9575,9525,9520,9549,9613,9885,9692,9753,9607,9598,10304,9579,9589,9622,10445,10362,9870,9945,10561,10330,10443,10309,10531,10565,10506,10463,10579,10343,10438,10525,10283,10381,8025,8085,8174,8122,8215,8011,8115,8083,7914,8116,8245,8024,7812,7730,7712,7718,7710,7687,7707,7646,7715,7710,7730,7750,7788,7776,7683,7547,7632,7771,7790,7658,7682,7657,7698,7692,7682,7687,7718,7695,7551,7985,7860
ERR10949303,147,147,147,148,149,148,97,148,147,147,148,147,147,147,147,148,148,147,148,148,147,145,147,145,147,147,147,147,147,147,143,147,147,147,147,147,147,147,147,147,147,147,147,147,147,147,147,148,162,160,162,152,152,154,149,152,152,152,151,151,146,146,145,151,151,151,151,151,151,144,144,155,141,150,150,149,143,143,145,60,59,120,118,125,136,107,127,120,141,128,125,122,116,115,114,65,114,114,125,95,108,129,133,131,122,130,131,234,241,228,142,128,130,161,125,116,122,109,361,209,227,142,141,141,134,116,116,115,123,117,205,43,59,3,3,5,4,3,6,3,3,3,9,7,7,8,3,10,3,9,6,9,10,10,5,6,5,6,5,5,7,5,6,4,4,6,8,6,6,4,8,3,21,10,10,10,11,12,6,2,2,2,2,0,3,4,3,3,3,4,4,4,12,6,14,14,13,9,19,16,18,12,11,9,17,16,19,22,22,18,17,16,57,50,54,60,62,57,58,77,140,141,99,304,10289,10623,7029,10636,10568,10478,10620,10585,10590,10535,10415,10459,10427,10427,10420,10464,10447,10484,10630,10501,9663,9622,9647,9595,9903,9787,9513,9531,9576,9526,9521,9550,9614,9860,9694,9755,9609,9599,10306,9555,9585,9618,10445,10364,9872,9948,10567,10332,10445,10311,10533,10568,10508,10465,10582,10345,10440,10527,10284,10383,7983,8030,8118,8065,8157,7959,8059,8031,7871,8056,8187,7973,7758,7686,7659,7666,7659,7641,7652,7596,7661,7658,7675,7688,7730,7722,7632,7497,7577,7715,7736,7603,7632,7600,7643,7636,7630,7633,7673,7642,7498,7932,7808
ERR10109277,147,147,147,148,149,148,97,148,147,147,148,147,147,147,147,148,148,147,148,148,147,145,147,145,147,147,147,147,147,147,143,147,147,147,147,147,147,147,147,147,147,147,147,147,147,147,147,148,162,160,163,152,151,154,149,152,152,152,151,151,146,146,145,151,151,151,151,151,151,143,143,155,141,150,149,148,143,142,143,60,59,120,118,125,135,106,126,119,140,126,124,120,115,113,113,64,113,113,124,94,107,127,132,130,121,129,129,233,240,226,141,128,129,159,125,115,122,109,360,209,226,140,141,141,134,116,116,115,122,117,205,71,87,1,2,5,4,3,5,2,2,2,8,7,5,7,1,10,2,9,5,9,9,10,4,5,4,6,4,4,5,2,5,3,3,5,6,4,4,3,9,2,18,10,9,9,11,11,6,1,1,1,1,3,0,1,0,2,2,3,3,3,10,4,13,13,13,8,19,16,18,12,10,9,18,16,19,22,22,19,16,16,55,49,53,59,61,55,57,76,135,136,98,303,10307,10641,7046,10653,10586,10496,10638,10604,10607,10552,10414,10458,10425,10426,10419,10464,10447,10484,10630,10501,9662,9621,9647,9594,9929,9812,9513,9531,9576,9526,9521,9550,9614,9887,9693,9754,9608,9599,10305,9580,9589,9623,10446,10362,9873,9948,10565,10331,10444,10310,10532,10566,10507,10464,10580,10344,10439,10526,10284,10382,8023,8081,8172,8119,8212,8010,8111,8079,7912,8113,8242,8019,7806,7724,7709,7714,7707,7684,7703,7643,7712,7707,7727,7746,7783,7770,7677,7541,7627,7765,7784,7654,7678,7653,7694,7688,7676,7681,7712,7689,7545,7979,7855
ERR10087013,145,145,145,146,147,146,95,146,145,145,146,145,145,145,145,146,146,145,146,146,145,143,145,144,145,145,145,145,145,145,141,145,145,145,145,145,145,145,145,145,145,145,145,145,145,145,145,146,160,159,161,150,149,152,146,150,150,150,149,149,144,144,144,149,149,149,149,149,149,142,142,153,140,148,148,147,141,141,143,59,58,120,118,125,135,106,126,119,140,126,124,120,115,113,113,64,113,113,124,94,107,127,132,130,121,129,129,233,240,226,141,128,129,159,125,115,122,109,360,209,226,140,141,141,134,116,116,115,122,117,205,53,69,2,3,6,5,4,6,3,3,3,8,8,6,8,2,11,3,10,6,10,10,11,5,6,5,7,5,5,6,3,6,4,4,6,7,5,5,4,8,3,19,11,10,10,12,12,7,2,2,2,2,4,1,0,1,3,3,4,4,4,11,5,14,14,14,9,19,17,19,13,10,10,18,17,20,23,23,19,17,17,55,49,53,59,61,55,57,76,135,136,98,303,10307,10641,7046,10653,10586,10496,10638,10604,10607,10552,10414,10458,10425,10426,10419,10464,10447,10484,10630,10501,9662,9621,9647,9594,9929,9812,9513,9531,9576,9526,9521,9550,9614,9886,9693,9754,9608,9599,10305,9580,9589,9623,10444,10363,9869,9944,10561,10329,10444,10310,10532,10566,10507,10464,10580,10344,10439,10526,10284,10382,8019,8078,8168,8115,8209,8006,8109,8077,7908,8109,8239,8016,7807,7725,7709,7714,7707,7684,7703,7643,7712,7707,7727,7746,7783,7771,7678,7543,7628,7766,7785,7655,7679,7654,7695,7689,7677,7682,7713,7690,7546,7980,7856
ERR12146144,144,144,144,145,146,145,94,145,144,144,145,144,144,144,144,145,145,144,145,145,144,142,144,143,144,144,144,144,144,144,140,144,144,144,144,144,144,144,144,144,144,144,144,144,144,144,144,145,159,158,160,149,149,151,146,149,149,149,148,148,143,143,143,148,148,148,148,148,148,141,142,152,140,147,147,146,141,140,141,58,57,118,116,121,133,104,124,117,138,125,122,119,113,112,111,62,111,111,122,92,105,126,130,128,119,127,128,231,238,225,139,126,127,158,123,114,120,107,358,207,225,139,139,139,132,114,114,113,120,115,203,59,75,2,2,5,4,3,5,3,2,3,7,7,6,7,1,10,2,9,5,9,9,10,4,5,4,6,4,4,6,3,5,3,3,5,7,5,5,3,7,2,18,10,9,9,11,12,6,1,1,1,1,3,0,1,0,2,2,3,3,3,11,4,13,13,13,8,18,16,18,12,10,9,17,16,19,22,22,18,17,16,55,48,52,58,60,55,56,76,133,134,96,300,10302,10639,7044,10652,10582,10492,10636,10599,10606,10550,10409,10453,10424,10421,10414,10459,10443,10480,10625,10497,9658,9617,9643,9590,9924,9809,9510,9527,9572,9523,9520,9547,9611,9885,9689,9751,9607,9596,10302,9577,9588,9622,10442,10361,9867,9943,10561,10330,10441,10306,10528,10565,10504,10461,10578,10341,10435,10524,10280,10378,8025,8085,8173,8121,8214,8010,8113,8082,7915,8116,8245,8022,7812,7730,7711,7719,7708,7685,7704,7644,7713,7708,7730,7750,7788,7776,7682,7548,7630,7771,7790,7656,7680,7655,7696,7690,7680,7685,7718,7696,7550,7983,7860
ERR11219811,147,147,147,148,149,148,97,148,147,147,148,147,147,147,147,148,148,147,148,148,147,145,147,145,147,147,147,147,147,147,143,147,147,147,147,147,147,147,147,147,147,147,147,147,147,147,147,148,162,160,163,152,152,154,149,152,152,152,151,151,146,146,145,151,151,151,151,151,151,143,143,155,141,150,149,148,143,144,145,61,60,120,118,125,135,106,126,119,140,127,124,121,115,114,113,64,113,113,124,94,107,128,132,130,121,129,130,233,240,227,141,128,129,160,125,116,122,109,360,209,227,142,141,141,134,116,116,115,122,117,205,48,64,3,3,6,5,3,5,3,2,3,8,7,6,7,2,10,2,9,5,9,9,10,4,5,4,6,4,4,7,4,5,3,3,5,7,5,5,3,9,2,21,10,9,9,11,12,6,1,1,1,1,3,2,3,2,0,2,3,3,3,11,5,13,13,13,8,19,16,18,12,11,9,18,16,19,22,22,19,17,16,56,49,53,59,61,56,57,77,135,136,98,303,10307,10641,7046,10653,10586,10496,10638,10604,10607,10552,10414,10458,10425,10426,10419,10464,10447,10484,10629,10501,9662,9621,9647,9594,9929,9812,9513,9531,9576,9526,9521,9550,9614,9887,9693,9754,9608,9599,10305,9580,9590,9623,10445,10363,9872,9947,10563,10330,10444,10310,10532,10566,10507,10464,10580,10344,10439,10526,10284,10382,8028,8087,8177,8125,8217,8014,8117,8084,7918,8119,8247,8027,7814,7731,7713,7721,7713,7690,7710,7649,7718,7713,7733,7752,7790,7778,7685,7549,7634,7772,7792,7661,7685,7660,7701,7695,7685,7690,7720,7697,7553,7987,7862
ERR11420238,146,146,146,147,148,147,96,147,146,146,147,146,146,146,146,147,147,146,147,147,146,144,146,144,146,146,146,146,146,146,142,146,146,146,146,146,146,146,146,146,146,146,146,146,146,146,146,147,161,159,162,151,151,153,148,151,151,151,150,150,145,145,144,150,150,150,150,150,150,143,142,154,140,149,149,148,142,143,145,60,59,120,118,125,135,106,126,119,140,127,124,121,115,114,113,64,113,113,124,94,107,128,132,130,121,129,130,233,240,227,141,128,129,160,125,116,122,109,360,209,227,142,141,141,134,116,116,115,122,117,205,60,76,2,2,5,4,3,5,3,2,3,8,7,6,7,2,10,2,9,5,9,9,10,4,5,4,6,4,4,7,4,5,3,3,5,7,5,5,3,8,2,20,10,9,9,11,12,6,1,1,1,1,3,2,3,2,2,0,1,1,3,11,5,13,13,13,8,18,16,18,12,10,9,18,16,19,22,22,19,17,16,56,49,53,59,61,56,57,77,135,136,98,303,10307,10642,7047,10654,10586,10496,10639,10604,10608,10553,10414,10458,10426,10426,10419,10464,10447,10484,10630,10501,9662,9621,9647,9594,9929,9812,9513,9531,9576,9526,9521,9550,9614,9887,9693,9754,9609,9599,10305,9580,9591,9624,10446,10363,9872,9947,10565,10332,10444,10310,10532,10567,10507,10464,10581,10344,10439,10526,10284,10382,8030,8088,8179,8126,8219,8017,8118,8087,7919,8120,8249,8026,7815,7733,7713,7721,7712,7689,7709,7648,7717,7712,7733,7753,7791,7779,7685,7549,7634,7774,7793,7660,7684,7659,7700,7694,7684,7689,7721,7698,7553,7987,7862
ERR11437918,146,146,146,147,148,147,96,147,146,146,147,146,146,146,146,147,147,146,147,147,146,144,146,145,146,146,146,146,146,146,142,146,146,146,146,146,146,146,146,146,146,146,146,146,146,146,146,147,161,160,162,151,151,153,148,151,151,151,150,150,145,145,145,150,150,150,150,150,150,143,143,154,141,149,149,148,142,143,145,60,59,120,118,125,135,106,126,119,140,127,124,121,115,114,113,64,113,113,124,94,107,128,132,130,121,129,130,233,240,227,141,128,129,160,125,116,122,109,361,209,227,142,141,141,134,116,116,115,122,117,205,36,52,3,3,6,5,4,6,4,3,4,4,8,7,8,3,11,3,10,6,10,10,11,5,6,5,7,5,5,8,5,6,4,4,6,8,6,6,4,9,3,21,11,10,10,12,13,7,2,2,2,2,4,3,4,3,3,1,0,2,4,12,6,14,14,14,9,20,17,19,13,12,10,18,17,20,23,23,19,18,17,56,49,53,59,61,56,57,77,135,136,98,303,10307,10644,7049,10656,10586,10496,10641,10604,10610,10555,10414,10458,10428,10426,10419,10464,10447,10484,10630,10501,9662,9621,9647,9594,9929,9812,9513,9531,9576,9526,9523,9550,9614,9889,9693,9754,9611,9599,10305,9580,9593,9626,10444,10363,9870,9946,10566,10332,10444,10310,10532,10569,10507,10464,10583,10344,10439,10526,10284,10382,8031,8089,8179,8126,8221,8016,8116,8087,7920,8120,8251,8025,7817,7735,7713,7723,7712,7689,7709,7648,7717,7712,7735,7755,7793,7781,7685,7550,7634,7776,7795,7660,7684,7659,7700,7694,7684,7689,7723,7700,7553,7987,7862
ERR11807709,146,146,146,147,148,147,96,147,146,146,147,146,146,146,146,147,147,146,147,147,146,144,146,145,146,146,146,146,146,146,142,146,146,146,146,146,146,146,146,146,146,146,146,146,146,146,146,147,161,160,162,151,151,153,148,151,151,151,150,150,145,145,145,150,150,150,150,150,150,143,143,154,141,149,149,148,142,143,145,60,59,120,118,125,135,106,126,119,140,127,124,121,115,114,113,64,113,113,124,94,107,128,132,130,121,129,130,233,240,227,141,128,129,160,125,116,122,109,360,209,227,142,141,141,134,116,116,115,122,117,205,58,74,3,3,6,5,4,6,4,3,4,9,8,7,8,3,11,3,10,6,10,10,11,5,6,5,7,5,5,8,5,6,4,4,6,8,6,6,4,10,3,21,11,10,10,12,13,7,2,2,2,2,4,3,4,3,3,1,2,0,4,12,6,14,14,14,9,20,17,19,13,12,10,19,17,20,23,23,20,18,17,56,49,53,59,61,56,57,77,135,136,98,303,10307,10644,7049,10656,10586,10496,10641,10604,10610,10555,10414,10458,10428,10426,10419,10465,10447,10485,10630,10501,9662,9621,9647,9594,9929,9812,9513,9531,9576,9526,9523,9550,9614,9889,9693,9754,9611,9599,10305,9580,9593,9626,10445,10363,9872,9947,10567,10333,10444,10310,10532,10569,10507,10464,10583,10344,10439,10526,10284,10382,8031,8089,8180,8127,8220,8018,8117,8087,7921,8121,8250,8026,7817,7734,7713,7723,7712,7689,7709,7648,7717,7712,7735,7754,7792,7781,7685,7550,7634,7775,7795,7660,7684,7659,7700,7694,7684,7689,7723,7700,7553,7987,7862
ERR10880183,82,82,82,83,84,83,82,83,82,82,83,82,82,82,82,83,83,82,83,83,83,82,82,79,82,82,82,82,82,82,82,82,82,82,82,82,82,82,82,82,82,82,82,82,82,82,82,83,97,95,99,87,87,89,84,87,87,87,86,86,81,81,80,86,86,86,86,86,86,79,79,90,79,85,85,84,78,79,82,60,59,68,56,63,74,69,64,66,77,65,65,65,66,65,64,65,64,64,65,78,77,72,73,68,65,67,68,184,191,178,78,70,66,98,61,59,59,59,346,149,163,79,78,78,71,67,67,66,66,67,156,85,101,5,5,7,6,3,6,3,3,3,12,7,7,8,3,10,3,9,6,9,10,10,5,6,5,6,5,5,7,5,6,4,4,6,8,6,6,4,7,3,23,10,10,10,11,10,6,2,2,2,2,4,3,4,3,3,3,4,4,0,7,4,14,14,13,9,18,16,18,12,10,9,17,16,19,22,22,18,17,16,49,48,53,50,50,44,48,42,86,87,63,304,10308,10644,7049,10656,10587,10497,10641,10605,10610,10555,10415,10459,10428,10427,10420,10465,10448,10485,10630,10502,9663,9622,9648,9595,9930,9813,9514,9532,9577,9527,9523,9551,9615,9889,9694,9755,9611,9600,10306,9581,9593,9626,10447,10364,9872,9947,10566,10334,10445,10311,10533,10569,10508,10465,10583,10345,10440,10528,10285,10383,8030,8089,8179,8126,8220,8017,8119,8088,7920,8120,8250,8027,7817,7734,7713,7723,7713,7690,7710,7649,7718,7713,7735,7754,7792,7781,7686,7550,7635,7775,7795,7627,7651,7626,7667,7661,7651,7656,7723,7700,7554,7988,7863
ERR10880311,90,90,90,91,92,91,90,91,90,90,91,90,90,90,90,91,91,90,91,91,91,90,90,88,90,90,90,90,90,90,90,90,90,90,90,90,90,90,90,90,90,90,90,90,90,90,90,91,105,104,107,95,95,97,92,95,95,95,94,94,89,89,89,94,94,94,94,94,94,87,87,98,88,93,93,92,86,85,89,68,67,76,64,71,82,77,72,74,85,73,73,73,74,73,72,72,72,72,73,86,85,80,81,76,73,75,76,192,199,186,86,78,74,106,68,67,67,67,354,157,170,85,85,85,78,74,74,73,73,74,163,93,109,13,13,15,14,11,14,11,11,11,20,15,15,16,11,18,11,17,14,17,18,18,13,14,13,14,13,13,14,12,14,12,12,14,16,14,14,12,15,11,30,18,18,18,19,18,14,10,10,10,10,12,10,11,11,11,11,12,12,7,0,12,22,22,21,17,26,24,26,20,18,17,25,24,27,30,30,26,25,24,57,56,61,58,58,52,56,49,93,94,70,311,10315,10652,7057,10664,10594,10504,10649,10612,10618,10563,10422,10466,10436,10434,10427,10472,10455,10492,10637,10509,9670,9629,9655,9602,9937,9820,9521,9539,9584,9534,9531,9558,9622,9897,9701,9762,9619,9607,10313,9588,9601,9634,10455,10370,9880,9955,10575,10343,10452,10318,10540,10577,10515,10472,10591,10352,10447,10536,10292,10390,8029,8088,8178,8125,8219,8016,8116,8087,7919,8119,8249,8025,7815,7732,7715,7722,7712,7689,7709,7648,7717,7712,7735,7753,7790,7779,7683,7548,7632,7773,7793,7626,7650,7625,7666,7660,7648,7653,7721,7698,7551,7985,7860
ERR10109274,149,149,149,150,151,150,99,150,149,149,150,149,149,149,149,150,150,149,150,150,149,147,149,148,149,149,149,149,149,149,145,149,149,149,149,149,149,149,149,149,149,149,149,149,149,149,149,150,164,163,165,154,154,156,151,154,154,154,153,153,148,148,148,153,153,153,153,153,153,146,145,157,143,152,152,151,145,144,147,63,62,123,121,128,138,109,129,122,143,130,127,124,118,117,116,66,116,116,127,97,110,131,135,133,124,132,133,236,243,230,144,131,132,163,127,119,125,112,359,212,228,143,143,143,136,118,118,117,122,119,150,66,82,5,5,8,7,6,8,6,5,6,12,10,9,10,5,13,5,12,8,12,12,13,7,8,7,9,7,7,9,6,8,6,6,8,10,8,8,6,11,5,22,13,12,12,14,13,9,4,4,4,4,6,4,5,4,5,5,6,6,4,12,0,16,16,16,11,20,18,20,15,13,12,21,19,22,25,25,22,20,19,59,52,56,62,64,59,60,79,137,138,100,213,10194,10528,6932,10540,10468,10382,10527,10490,10496,10441,10413,10457,10427,10425,10418,10431,10413,10450,10592,10467,9664,9623,9649,9596,9919,9801,9515,9533,9578,9528,9525,9552,9612,9891,9694,9755,9613,9601,10307,9570,9595,9628,10448,10365,9875,9950,10569,10337,10446,10312,10534,10571,10509,10466,10585,10346,10441,10529,10286,10384,8023,8082,8172,8120,8212,8008,8108,8080,7913,8114,8242,8019,7809,7726,7710,7716,7706,7683,7703,7642,7711,7706,7729,7747,7784,7773,7677,7542,7626,7767,7787,7654,7678,7653,7694,7688,7676,7681,7715,7692,7545,7979,7855
ERR12552381,145,145,145,146,147,146,95,146,145,145,146,145,145,145,145,146,146,145,146,146,145,143,145,144,145,145,145,145,145,145,141,145,145,145,145,145,145,145,145,145,145,145,145,145,145,145,145,146,160,159,161,150,150,152,147,150,150,150,149,149,144,144,144,149,149,149,149,149,149,142,144,153,140,148,148,147,141,142,145,60,59,120,118,125,136,107,127,120,141,128,125,122,116,115,114,64,114,114,125,95,108,129,133,131,122,130,131,234,241,228,142,128,130,161,124,116,122,109,361,208,226,141,140,140,133,115,115,114,122,116,204,59,73,11,11,13,12,11,14,11,11,11,16,15,15,16,11,17,11,17,14,17,18,18,13,14,13,14,13,13,15,13,14,12,12,14,16,14,14,12,15,11,29,18,18,18,19,20,14,12,12,12,12,14,13,14,13,13,13,14,14,14,22,16,0,0,5,11,18,16,18,12,10,9,17,16,19,22,22,18,17,16,57,50,54,60,62,57,57,77,139,140,98,303,10307,10643,7048,10655,10586,10496,10640,10604,10609,10554,10415,10459,10428,10427,10420,10464,10447,10484,10630,10501,9663,9622,9647,9595,9929,9812,9513,9531,9576,9526,9522,9550,9614,9888,9694,9755,9610,9599,10306,9580,9592,9625,10447,10364,9874,9947,10565,10335,10445,10311,10533,10569,10508,10465,10583,10345,10440,10528,10284,10383,8029,8089,8178,8126,8219,8015,8116,8087,7918,8120,8249,8026,7816,7734,7712,7722,7712,7689,7709,7648,7717,7712,7734,7754,7792,7780,7685,7550,7634,7775,7794,7660,7684,7659,7700,7694,7684,7689,7722,7699,7553,7987,7862
ERR12552377,146,146,146,147,148,147,96,147,146,146,147,146,146,146,146,147,147,146,147,147,146,144,146,144,146,146,146,146,146,146,142,146,146,146,146,146,146,146,146,146,146,146,146,146,146,146,146,147,161,159,162,151,151,153,148,151,151,151,150,150,145,145,144,150,150,150,150,150,150,143,144,154,140,149,149,148,142,143,145,60,59,120,118,125,136,107,127,120,141,128,125,122,116,115,114,65,114,114,125,95,108,129,133,131,122,130,131,234,241,228,142,128,130,161,125,116,122,109,358,208,227,142,141,141,134,116,116,115,123,117,205,50,64,11,11,13,12,11,14,11,11,11,13,15,15,16,11,17,11,17,14,17,18,18,13,14,13,14,13,13,15,13,14,12,12,14,16,14,14,12,15,11,29,18,18,18,19,20,14,12,12,12,12,14,13,14,13,13,13,14,14,14,22,16,0,0,5,11,18,16,18,12,10,9,17,16,19,22,22,18,17,16,57,50,54,60,62,57,57,78,140,141,99,224,10287,10621,7027,10634,10566,10476,10618,10583,10588,10533,10413,10457,10425,10425,10418,10465,10448,10485,10630,10502,9664,9623,9648,9596,9904,9788,9514,9532,9577,9527,9522,9551,9612,9861,9695,9756,9610,9600,10307,9556,9585,9618,10446,10365,9874,9947,10564,10334,10446,10312,10534,10569,10509,10466,10583,10346,10441,10528,10285,10384,7978,8028,8115,8063,8152,7955,8058,8029,7867,8054,8182,7972,7758,7685,7659,7666,7659,7641,7652,7596,7661,7658,7675,7687,7729,7722,7632,7497,7577,7714,7736,7603,7632,7600,7643,7636,7630,7633,7673,7642,7498,7932,7808
ERR11896635,144,144,144,145,146,145,94,145,144,144,145,144,144,144,144,145,145,144,145,145,144,142,144,143,144,144,144,144,144,144,140,144,144,144,144,144,144,144,144,144,144,144,144,144,144,144,144,145,159,158,160,149,149,151,146,149,149,149,148,148,143,143,143,146,148,148,148,148,148,141,143,152,139,147,147,146,140,141,143,58,57,118,116,123,134,105,125,118,139,126,123,120,114,113,112,63,112,112,123,93,106,127,131,128,120,128,129,232,239,226,140,126,128,159,123,114,120,107,359,206,225,140,139,139,132,114,114,113,121,115,203,95,109,12,13,14,13,10,13,10,10,10,19,14,14,15,10,16,10,16,13,16,17,17,12,13,12,13,12,12,14,12,13,11,11,13,15,13,13,11,14,10,31,17,17,17,18,19,13,12,12,12,12,13,13,14,13,13,13,14,14,13,21,16,5,5,0,10,17,15,17,11,9,8,16,15,18,21,21,17,16,15,55,48,52,58,60,55,55,76,138,139,97,302,10306,10643,7048,10655,10585,10495,10640,10603,10609,10554,10414,10458,10428,10426,10419,10463,10446,10483,10629,10500,9662,9621,9646,9594,9928,9811,9512,9530,9575,9525,9522,9549,9613,9888,9693,9754,9610,9598,10305,9579,9592,9625,10444,10363,9871,9944,10564,10333,10444,10310,10532,10569,10507,10464,10583,10344,10439,10527,10283,10382,8028,8087,8177,8124,8218,8014,8115,8086,7917,8118,8248,8023,7816,7734,7711,7722,7711,7688,7708,7647,7716,7711,7734,7754,7792,7780,7684,7549,7633,7775,7794,7661,7685,7660,7701,7695,7685,7690,7722,7699,7552,7986,7861
ERR9079508,142,142,142,143,144,143,92,143,142,142,143,142,142,142,142,143,143,142,143,143,142,140,142,140,142,142,142,142,142,142,138,142,142,142,142,142,142,142,142,142,142,142,142,142,142,142,142,143,156,154,157,146,146,148,144,147,147,147,146,146,141,141,140,146,146,146,146,146,146,139,140,150,136,145,145,144,138,138,135,57,56,116,115,122,133,104,124,117,138,125,122,119,113,112,111,62,111,111,122,92,105,120,124,128,119,126,127,122,120,115,137,119,121,158,122,112,118,105,327,173,223,139,138,138,131,113,113,112,120,114,203,68,81,6,6,8,7,6,9,6,6,6,12,10,10,11,6,13,6,12,9,12,13,13,8,9,8,8,8,8,10,8,9,7,7,9,11,9,9,7,12,6,24,13,13,13,14,15,9,7,7,7,7,9,8,9,8,8,8,9,9,9,17,11,11,11,10,0,16,13,15,9,8,6,15,13,16,19,19,16,14,13,54,47,51,57,59,54,55,75,137,137,96,299,10194,10485,6866,10474,10434,10385,10464,10459,10427,10377,10288,10327,10297,10283,10293,10403,10387,10423,10567,10446,9658,9617,9643,9590,9751,9671,9509,9527,9572,9519,9517,9546,9576,9683,9547,9612,9595,9580,9593,9574,9551,9584,10383,10358,9871,9944,10561,10328,10369,10245,10442,10476,10429,10395,10576,10340,10363,10522,10280,10378,8026,8084,8175,8122,8215,8012,8113,8081,7915,8116,8245,8023,7673,7599,7657,7716,7708,7685,7705,7644,7713,7708,7728,7748,7786,7774,7681,7545,7630,7720,7788,7656,7680,7655,7696,7689,7675,7681,7629,7693,7549,7983,7859
ERR9420153,84,84,84,86,86,85,84,86,85,85,85,85,85,85,85,85,86,84,86,86,87,85,85,83,85,85,85,84,85,85,85,85,85,85,85,85,84,85,85,85,85,85,85,85,85,85,85,86,100,98,103,90,89,91,87,90,90,90,88,88,84,84,83,88,88,88,88,88,88,82,83,92,81,88,88,87,81,81,83,62,62,71,59,65,77,71,67,69,80,68,68,67,69,68,67,68,67,67,68,81,79,75,75,71,68,70,70,187,194,180,79,73,68,100,63,61,61,62,348,151,166,82,81,81,74,68,69,68,71,70,158,101,113,18,19,19,18,15,19,16,16,15,25,19,19,21,16,21,15,21,18,21,23,22,18,18,18,19,18,18,19,18,19,17,16,18,20,18,18,17,19,16,37,22,23,22,24,24,18,18,18,17,17,19,19,19,18,19,18,20,20,18,26,20,18,18,17,16,0,2,4,14,12,11,19,18,21,24,24,20,19,18,52,51,56,52,53,46,50,44,92,93,65,306,10311,10645,7050,10657,10590,10500,10642,10608,10611,10556,10418,10462,10429,10430,10423,10467,10450,10487,10633,10504,9666,9625,9650,9598,9932,9815,9516,9534,9579,9529,9524,9553,9617,9889,9697,9758,9611,9602,10309,9583,9594,9627,10450,10366,9876,9949,10567,10336,10448,10314,10536,10570,10511,10468,10584,10348,10443,10530,10287,10386,8029,8088,8178,8125,8219,8016,8119,8087,7918,8119,8249,8027,7815,7733,7715,7722,7714,7691,7711,7650,7719,7714,7734,7754,7791,7779,7686,7550,7635,7774,7793,7629,7653,7628,7669,7663,7651,7656,7721,7698,7554,7988,7863
ERR10117717,80,80,80,81,82,81,80,81,80,80,81,80,80,80,80,81,81,80,81,81,82,80,80,79,80,80,80,80,80,80,80,80,80,80,80,80,80,80,80,80,80,80,80,80,80,80,80,81,95,94,98,85,85,87,82,85,85,85,84,84,79,79,79,84,84,84,84,84,84,77,79,88,77,83,83,82,77,78,79,59,58,67,55,62,73,68,63,65,76,64,64,64,65,64,63,64,63,63,64,77,76,71,72,67,64,66,67,183,190,177,76,69,65,96,60,58,58,58,346,147,162,78,77,77,70,65,65,64,67,66,154,98,110,15,16,17,16,13,16,13,13,13,22,17,17,18,13,19,13,19,16,19,20,20,15,16,15,16,15,15,17,15,17,14,14,16,18,16,16,14,17,13,34,20,20,20,21,22,16,15,15,15,15,16,16,17,16,16,16,17,17,16,24,18,16,16,15,13,2,0,2,12,10,9,17,16,19,22,22,18,17,16,48,47,52,49,49,43,46,41,89,90,62,303,10308,10643,7048,10655,10587,10497,10640,10605,10609,10554,10415,10459,10427,10427,10420,10464,10447,10484,10630,10501,9663,9622,9647,9595,9929,9812,9513,9531,9576,9526,9521,9550,9614,9887,9694,9755,9609,9599,10306,9580,9592,9625,10447,10363,9873,9946,10565,10334,10445,10311,10533,10568,10508,10465,10582,10345,10440,10527,10284,10383,8024,8083,8173,8120,8214,8011,8113,8082,7913,8114,8244,8021,7810,7728,7712,7717,7708,7685,7705,7644,7713,7708,7729,7749,7786,7774,7680,7545,7629,7769,7788,7623,7647,7622,7663,7657,7645,7650,7716,7693,7548,7982,7857
ERR6806600,82,82,82,83,84,83,82,83,82,82,83,82,82,82,82,83,83,82,83,83,84,82,82,80,82,82,82,82,82,82,82,82,82,82,82,82,82,82,82,82,82,82,82,82,82,82,82,83,97,95,100,87,87,89,84,87,87,87,86,86,81,81,80,86,86,86,86,86,86,79,80,90,78,85,85,84,79,80,82,61,60,69,57,64,75,70,65,67,78,66,66,66,67,66,65,66,65,65,66,79,78,73,74,69,66,68,69,185,192,179,78,71,67,98,62,60,60,60,348,149,164,80,79,79,72,66,67,66,69,68,156,100,113,17,18,19,18,15,18,15,15,15,24,19,19,20,15,21,15,21,18,21,22,22,17,18,17,18,17,17,19,17,19,16,16,18,20,18,18,16,19,15,36,22,22,22,23,24,18,17,17,17,17,18,18,19,18,18,18,19,19,18,26,20,18,18,17,15,4,2,0,14,12,11,19,18,21,24,24,20,19,18,51,50,55,52,52,46,49,44,91,92,64,305,10309,10643,7049,10655,10588,10498,10640,10606,10609,10554,10416,10460,10427,10428,10421,10465,10448,10485,10631,10502,9664,9623,9648,9596,9930,9813,9514,9532,9577,9527,9522,9551,9615,9887,9695,9756,9609,9600,10307,9581,9592,9625,10448,10365,9874,9947,10565,10334,10446,10312,10534,10568,10509,10466,10582,10346,10441,10529,10286,10384,8025,8084,8174,8121,8215,8012,8115,8083,7914,8115,8245,8023,7811,7729,7712,7718,7711,7688,7708,7647,7716,7711,7731,7750,7787,7775,7682,7546,7631,7770,7789,7625,7649,7624,7665,7659,7647,7652,7717,7694,7550,7984,7859
ERR7197757,74,74,74,75,76,75,74,75,74,74,75,74,74,74,74,75,75,74,75,75,76,74,74,73,74,74,74,74,74,74,74,74,74,74,74,74,74,74,74,74,74,74,74,74,74,74,74,75,88,87,91,79,79,81,76,79,79,79,78,78,73,73,73,78,78,78,78,78,78,71,73,82,72,77,77,76,71,71,75,53,52,61,49,56,67,62,57,59,70,58,58,58,59,58,57,57,57,57,58,71,70,65,66,61,58,60,61,177,184,171,70,62,59,91,53,52,52,52,340,142,156,72,71,71,64,60,60,59,61,60,149,94,108,11,12,13,12,9,12,9,9,9,18,12,12,14,9,16,9,15,12,15,16,16,11,12,11,12,11,11,13,11,13,10,10,12,14,12,12,10,13,9,30,16,16,16,17,18,12,11,11,11,10,12,12,13,12,12,12,13,13,12,20,15,12,12,11,9,14,12,14,0,1,3,11,9,13,16,16,12,11,10,42,41,46,43,43,37,41,34,82,83,55,296,10301,10636,7041,10648,10580,10490,10633,10598,10602,10547,10408,10452,10420,10420,10413,10459,10441,10479,10625,10495,9656,9615,9641,9588,9923,9806,9507,9525,9570,9520,9515,9544,9608,9881,9687,9748,9603,9593,10299,9574,9585,9618,10440,10357,9867,9940,10557,10327,10438,10304,10526,10561,10501,10458,10575,10338,10433,10521,10278,10376,8016,8076,8165,8113,8206,8002,8105,8074,7905,8107,8236,8014,7803,7721,7705,7710,7701,7678,7698,7637,7706,7701,7722,7742,7779,7767,7673,7538,7622,7762,7781,7616,7640,7615,7656,7650,7638,7643,7709,7686,7541,7975,7850
ERR6806028,76,76,76,78,78,77,76,78,77,77,77,77,77,77,77,77,78,76,78,78,79,77,77,75,77,77,77,76,77,77,77,77,77,77,77,77,76,77,77,77,77,77,77,77,77,77,77,78,92,90,95,82,81,83,79,82,82,82,80,80,76,76,75,80,80,80,80,80,80,73,76,84,74,80,79,78,74,71,73,53,53,61,49,55,67,61,57,59,70,58,58,57,59,58,57,58,57,57,58,71,69,65,65,61,58,60,60,177,184,170,70,63,58,91,53,51,51,52,340,142,156,71,71,71,64,59,60,59,61,60,149,93,106,10,11,11,10,7,11,8,8,7,17,11,11,13,8,14,7,13,10,13,15,14,10,10,10,11,10,10,10,9,11,9,8,10,12,10,10,9,11,8,28,14,15,14,16,16,10,10,10,9,9,11,10,10,10,11,10,12,12,10,18,13,10,10,9,8,12,10,12,1,0,1,9,8,11,14,14,10,9,8,42,41,46,42,43,36,41,34,82,83,55,296,10301,10634,7039,10646,10580,10490,10631,10598,10600,10545,10408,10452,10418,10420,10413,10459,10441,10479,10624,10495,9656,9615,9641,9588,9923,9806,9507,9525,9570,9520,9514,9544,9608,9880,9687,9748,9601,9593,10299,9574,9583,9616,10440,10357,9867,9940,10556,10325,10438,10304,10526,10559,10501,10458,10573,10338,10433,10521,10278,10376,8020,8079,8169,8116,8210,8006,8112,8078,7910,8110,8240,8020,7806,7723,7705,7714,7707,7684,7704,7643,7712,7707,7726,7745,7782,7770,7678,7542,7627,7764,7784,7619,7643,7618,7659,7653,7643,7648,7712,7689,7546,7980,7855
ERR9288082,72,72,72,73,74,73,72,73,72,72,73,72,72,72,72,73,73,72,73,73,74,72,72,71,72,72,72,72,72,72,72,72,72,72,72,72,72,72,72,72,72,72,72,72,72,72,72,73,87,86,90,77,77,79,74,77,77,77,76,76,71,71,71,76,76,76,76,76,76,69,72,80,70,75,75,74,69,69,70,50,49,58,46,53,64,59,54,56,67,55,55,55,56,55,54,55,54,54,55,68,67,62,63,58,55,57,58,174,181,168,68,60,56,88,51,49,49,49,337,139,153,69,68,68,61,57,57,56,58,57,146,91,103,8,9,10,9,6,9,6,6,6,15,10,10,11,6,13,6,12,9,12,13,13,8,9,8,9,8,8,10,8,10,7,7,9,11,9,9,7,10,6,27,13,13,13,14,15,9,8,8,8,8,9,9,10,9,9,9,10,10,9,17,12,9,9,8,6,11,9,11,3,1,0,8,7,10,13,13,9,8,7,39,38,43,40,40,34,38,32,80,81,53,294,10299,10632,7037,10644,10578,10488,10629,10596,10598,10543,10406,10450,10416,10418,10411,10456,10439,10476,10622,10493,9654,9613,9639,9586,9921,9804,9505,9523,9568,9518,9512,9542,9606,9877,9685,9746,9599,9591,10297,9572,9581,9614,10437,10354,9864,9937,10553,10322,10436,10302,10524,10557,10499,10456,10571,10336,10431,10518,10276,10374,8012,8071,8161,8108,8202,7999,8103,8070,7901,8102,8232,8011,7799,7717,7703,7706,7699,7676,7696,7635,7704,7699,7718,7738,7775,7763,7671,7536,7620,7758,7777,7614,7638,7613,7654,7648,7636,7641,7705,7682,7539,7973,7848
ERR11455881,83,83,83,85,85,84,83,85,84,84,85,84,84,84,84,84,85,83,85,85,86,84,84,80,83,84,84,83,84,84,84,84,84,84,84,84,83,84,84,84,84,84,84,84,84,84,84,85,99,96,99,89,89,90,86,89,89,89,87,87,83,83,81,87,86,86,86,86,86,80,83,92,80,87,86,85,81,81,81,61,61,67,56,64,74,69,65,67,78,66,66,65,67,65,65,66,65,65,65,79,78,73,73,68,66,68,68,185,192,178,78,70,66,99,62,59,59,60,347,148,163,80,79,79,72,67,67,67,69,68,157,100,112,17,18,19,17,14,18,14,14,14,24,19,18,19,14,21,15,21,17,20,21,21,16,17,17,17,16,16,18,16,18,15,15,17,19,17,17,15,18,15,36,21,22,22,23,23,17,17,16,17,16,17,18,18,17,18,18,18,19,17,25,21,17,17,16,15,19,17,19,11,9,8,0,15,18,21,21,17,16,15,50,48,53,51,49,44,48,42,90,91,63,304,10309,10643,7048,10655,10588,10498,10640,10606,10609,10554,10416,10460,10427,10428,10421,10466,10448,10485,10631,10503,9664,9623,9649,9596,9931,9814,9515,9533,9578,9528,9523,9552,9615,9889,9695,9756,9610,9601,10307,9582,9592,9625,10448,10364,9874,9947,10564,10333,10445,10311,10533,10567,10508,10465,10581,10345,10441,10527,10285,10384,8030,8089,8179,8126,8220,8015,8119,8087,7920,8120,8250,8029,7816,7733,7714,7723,7715,7692,7712,7651,7720,7715,7735,7754,7792,7780,7687,7550,7636,7774,7794,7628,7652,7627,7668,7661,7652,7657,7722,7699,7555,7989,7864
ERR6806632,77,77,77,78,79,78,77,78,77,77,78,77,77,77,77,78,78,77,78,78,79,77,77,76,77,77,77,77,77,77,77,77,77,77,77,77,77,77,77,77,77,77,77,77,77,77,77,78,92,91,95,82,82,84,79,82,82,82,81,81,76,76,76,81,81,81,81,81,81,74,77,85,75,80,80,79,74,74,76,55,54,63,51,58,69,64,59,61,72,60,60,60,61,60,59,60,59,59,60,73,72,67,68,63,60,62,63,179,186,173,73,64,61,93,56,54,54,54,344,144,158,74,73,73,66,62,62,61,63,62,151,98,111,15,16,17,16,13,16,13,13,13,22,17,17,18,13,20,13,19,16,19,20,20,15,16,15,16,15,15,17,15,17,14,14,16,18,16,16,14,17,13,34,20,20,20,21,22,16,15,15,15,15,16,16,17,16,16,16,17,17,16,24,19,16,16,15,13,18,16,18,9,8,7,15,0,15,18,18,14,13,12,44,43,48,45,45,39,43,37,80,81,58,299,10303,10639,7044,10651,10582,10492,10636,10600,10605,10550,10410,10454,10423,10422,10415,10460,10443,10480,10626,10497,9658,9617,9643,9590,9925,9808,9509,9527,9572,9522,9518,9546,9610,9884,9689,9750,9606,9595,10301,9576,9588,9621,10442,10358,9868,9942,10561,10330,10440,10306,10528,10564,10503,10460,10578,10340,10435,10523,10280,10378,8020,8079,8169,8116,8210,8007,8108,8078,7909,8110,8240,8016,7806,7724,7705,7713,7704,7681,7701,7640,7709,7704,7726,7745,7782,7770,7675,7540,7624,7765,7784,7618,7642,7617,7658,7652,7640,7645,7712,7689,7543,7977,7852
ERR4451478,88,88,88,89,90,89,88,89,88,88,89,88,88,88,88,89,89,88,89,89,90,88,88,85,88,88,88,88,88,88,88,88,88,88,88,88,88,88,88,88,88,88,87,88,83,88,88,89,103,101,105,93,93,95,90,93,93,93,92,92,87,87,86,92,92,92,92,92,92,85,87,96,84,91,91,90,85,85,88,60,59,74,62,69,80,75,70,72,83,71,71,71,72,65,64,71,70,70,71,84,83,78,79,74,71,73,74,184,191,178,84,76,72,104,67,65,65,65,353,154,168,84,83,83,76,66,66,65,73,72,155,101,115,18,19,20,19,16,19,16,16,16,25,20,20,21,16,23,16,22,19,22,23,23,18,19,18,19,18,18,20,18,20,17,17,19,21,19,19,17,20,16,37,23,23,23,24,25,19,18,18,18,18,19,19,20,19,19,19,20,20,19,27,22,19,19,18,16,21,19,21,13,11,10,18,15,0,19,19,15,14,13,55,54,59,56,56,50,54,42,90,91,63,302,10306,10641,7045,10653,10587,10497,10638,10605,10607,10552,10414,10458,10424,10426,10420,10464,10446,10484,10630,10502,9662,9621,9647,9595,9929,9812,9514,9532,9576,9526,9521,9550,9613,9886,9693,9754,9607,9600,10306,9580,9590,9623,10445,10363,9873,9945,10561,10331,10445,10311,10532,10565,10508,10464,10580,10345,10439,10527,10284,10383,8024,8083,8172,8120,8213,8008,8114,8081,7914,8112,8243,8025,7814,7730,7713,7719,7712,7689,7708,7649,7717,7712,7731,7750,7788,7778,7686,7550,7635,7771,7790,7627,7651,7626,7667,7660,7651,7656,7720,7697,7554,7988,7863
ERR12302226,83,83,83,84,85,84,83,84,83,83,84,83,83,83,83,84,84,83,84,84,85,83,83,82,83,83,83,83,83,83,83,83,83,83,83,83,83,83,83,83,83,83,83,83,83,83,83,84,98,97,100,88,88,90,85,88,88,88,87,87,82,82,82,87,87,87,87,87,87,80,82,91,81,86,86,85,79,80,81,61,60,69,57,64,75,70,65,67,78,66,66,66,67,66,65,66,65,65,66,79,78,73,74,69,66,68,69,185,192,179,79,71,67,99,62,60,60,60,348,150,164,80,79,79,72,68,68,67,69,68,157,104,116,21,22,23,22,19,22,19,19,19,28,23,23,24,19,26,19,25,22,25,26,26,21,22,21,22,21,21,23,21,23,20,20,22,24,22,22,20,23,19,40,26,26,26,27,28,22,21,21,21,21,22,22,23,22,22,22,23,23,22,30,25,22,22,21,19,24,22,24,16,14,13,21,18,19,0,2,4,5,6,50,49,54,51,51,45,49,43,91,92,64,305,10310,10643,7048,10655,10589,10499,10640,10607,10609,10554,10417,10461,10427,10429,10422,10467,10450,10487,10633,10504,9665,9624,9650,9597,9931,9814,9516,9534,9579,9529,9523,9553,9617,9888,9696,9757,9610,9602,10308,9583,9592,9625,10449,10365,9875,9948,10565,10334,10447,10313,10534,10568,10510,10467,10582,10347,10442,10529,10287,10385,8030,8089,8179,8126,8220,8016,8121,8088,7919,8120,8250,8029,7816,7734,7715,7722,7715,7692,7712,7651,7720,7715,7734,7754,7792,7780,7688,7553,7637,7775,7794,7629,7653,7628,7669,7663,7653,7658,7722,7699,7556,7990,7865
ERR12552384,85,85,85,86,87,86,85,86,85,85,86,85,85,85,85,86,86,85,86,86,87,85,85,83,85,85,85,85,85,85,85,85,85,85,85,85,85,85,85,85,85,85,85,85,85,85,85,86,100,98,102,90,90,92,87,90,90,90,89,89,84,84,83,89,89,89,89,89,89,81,83,93,82,88,87,86,81,82,82,63,62,70,58,65,76,71,66,68,79,67,67,67,68,67,66,67,66,66,67,80,79,74,75,70,67,69,70,186,193,180,80,72,68,100,63,61,61,61,350,151,165,81,80,80,73,69,69,68,70,69,158,104,116,21,22,23,22,19,22,19,19,19,28,23,23,24,19,26,19,25,22,25,26,26,21,22,21,22,21,21,23,21,23,20,20,22,24,22,22,20,23,19,40,26,26,26,27,28,22,21,21,21,21,22,22,23,22,22,22,23,23,22,30,25,22,22,21,19,24,22,24,16,14,13,21,18,19,2,0,4,5,6,51,50,55,52,52,46,50,44,92,93,65,306,10311,10648,7053,10660,10590,10500,10645,10608,10614,10559,10418,10462,10432,10430,10423,10468,10451,10488,10633,10505,9666,9625,9651,9598,9932,9815,9517,9535,9580,9530,9527,9554,9618,9894,9697,9758,9615,9603,10309,9584,9597,9630,10450,10367,9876,9950,10570,10339,10448,10314,10535,10573,10511,10468,10587,10348,10443,10530,10288,10386,8035,8094,8184,8131,8225,8021,8123,8093,7925,8125,8255,8031,7821,7738,7716,7728,7717,7694,7714,7653,7722,7717,7740,7759,7797,7785,7689,7553,7638,7779,7799,7630,7654,7629,7670,7664,7654,7659,7727,7704,7557,7991,7866
ERR12067334,79,79,79,81,81,80,79,81,80,80,81,80,80,80,80,80,81,79,81,81,82,80,80,79,80,80,80,79,80,80,80,80,80,80,80,80,79,80,80,80,80,80,80,80,80,80,80,81,95,94,98,85,85,86,82,85,85,85,83,83,79,79,79,83,83,83,83,83,83,77,79,88,78,83,83,82,76,77,80,57,57,65,53,61,71,66,62,64,75,63,63,62,64,62,62,63,62,62,62,76,75,70,70,65,63,65,65,182,189,175,75,67,63,96,59,56,56,57,346,146,161,77,76,76,69,64,64,64,66,65,154,101,115,18,19,20,18,15,19,15,15,15,25,20,19,20,15,22,16,22,18,21,22,22,17,18,18,18,17,17,19,17,19,16,16,18,20,18,18,16,19,16,37,22,23,23,24,24,18,18,17,18,17,18,19,19,18,19,19,19,20,18,26,22,18,18,17,16,20,18,20,12,10,9,17,14,15,4,4,0,1,2,47,45,50,48,47,41,45,39,87,88,60,301,10306,10641,7046,10653,10585,10495,10638,10603,10607,10552,10413,10457,10425,10425,10418,10463,10446,10483,10629,10500,9661,9620,9646,9593,9927,9810,9512,9530,9575,9525,9520,9549,9613,9886,9692,9753,9608,9598,10304,9579,9590,9623,10445,10362,9871,9945,10563,10332,10443,10309,10530,10566,10506,10463,10580,10343,10438,10526,10283,10381,8028,8087,8177,8124,8218,8015,8117,8086,7917,8118,8248,8025,7814,7732,7711,7720,7711,7688,7708,7647,7716,7711,7732,7752,7790,7778,7684,7549,7633,7773,7792,7625,7649,7624,7665,7659,7649,7654,7720,7697,7552,7986,7861
ERR10880424,79,79,79,80,81,80,79,80,79,79,80,79,79,79,79,80,80,79,80,80,81,79,79,77,79,79,79,79,79,79,79,79,79,79,79,79,79,79,79,79,79,79,79,79,79,79,79,80,94,92,97,84,84,86,81,84,84,84,83,83,78,78,77,83,83,83,83,83,83,76,77,87,76,82,82,81,75,75,78,57,56,65,53,60,71,66,61,63,74,62,62,62,63,62,61,62,61,61,62,75,74,69,70,65,62,64,65,181,188,175,75,67,63,95,58,56,56,56,346,146,160,75,75,75,68,64,64,63,65,64,153,99,113,16,17,18,17,14,17,14,14,14,23,18,18,19,14,21,14,20,17,20,21,21,16,17,16,17,16,16,17,15,18,15,15,17,19,17,17,15,18,14,34,21,21,21,22,23,17,16,16,16,16,17,16,17,17,17,17,18,18,17,25,20,17,17,16,14,19,17,19,11,9,8,16,13,14,5,5,1,0,1,46,45,50,47,47,41,45,39,87,88,60,301,10306,10640,7045,10652,10585,10495,10637,10603,10606,10551,10413,10457,10424,10425,10418,10463,10445,10482,10629,10500,9661,9620,9646,9593,9927,9810,9512,9530,9575,9525,9520,9549,9612,9885,9692,9753,9607,9598,10304,9579,9589,9622,10445,10361,9871,9945,10562,10331,10443,10309,10530,10565,10506,10463,10579,10343,10438,10526,10283,10381,8019,8078,8168,8115,8209,8005,8108,8077,7908,8109,8239,8017,7805,7723,7708,7712,7705,7682,7702,7641,7710,7705,7725,7744,7781,7769,7676,7540,7625,7764,7783,7619,7643,7618,7659,7653,7641,7646,7711,7688,7544,7978,7853
ERR10123158,77,77,77,78,79,78,77,78,77,77,78,77,77,77,77,78,78,77,78,78,79,77,77,75,77,77,77,77,77,77,77,77,77,77,77,77,77,77,77,77,77,77,77,77,77,77,77,78,92,90,95,82,82,84,79,82,82,82,81,81,76,76,75,81,81,81,81,81,81,74,76,85,74,80,80,79,73,75,76,56,55,64,52,59,70,65,60,62,73,61,61,61,62,61,60,61,60,60,61,74,73,68,69,64,61,63,64,180,187,174,74,66,62,94,57,55,55,55,343,145,159,75,74,74,67,63,63,62,64,63,152,98,110,15,16,17,16,13,16,13,13,13,22,17,17,18,13,20,13,19,16,19,20,20,15,16,15,16,15,15,17,15,17,14,14,16,18,16,16,14,17,13,34,20,20,20,21,22,16,15,15,15,15,16,16,17,16,16,16,17,17,16,24,19,16,16,15,13,18,16,18,10,8,7,15,12,13,6,6,2,1,0,45,44,49,46,46,40,44,38,86,87,59,300,10305,10640,7045,10652,10584,10494,10637,10602,10606,10551,10412,10456,10424,10424,10417,10462,10445,10482,10628,10499,9660,9619,9645,9592,9927,9810,9511,9529,9574,9524,9519,9548,9612,9885,9691,9752,9607,9597,10303,9578,9589,9622,10444,10361,9870,9944,10562,10331,10442,10308,10529,10565,10505,10462,10579,10342,10437,10524,10282,10380,8024,8083,8173,8120,8214,8010,8113,8082,7913,8114,8244,8021,7810,7728,7710,7716,7707,7684,7704,7643,7712,7707,7728,7748,7786,7774,7680,7544,7629,7769,7788,7622,7646,7621,7662,7656,7645,7650,7716,7693,7548,7982,7857
ERR10176869,89,89,89,90,89,88,89,90,89,89,90,89,89,89,89,90,90,89,90,90,90,89,89,86,89,89,89,89,89,89,89,89,89,89,89,89,89,89,89,89,89,89,89,89,89,89,89,90,104,103,106,94,94,96,92,94,94,94,93,93,88,88,88,93,94,94,94,94,94,86,88,97,86,92,92,91,86,81,90,68,67,76,64,71,81,76,71,73,84,70,72,72,73,80,79,68,68,68,69,82,81,76,77,72,69,72,73,201,207,194,88,74,74,108,65,67,67,67,354,157,203,119,121,121,145,117,114,114,108,109,203,137,153,64,55,58,48,54,57,54,53,55,62,59,61,59,54,62,55,60,58,59,60,67,56,56,55,61,57,61,56,54,59,55,55,49,51,49,50,55,52,54,72,62,60,61,61,63,58,56,55,55,55,57,55,55,55,56,56,56,56,49,57,59,57,57,55,54,52,48,51,42,42,39,50,44,55,50,51,47,46,45,0,3,8,5,8,7,57,45,228,229,74,308,10325,10644,7049,10656,10590,10500,10641,10608,10610,10555,10418,10462,10428,10430,10423,10468,10450,10488,10634,10505,9666,9625,9651,9598,9933,9816,9517,9535,9580,9530,9524,9554,9618,9889,9697,9758,9611,9603,10309,9584,9593,9626,10655,10366,10103,10164,10812,10573,10448,10314,10535,10569,10511,10468,10583,10348,10443,11862,10288,10386,8345,8415,8508,8455,8550,8340,8229,8403,8243,8450,8583,8343,7808,7726,7743,7715,7709,7686,7706,7645,7714,7709,7728,7747,7784,7772,7680,7575,7656,7767,7786,7623,7647,7622,7663,7657,7645,7650,7714,7691,7548,7982,7858
ERR10880230,88,88,88,89,88,87,88,89,88,88,89,88,88,88,88,89,89,88,89,89,89,88,88,85,88,88,88,88,88,88,88,88,88,88,88,88,88,88,88,88,88,88,88,88,88,88,88,89,103,102,105,93,93,95,91,93,93,93,92,92,87,87,87,92,93,93,93,93,93,85,87,96,85,91,91,90,85,81,90,67,66,75,63,70,80,75,70,72,83,69,71,71,72,73,72,67,67,67,68,81,80,75,76,71,68,71,72,194,200,187,87,73,73,107,64,66,66,66,356,156,256,173,174,174,144,164,161,161,161,162,250,131,147,57,48,51,47,47,50,47,46,48,55,52,54,52,47,55,48,53,51,52,53,60,49,49,48,54,50,54,50,48,52,48,48,48,50,48,49,48,50,47,66,55,53,54,54,56,51,49,48,48,48,50,49,49,48,49,49,49,49,48,56,52,50,50,48,47,51,47,50,41,41,38,48,43,54,49,50,45,45,44,3,0,7,4,7,6,56,44,227,228,67,307,10324,10647,7052,10659,10589,10499,10644,10607,10613,10558,10417,10461,10431,10429,10422,10467,10450,10487,10633,10504,9665,9624,9650,9597,9932,9815,9516,9534,9579,9529,9526,9553,9617,9892,9696,9757,9614,9602,10308,9583,9596,9629,10655,10366,10103,10163,10812,10578,10447,10313,10535,10572,10510,10467,10586,10347,10442,11856,10287,10385,8343,8416,8507,8455,8548,8339,8227,8410,8241,8450,8581,8340,7814,7732,7743,7721,7711,7688,7708,7647,7716,7711,7734,7753,7790,7778,7682,7577,7658,7773,7792,7625,7649,7624,7665,7659,7647,7652,7720,7697,7550,7984,7859
ERR11453719,93,93,93,94,93,92,93,94,93,93,94,93,93,93,93,94,94,93,94,94,94,93,93,90,93,93,93,93,93,93,93,93,93,93,93,93,93,93,93,93,93,93,93,93,93,93,93,94,108,107,110,98,98,100,96,98,98,98,97,97,92,92,92,97,98,98,98,98,98,90,91,101,90,96,96,95,90,86,95,72,71,80,68,75,85,80,75,77,88,74,76,76,77,77,76,72,72,72,73,86,85,80,81,76,73,76,77,198,204,191,92,78,78,112,69,71,71,71,358,161,181,98,99,99,149,88,85,85,86,87,174,134,150,61,52,55,52,51,54,51,50,52,59,56,58,56,51,59,52,57,55,56,57,64,53,53,52,58,54,58,54,52,56,52,52,53,55,53,54,52,55,51,70,59,57,58,58,60,55,53,52,52,52,54,53,53,52,53,53,53,53,53,61,56,54,54,52,51,56,52,55,46,46,43,53,48,59,54,55,50,50,49,8,7,0,5,12,11,61,49,232,233,71,312,10329,10650,7055,10662,10594,10504,10647,10612,10616,10561,10422,10466,10434,10434,10427,10472,10455,10492,10638,10509,9670,9629,9655,9602,9937,9820,9521,9539,9584,9534,9529,9558,9622,9895,9701,9762,9617,9607,10313,9588,9599,9632,10659,10371,10107,10167,10814,10580,10452,10318,10540,10575,10515,10472,10589,10352,10447,11860,10292,10390,8350,8423,8514,8462,8554,8346,8236,8418,8248,8457,8588,8349,7823,7741,7751,7729,7720,7697,7717,7656,7725,7720,7741,7761,7799,7787,7693,7588,7669,7782,7801,7634,7658,7633,7674,7668,7658,7663,7729,7706,7561,7995,7870
ERR10880157,92,92,92,93,92,91,92,93,92,92,93,92,92,92,92,93,93,92,93,93,93,92,92,89,92,92,92,92,92,92,92,92,92,92,92,92,92,92,92,92,92,92,92,92,92,92,92,93,107,106,109,97,97,99,95,97,97,97,96,96,91,91,91,96,97,97,97,97,97,88,91,100,89,95,94,93,89,84,92,70,69,77,65,72,82,77,72,74,85,71,73,73,74,83,82,69,69,69,70,83,82,77,78,73,70,73,74,204,210,197,89,75,75,109,66,68,68,68,356,158,256,173,174,174,146,172,169,169,161,162,258,140,156,67,58,61,49,57,60,57,56,58,65,62,64,62,57,65,58,63,61,62,63,70,59,59,58,64,60,64,60,58,62,58,58,50,52,50,51,58,52,57,76,65,63,64,64,66,61,59,58,58,58,60,59,59,58,59,59,59,59,50,58,62,60,60,58,57,52,49,52,43,42,40,51,45,56,51,52,48,47,46,5,4,5,0,9,8,58,46,229,230,77,309,10326,10649,7054,10661,10591,10501,10646,10609,10615,10560,10419,10463,10433,10431,10424,10469,10451,10488,10634,10506,9667,9626,9652,9599,9934,9817,9518,9536,9581,9531,9528,9555,9618,9895,9698,9759,9616,9604,10310,9585,9598,9631,10657,10368,10105,10165,10814,10580,10449,10315,10537,10574,10512,10469,10588,10349,10444,11866,10289,10387,8359,8431,8523,8471,8563,8354,8241,8418,8258,8466,8596,8356,7822,7739,7748,7729,7718,7695,7715,7654,7723,7718,7741,7760,7798,7786,7690,7585,7666,7780,7800,7631,7655,7630,7671,7665,7655,7660,7728,7705,7558,7992,7867
ERR11872767,90,90,90,91,90,89,90,91,90,90,91,90,90,90,90,91,91,90,91,91,90,90,90,88,90,90,90,90,90,90,90,90,90,90,90,90,90,90,90,90,90,90,90,90,90,90,90,91,105,104,107,95,95,97,93,95,95,95,94,94,89,89,89,94,95,95,95,95,95,87,89,98,87,93,93,92,87,81,91,69,68,77,65,72,81,76,71,73,84,70,72,72,73,84,83,68,68,68,69,82,81,76,77,72,69,72,73,206,212,199,89,75,75,108,66,68,68,68,356,158,280,197,198,198,146,198,194,195,185,186,284,142,158,69,60,63,49,59,62,59,58,60,67,64,66,64,59,67,60,65,63,64,65,72,61,61,60,66,62,66,62,60,64,60,60,50,52,50,51,60,52,59,78,67,65,66,66,68,63,61,60,60,60,62,61,61,60,61,61,61,61,50,58,64,62,62,60,59,53,49,52,43,43,40,49,45,56,51,52,47,47,46,8,7,12,9,0,7,57,46,229,230,79,308,10325,10646,7051,10658,10590,10500,10643,10608,10612,10557,10418,10462,10430,10430,10423,10469,10451,10489,10634,10505,9666,9625,9651,9598,9933,9816,9517,9535,9580,9530,9525,9554,9618,9891,9697,9758,9613,9603,10309,9584,9595,9628,10655,10367,10102,10163,10810,10575,10448,10314,10535,10571,10511,10468,10585,10348,10443,11867,10288,10386,8356,8429,8520,8468,8561,8352,8243,8413,8254,8463,8594,8356,7819,7735,7747,7725,7716,7693,7713,7652,7721,7716,7737,7756,7794,7783,7689,7584,7665,7777,7797,7631,7655,7630,7671,7665,7655,7660,7725,7702,7557,7991,7866
ERR6752889,85,85,85,86,85,84,85,86,85,85,86,85,85,85,85,86,86,85,86,86,86,85,85,83,85,85,85,85,85,85,85,85,85,85,85,85,85,85,85,85,85,85,85,85,85,85,85,86,100,99,102,90,90,92,88,90,90,90,89,89,84,84,84,89,90,90,90,90,90,82,85,93,83,88,88,87,82,76,85,63,62,71,59,66,76,71,66,68,79,65,67,67,68,80,79,63,63,63,64,77,76,71,72,67,64,67,68,201,207,194,83,69,69,103,60,62,62,62,350,152,209,125,127,127,140,128,125,125,114,115,214,137,153,64,55,58,43,54,57,54,53,55,62,59,61,59,54,62,55,60,58,59,60,67,56,56,55,61,57,61,56,54,59,55,55,44,46,44,45,55,45,54,72,62,60,61,61,63,58,56,55,55,55,57,55,55,55,56,56,56,56,44,52,59,57,57,55,54,46,43,46,37,36,34,44,39,50,45,46,41,41,40,7,6,11,8,7,0,52,40,223,224,74,303,10320,10643,7048,10655,10585,10495,10640,10603,10609,10554,10413,10457,10427,10425,10418,10463,10444,10481,10628,10500,9661,9620,9646,9593,9928,9811,9512,9530,9575,9525,9522,9549,9612,9888,9692,9753,9610,9598,10304,9579,9592,9625,10652,10362,10098,10158,10808,10574,10443,10309,10531,10567,10506,10463,10582,10343,10438,11862,10283,10381,8350,8423,8514,8462,8555,8344,8233,8407,8248,8457,8588,8348,7811,7728,7740,7718,7708,7685,7705,7644,7713,7708,7731,7749,7786,7775,7679,7574,7655,7769,7789,7622,7646,7621,7662,7656,7644,7649,7717,7694,7547,7981,7856
ERR9288143,98,98,98,99,98,97,98,99,98,98,99,98,98,98,98,99,99,98,98,99,99,98,98,96,98,98,98,98,98,98,98,98,98,98,98,98,98,98,98,98,98,98,98,98,98,98,98,98,113,111,113,103,103,105,99,103,103,103,102,102,96,97,96,102,103,103,103,103,103,94,97,106,94,101,100,99,92,82,99,76,75,84,72,79,79,74,69,71,82,68,70,70,71,79,78,67,68,68,69,82,81,76,77,72,69,70,71,205,212,198,91,72,82,83,75,74,74,74,332,132,238,156,157,157,144,155,152,152,144,144,170,138,154,65,56,59,47,55,58,55,54,56,63,60,63,60,55,63,56,61,59,60,61,68,57,57,56,62,58,62,58,56,60,56,56,48,50,48,49,56,50,55,73,63,61,62,62,63,59,57,56,56,56,58,57,57,56,57,57,57,57,48,56,60,57,57,55,55,50,46,49,41,41,38,48,43,54,49,50,45,45,44,57,56,61,58,57,52,0,43,226,227,74,213,10193,10514,6924,10526,10458,10372,10513,10480,10482,10427,10400,10444,10410,10411,10405,10363,10346,10383,10525,10400,9652,9611,9639,9583,9909,9790,9504,9522,9567,9517,9511,9541,9602,9876,9681,9742,9606,9597,10294,9559,9572,9604,10646,10351,10094,10156,10805,10567,10433,10299,10521,10555,10496,10453,10569,10333,10428,11845,10275,10371,8336,8406,8499,8446,8542,8332,8224,8393,8235,8440,8575,8335,7784,7706,7729,7696,7690,7666,7687,7625,7695,7689,7710,7729,7764,7752,7641,7554,7637,7748,7766,7601,7627,7599,7642,7636,7622,7630,7695,7671,7527,7960,7837
ERR5751308,207,207,207,208,209,208,71,208,207,207,208,207,207,207,207,208,208,207,208,208,208,197,207,206,207,207,207,207,207,207,207,207,207,207,207,207,207,207,207,207,207,207,201,207,207,207,207,208,222,221,217,212,212,214,210,212,212,212,211,211,206,206,202,211,212,212,212,212,212,204,206,215,206,210,210,209,187,204,206,50,49,194,182,189,199,194,189,191,202,190,190,190,191,190,189,54,189,189,190,201,202,197,198,193,190,192,193,311,316,304,204,193,192,224,187,185,185,185,339,275,402,318,320,319,197,308,304,305,306,307,394,159,174,77,76,79,41,75,78,74,74,75,83,79,78,80,75,82,75,80,78,80,81,82,77,77,76,78,78,77,77,75,79,75,76,42,44,42,42,76,43,74,93,81,81,82,82,83,79,78,76,76,76,77,76,76,76,77,77,77,77,42,49,79,77,78,76,75,44,41,44,34,34,32,42,37,42,43,44,39,39,38,45,44,49,46,46,40,43,0,71,72,53,293,10221,10557,6962,10569,10500,10410,10554,10517,10524,10528,10346,10390,10360,10358,10351,10359,10340,10377,10522,10395,9653,9612,9638,9585,9894,9778,9504,9522,9567,9517,9514,9541,9604,9853,9684,9745,9602,9590,10296,9546,9577,9610,10380,10295,9807,9880,10501,10269,10376,10242,10463,10501,10439,10396,10515,10276,10370,10458,10216,10313,7893,7943,8031,7977,8067,7868,7971,7942,7782,7969,8098,7885,7668,7596,7570,7578,7570,7552,7563,7507,7572,7569,7588,7599,7639,7632,7541,7466,7545,7684,7647,7540,7569,7537,7580,7573,7565,7568,7643,7612,7466,7900,7776
ERR4399358,401,401,401,402,403,402,265,402,401,401,402,401,401,401,401,402,402,401,402,402,391,374,401,398,401,401,401,401,401,401,385,401,401,401,401,401,398,401,401,400,401,401,389,401,400,396,401,399,411,409,398,406,406,408,402,406,406,406,405,405,400,400,381,405,406,406,406,406,406,369,389,409,388,404,375,374,380,393,372,100,99,358,347,354,361,356,351,353,364,352,352,352,353,227,226,211,351,351,352,363,365,359,360,355,352,354,355,347,352,340,360,358,353,386,347,350,350,350,472,441,560,483,484,479,362,345,342,342,468,473,431,217,231,139,135,142,90,138,140,136,136,137,145,137,135,142,137,145,137,142,140,143,143,144,139,139,138,140,140,139,140,138,141,138,139,86,88,86,86,138,91,136,152,143,143,144,145,145,141,136,134,134,129,140,135,135,133,135,135,135,135,86,93,137,139,140,138,137,92,89,91,82,82,80,90,80,90,91,92,87,87,86,228,227,232,229,229,223,226,71,0,2,52,279,10230,10568,6970,10579,10509,10418,10565,10527,10533,10537,10335,10379,10349,10347,10340,10384,10368,10404,10549,10422,9642,9601,9628,9573,9910,9794,9495,9513,9557,9508,9505,9530,9595,9903,9687,9747,9592,9581,10293,9561,9574,9607,10384,10284,9810,9889,10504,10273,10366,10231,10451,10489,10429,10386,10505,10266,10359,10715,10207,10302,7959,8015,8097,8044,8136,7941,8051,7993,7852,8039,8167,7953,7734,7652,7630,7641,7630,7607,7628,7566,7635,7630,7653,7672,7709,7699,7603,7529,7612,7752,7714,7603,7627,7602,7643,7636,7627,7632,7700,7677,7530,7965,7840
ERR4399957,398,398,398,399,400,399,266,399,398,398,399,398,398,398,398,399,399,398,399,399,388,372,398,395,398,398,398,398,398,398,382,398,398,398,398,398,395,398,398,397,398,398,386,398,397,393,398,396,408,406,397,403,403,405,399,403,403,403,402,402,397,397,380,402,403,403,403,403,403,366,386,406,385,401,372,371,377,389,367,101,100,355,344,351,358,353,348,350,361,349,349,349,350,224,223,212,348,348,349,360,362,355,356,352,349,351,352,343,348,336,356,354,349,383,344,347,347,347,481,437,557,480,481,476,359,342,339,339,465,470,428,218,231,140,136,143,91,139,141,137,137,138,146,138,136,143,138,146,138,143,141,144,144,145,140,140,139,141,141,140,141,139,142,139,140,87,89,87,87,139,92,137,153,144,144,145,146,146,142,137,135,135,130,141,136,136,134,136,136,136,136,87,94,138,140,141,139,137,93,90,92,83,83,81,91,81,91,92,93,88,88,87,229,228,233,230,230,224,227,72,2,0,53,279,10230,10567,6971,10579,10509,10419,10564,10527,10533,10537,10336,10380,10350,10348,10341,10385,10368,10405,10550,10423,9642,9601,9628,9573,9911,9795,9495,9513,9557,9508,9505,9530,9595,9901,9685,9745,9593,9582,10291,9561,9575,9608,10383,10285,9808,9884,10501,10269,10367,10232,10453,10490,10430,10387,10504,10266,10360,10724,10207,10302,7957,8010,8094,8041,8134,7938,8049,7995,7848,8037,8165,7953,7735,7653,7630,7641,7630,7607,7628,7566,7635,7630,7653,7672,7709,7698,7603,7529,7612,7752,7713,7603,7627,7602,7643,7636,7627,7632,7701,7677,7530,7965,7840
ERR4399362,246,246,246,247,248,247,113,247,246,246,247,246,246,246,246,247,247,246,247,247,247,236,246,243,246,246,246,246,246,246,242,246,246,246,246,246,246,246,246,246,246,246,240,246,246,246,246,247,261,260,257,251,251,253,249,251,251,251,250,250,245,245,240,250,251,251,251,251,251,214,245,254,243,249,220,219,226,243,217,77,76,191,190,197,209,191,198,196,213,200,197,194,188,187,186,54,186,186,197,211,213,201,205,203,194,202,203,307,312,300,214,203,202,234,197,188,194,181,351,282,410,328,329,328,206,305,302,302,307,303,391,180,195,98,98,101,63,97,99,95,95,96,104,101,99,101,96,104,96,101,99,102,102,103,98,98,97,99,99,98,99,97,100,97,98,63,65,63,63,97,64,95,115,102,102,103,104,104,100,99,97,97,97,99,98,98,96,98,98,98,98,63,70,100,98,99,97,96,65,62,64,55,55,53,63,58,63,64,65,60,60,59,74,67,71,77,79,74,74,53,52,53,0,261,10212,10552,6953,10566,10491,10401,10547,10509,10515,10520,10318,10362,10332,10330,10323,10367,10350,10388,10534,10405,9625,9584,9611,9556,9893,9777,9478,9496,9540,9491,9488,9513,9578,9886,9670,9730,9575,9564,10276,9544,9557,9590,10355,10268,9781,9857,10480,10247,10349,10214,10435,10472,10412,10369,10493,10249,10342,10430,10190,10285,7928,7984,8067,8013,8106,7909,8021,7989,7820,8007,8137,7922,7717,7634,7613,7624,7613,7590,7611,7549,7618,7613,7636,7655,7692,7682,7586,7512,7595,7735,7696,7586,7610,7585,7626,7619,7610,7615,7683,7660,7513,7948,7823
SRR13833609,309,310,310,311,312,310,310,311,310,310,311,310,310,310,310,310,311,310,311,311,311,310,310,305,310,310,310,310,310,310,310,310,310,310,310,310,310,310,310,310,310,310,310,310,310,310,310,310,323,320,319,314,314,316,309,315,315,315,313,314,308,309,307,314,315,315,315,315,314,306,301,318,302,314,313,312,302,305,295,197,196,296,286,200,304,299,293,295,307,295,295,295,296,295,294,294,294,294,295,308,308,296,297,298,295,295,296,301,300,295,213,292,290,236,290,288,287,288,257,253,389,300,299,299,300,203,202,202,297,295,293,305,306,301,300,303,301,301,304,300,300,301,301,305,304,306,301,215,301,306,304,306,307,308,303,303,302,303,304,303,304,302,305,301,302,304,306,304,304,302,305,300,317,307,307,308,308,308,305,303,302,302,302,304,303,303,300,303,303,303,303,304,311,213,303,224,302,299,306,303,305,296,296,294,304,299,302,305,306,301,301,300,308,307,312,309,308,303,213,293,279,279,261,0,10115,10407,6787,10393,10358,10307,10387,10382,10348,10356,10210,10249,10218,10205,10216,10323,10307,10344,10487,10368,9643,9602,9626,9576,9736,9657,9496,9514,9557,9505,9503,9530,9558,9671,9533,9597,9577,9567,9578,9559,9534,9567,10305,10287,9788,9863,10479,10246,10297,10172,10366,10400,10357,10322,10502,10268,10288,10253,10208,10304,7929,7983,8064,8011,8104,7915,8022,7975,7819,8004,8137,7926,7594,7518,7578,7637,7631,7606,7626,7566,7634,7629,7648,7669,7704,7693,7605,7529,7615,7697,7709,7598,7621,7596,7638,7629,7615,7622,7608,7673,7530,7965,7841
SRR13719289,10369,10369,10369,10369,10368,10367,10370,10370,10370,10370,10370,10375,10370,10370,10370,10370,10370,10369,10370,10371,10366,10363,10369,10105,10363,10369,10370,10369,10368,10370,10364,10370,10370,10370,10370,10370,10369,10369,10370,10370,10362,10370,10354,10369,10369,10369,10370,10370,10384,10342,10148,10373,10373,10375,10189,10375,10375,10375,10314,10373,10323,10369,10171,10376,10374,10374,10374,10374,10374,10329,9718,10378,10108,10375,10336,10335,9981,10223,10207,10325,10324,10316,10308,10274,10317,10312,10263,10308,10320,10246,10308,10308,10309,10308,10307,10242,10306,10309,10305,10323,10313,10197,10198,10306,10303,10305,10306,10240,10240,10232,10021,10189,10200,10197,10301,10300,10298,10300,10020,10093,10324,10304,10303,10303,10304,10139,10137,10136,10228,10302,10143,10250,10251,10305,10245,10307,10305,10305,10308,10304,10304,10304,10304,10309,10308,10310,10305,10197,10305,10309,10308,10309,10310,10311,10307,10307,10306,10307,10308,10307,10308,10306,10308,10305,10306,10249,10251,10249,10249,10306,10316,10304,10321,10311,10311,10312,10312,10312,10309,10307,10306,10306,10306,10289,10307,10307,10302,10307,10307,10307,10307,10308,10315,10194,10307,10287,10306,10194,10311,10308,10309,10301,10301,10299,10309,10303,10306,10310,10311,10306,10306,10305,10325,10324,10329,10326,10325,10320,10193,10221,10230,10230,10212,10115,0,2,290,25,28,35,37,37,36,39,318,376,328,335,336,686,682,676,723,689,880,857,706,858,379,371,710,712,720,716,713,721,729,915,992,1009,735,759,956,763,1709,1714,2853,2819,2699,2702,2912,2859,2854,2792,2911,2943,2896,2872,2908,2791,2864,2791,2614,2816,6670,6697,6789,6738,6825,6641,6728,6705,6608,6747,6846,6681,6899,6812,6862,6860,6856,6837,6856,6806,6860,6846,6865,6882,6919,6913,6851,6765,6849,6937,6920,6831,6858,6833,6877,6858,6858,6867,6902,6879,6797,7383,7292
SRR13719614,10691,10691,10688,10695,10693,10692,10692,10696,10696,10696,10696,10696,10696,10695,10690,10692,10694,10688,10696,10697,10692,10688,10695,10425,10680,10695,10695,10695,10692,10696,10690,10692,10696,10696,10695,10696,10691,10694,10693,10696,10684,10694,10680,10695,10694,10694,10696,10696,10710,10661,10456,10693,10691,10694,10501,10701,10701,10701,10636,10695,10646,10695,10482,10695,10696,10698,10696,10696,10696,10655,10022,10704,10421,10700,10662,10661,10290,10514,10483,10646,10642,10635,10630,10592,10644,10643,10590,10638,10650,10577,10636,10638,10638,10637,10635,10577,10643,10643,10638,10655,10644,10484,10486,10639,10635,10636,10638,10538,10529,10513,10295,10480,10479,10517,10631,10616,10618,10622,10313,10388,10659,10642,10644,10641,10645,10468,10465,10464,10560,10636,10472,10583,10586,10639,10580,10644,10642,10640,10642,10637,10639,10640,10638,10643,10644,10645,10639,10528,10639,10642,10643,10644,10647,10646,10641,10644,10639,10641,10642,10640,10642,10640,10643,10640,10639,10583,10585,10584,10586,10639,10651,10638,10655,10644,10648,10646,10646,10649,10644,10641,10642,10641,10640,10623,10641,10641,10639,10641,10642,10644,10644,10644,10652,10528,10643,10621,10643,10485,10645,10643,10643,10636,10634,10632,10643,10639,10641,10643,10648,10641,10640,10640,10644,10647,10650,10649,10646,10643,10514,10557,10568,10567,10552,10407,2,0,306,24,29,35,34,36,36,39,349,411,363,381,372,689,683,677,725,690,891,867,708,869,436,414,715,715,723,719,717,726,731,958,1030,1049,740,766,996,765,1738,1745,2870,2855,2719,2717,2935,2883,2890,2825,2947,2979,2933,2909,2942,2826,2901,2813,2645,2851,6782,6809,6905,6853,6942,6753,6852,6820,6718,6861,6961,6803,7085,6989,6991,6990,6991,6972,6986,6933,6989,6981,6996,7010,7051,7047,6980,6900,6981,7069,7054,6962,6987,6962,7006,6987,6988,6999,7040,7019,6929,7525,7432
SRR13313312,7099,7100,7097,7100,7102,7100,7100,7101,7100,7100,7101,7100,7100,7100,7098,7100,7101,7097,7100,7101,7096,7097,7100,6919,7093,7100,7100,7100,7098,7100,7099,7100,7100,7100,7100,7100,7100,7100,7100,7100,7092,7100,7093,7100,7100,7100,7100,7100,7114,7084,6956,7102,7100,7103,6977,7105,7105,7105,7043,7104,7067,7099,6939,7104,7105,7105,7105,7105,7104,7055,6628,7108,6928,7104,7062,7061,6825,6912,6864,7055,7051,7043,7035,6997,7049,7048,7011,7043,7055,6981,7041,7043,7043,7042,7040,6981,7043,7043,7043,7057,7049,6865,6867,7044,7040,7041,7043,6946,6941,6926,6679,6860,6858,6920,7033,7021,7022,7027,6720,6789,7073,7046,7048,7045,7049,6877,6874,6873,6979,7042,6881,6987,6990,7044,6984,7049,7047,7045,7047,7042,7044,7046,7044,7048,7049,7050,7044,6932,7044,7047,7048,7049,7052,7051,7046,7049,7044,7046,7047,7045,7047,7045,7048,7045,7044,6987,6989,6988,6990,7044,7051,7043,7060,7049,7053,7051,7051,7054,7049,7046,7047,7046,7045,7029,7046,7046,7044,7046,7047,7049,7049,7049,7057,6932,7048,7027,7048,6866,7050,7048,7049,7041,7039,7037,7048,7044,7045,7048,7053,7046,7045,7045,7049,7052,7055,7054,7051,7048,6924,6962,6970,6971,6953,6787,290,306,0,280,281,274,288,290,276,286,587,648,603,622,614,638,634,628,694,646,789,761,603,772,379,358,599,601,615,606,605,609,617,870,945,966,628,662,889,655,1443,1453,2507,2487,2377,2365,2574,2535,2522,2461,2594,2606,2566,2548,2582,2456,2533,2448,2278,2487,4792,4803,4871,4835,4904,4783,4829,4802,4728,4839,4928,4789,5353,5271,5234,5236,5236,5215,5232,5177,5234,5226,5240,5255,5292,5288,5224,5173,5223,5308,5296,5204,5227,5203,5248,5232,5229,5240,5275,5261,5173,5722,5631
SRR13313295,10703,10703,10700,10709,10705,10704,10704,10710,10711,10711,10711,10711,10710,10708,10702,10704,10708,10700,10710,10711,10706,10701,10710,10440,10692,10710,10708,10710,10705,10710,10705,10704,10711,10710,10709,10711,10703,10707,10706,10710,10696,10707,10692,10709,10707,10707,10711,10711,10725,10673,10470,10705,10703,10706,10518,10716,10716,10716,10647,10707,10659,10710,10494,10707,10708,10711,10708,10708,10708,10669,10033,10719,10433,10715,10676,10676,10304,10503,10472,10658,10654,10647,10642,10604,10656,10655,10602,10650,10662,10588,10648,10650,10650,10649,10647,10588,10659,10659,10650,10668,10657,10473,10475,10651,10647,10648,10650,10558,10544,10531,10283,10467,10466,10527,10639,10628,10630,10634,10324,10399,10668,10652,10654,10651,10655,10482,10479,10478,10574,10648,10486,10594,10597,10651,10591,10656,10654,10652,10654,10649,10651,10652,10650,10655,10656,10657,10651,10540,10651,10654,10655,10656,10659,10658,10653,10656,10651,10653,10654,10652,10654,10652,10655,10652,10651,10594,10596,10595,10597,10651,10667,10650,10667,10656,10660,10658,10658,10661,10656,10653,10654,10653,10652,10636,10653,10653,10652,10653,10654,10656,10656,10656,10664,10540,10655,10634,10655,10474,10657,10655,10655,10648,10646,10644,10655,10651,10653,10655,10660,10653,10652,10652,10656,10659,10662,10661,10658,10655,10526,10569,10579,10579,10566,10393,25,24,280,0,9,16,15,16,15,20,351,413,363,382,374,663,657,651,698,664,867,843,686,845,444,427,698,699,707,702,701,710,716,961,1040,1053,726,750,993,752,1717,1721,2852,2836,2703,2700,2917,2866,2876,2812,2931,2963,2917,2892,2924,2807,2885,2794,2629,2833,6781,6808,6903,6851,6940,6752,6850,6818,6717,6859,6959,6803,7108,7013,6985,6987,6989,6970,6984,6931,6987,6979,6994,7007,7049,7045,6978,6898,6979,7067,7051,6960,6985,6960,7004,6985,6986,6997,7039,7015,6927,7528,7435
SRR13719196,10633,10633,10633,10633,10635,10634,10634,10634,10634,10634,10634,10635,10634,10634,10634,10634,10634,10633,10634,10635,10630,10627,10633,10363,10625,10633,10634,10633,10632,10634,10628,10634,10634,10634,10634,10634,10633,10633,10634,10634,10626,10634,10622,10633,10633,10633,10634,10634,10648,10606,10401,10637,10637,10639,10440,10639,10639,10639,10578,10637,10588,10633,10428,10637,10638,10638,10638,10638,10638,10593,9970,10642,10367,10639,10600,10599,10232,10462,10432,10589,10588,10580,10572,10538,10590,10585,10535,10581,10593,10522,10581,10581,10582,10581,10580,10521,10582,10582,10581,10596,10590,10434,10435,10582,10579,10581,10582,10481,10477,10463,10243,10430,10429,10461,10577,10562,10564,10564,10262,10335,10602,10587,10586,10586,10587,10412,10410,10409,10497,10581,10416,10529,10530,10584,10524,10586,10584,10584,10587,10583,10583,10583,10583,10588,10587,10589,10584,10471,10584,10588,10587,10588,10589,10590,10586,10586,10585,10586,10587,10586,10587,10585,10587,10584,10585,10528,10530,10528,10528,10585,10590,10583,10600,10590,10590,10591,10591,10591,10588,10586,10585,10585,10585,10568,10586,10586,10582,10586,10586,10586,10586,10587,10594,10468,10586,10566,10585,10434,10590,10587,10588,10580,10580,10578,10588,10582,10587,10589,10590,10585,10585,10584,10590,10589,10594,10591,10590,10585,10458,10500,10509,10509,10491,10358,28,29,281,9,0,13,12,13,14,17,322,382,333,351,346,660,653,647,695,661,858,835,678,839,396,382,684,685,692,688,686,694,701,925,1001,1021,708,735,961,736,1704,1711,2838,2822,2689,2684,2898,2847,2853,2792,2910,2942,2895,2872,2910,2791,2865,2778,2611,2816,6748,6774,6867,6816,6903,6717,6815,6784,6685,6824,6924,6769,7044,6949,6955,6955,6954,6935,6950,6898,6953,6944,6957,6975,7012,7008,6944,6863,6944,7031,7015,6926,6952,6927,6970,6951,6952,6963,7000,6980,6894,7488,7395
SRR13277434,10543,10543,10543,10543,10545,10544,10544,10544,10543,10543,10544,10543,10543,10543,10543,10544,10544,10543,10543,10544,10539,10537,10543,10272,10535,10543,10543,10543,10541,10543,10538,10543,10543,10543,10543,10543,10543,10543,10543,10543,10535,10543,10532,10543,10543,10543,10543,10543,10557,10516,10312,10547,10547,10549,10356,10548,10548,10548,10488,10547,10497,10542,10337,10547,10548,10548,10548,10548,10548,10502,9886,10551,10280,10547,10509,10508,10142,10413,10383,10499,10498,10490,10482,10448,10500,10495,10445,10491,10503,10432,10491,10491,10492,10491,10490,10431,10490,10490,10491,10504,10500,10385,10386,10492,10489,10491,10492,10416,10414,10406,10198,10381,10379,10375,10487,10474,10474,10474,10192,10266,10509,10497,10496,10496,10497,10325,10323,10322,10424,10491,10329,10439,10440,10494,10434,10496,10494,10494,10497,10493,10493,10493,10493,10498,10497,10499,10494,10385,10494,10498,10497,10498,10499,10500,10496,10496,10495,10496,10497,10496,10497,10495,10497,10494,10495,10438,10440,10438,10438,10495,10498,10493,10510,10500,10500,10501,10501,10501,10498,10496,10495,10495,10495,10478,10496,10496,10492,10496,10496,10496,10496,10497,10504,10382,10496,10476,10495,10385,10500,10497,10498,10490,10490,10488,10498,10492,10497,10499,10500,10495,10495,10494,10500,10499,10504,10501,10500,10495,10372,10410,10418,10419,10401,10307,35,35,274,16,13,0,5,4,18,17,294,354,302,309,311,647,642,638,683,650,861,836,679,836,362,349,685,685,691,690,684,695,700,889,967,982,713,732,930,735,1695,1703,2820,2817,2685,2682,2895,2845,2835,2777,2892,2925,2876,2855,2904,2790,2845,2776,2610,2813,6721,6745,6837,6789,6877,6690,6787,6756,6658,6798,6895,6744,6978,6882,6922,6925,6929,6909,6922,6871,6926,6919,6929,6947,6982,6979,6915,6842,6914,6989,6987,6898,6922,6897,6941,6922,6923,6934,6959,6952,6864,7469,7375
SRR13277416,10688,10688,10685,10689,10690,10689,10689,10690,10690,10690,10690,10695,10690,10690,10687,10689,10690,10685,10690,10691,10686,10683,10689,10417,10677,10689,10690,10689,10688,10690,10684,10689,10690,10690,10690,10690,10688,10689,10690,10690,10681,10690,10677,10689,10689,10689,10690,10690,10704,10658,10458,10690,10688,10691,10500,10695,10695,10695,10633,10692,10643,10689,10479,10695,10693,10694,10693,10693,10693,10649,10024,10698,10419,10695,10656,10655,10284,10493,10462,10643,10639,10632,10627,10589,10641,10640,10587,10635,10647,10574,10633,10635,10635,10634,10632,10574,10638,10641,10635,10655,10641,10463,10465,10636,10632,10633,10635,10540,10533,10518,10276,10459,10458,10516,10626,10613,10615,10619,10316,10391,10655,10639,10641,10638,10642,10468,10465,10464,10557,10633,10472,10580,10583,10636,10577,10641,10639,10637,10639,10634,10636,10637,10635,10640,10641,10642,10636,10527,10636,10639,10640,10641,10644,10643,10638,10641,10636,10638,10639,10637,10639,10637,10640,10637,10636,10580,10582,10581,10583,10636,10651,10635,10652,10641,10645,10643,10643,10646,10641,10638,10639,10638,10637,10620,10638,10638,10636,10638,10639,10641,10641,10641,10649,10527,10640,10618,10640,10464,10642,10640,10640,10633,10631,10629,10640,10636,10638,10640,10645,10638,10637,10637,10641,10644,10647,10646,10643,10640,10513,10554,10565,10564,10547,10387,37,34,288,15,12,5,0,5,15,19,355,413,365,384,374,667,661,656,702,669,871,845,690,847,437,421,698,698,706,700,700,708,714,958,1038,1052,725,748,985,749,1715,1722,2848,2832,2699,2696,2913,2862,2863,2798,2921,2952,2905,2882,2920,2803,2873,2790,2626,2829,6788,6816,6910,6858,6947,6758,6858,6826,6725,6866,6966,6804,7105,7016,6995,6996,6991,6972,6991,6940,6995,6981,7002,7016,7057,7051,6985,6899,6987,7076,7059,6967,6993,6969,7013,6993,6993,7003,7033,7017,6932,7529,7436
SRR13277412,10651,10651,10651,10651,10653,10652,10652,10652,10652,10652,10652,10652,10652,10652,10652,10652,10652,10651,10652,10653,10648,10645,10651,10380,10643,10651,10652,10651,10650,10652,10646,10652,10652,10652,10652,10652,10651,10651,10652,10652,10644,10652,10640,10651,10651,10651,10652,10652,10666,10624,10414,10655,10655,10657,10465,10657,10657,10657,10596,10655,10605,10651,10446,10655,10656,10656,10656,10656,10656,10611,9983,10660,10386,10656,10618,10617,10250,10487,10456,10607,10606,10598,10590,10556,10608,10603,10553,10599,10611,10540,10599,10599,10600,10599,10598,10539,10599,10599,10599,10613,10607,10459,10460,10600,10597,10599,10600,10497,10496,10488,10272,10455,10454,10483,10595,10580,10582,10582,10276,10350,10621,10605,10604,10604,10605,10433,10431,10430,10524,10599,10437,10547,10548,10602,10542,10604,10602,10602,10605,10601,10601,10601,10601,10606,10605,10607,10602,10493,10602,10606,10605,10606,10607,10608,10604,10604,10603,10604,10605,10604,10605,10603,10605,10602,10603,10546,10548,10546,10546,10603,10607,10601,10618,10608,10608,10609,10609,10609,10606,10604,10603,10603,10603,10585,10604,10604,10599,10604,10604,10604,10604,10605,10612,10490,10604,10583,10603,10459,10608,10605,10606,10598,10598,10596,10606,10600,10605,10607,10608,10603,10603,10602,10608,10607,10612,10609,10608,10603,10480,10517,10527,10527,10509,10382,37,36,290,16,13,4,5,0,16,18,316,375,326,336,334,657,652,645,691,657,862,839,683,841,395,384,695,696,703,698,698,707,712,925,998,1015,722,746,965,748,1713,1721,2844,2831,2698,2695,2911,2861,2869,2803,2924,2956,2910,2887,2918,2802,2878,2788,2625,2827,6777,6806,6900,6847,6936,6749,6847,6814,6714,6856,6956,6799,7058,6964,6983,6984,6985,6966,6981,6929,6983,6975,6991,7004,7047,7041,6974,6894,6976,7058,7048,6958,6982,6958,7002,6983,6984,6995,7033,7012,6925,7517,7425
SRR13311773,10661,10661,10658,10661,10663,10662,10662,10662,10662,10662,10662,10665,10662,10662,10660,10662,10662,10658,10662,10663,10658,10655,10661,10391,10650,10661,10662,10661,10660,10662,10656,10662,10662,10662,10662,10662,10661,10661,10662,10662,10654,10662,10650,10661,10661,10661,10662,10662,10676,10631,10424,10663,10661,10664,10469,10667,10667,10667,10606,10665,10617,10661,10449,10668,10666,10666,10666,10666,10666,10617,9993,10670,10388,10666,10624,10623,10257,10460,10424,10616,10612,10602,10596,10558,10610,10609,10557,10604,10616,10543,10602,10604,10604,10603,10601,10543,10605,10608,10604,10622,10610,10426,10428,10605,10601,10602,10604,10502,10497,10483,10239,10421,10420,10484,10594,10582,10584,10588,10281,10354,10619,10607,10609,10606,10610,10438,10435,10434,10527,10602,10442,10549,10552,10604,10546,10610,10608,10606,10608,10603,10605,10606,10604,10609,10610,10611,10605,10496,10605,10608,10609,10610,10613,10612,10607,10610,10605,10607,10608,10606,10608,10606,10609,10606,10605,10549,10551,10550,10552,10605,10616,10604,10621,10610,10614,10612,10612,10614,10610,10607,10608,10607,10606,10590,10607,10607,10606,10607,10608,10610,10610,10610,10618,10496,10609,10588,10609,10427,10611,10609,10609,10602,10600,10598,10609,10605,10607,10609,10614,10607,10606,10606,10610,10613,10616,10615,10612,10609,10482,10524,10533,10533,10515,10348,36,36,276,15,14,18,15,16,0,12,346,405,356,376,366,658,654,647,693,659,862,839,683,843,433,415,690,691,699,693,692,702,707,954,1033,1045,716,741,984,742,1705,1714,2841,2824,2692,2689,2906,2856,2864,2799,2920,2952,2906,2883,2912,2795,2874,2783,2620,2821,6748,6775,6869,6818,6907,6721,6818,6785,6685,6826,6926,6767,7070,6978,6954,6958,6956,6937,6952,6901,6957,6946,6964,6977,7016,7012,6944,6861,6945,7035,7019,6927,6952,6927,6971,6953,6953,6964,7003,6980,6894,7486,7393
SRR13313309,10602,10602,10599,10604,10604,10603,10603,10604,10603,10603,10604,10603,10603,10603,10600,10603,10604,10599,10603,10604,10603,10597,10603,10334,10591,10603,10603,10603,10601,10603,10598,10602,10603,10603,10603,10603,10602,10603,10603,10603,10602,10603,10591,10603,10603,10603,10603,10603,10617,10572,10366,10604,10602,10605,10412,10608,10608,10608,10606,10606,10557,10602,10390,10606,10607,10608,10607,10607,10607,10562,9993,10611,10331,10607,10569,10568,10199,10406,10374,10557,10553,10547,10541,10503,10555,10554,10502,10549,10561,10547,10547,10549,10549,10548,10546,10547,10550,10550,10549,10564,10554,10376,10378,10550,10546,10547,10549,10451,10445,10430,10248,10370,10368,10428,10538,10527,10529,10533,10288,10302,10625,10551,10553,10550,10554,10384,10381,10380,10531,10547,10389,10553,10556,10549,10550,10555,10553,10551,10553,10548,10550,10551,10549,10554,10555,10556,10550,10441,10550,10553,10554,10555,10558,10557,10552,10555,10550,10552,10553,10551,10553,10551,10554,10551,10550,10553,10555,10554,10556,10550,10558,10549,10566,10555,10559,10557,10557,10559,10555,10552,10553,10552,10551,10535,10552,10552,10550,10552,10553,10555,10555,10555,10563,10441,10554,10533,10554,10377,10556,10554,10554,10547,10545,10543,10554,10550,10552,10554,10559,10552,10551,10551,10555,10558,10561,10560,10557,10554,10427,10528,10537,10537,10520,10356,39,39,286,20,17,17,19,18,12,0,338,400,350,367,359,648,642,638,683,650,857,833,679,834,423,406,686,686,693,691,689,697,702,940,1021,1033,711,737,973,737,1703,1709,2825,2821,2687,2685,2900,2850,2841,2777,2898,2930,2883,2864,2908,2791,2852,2777,2615,2816,6752,6780,6874,6823,6911,6724,6822,6790,6689,6831,6931,6775,7072,6975,6954,6958,6961,6941,6957,6903,6958,6952,6965,6978,7021,7016,6949,6871,6951,7033,7022,6932,6956,6931,6975,6957,6957,6968,6994,6986,6899,7492,7398
SRR27481822,10459,10460,10460,10459,10462,10460,10460,10461,10460,10460,10461,10460,10460,10460,10460,10460,10461,10460,10461,10461,10456,10454,10460,10193,10452,10460,10460,10460,10458,10460,10455,10460,10460,10460,10460,10460,10460,10460,10460,10460,10452,10460,10449,10460,10460,10460,10460,10460,10474,10433,10229,10464,10464,10466,10271,10465,10465,10465,10404,10464,10417,10459,10255,10464,10465,10465,10465,10465,10464,10419,9805,10468,10197,10464,10426,10425,10065,10315,10285,10438,10437,10409,10399,10403,10417,10412,10363,10408,10420,10349,10408,10408,10409,10408,10407,10348,10407,10407,10408,10421,10416,10287,10288,10409,10406,10408,10409,10356,10353,10339,10213,10283,10281,10437,10402,10400,10400,10401,10316,10373,10434,10414,10413,10413,10414,10401,10399,10398,10316,10408,10491,10357,10358,10412,10352,10414,10412,10412,10415,10411,10411,10411,10411,10416,10415,10417,10412,10414,10412,10416,10415,10416,10417,10418,10414,10414,10413,10414,10415,10414,10415,10413,10415,10412,10413,10356,10358,10356,10356,10413,10416,10411,10428,10418,10418,10419,10419,10419,10416,10414,10413,10413,10413,10415,10414,10414,10409,10414,10414,10414,10414,10415,10422,10413,10415,10413,10414,10288,10418,10415,10416,10408,10408,10406,10416,10410,10414,10417,10418,10413,10413,10412,10418,10417,10422,10419,10418,10413,10400,10346,10335,10336,10318,10210,318,349,587,351,322,294,355,316,346,338,0,9,8,13,9,757,760,756,783,757,663,660,669,661,344,331,678,674,677,676,682,689,690,858,817,824,700,712,750,727,1554,1559,2662,2651,2506,2499,2705,2665,2675,2614,2720,2753,2715,2691,2718,2626,2688,2598,2608,2636,6654,6688,6771,6715,6798,6631,6727,6683,6582,6737,6814,6680,6897,6807,6868,6866,6866,6846,6868,6826,6855,6863,6870,6877,6929,6901,6875,6776,6864,6933,6908,6855,6857,6855,6895,6878,6880,6889,6906,6874,6814,7406,7323
SRR27481651,10503,10504,10504,10503,10506,10504,10504,10505,10504,10504,10505,10504,10504,10504,10504,10504,10505,10504,10505,10505,10500,10498,10504,10241,10496,10504,10504,10504,10502,10504,10499,10504,10504,10504,10504,10504,10504,10504,10504,10504,10496,10504,10493,10504,10504,10504,10504,10504,10518,10477,10271,10508,10508,10510,10318,10509,10509,10509,10448,10508,10461,10503,10300,10508,10509,10509,10509,10509,10508,10463,9845,10512,10242,10508,10470,10469,10110,10354,10324,10482,10481,10453,10443,10447,10461,10456,10407,10452,10464,10393,10452,10452,10453,10452,10451,10392,10451,10451,10452,10465,10460,10326,10327,10453,10450,10452,10453,10391,10387,10377,10252,10322,10320,10481,10446,10444,10444,10445,10354,10411,10479,10458,10457,10457,10458,10445,10443,10442,10363,10452,10535,10401,10402,10456,10396,10458,10456,10456,10459,10455,10455,10455,10455,10460,10459,10461,10456,10458,10456,10460,10459,10460,10461,10462,10458,10458,10457,10458,10459,10458,10459,10457,10459,10456,10457,10400,10402,10400,10400,10457,10460,10455,10472,10462,10462,10463,10463,10463,10460,10458,10457,10457,10457,10459,10458,10458,10453,10458,10458,10458,10458,10459,10466,10457,10459,10457,10458,10327,10462,10459,10460,10452,10452,10450,10460,10454,10458,10461,10462,10457,10457,10456,10462,10461,10466,10463,10462,10457,10444,10390,10379,10380,10362,10249,376,411,648,413,382,354,413,375,405,400,9,0,5,3,4,749,753,747,775,749,662,660,670,660,335,325,679,675,676,677,681,686,705,847,813,823,698,712,769,726,1553,1556,2659,2653,2509,2498,2704,2664,2680,2621,2729,2762,2721,2699,2719,2624,2698,2598,2607,2634,6656,6690,6773,6716,6799,6633,6728,6684,6583,6737,6816,6681,6884,6796,6865,6867,6867,6847,6870,6828,6856,6864,6871,6878,6931,6902,6875,6777,6865,6930,6909,6857,6859,6857,6897,6880,6882,6891,6915,6875,6816,7401,7318
SRR27481649,10463,10464,10461,10463,10466,10464,10464,10465,10464,10464,10465,10464,10464,10464,10462,10464,10465,10461,10465,10465,10460,10458,10464,10201,10453,10464,10464,10464,10462,10464,10459,10464,10464,10464,10464,10464,10464,10464,10464,10464,10456,10464,10453,10464,10464,10464,10464,10464,10478,10434,10232,10466,10464,10467,10276,10469,10469,10469,10408,10468,10422,10463,10257,10468,10469,10469,10469,10469,10468,10433,9809,10472,10197,10468,10440,10439,10071,10315,10295,10441,10437,10420,10413,10413,10427,10426,10374,10421,10433,10360,10419,10421,10421,10420,10418,10360,10421,10421,10421,10435,10428,10295,10297,10422,10418,10419,10421,10364,10358,10347,10221,10291,10289,10447,10412,10410,10410,10415,10324,10382,10449,10425,10427,10424,10428,10413,10410,10409,10330,10419,10503,10367,10370,10423,10364,10428,10426,10424,10426,10421,10423,10424,10422,10427,10428,10429,10423,10425,10423,10426,10427,10428,10431,10430,10425,10428,10423,10425,10426,10424,10426,10424,10427,10424,10423,10367,10369,10368,10370,10423,10430,10422,10439,10428,10432,10430,10430,10433,10428,10425,10426,10425,10424,10427,10425,10425,10424,10425,10426,10428,10428,10428,10436,10427,10428,10425,10428,10297,10429,10427,10427,10420,10418,10416,10427,10423,10424,10427,10432,10425,10424,10424,10428,10431,10434,10433,10430,10427,10410,10360,10349,10350,10332,10218,328,363,603,363,333,302,365,326,356,350,8,5,0,2,3,749,752,747,775,749,668,665,674,665,334,328,684,680,681,682,686,693,712,861,821,827,705,717,762,731,1559,1561,2662,2656,2507,2503,2709,2669,2683,2622,2729,2761,2722,2702,2723,2628,2698,2602,2612,2638,6653,6688,6771,6714,6797,6631,6726,6682,6582,6736,6815,6679,6891,6802,6867,6870,6870,6850,6874,6831,6859,6867,6874,6881,6935,6905,6879,6781,6868,6935,6912,6860,6862,6860,6900,6883,6885,6894,6915,6878,6820,7408,7324
SRR27481520,10466,10467,10467,10466,10469,10467,10467,10468,10467,10467,10468,10467,10467,10467,10467,10467,10468,10467,10468,10468,10463,10461,10467,10203,10459,10467,10467,10467,10465,10467,10462,10467,10467,10467,10467,10467,10467,10467,10467,10467,10459,10467,10456,10467,10467,10467,10467,10467,10481,10440,10232,10471,10471,10473,10280,10472,10472,10472,10411,10471,10424,10466,10265,10471,10472,10472,10472,10472,10471,10431,9810,10475,10207,10471,10438,10437,10077,10305,10280,10445,10444,10421,10411,10415,10429,10424,10375,10420,10432,10361,10420,10420,10421,10420,10419,10360,10419,10419,10420,10433,10428,10282,10283,10421,10418,10420,10421,10355,10353,10342,10208,10278,10276,10449,10414,10412,10412,10413,10320,10378,10447,10426,10425,10425,10426,10413,10411,10410,10330,10420,10503,10369,10370,10424,10364,10426,10424,10424,10427,10423,10423,10423,10423,10428,10427,10429,10424,10426,10424,10428,10427,10428,10429,10430,10426,10426,10425,10426,10427,10426,10427,10425,10427,10424,10425,10368,10370,10368,10368,10425,10428,10423,10440,10430,10430,10431,10431,10431,10428,10426,10425,10425,10425,10427,10426,10426,10421,10426,10426,10426,10426,10427,10434,10425,10427,10425,10426,10283,10430,10427,10428,10420,10420,10418,10428,10422,10426,10429,10430,10425,10425,10424,10430,10429,10434,10431,10430,10425,10411,10358,10347,10348,10330,10205,335,381,622,382,351,309,384,336,376,367,13,3,2,0,2,748,748,746,773,747,663,658,667,658,333,326,677,672,673,674,677,685,712,859,819,826,700,710,773,724,1551,1556,2657,2650,2506,2498,2704,2664,2681,2621,2728,2760,2721,2699,2717,2623,2696,2597,2607,2632,6650,6685,6768,6711,6794,6626,6723,6679,6578,6733,6811,6676,6882,6793,6859,6862,6862,6842,6865,6823,6851,6859,6866,6873,6926,6897,6871,6772,6860,6927,6904,6852,6854,6852,6892,6875,6877,6886,6910,6870,6811,7400,7317
SRR27481815,10465,10465,10465,10464,10467,10466,10466,10466,10465,10465,10466,10465,10465,10465,10465,10466,10466,10465,10466,10466,10461,10459,10465,10200,10457,10465,10465,10465,10463,10465,10460,10465,10465,10465,10465,10465,10465,10465,10465,10465,10457,10465,10454,10465,10465,10465,10465,10465,10479,10438,10237,10469,10469,10471,10275,10470,10470,10470,10410,10469,10422,10464,10261,10469,10470,10470,10470,10470,10470,10424,9811,10473,10203,10469,10431,10430,10076,10320,10290,10443,10442,10414,10404,10408,10422,10417,10368,10413,10425,10354,10413,10413,10414,10413,10412,10353,10412,10412,10413,10426,10421,10292,10293,10414,10411,10413,10414,10359,10355,10345,10219,10288,10286,10442,10407,10405,10406,10406,10322,10379,10439,10419,10418,10418,10419,10406,10404,10403,10319,10413,10496,10362,10363,10417,10357,10419,10417,10417,10420,10416,10416,10416,10416,10421,10420,10422,10417,10419,10417,10421,10420,10421,10422,10423,10419,10419,10418,10419,10420,10419,10420,10418,10420,10417,10418,10361,10363,10361,10361,10418,10421,10416,10433,10423,10423,10424,10424,10424,10421,10419,10418,10418,10418,10420,10419,10419,10414,10419,10419,10419,10419,10420,10427,10418,10420,10418,10419,10293,10423,10420,10421,10413,10413,10411,10421,10415,10420,10422,10423,10418,10418,10417,10423,10422,10427,10424,10423,10418,10405,10351,10340,10341,10323,10216,336,372,614,374,346,311,374,334,366,359,9,4,3,2,0,751,755,750,778,752,664,659,669,659,332,325,677,673,675,675,679,686,704,855,815,822,700,708,757,725,1552,1554,2658,2652,2507,2499,2705,2665,2677,2616,2725,2757,2717,2694,2718,2625,2692,2598,2608,2634,6656,6690,6773,6717,6800,6634,6729,6685,6584,6738,6816,6682,6887,6798,6867,6868,6868,6848,6870,6828,6857,6865,6872,6879,6931,6903,6877,6778,6866,6933,6910,6857,6859,6857,6897,6880,6882,6891,6911,6876,6816,7403,7320
SRR7130368,10512,10513,10513,10513,10515,10513,10512,10514,10513,10513,10514,10513,10513,10513,10513,10513,10514,10512,10514,10514,10509,10507,10513,10247,10505,10513,10513,10513,10511,10513,10508,10513,10513,10513,10513,10513,10513,10513,10513,10513,10505,10513,10503,10513,10513,10513,10513,10513,10526,10480,10270,10516,10516,10518,10320,10518,10518,10518,10457,10517,10471,10512,10325,10517,10518,10517,10518,10517,10517,10468,9830,10521,10247,10518,10476,10475,10106,10450,10398,10495,10493,10458,10448,10455,10465,10461,10415,10457,10469,10398,10457,10457,10458,10457,10456,10397,10457,10457,10457,10471,10465,10401,10403,10458,10455,10457,10459,10396,10398,10399,10294,10397,10395,10422,10452,10450,10449,10451,10228,10322,10473,10463,10462,10462,10463,10312,10310,10309,10383,10457,10372,10407,10408,10462,10402,10464,10462,10462,10465,10461,10461,10461,10461,10466,10465,10467,10462,10383,10462,10466,10465,10466,10467,10469,10464,10464,10463,10464,10466,10464,10465,10463,10465,10462,10463,10406,10408,10406,10406,10463,10467,10461,10478,10468,10468,10469,10469,10469,10466,10464,10463,10463,10463,10464,10464,10464,10459,10464,10464,10464,10465,10465,10472,10431,10464,10465,10463,10403,10467,10464,10465,10459,10459,10456,10466,10460,10464,10467,10468,10463,10463,10462,10468,10467,10472,10469,10469,10463,10363,10359,10384,10385,10367,10323,686,689,638,663,660,647,667,657,658,648,757,749,749,748,751,0,6,12,16,13,814,812,674,810,201,202,680,682,683,683,683,694,685,777,904,912,709,724,891,695,1634,1638,2791,2781,2655,2657,2845,2817,2822,2761,2874,2902,2861,2840,2853,2759,2829,2735,2596,2772,6631,6654,6724,6681,6742,6604,6681,6642,6568,6689,6757,6636,6832,6773,6829,6827,6829,6813,6826,6791,6815,6825,6830,6835,6888,6867,6858,6743,6835,6888,6870,6813,6822,6813,6855,6837,6843,6850,6886,6838,6775,7366,7284
SRR7130370,10500,10501,10501,10501,10502,10501,10500,10502,10502,10502,10502,10502,10502,10502,10502,10501,10502,10500,10503,10503,10498,10495,10501,10229,10493,10501,10502,10501,10500,10502,10496,10502,10502,10502,10502,10502,10501,10501,10502,10502,10494,10502,10491,10501,10501,10501,10502,10502,10515,10469,10257,10505,10505,10507,10311,10507,10507,10507,10445,10505,10457,10501,10320,10505,10505,10505,10506,10506,10505,10453,9816,10510,10234,10506,10460,10459,10086,10435,10384,10482,10481,10442,10432,10438,10449,10444,10398,10441,10453,10382,10441,10440,10442,10441,10440,10381,10441,10441,10441,10455,10450,10386,10386,10442,10439,10441,10442,10381,10383,10382,10283,10382,10381,10405,10437,10434,10432,10434,10210,10306,10466,10447,10446,10445,10447,10294,10292,10292,10367,10441,10355,10390,10391,10445,10385,10447,10445,10445,10448,10444,10444,10444,10444,10449,10448,10450,10445,10366,10445,10449,10448,10449,10450,10451,10447,10446,10446,10447,10448,10446,10448,10446,10448,10445,10446,10388,10390,10389,10389,10446,10450,10444,10461,10451,10451,10452,10452,10452,10449,10447,10446,10446,10446,10447,10447,10447,10443,10447,10447,10447,10447,10448,10455,10413,10447,10448,10446,10387,10450,10447,10448,10441,10441,10439,10448,10443,10446,10450,10451,10446,10445,10445,10450,10450,10455,10451,10451,10444,10346,10340,10368,10368,10350,10307,682,683,634,657,653,642,661,652,654,642,760,753,752,748,755,6,0,13,18,15,817,815,677,815,204,207,684,684,686,685,687,696,688,778,907,919,711,723,890,698,1628,1632,2792,2784,2658,2658,2840,2818,2822,2762,2871,2900,2862,2840,2852,2761,2833,2735,2599,2771,6633,6653,6720,6680,6735,6597,6676,6642,6558,6680,6753,6630,6829,6775,6823,6826,6826,6811,6822,6787,6813,6821,6824,6833,6880,6860,6853,6733,6830,6882,6861,6806,6817,6808,6848,6831,6836,6844,6881,6833,6772,7353,7270
SRR7130371,10535,10535,10535,10535,10536,10536,10534,10536,10535,10535,10536,10535,10535,10535,10535,10536,10536,10533,10536,10536,10531,10529,10535,10270,10527,10535,10535,10535,10533,10535,10530,10535,10535,10535,10535,10535,10535,10535,10535,10535,10527,10535,10525,10535,10535,10535,10535,10535,10548,10503,10291,10538,10538,10540,10341,10540,10540,10540,10480,10539,10495,10534,10352,10539,10539,10538,10540,10539,10540,10490,9854,10543,10266,10539,10497,10496,10122,10455,10420,10516,10514,10479,10469,10475,10486,10481,10434,10478,10490,10419,10478,10477,10479,10478,10477,10418,10478,10478,10478,10492,10487,10422,10423,10479,10476,10478,10480,10417,10419,10419,10311,10418,10416,10443,10474,10471,10470,10472,10247,10343,10495,10484,10483,10482,10483,10331,10329,10329,10402,10478,10392,10427,10428,10482,10422,10484,10482,10482,10485,10481,10481,10481,10481,10486,10485,10487,10482,10403,10482,10486,10485,10486,10487,10489,10484,10483,10483,10484,10486,10483,10485,10483,10485,10482,10483,10425,10427,10426,10426,10483,10487,10481,10498,10488,10488,10489,10489,10489,10486,10484,10483,10483,10483,10484,10484,10484,10480,10484,10484,10484,10485,10485,10492,10450,10484,10485,10483,10423,10487,10484,10485,10479,10479,10476,10485,10480,10484,10487,10488,10483,10482,10482,10488,10487,10492,10488,10489,10481,10383,10377,10404,10405,10388,10344,676,677,628,651,647,638,656,645,647,638,756,747,747,746,750,12,13,0,18,14,810,809,669,807,206,206,678,678,677,677,676,688,679,773,898,909,704,719,886,689,1632,1636,2791,2785,2648,2651,2843,2807,2821,2762,2869,2899,2861,2838,2853,2760,2832,2736,2598,2769,6644,6665,6744,6696,6762,6613,6702,6664,6572,6707,6779,6658,6844,6769,6840,6838,6840,6824,6837,6802,6826,6836,6838,6839,6896,6875,6869,6754,6843,6896,6879,6824,6833,6824,6866,6848,6854,6861,6897,6847,6786,7368,7287
SRR13312061,10685,10685,10685,10686,10687,10686,10685,10687,10686,10686,10687,10686,10686,10686,10686,10686,10687,10684,10687,10687,10682,10680,10686,10417,10678,10686,10686,10686,10684,10686,10681,10686,10686,10686,10686,10686,10686,10686,10686,10686,10678,10686,10676,10686,10686,10686,10686,10686,10699,10654,10441,10688,10689,10691,10487,10691,10691,10691,10630,10689,10643,10685,10497,10689,10690,10689,10690,10689,10690,10636,10002,10694,10418,10690,10643,10642,10271,10603,10562,10666,10665,10624,10614,10621,10631,10627,10580,10623,10636,10565,10623,10623,10624,10624,10623,10563,10624,10624,10623,10638,10633,10566,10567,10624,10622,10624,10625,10562,10563,10564,10451,10562,10559,10585,10619,10616,10616,10617,10382,10481,10635,10630,10629,10629,10630,10468,10466,10465,10545,10624,10534,10573,10574,10628,10568,10629,10628,10628,10631,10626,10627,10627,10627,10631,10631,10633,10628,10545,10628,10632,10631,10632,10633,10635,10629,10629,10629,10629,10632,10630,10631,10629,10630,10628,10629,10571,10574,10571,10572,10629,10633,10627,10644,10634,10634,10634,10635,10634,10632,10630,10628,10628,10629,10630,10630,10630,10625,10629,10630,10630,10630,10630,10637,10592,10630,10630,10629,10567,10633,10630,10631,10625,10624,10622,10631,10626,10630,10633,10633,10629,10629,10628,10634,10633,10638,10634,10634,10628,10525,10522,10549,10550,10534,10487,723,725,694,698,695,683,702,691,693,683,783,775,775,773,778,16,18,18,0,4,849,846,698,843,218,219,712,712,712,712,712,723,715,810,943,956,741,754,933,726,1678,1681,2844,2837,2692,2696,2898,2854,2873,2813,2915,2952,2913,2893,2906,2812,2883,2787,2640,2822,6710,6733,6819,6766,6838,6681,6775,6735,6635,6777,6854,6730,6936,6860,6931,6934,6936,6920,6933,6897,6922,6932,6938,6934,6992,6971,6960,6843,6937,6993,6973,6915,6924,6915,6957,6939,6945,6952,6987,6942,6877,7456,7374
SRR7130369,10555,10555,10555,10555,10557,10556,10556,10556,10555,10555,10556,10555,10555,10555,10555,10556,10556,10555,10556,10556,10551,10549,10555,10292,10547,10555,10555,10555,10553,10555,10550,10555,10555,10555,10555,10555,10555,10555,10555,10555,10547,10555,10545,10555,10555,10555,10555,10555,10568,10524,10315,10559,10559,10561,10359,10560,10560,10560,10500,10559,10517,10554,10369,10559,10560,10560,10560,10560,10560,10506,9877,10563,10289,10559,10513,10512,10141,10482,10442,10536,10535,10496,10486,10493,10503,10499,10451,10495,10507,10436,10495,10495,10496,10495,10494,10435,10494,10494,10495,10508,10504,10445,10446,10496,10493,10495,10496,10439,10442,10442,10335,10441,10439,10458,10491,10488,10488,10488,10272,10367,10510,10501,10500,10500,10500,10351,10349,10348,10414,10495,10412,10444,10445,10499,10439,10501,10499,10499,10502,10498,10498,10498,10498,10503,10502,10504,10499,10419,10499,10503,10502,10503,10504,10505,10501,10501,10500,10501,10502,10501,10502,10500,10502,10499,10500,10443,10445,10443,10443,10500,10503,10498,10515,10505,10505,10506,10506,10506,10503,10501,10500,10500,10500,10501,10501,10501,10497,10501,10501,10501,10501,10502,10509,10467,10501,10502,10500,10446,10504,10501,10502,10495,10495,10493,10503,10497,10502,10504,10505,10500,10500,10499,10505,10504,10509,10506,10505,10500,10400,10395,10422,10423,10405,10368,689,690,646,664,661,650,669,657,659,650,757,749,749,747,752,13,15,14,4,0,817,815,680,815,206,207,687,687,687,687,687,698,690,782,907,918,713,730,893,700,1642,1644,2798,2791,2656,2659,2851,2818,2828,2769,2878,2907,2868,2847,2860,2768,2838,2742,2607,2778,6650,6669,6747,6700,6766,6620,6707,6668,6578,6708,6781,6660,6856,6792,6851,6852,6854,6839,6851,6816,6840,6850,6855,6855,6910,6889,6881,6765,6856,6910,6894,6835,6844,6835,6877,6859,6865,6872,6908,6860,6798,7386,7306
ERR4400834,9707,9708,9708,9709,9710,9708,9708,9709,9708,9708,9709,9708,9708,9708,9708,9708,9709,9708,9709,9709,9708,9702,9708,9471,9700,9708,9708,9708,9706,9708,9703,9708,9708,9708,9708,9708,9708,9708,9708,9708,9708,9708,9702,9708,9708,9708,9708,9708,9721,9679,9491,9712,9712,9714,9556,9713,9713,9713,9711,9712,9672,9707,9579,9712,9713,9713,9713,9713,9712,9667,9170,9716,9496,9712,9674,9673,9357,9685,9655,9689,9688,9657,9647,9654,9665,9660,9616,9656,9668,9656,9656,9656,9657,9656,9655,9656,9655,9655,9656,9669,9665,9657,9658,9657,9654,9656,9657,9651,9649,9645,9646,9653,9651,9689,9652,9649,9648,9649,9709,9703,9741,9662,9661,9661,9662,9653,9652,9652,9638,9656,9744,9664,9665,9660,9659,9662,9660,9660,9663,9659,9659,9659,9659,9664,9663,9665,9660,9666,9660,9664,9663,9664,9665,9666,9662,9662,9661,9662,9663,9662,9663,9661,9664,9660,9661,9663,9665,9663,9663,9661,9664,9659,9676,9666,9666,9667,9667,9667,9664,9662,9661,9661,9661,9663,9662,9662,9658,9662,9662,9662,9662,9663,9670,9664,9663,9664,9662,9658,9666,9663,9664,9656,9656,9654,9664,9658,9662,9665,9666,9661,9661,9660,9666,9665,9670,9667,9666,9661,9652,9653,9642,9642,9625,9643,880,891,789,867,858,861,871,862,862,857,663,662,668,663,664,814,817,810,849,817,0,2,19,11,182,181,95,95,94,94,95,103,102,154,99,110,111,123,111,143,967,972,2063,2067,1967,1943,2121,2088,2044,1991,2080,2111,2082,2065,2136,2042,2057,2015,2023,2049,6578,6605,6686,6633,6712,6549,6643,6598,6500,6652,6730,6597,6258,6182,6254,6277,6277,6257,6280,6238,6266,6274,6281,6288,6341,6315,6285,6188,6281,6320,6319,6267,6269,6267,6307,6290,6292,6301,6259,6285,6226,6815,6732
ERR4338896,9628,9629,9629,9630,9631,9629,9629,9630,9629,9629,9630,9629,9629,9629,9629,9629,9630,9629,9630,9630,9629,9623,9629,9395,9621,9629,9629,9629,9627,9629,9624,9629,9629,9629,9629,9629,9629,9629,9629,9629,9629,9629,9623,9629,9629,9629,9629,9629,9642,9600,9413,9633,9633,9635,9478,9634,9634,9634,9632,9633,9593,9628,9501,9633,9634,9634,9634,9634,9633,9626,9091,9637,9419,9633,9633,9632,9279,9606,9614,9610,9609,9616,9606,9613,9624,9619,9575,9615,9627,9615,9615,9615,9616,9615,9614,9615,9614,9614,9615,9628,9624,9616,9617,9616,9613,9615,9616,9610,9608,9604,9605,9612,9610,9648,9611,9608,9607,9608,9668,9662,9702,9621,9620,9620,9621,9612,9611,9611,9597,9615,9703,9623,9624,9619,9618,9621,9619,9619,9622,9618,9618,9618,9618,9623,9622,9624,9619,9625,9619,9623,9622,9623,9624,9625,9621,9621,9620,9621,9622,9621,9622,9620,9623,9619,9620,9622,9624,9622,9622,9620,9623,9618,9635,9625,9625,9626,9626,9626,9623,9621,9620,9620,9620,9622,9621,9621,9617,9621,9621,9621,9621,9622,9629,9623,9622,9623,9621,9617,9625,9622,9623,9615,9615,9613,9623,9617,9621,9624,9625,9620,9620,9619,9625,9624,9629,9626,9625,9620,9611,9612,9601,9601,9584,9602,857,867,761,843,835,836,845,839,839,833,660,660,665,658,659,812,815,809,846,815,2,0,17,7,181,181,93,93,94,92,95,103,102,151,99,109,108,122,109,142,966,971,2064,2066,1966,1942,2120,2087,2044,1991,2079,2110,2083,2068,2135,2040,2056,2014,2022,2050,6575,6602,6683,6630,6709,6546,6640,6595,6497,6648,6727,6594,6255,6178,6251,6274,6274,6254,6277,6235,6263,6271,6278,6285,6338,6312,6282,6185,6278,6317,6316,6264,6266,6264,6304,6287,6289,6298,6255,6282,6223,6808,6725
ERR4338560,9655,9656,9656,9657,9658,9656,9656,9657,9656,9656,9657,9656,9656,9656,9656,9656,9657,9656,9656,9657,9656,9650,9656,9421,9648,9656,9656,9656,9654,9656,9651,9656,9656,9656,9656,9656,9656,9656,9656,9656,9656,9656,9650,9656,9656,9656,9656,9656,9669,9628,9438,9660,9660,9662,9505,9661,9661,9661,9659,9660,9620,9655,9528,9660,9661,9661,9661,9661,9660,9653,9119,9664,9446,9660,9660,9659,9305,9633,9641,9637,9636,9643,9633,9640,9651,9646,9602,9642,9654,9642,9642,9642,9643,9642,9641,9642,9641,9641,9642,9655,9651,9643,9644,9643,9640,9642,9643,9637,9635,9631,9631,9637,9635,9640,9636,9634,9633,9634,9652,9648,9726,9646,9645,9645,9646,9634,9633,9633,9631,9642,9640,9649,9650,9645,9644,9647,9645,9645,9648,9644,9644,9644,9644,9649,9648,9650,9645,9652,9645,9649,9648,9649,9650,9651,9647,9647,9646,9647,9648,9647,9648,9646,9649,9645,9646,9648,9650,9648,9648,9646,9649,9644,9661,9651,9651,9652,9652,9652,9649,9647,9646,9646,9646,9647,9647,9647,9643,9647,9647,9647,9647,9648,9655,9649,9647,9648,9646,9643,9650,9647,9648,9641,9641,9639,9649,9643,9647,9650,9651,9646,9646,9645,9651,9650,9655,9652,9651,9646,9639,9638,9628,9628,9611,9626,706,708,603,686,678,679,690,683,683,679,669,670,674,667,669,674,677,669,698,680,19,17,0,15,143,144,92,92,93,92,94,104,101,124,106,115,109,123,120,105,943,944,2068,2072,1973,1950,2128,2095,2053,1998,2085,2116,2091,2070,2141,2048,2062,2022,2024,2058,6497,6512,6593,6539,6612,6457,6551,6509,6416,6553,6631,6510,6162,6100,6167,6187,6189,6174,6188,6151,6175,6186,6188,6188,6244,6222,6177,6106,6191,6226,6226,6175,6184,6173,6217,6199,6203,6212,6176,6192,6137,6726,6646
SRR1106479,9602,9602,9602,9603,9604,9603,9603,9603,9602,9602,9603,9602,9602,9602,9602,9603,9603,9602,9603,9603,9602,9596,9602,9371,9594,9602,9602,9602,9600,9602,9597,9602,9602,9602,9602,9602,9602,9602,9602,9602,9602,9602,9596,9602,9602,9602,9602,9602,9615,9574,9390,9606,9606,9608,9459,9607,9607,9607,9606,9606,9566,9601,9477,9606,9607,9607,9607,9607,9607,9599,9078,9610,9402,9606,9606,9605,9253,9579,9587,9583,9582,9589,9579,9586,9597,9592,9548,9588,9600,9588,9588,9588,9589,9588,9587,9588,9587,9587,9588,9601,9597,9589,9590,9589,9586,9588,9589,9583,9581,9577,9579,9585,9583,9621,9584,9581,9581,9581,9640,9635,9675,9594,9593,9593,9594,9585,9584,9584,9575,9589,9676,9596,9597,9592,9591,9594,9592,9592,9595,9591,9591,9591,9591,9596,9595,9597,9592,9598,9592,9596,9595,9596,9597,9598,9594,9594,9593,9594,9595,9594,9595,9593,9596,9592,9593,9595,9597,9595,9595,9593,9596,9591,9608,9598,9598,9599,9599,9599,9596,9594,9593,9593,9593,9595,9594,9594,9590,9594,9594,9594,9594,9595,9602,9596,9595,9596,9594,9590,9598,9595,9596,9588,9588,9586,9596,9590,9595,9597,9598,9593,9593,9592,9598,9597,9602,9599,9598,9593,9583,9585,9573,9573,9556,9576,858,869,772,845,839,836,847,841,843,834,661,660,665,658,659,810,815,807,843,815,11,7,15,0,181,179,93,91,90,92,91,99,99,149,94,106,109,120,107,139,967,972,2062,2065,1965,1941,2120,2086,2043,1989,2082,2111,2080,2062,2135,2040,2056,2014,2022,2048,6559,6580,6662,6613,6692,6532,6624,6578,6479,6632,6705,6578,6238,6162,6236,6253,6258,6238,6255,6218,6247,6256,6262,6269,6317,6295,6264,6182,6261,6297,6300,6243,6245,6243,6283,6266,6268,6277,6238,6266,6201,6790,6707
ERR3581536,9937,9938,9938,9939,9940,9938,9938,9939,9938,9938,9939,9938,9938,9938,9938,9938,9939,9938,9939,9939,9938,9932,9938,9692,9930,9938,9938,9938,9936,9938,9933,9938,9938,9938,9938,9938,9938,9938,9938,9938,9938,9938,9932,9938,9938,9938,9938,9938,9950,9908,9714,9940,9940,9942,9783,9941,9941,9941,9939,9940,9898,9937,9810,9942,9943,9943,9943,9943,9942,9935,9391,9946,9729,9942,9942,9941,9580,9741,9758,9919,9918,9925,9915,9921,9930,9926,9883,9922,9934,9922,9922,9922,9923,9922,9921,9921,9920,9920,9921,9934,9930,9758,9759,9923,9920,9924,9925,9840,9824,9820,9727,9755,9753,9911,9917,9907,9907,9908,9780,9808,10009,9929,9928,9928,9929,9878,9877,9877,9907,9924,9882,9931,9932,9927,9926,9929,9927,9927,9930,9926,9926,9926,9926,9931,9930,9932,9927,9922,9927,9931,9930,9931,9932,9933,9929,9929,9928,9929,9930,9929,9930,9928,9931,9927,9928,9930,9932,9930,9930,9928,9931,9926,9943,9933,9933,9934,9934,9934,9931,9929,9928,9928,9928,9903,9929,9929,9924,9929,9929,9929,9929,9930,9937,9919,9929,9904,9928,9751,9932,9929,9930,9923,9923,9921,9931,9925,9929,9931,9932,9927,9927,9927,9933,9932,9937,9934,9933,9928,9909,9894,9910,9911,9893,9736,379,436,379,444,396,362,437,395,433,423,344,335,334,333,332,201,204,206,218,206,182,181,143,181,0,28,139,139,138,139,139,148,192,298,284,294,163,174,312,152,1049,1049,2165,2156,2054,2025,2209,2174,2148,2083,2182,2215,2188,2165,2223,2120,2162,2104,2067,2138,6292,6300,6372,6324,6392,6272,6331,6290,6207,6342,6408,6287,6342,6263,6269,6280,6283,6264,6279,6237,6269,6280,6283,6291,6338,6320,6267,6192,6284,6326,6325,6265,6268,6265,6309,6291,6299,6308,6279,6286,6229,6816,6735
SRR8369293,9821,9822,9822,9823,9824,9822,9822,9823,9822,9822,9823,9822,9822,9822,9822,9822,9823,9822,9822,9823,9822,9816,9822,9589,9814,9822,9822,9822,9820,9822,9817,9822,9822,9822,9822,9822,9822,9822,9822,9822,9822,9822,9816,9822,9822,9822,9822,9822,9834,9793,9599,9824,9824,9826,9673,9825,9825,9825,9823,9824,9787,9821,9696,9826,9827,9827,9827,9827,9826,9819,9282,9830,9615,9826,9826,9825,9466,9662,9678,9803,9802,9809,9799,9806,9814,9810,9766,9806,9818,9806,9806,9806,9807,9806,9805,9805,9804,9804,9805,9818,9815,9678,9679,9807,9804,9808,9809,9754,9739,9738,9647,9676,9674,9795,9802,9791,9791,9792,9688,9716,9895,9814,9813,9813,9814,9762,9761,9761,9799,9808,9765,9814,9815,9810,9809,9812,9810,9810,9813,9809,9809,9809,9809,9814,9813,9815,9810,9804,9810,9814,9813,9814,9815,9816,9812,9812,9811,9812,9813,9812,9813,9811,9814,9810,9811,9813,9815,9813,9813,9811,9814,9809,9826,9816,9816,9817,9817,9817,9814,9812,9811,9811,9811,9787,9812,9812,9809,9812,9812,9812,9812,9813,9820,9801,9812,9788,9811,9671,9815,9812,9813,9806,9806,9804,9814,9808,9812,9814,9815,9810,9810,9810,9816,9815,9820,9817,9816,9811,9790,9778,9794,9795,9777,9657,371,414,358,427,382,349,421,384,415,406,331,325,328,326,325,202,207,206,219,207,181,181,144,179,28,0,136,139,137,137,136,146,183,290,278,285,156,168,309,150,1041,1043,2157,2150,2052,2022,2208,2174,2140,2076,2178,2208,2178,2156,2223,2117,2152,2100,2061,2134,6256,6264,6334,6286,6355,6237,6293,6252,6171,6304,6371,6250,6299,6226,6232,6242,6245,6226,6241,6199,6231,6241,6245,6253,6300,6283,6230,6167,6246,6288,6287,6228,6231,6229,6272,6254,6261,6271,6238,6249,6191,6776,6695
SRR7842526,9523,9523,9523,9524,9525,9524,9524,9524,9523,9523,9524,9523,9523,9523,9523,9524,9524,9523,9523,9524,9523,9517,9523,9294,9515,9523,9523,9523,9521,9523,9518,9523,9523,9523,9523,9523,9523,9523,9523,9523,9523,9523,9517,9523,9523,9523,9523,9523,9536,9495,9310,9527,9527,9529,9376,9528,9528,9528,9527,9527,9488,9522,9398,9527,9528,9528,9528,9528,9528,9520,8997,9531,9323,9527,9527,9526,9182,9500,9508,9504,9503,9510,9500,9507,9518,9513,9470,9509,9521,9509,9509,9509,9510,9509,9508,9509,9508,9508,9509,9522,9518,9510,9511,9510,9507,9509,9510,9504,9502,9498,9499,9506,9504,9509,9505,9501,9501,9501,9518,9515,9597,9515,9514,9514,9515,9501,9500,9500,9500,9509,9507,9515,9516,9511,9510,9513,9511,9511,9514,9510,9510,9510,9510,9515,9514,9516,9511,9518,9511,9515,9514,9515,9516,9517,9513,9513,9512,9513,9514,9513,9514,9512,9515,9511,9512,9514,9516,9514,9514,9512,9515,9510,9527,9517,9517,9518,9518,9518,9515,9513,9512,9512,9512,9513,9513,9513,9510,9513,9513,9513,9513,9514,9521,9515,9513,9514,9512,9509,9516,9513,9514,9507,9507,9505,9515,9509,9514,9516,9517,9512,9512,9511,9517,9516,9521,9518,9517,9512,9504,9504,9495,9495,9478,9496,710,715,599,698,684,685,698,695,690,686,678,679,684,677,677,680,684,678,712,687,95,93,92,93,139,136,0,2,1,1,0,36,33,95,80,85,83,93,91,77,913,916,2033,2038,1941,1920,2095,2061,2017,1965,2055,2084,2055,2035,2108,2017,2028,1990,1990,2024,6411,6425,6506,6453,6527,6371,6466,6424,6328,6467,6544,6425,6079,6025,6084,6100,6104,6089,6100,6066,6090,6100,6103,6103,6157,6136,6091,6031,6105,6140,6140,6088,6097,6086,6130,6112,6116,6125,6091,6107,6050,6635,6556
SRR8297279,9541,9541,9541,9542,9543,9542,9542,9542,9541,9541,9542,9541,9541,9541,9541,9542,9542,9541,9541,9542,9541,9535,9541,9314,9533,9541,9541,9541,9539,9541,9536,9541,9541,9541,9541,9541,9541,9541,9541,9541,9541,9541,9535,9541,9541,9541,9541,9541,9554,9513,9331,9545,9545,9547,9398,9546,9546,9546,9545,9545,9505,9540,9413,9545,9546,9546,9546,9546,9546,9538,9017,9549,9339,9545,9545,9544,9204,9518,9526,9522,9521,9528,9518,9525,9536,9531,9488,9527,9539,9527,9527,9527,9528,9527,9526,9527,9526,9526,9527,9540,9536,9528,9529,9528,9525,9527,9528,9522,9520,9516,9518,9524,9522,9527,9523,9519,9519,9519,9537,9533,9613,9533,9532,9532,9533,9519,9518,9518,9518,9527,9525,9533,9534,9529,9528,9531,9529,9529,9532,9528,9528,9528,9528,9533,9532,9534,9529,9536,9529,9533,9532,9533,9534,9535,9531,9531,9530,9531,9532,9531,9532,9530,9533,9529,9530,9532,9534,9532,9532,9530,9533,9528,9545,9535,9535,9536,9536,9536,9533,9531,9530,9530,9530,9531,9531,9531,9527,9531,9531,9531,9531,9532,9539,9533,9531,9532,9530,9527,9534,9531,9532,9525,9525,9523,9533,9527,9532,9534,9535,9530,9530,9529,9535,9534,9539,9536,9535,9530,9522,9522,9513,9513,9496,9514,712,715,601,699,685,685,698,696,691,686,674,675,680,672,673,682,684,678,712,687,95,93,92,91,139,139,2,0,1,1,2,36,33,95,79,87,83,93,93,78,910,912,2032,2039,1941,1920,2094,2061,2017,1964,2054,2083,2054,2035,2107,2015,2029,1989,1991,2023,6412,6424,6503,6452,6526,6371,6465,6423,6329,6466,6540,6424,6077,6023,6083,6097,6103,6088,6097,6065,6089,6099,6102,6103,6154,6135,6090,6030,6103,6137,6139,6085,6094,6083,6127,6109,6113,6122,6090,6106,6046,6632,6553
SRR7850690,9585,9586,9586,9587,9588,9586,9586,9587,9586,9586,9587,9586,9586,9586,9586,9586,9587,9586,9586,9587,9586,9580,9586,9360,9578,9586,9586,9586,9584,9586,9581,9586,9586,9586,9586,9586,9586,9586,9586,9586,9586,9586,9580,9586,9586,9586,9586,9586,9599,9558,9369,9590,9590,9592,9440,9591,9591,9591,9589,9590,9550,9585,9459,9590,9591,9591,9591,9591,9590,9582,9055,9594,9380,9590,9589,9588,9239,9563,9570,9567,9566,9572,9562,9569,9580,9575,9532,9571,9583,9571,9571,9571,9572,9571,9570,9571,9570,9570,9571,9584,9580,9572,9573,9572,9569,9571,9572,9566,9564,9560,9560,9568,9566,9571,9567,9563,9562,9563,9581,9577,9658,9577,9576,9576,9577,9563,9562,9562,9562,9571,9570,9578,9579,9574,9573,9576,9574,9574,9577,9573,9573,9573,9573,9578,9577,9579,9574,9581,9574,9578,9577,9578,9579,9580,9576,9576,9575,9576,9577,9576,9577,9575,9578,9574,9575,9577,9579,9577,9577,9575,9578,9573,9590,9580,9580,9581,9581,9581,9578,9576,9575,9575,9575,9576,9576,9576,9572,9576,9576,9576,9576,9577,9584,9578,9576,9577,9575,9572,9579,9576,9577,9570,9570,9568,9578,9572,9576,9579,9580,9575,9575,9574,9580,9579,9584,9581,9580,9575,9567,9567,9557,9557,9540,9557,720,723,615,707,692,691,706,703,699,693,677,676,681,673,675,683,686,677,712,687,94,94,93,90,138,137,1,1,0,0,1,35,33,97,78,86,82,92,92,76,911,914,2033,2040,1943,1920,2096,2063,2017,1965,2057,2084,2055,2038,2110,2016,2030,1990,1992,2024,6441,6456,6537,6483,6557,6402,6496,6454,6358,6497,6574,6455,6107,6052,6113,6131,6134,6119,6131,6096,6120,6130,6133,6133,6188,6164,6120,6056,6134,6169,6169,6118,6127,6116,6160,6142,6146,6155,6120,6136,6079,6665,6586
SRR7884719,9548,9549,9549,9550,9551,9549,9549,9550,9549,9549,9550,9549,9549,9549,9549,9549,9550,9549,9549,9550,9549,9543,9549,9322,9541,9549,9549,9549,9547,9549,9544,9549,9549,9549,9549,9549,9549,9549,9549,9549,9549,9549,9543,9549,9549,9549,9549,9549,9561,9521,9337,9553,9553,9555,9401,9554,9554,9554,9552,9553,9514,9548,9421,9553,9554,9554,9554,9554,9553,9533,9022,9557,9348,9553,9540,9539,9210,9523,9518,9530,9529,9523,9513,9520,9531,9526,9483,9522,9534,9522,9522,9522,9523,9522,9521,9522,9521,9521,9522,9535,9531,9520,9521,9523,9520,9522,9523,9515,9513,9509,9517,9516,9514,9522,9518,9514,9513,9514,9527,9524,9608,9528,9527,9527,9528,9514,9513,9513,9512,9522,9521,9528,9529,9524,9523,9526,9524,9524,9527,9523,9523,9523,9523,9528,9527,9529,9524,9531,9524,9528,9527,9528,9529,9530,9526,9526,9525,9526,9527,9526,9527,9525,9528,9524,9525,9527,9529,9527,9527,9525,9528,9523,9540,9530,9530,9531,9531,9531,9528,9526,9525,9525,9525,9526,9526,9526,9523,9526,9526,9526,9526,9527,9534,9528,9526,9527,9525,9519,9529,9526,9527,9520,9520,9518,9528,9522,9526,9529,9530,9525,9525,9524,9530,9529,9534,9531,9530,9525,9517,9517,9508,9508,9491,9505,716,719,606,702,688,690,700,698,693,691,676,677,682,674,675,683,685,677,712,687,94,92,92,92,139,137,1,1,0,0,1,35,32,96,80,87,82,93,94,76,912,912,2032,2039,1940,1919,2094,2060,2016,1964,2054,2083,2054,2034,2107,2015,2029,1989,1991,2023,6419,6436,6513,6463,6528,6381,6469,6428,6338,6467,6545,6426,6079,6033,6085,6099,6102,6087,6099,6064,6088,6098,6101,6110,6159,6137,6090,6032,6106,6141,6142,6087,6099,6088,6132,6114,6118,6127,6092,6108,6051,6637,6558
SRR8350305,9533,9533,9531,9534,9535,9534,9534,9534,9533,9533,9534,9533,9533,9533,9531,9534,9534,9531,9533,9534,9533,9527,9533,9306,9523,9533,9533,9533,9531,9533,9528,9533,9533,9533,9533,9533,9533,9533,9533,9533,9533,9533,9527,9533,9533,9533,9533,9533,9546,9503,9317,9535,9534,9537,9390,9538,9538,9538,9537,9537,9498,9532,9404,9537,9538,9538,9538,9538,9538,9530,9001,9541,9326,9537,9537,9536,9194,9508,9516,9513,9510,9518,9510,9514,9525,9523,9478,9518,9530,9517,9517,9518,9518,9517,9516,9517,9518,9518,9518,9532,9526,9517,9519,9519,9515,9517,9518,9514,9510,9506,9510,9513,9511,9516,9512,9508,9508,9511,9526,9522,9608,9523,9524,9522,9525,9509,9508,9508,9504,9517,9515,9522,9524,9519,9518,9523,9521,9519,9522,9517,9518,9519,9518,9523,9523,9524,9519,9526,9519,9522,9522,9523,9526,9525,9521,9523,9519,9521,9522,9520,9522,9520,9523,9519,9519,9522,9524,9522,9524,9519,9525,9518,9535,9524,9527,9526,9526,9528,9523,9521,9521,9520,9520,9521,9521,9521,9520,9521,9521,9523,9523,9523,9531,9525,9522,9522,9522,9517,9524,9521,9522,9515,9514,9512,9523,9518,9521,9523,9527,9520,9520,9519,9524,9526,9529,9528,9525,9522,9511,9514,9505,9505,9488,9503,713,717,605,701,686,684,700,698,692,689,682,681,686,677,679,683,687,676,712,687,95,95,94,91,139,136,0,2,1,1,0,36,33,97,79,85,84,93,89,77,913,915,2032,2037,1942,1919,2095,2062,2016,1964,2056,2083,2054,2033,2109,2015,2027,1989,1989,2023,6420,6435,6512,6462,6532,6381,6471,6430,6338,6472,6549,6430,6083,6034,6089,6106,6109,6094,6106,6071,6095,6105,6108,6112,6163,6141,6095,6032,6110,6145,6145,6094,6103,6092,6136,6118,6122,6131,6096,6112,6055,6637,6558
SRR15853458,9558,9559,9559,9560,9561,9559,9559,9560,9559,9559,9560,9559,9559,9559,9559,9559,9560,9559,9559,9560,9559,9553,9559,9331,9551,9559,9559,9559,9557,9559,9554,9559,9559,9559,9559,9559,9559,9559,9559,9559,9559,9559,9553,9559,9559,9559,9559,9559,9572,9531,9341,9563,9563,9565,9415,9564,9564,9564,9562,9563,9524,9558,9433,9563,9564,9564,9564,9564,9563,9556,9026,9567,9356,9563,9563,9562,9217,9536,9544,9540,9539,9546,9536,9543,9554,9549,9506,9545,9557,9545,9545,9545,9546,9545,9544,9545,9544,9544,9545,9558,9554,9546,9547,9546,9543,9545,9546,9540,9538,9534,9534,9542,9540,9544,9541,9537,9535,9537,9555,9551,9633,9551,9550,9550,9551,9536,9535,9535,9535,9545,9543,9552,9553,9548,9547,9550,9548,9548,9551,9547,9547,9547,9547,9552,9551,9553,9548,9555,9548,9552,9551,9552,9553,9554,9550,9550,9549,9550,9551,9550,9551,9549,9552,9548,9549,9551,9553,9551,9551,9549,9552,9547,9564,9554,9554,9555,9555,9555,9552,9550,9549,9549,9549,9550,9550,9550,9547,9550,9550,9550,9550,9551,9558,9552,9550,9551,9549,9546,9553,9550,9551,9544,9544,9542,9552,9546,9550,9553,9554,9549,9549,9548,9554,9553,9558,9555,9554,9549,9541,9541,9530,9530,9513,9530,721,726,609,710,694,695,708,707,702,697,689,686,693,685,686,694,696,688,723,698,103,103,104,99,148,146,36,36,35,35,36,0,43,107,87,98,92,104,102,87,928,930,2049,2056,1959,1932,2110,2079,2031,1978,2073,2100,2069,2053,2126,2029,2046,2003,2005,2037,6444,6459,6544,6490,6564,6404,6503,6457,6364,6503,6582,6462,6110,6053,6117,6134,6137,6122,6134,6099,6123,6133,6136,6136,6191,6168,6124,6060,6138,6174,6172,6123,6132,6121,6165,6147,6151,6160,6124,6140,6084,6668,6589
SRR21224019,9623,9624,9624,9625,9625,9624,9623,9625,9624,9624,9625,9624,9624,9624,9624,9624,9625,9623,9624,9625,9624,9618,9624,9395,9616,9624,9624,9624,9622,9624,9619,9624,9624,9624,9624,9624,9624,9624,9624,9624,9624,9624,9618,9624,9624,9624,9624,9624,9637,9596,9406,9628,9628,9630,9479,9629,9629,9629,9627,9628,9589,9623,9495,9628,9628,9628,9629,9629,9628,9621,9089,9632,9419,9628,9628,9627,9276,9569,9575,9602,9601,9611,9601,9604,9619,9613,9571,9610,9622,9610,9610,9609,9611,9610,9609,9610,9609,9609,9610,9623,9619,9577,9577,9611,9608,9610,9611,9604,9598,9587,9561,9573,9571,9607,9606,9600,9600,9602,9619,9615,9696,9616,9615,9614,9616,9598,9597,9598,9597,9610,9605,9616,9617,9612,9611,9614,9612,9612,9615,9611,9611,9611,9611,9616,9615,9617,9612,9616,9612,9616,9615,9616,9617,9618,9614,9613,9613,9614,9615,9613,9615,9613,9616,9612,9613,9614,9616,9615,9615,9613,9616,9611,9628,9618,9618,9619,9619,9619,9616,9614,9613,9613,9613,9614,9614,9614,9611,9614,9614,9614,9614,9615,9622,9612,9614,9612,9613,9576,9617,9614,9615,9608,9608,9606,9615,9610,9613,9617,9618,9613,9612,9612,9618,9617,9622,9618,9618,9612,9602,9604,9595,9595,9578,9558,729,731,617,716,701,700,714,712,707,702,690,705,712,712,704,685,688,679,715,690,102,102,101,99,192,183,33,33,33,32,33,43,0,134,124,132,90,101,137,84,926,927,2048,2055,1954,1930,2109,2078,2032,1977,2071,2098,2070,2052,2125,2030,2044,2004,2005,2038,6440,6456,6537,6483,6557,6399,6496,6454,6357,6496,6575,6455,6158,6101,6122,6139,6142,6127,6140,6104,6128,6138,6141,6141,6196,6173,6129,6064,6143,6179,6178,6127,6136,6125,6169,6151,6155,6164,6129,6145,6089,6675,6595
SRR20212638,10022,10022,10019,10023,10024,10023,10023,10023,10022,10022,10023,10022,10022,10022,10020,10023,10023,10019,10023,10023,10022,10016,10022,9790,10011,10022,10022,10022,10020,10022,10017,10022,10022,10022,10022,10022,10022,10022,10022,10022,10022,10022,10016,10022,10022,10022,10022,10022,10029,9992,9807,10024,10022,10025,9875,10027,10027,10027,10026,10026,9986,10021,9893,10026,10027,10027,10027,10027,10027,9895,9489,10030,9805,10026,9902,9901,9679,9798,9683,10002,9998,9882,9875,9878,9889,9888,9840,9883,9895,9881,9881,9883,9883,9882,9880,9882,9883,9883,9884,9897,9890,9683,9685,9884,9880,9881,9883,9779,9772,9766,9671,9679,9677,9913,9909,9896,9897,9900,9719,9749,9973,9887,9890,9886,9890,9846,9844,9845,9867,9882,9853,9887,9890,9884,9884,9889,9887,9886,9887,9882,9884,9885,9884,9888,9889,9890,9884,9892,9884,9887,9888,9889,9892,9891,9886,9890,9884,9887,9887,9885,9887,9886,9889,9885,9884,9887,9889,9888,9890,9884,9891,9883,9900,9889,9893,9891,9891,9894,9890,9886,9888,9886,9885,9860,9887,9886,9885,9887,9887,9889,9889,9889,9897,9891,9888,9861,9888,9683,9889,9887,9887,9881,9880,9877,9889,9884,9886,9888,9894,9886,9885,9885,9889,9892,9895,9895,9891,9888,9876,9853,9903,9901,9886,9671,915,958,870,961,925,889,958,925,954,940,858,847,861,859,855,777,778,773,810,782,154,151,124,149,298,290,95,95,97,96,97,107,134,0,207,210,120,137,261,122,1001,1002,2154,2107,2003,1981,2160,2128,2138,2081,2186,2215,2179,2157,2176,2071,2148,2052,2027,2089,6613,6629,6713,6664,6744,6578,6673,6631,6534,6682,6756,6631,6265,6188,6274,6300,6308,6289,6301,6261,6294,6304,6307,6316,6361,6268,6214,6139,6229,6295,6274,6207,6212,6209,6253,6235,6235,6246,6275,6235,6172,6751,6671
SRR8706049,9712,9713,9713,9714,9715,9713,9713,9714,9713,9713,9714,9713,9713,9713,9713,9713,9714,9713,9714,9714,9713,9707,9713,9483,9705,9713,9713,9713,9711,9713,9708,9713,9713,9713,9713,9713,9713,9713,9713,9713,9713,9713,9707,9713,9713,9713,9713,9713,9725,9686,9502,9717,9717,9719,9566,9718,9718,9718,9716,9717,9677,9712,9585,9717,9718,9718,9718,9718,9717,9699,9184,9721,9503,9717,9706,9705,9371,9555,9545,9694,9693,9689,9679,9686,9697,9692,9649,9688,9700,9688,9688,9688,9689,9688,9687,9688,9687,9687,9688,9701,9697,9547,9548,9689,9686,9688,9689,9628,9625,9620,9542,9543,9541,9730,9695,9692,9693,9694,9648,9643,9773,9694,9693,9693,9694,9684,9683,9683,9676,9689,9774,9695,9696,9691,9690,9693,9691,9691,9694,9690,9690,9690,9690,9695,9694,9696,9691,9696,9691,9695,9694,9695,9696,9697,9693,9693,9692,9693,9694,9693,9694,9692,9695,9691,9692,9694,9696,9694,9694,9692,9695,9690,9707,9697,9697,9698,9698,9698,9695,9693,9692,9692,9692,9694,9693,9693,9689,9693,9693,9693,9693,9694,9701,9694,9694,9695,9693,9547,9697,9694,9695,9687,9687,9685,9695,9689,9693,9696,9697,9692,9692,9691,9697,9696,9701,9698,9697,9692,9681,9684,9687,9685,9670,9533,992,1030,945,1040,1001,967,1038,998,1033,1021,817,813,821,819,815,904,907,898,943,907,99,99,106,94,284,278,80,79,78,80,79,87,124,207,0,10,51,64,141,128,972,977,2110,2054,1956,1931,2108,2080,2094,2040,2148,2174,2133,2117,2124,2026,2108,2001,2008,2035,6528,6550,6629,6584,6653,6501,6588,6543,6451,6595,6665,6539,6283,6222,6250,6213,6218,6198,6213,6179,6207,6215,6222,6237,6281,6260,6226,6143,6224,6280,6263,6203,6208,6206,6246,6229,6231,6240,6274,6229,6163,6753,6670
SRR16227977,9772,9773,9773,9774,9775,9773,9773,9774,9773,9773,9774,9773,9773,9773,9773,9773,9774,9773,9774,9774,9773,9767,9773,9545,9765,9773,9773,9773,9771,9773,9768,9773,9773,9773,9773,9773,9773,9773,9773,9773,9773,9773,9767,9773,9773,9773,9773,9773,9785,9746,9556,9777,9777,9779,9627,9778,9778,9778,9776,9777,9738,9772,9647,9777,9778,9778,9778,9778,9777,9759,9241,9781,9564,9777,9766,9765,9426,9611,9609,9754,9753,9749,9739,9746,9757,9752,9709,9748,9760,9748,9748,9748,9749,9748,9747,9748,9747,9747,9748,9761,9757,9611,9612,9749,9746,9748,9749,9685,9683,9677,9599,9607,9605,9790,9755,9752,9753,9754,9706,9701,9836,9754,9753,9753,9754,9744,9743,9743,9739,9748,9833,9756,9757,9752,9751,9754,9752,9752,9755,9751,9751,9751,9751,9756,9755,9757,9752,9757,9752,9756,9755,9756,9757,9758,9754,9754,9753,9754,9755,9754,9755,9753,9756,9752,9753,9755,9757,9755,9755,9753,9756,9751,9768,9758,9758,9759,9759,9759,9756,9754,9753,9753,9753,9755,9754,9754,9751,9754,9754,9754,9754,9755,9762,9755,9755,9756,9754,9612,9758,9755,9756,9748,9748,9746,9756,9750,9754,9757,9758,9753,9753,9752,9758,9757,9762,9759,9758,9753,9742,9745,9747,9745,9730,9597,1009,1049,966,1053,1021,982,1052,1015,1045,1033,824,823,827,826,822,912,919,909,956,918,110,109,115,106,294,285,85,87,86,87,85,98,132,210,10,0,62,75,153,137,991,993,2125,2065,1966,1943,2123,2093,2110,2054,2160,2188,2151,2127,2138,2042,2120,2016,2021,2050,6563,6590,6671,6618,6697,6536,6628,6583,6484,6637,6715,6582,6326,6247,6294,6261,6261,6241,6261,6222,6250,6258,6265,6272,6329,6303,6269,6186,6267,6330,6306,6251,6256,6254,6294,6277,6279,6288,6318,6272,6213,6800,6716
ERR4399344,9619,9620,9617,9621,9622,9620,9620,9621,9620,9620,9621,9620,9620,9620,9618,9620,9621,9617,9620,9621,9620,9614,9620,9383,9609,9620,9620,9620,9618,9620,9615,9620,9620,9620,9620,9620,9620,9620,9620,9620,9620,9620,9614,9620,9620,9620,9620,9620,9633,9589,9404,9622,9620,9623,9470,9625,9625,9625,9623,9624,9584,9619,9488,9624,9625,9625,9625,9625,9624,9617,9083,9628,9405,9624,9624,9623,9271,9586,9594,9600,9596,9604,9597,9600,9611,9610,9564,9605,9617,9603,9603,9605,9605,9604,9602,9604,9605,9605,9605,9619,9612,9594,9596,9606,9602,9603,9605,9597,9596,9588,9586,9588,9586,9600,9596,9594,9593,9598,9604,9601,9688,9607,9609,9606,9610,9596,9593,9592,9593,9603,9602,9609,9612,9606,9606,9611,9609,9607,9609,9604,9606,9607,9605,9610,9611,9612,9606,9613,9606,9609,9610,9611,9614,9613,9608,9611,9606,9608,9609,9607,9609,9607,9611,9607,9606,9609,9611,9610,9612,9606,9613,9605,9622,9611,9615,9613,9613,9616,9611,9608,9609,9608,9607,9609,9608,9608,9607,9608,9609,9611,9611,9611,9619,9613,9610,9610,9610,9595,9611,9609,9609,9603,9601,9599,9610,9606,9607,9610,9615,9608,9607,9607,9611,9614,9617,9616,9613,9610,9606,9602,9592,9593,9575,9577,735,740,628,726,708,713,725,722,716,711,700,698,705,700,700,709,711,704,741,713,111,108,109,109,163,156,83,83,82,82,84,92,90,120,51,62,0,19,102,96,936,939,2068,2066,1965,1941,2119,2088,2055,2002,2095,2124,2093,2076,2134,2040,2070,2013,2015,2047,6487,6503,6584,6530,6604,6450,6543,6501,6409,6545,6622,6502,6160,6098,6157,6178,6181,6166,6179,6143,6167,6177,6180,6180,6235,6214,6167,6098,6181,6224,6218,6166,6175,6164,6208,6190,6194,6203,6183,6184,6128,6717,6637
SRR7841631,9609,9609,9609,9610,9611,9610,9610,9610,9609,9609,9610,9609,9609,9609,9609,9610,9610,9609,9609,9610,9609,9603,9609,9375,9601,9609,9609,9609,9607,9609,9604,9609,9609,9609,9609,9609,9609,9609,9609,9609,9609,9609,9603,9609,9609,9609,9609,9609,9622,9580,9389,9613,9613,9615,9460,9614,9614,9614,9613,9613,9574,9608,9483,9613,9614,9614,9614,9614,9614,9606,9074,9617,9400,9613,9613,9612,9260,9571,9579,9590,9589,9596,9586,9593,9604,9599,9556,9595,9607,9595,9595,9595,9596,9595,9594,9595,9594,9594,9595,9608,9604,9581,9582,9596,9593,9595,9596,9579,9580,9573,9573,9577,9575,9595,9591,9587,9587,9587,9589,9585,9683,9601,9600,9600,9601,9587,9585,9584,9580,9595,9593,9601,9602,9597,9596,9599,9597,9597,9600,9596,9596,9596,9596,9601,9600,9602,9597,9604,9597,9601,9600,9601,9602,9603,9599,9599,9598,9599,9600,9599,9600,9598,9601,9597,9598,9600,9602,9600,9600,9598,9601,9596,9613,9603,9603,9604,9604,9604,9601,9599,9598,9598,9598,9599,9599,9599,9596,9599,9599,9599,9599,9600,9607,9601,9599,9600,9598,9580,9602,9599,9600,9593,9593,9591,9601,9595,9600,9602,9603,9598,9598,9597,9603,9602,9607,9604,9603,9598,9597,9590,9581,9582,9564,9567,759,766,662,750,735,732,748,746,741,737,712,712,717,710,708,724,723,719,754,730,123,122,123,120,174,168,93,93,92,93,93,104,101,137,64,75,19,0,118,105,947,949,2082,2077,1977,1954,2132,2102,2069,2012,2112,2138,2111,2087,2147,2052,2081,2025,2027,2059,6472,6487,6568,6514,6588,6433,6527,6485,6392,6528,6606,6487,6148,6090,6149,6165,6167,6152,6163,6130,6154,6165,6166,6166,6222,6201,6154,6091,6169,6211,6205,6152,6161,6150,6195,6176,6181,6190,6168,6170,6114,6699,6619
SRR22691594,10355,10355,10355,10356,10357,10356,10356,10356,10355,10355,10356,10355,10355,10355,10355,10356,10356,10355,10356,10356,10355,10349,10355,10112,10347,10355,10355,10355,10353,10355,10350,10355,10355,10355,10355,10355,10355,10355,10355,10355,10355,10355,10349,10355,10355,10355,10355,10355,10368,10324,10129,10359,10359,10361,10190,10360,10360,10360,10359,10359,10319,10354,10219,10359,10360,10360,10360,10360,10360,10311,9809,10363,10136,10359,10318,10317,9976,9622,9590,10335,10334,10300,10290,10297,10308,10303,10260,10299,10311,10299,10299,10299,10300,10299,10298,10299,10298,10298,10299,10312,10307,9592,9593,10300,10297,10300,10301,9653,9663,9656,9582,9588,9586,10338,10302,10300,10302,10302,9678,9673,10388,10305,10304,10304,10305,10297,10295,10294,10289,10299,10385,10307,10308,10303,10302,10305,10303,10303,10306,10302,10302,10302,10302,10307,10306,10308,10303,10309,10303,10307,10306,10307,10308,10309,10305,10305,10304,10306,10306,10305,10306,10304,10307,10303,10304,10306,10308,10306,10306,10304,10307,10302,10319,10309,10309,10310,10310,10310,10307,10305,10304,10304,10304,10306,10305,10305,10302,10305,10305,10305,10305,10306,10313,10307,10306,10307,10305,9593,10309,10306,10307,10299,10299,10297,10307,10301,10306,10308,10309,10304,10304,10303,10309,10308,10313,10310,10309,10304,10294,10296,10293,10291,10276,9578,956,996,889,993,961,930,985,965,984,973,750,769,762,773,757,891,890,886,933,893,111,109,120,107,312,309,91,93,92,94,89,102,137,261,141,153,102,118,0,141,982,988,2099,2068,1968,1940,2123,2090,2081,2021,2136,2159,2120,2098,2138,2044,2093,2016,2022,2049,6551,6578,6660,6607,6686,6523,6617,6573,6473,6626,6703,6571,6321,6242,6271,6248,6248,6228,6250,6209,6237,6246,6251,6259,6316,6290,6257,6170,6256,6315,6292,6238,6243,6240,6281,6263,6265,6274,6274,6258,6201,6786,6703
SRR16301618,9590,9591,9591,9592,9593,9591,9591,9592,9591,9591,9592,9591,9591,9591,9591,9591,9592,9591,9591,9592,9591,9585,9591,9364,9582,9591,9591,9591,9589,9591,9586,9591,9591,9591,9591,9591,9591,9591,9591,9591,9591,9591,9585,9591,9591,9591,9591,9591,9604,9562,9380,9595,9595,9597,9447,9596,9596,9596,9594,9595,9555,9590,9465,9595,9596,9596,9596,9596,9595,9587,9063,9599,9387,9595,9594,9593,9250,9573,9572,9572,9571,9576,9567,9574,9585,9580,9536,9576,9588,9576,9576,9576,9577,9576,9575,9576,9575,9575,9576,9589,9584,9575,9576,9577,9574,9576,9577,9569,9567,9563,9551,9571,9569,9564,9572,9560,9559,9560,9545,9568,9664,9582,9581,9581,9582,9531,9530,9530,9566,9577,9538,9582,9583,9577,9577,9580,9578,9578,9581,9577,9577,9577,9577,9582,9581,9583,9578,9573,9578,9582,9581,9582,9583,9584,9580,9580,9579,9580,9581,9580,9581,9579,9582,9578,9579,9581,9583,9581,9581,9579,9582,9577,9594,9584,9584,9585,9585,9584,9582,9580,9579,9579,9579,9555,9580,9580,9577,9580,9580,9580,9580,9581,9588,9570,9580,9556,9579,9574,9583,9580,9581,9574,9574,9572,9582,9576,9580,9583,9584,9579,9579,9578,9584,9583,9588,9585,9584,9579,9559,9546,9561,9561,9544,9559,763,765,655,752,736,735,749,748,742,737,727,726,731,724,725,695,698,689,726,700,143,142,105,139,152,150,77,78,76,76,77,87,84,122,128,137,96,105,141,0,966,970,2086,2093,1993,1969,2150,2117,2070,2015,2109,2138,2108,2089,2164,2059,2083,2042,2007,2077,6484,6498,6583,6534,6615,6450,6542,6500,6404,6553,6625,6502,6157,6096,6160,6174,6182,6164,6174,6135,6168,6177,6182,6190,6232,6218,6164,6101,6180,6219,6223,6158,6162,6158,6202,6184,6183,6193,6163,6185,6120,6703,6622
ERR10109287,9603,9603,9600,9604,9605,9604,9604,9604,9603,9603,9604,9603,9603,9603,9601,9604,9604,9600,9604,9604,9603,9597,9603,9371,9592,9603,9603,9603,9601,9603,9599,9603,9603,9603,9603,9603,9603,9603,9603,9603,9603,9603,9600,9603,9603,9603,9603,9603,9616,9572,9398,9605,9603,9606,9455,9608,9608,9608,9607,9607,9567,9602,9473,9607,9608,9608,9608,9608,9608,9599,9074,9611,9382,9607,9606,9605,9252,9543,9547,9583,9579,9587,9579,9582,9593,9592,9546,9587,9599,9585,9585,9587,9587,9586,9584,9585,9587,9587,9587,9599,9592,9550,9552,9588,9584,9585,9587,9546,9545,9536,9540,9544,9542,9614,9578,9575,9576,9580,9576,9590,9675,9588,9591,9588,9592,9555,9552,9551,9556,9586,9645,9591,9594,9588,9588,9593,9591,9589,9591,9586,9588,9589,9587,9592,9593,9594,9588,9587,9588,9591,9592,9593,9596,9595,9590,9593,9588,9590,9591,9589,9590,9588,9592,9589,9588,9591,9593,9592,9594,9588,9595,9587,9603,9593,9597,9595,9595,9598,9593,9590,9591,9590,9589,9585,9589,9589,9588,9590,9591,9593,9593,9593,9601,9595,9592,9585,9592,9551,9594,9592,9592,9585,9583,9581,9592,9588,9590,9592,9597,9590,9589,9589,9593,9596,9599,9598,9595,9592,9572,9577,9574,9575,9557,9534,1709,1738,1443,1717,1704,1695,1715,1713,1705,1703,1554,1553,1559,1551,1552,1634,1628,1632,1678,1642,967,966,943,967,1049,1041,913,910,911,912,913,928,926,1001,972,991,936,947,982,966,0,49,1405,1389,1329,1302,1434,1424,1391,1333,1449,1453,1430,1405,1447,1361,1406,1335,1320,1369,6193,6220,6283,6239,6314,6167,6245,6220,6130,6255,6327,6206,5885,5812,5877,5877,5882,5862,5879,5839,5870,5881,5882,5889,5935,5916,5877,5789,5881,5939,5922,5864,5867,5864,5906,5889,5887,5897,5890,5886,5830,6421,6344
ERR9680890,9636,9636,9633,9637,9638,9637,9637,9637,9636,9636,9637,9636,9636,9636,9634,9637,9637,9633,9637,9637,9636,9630,9636,9404,9625,9636,9636,9636,9634,9636,9632,9636,9636,9636,9636,9636,9636,9636,9636,9636,9636,9636,9633,9636,9636,9636,9636,9636,9649,9604,9425,9638,9636,9639,9485,9641,9641,9641,9640,9640,9600,9635,9506,9640,9641,9641,9641,9641,9641,9632,9102,9644,9414,9640,9639,9638,9282,9577,9581,9616,9612,9620,9612,9615,9626,9625,9578,9620,9632,9618,9618,9620,9620,9619,9617,9617,9619,9620,9620,9631,9625,9583,9585,9621,9617,9618,9620,9580,9578,9570,9573,9577,9575,9647,9611,9608,9609,9613,9606,9621,9706,9622,9624,9621,9625,9586,9583,9582,9591,9619,9676,9624,9627,9621,9621,9626,9624,9622,9624,9619,9621,9622,9620,9625,9626,9627,9621,9620,9621,9624,9625,9626,9629,9628,9623,9626,9621,9623,9624,9622,9624,9622,9625,9622,9621,9624,9626,9625,9627,9621,9628,9620,9637,9626,9630,9628,9628,9631,9626,9623,9624,9623,9622,9618,9623,9623,9622,9623,9624,9626,9626,9626,9634,9628,9625,9618,9625,9584,9627,9625,9625,9618,9616,9614,9625,9621,9623,9625,9630,9623,9622,9622,9626,9629,9632,9631,9628,9625,9604,9610,9607,9608,9590,9567,1714,1745,1453,1721,1711,1703,1722,1721,1714,1709,1559,1556,1561,1556,1554,1638,1632,1636,1681,1644,972,971,944,972,1049,1043,916,912,914,912,915,930,927,1002,977,993,939,949,988,970,49,0,1407,1393,1330,1303,1437,1426,1395,1334,1455,1457,1435,1410,1450,1363,1408,1337,1321,1372,6200,6233,6295,6248,6323,6177,6253,6228,6137,6264,6340,6213,5895,5823,5881,5887,5887,5867,5888,5845,5876,5885,5888,5896,5947,5922,5888,5798,5889,5950,5929,5875,5878,5876,5916,5900,5900,5910,5899,5894,5842,6436,6357
SRR14921286,10660,10661,10660,10661,10661,10661,10661,10664,10663,10663,10661,10661,10661,10663,10661,10662,10661,10660,10662,10663,10636,10648,10661,10424,10653,10661,10661,10661,10659,10661,10653,10661,10663,10661,10661,10661,10661,10661,10661,10661,10652,10663,10644,10661,10660,10660,10661,10661,10674,10626,10432,10664,10664,10667,10494,10668,10666,10667,10605,10664,10628,10660,10529,10666,10664,10666,10666,10667,10665,10660,10027,10671,10428,10662,10664,10663,10265,10530,10590,10619,10614,10645,10634,10643,10645,10641,10596,10634,10650,10577,10636,10639,10639,10618,10617,10572,10641,10641,10635,10650,10642,10579,10582,10638,10634,10634,10637,10492,10497,10490,10431,10572,10579,10578,10640,10638,10633,10639,10760,10629,10763,10745,10746,10745,10521,10716,10711,10709,10661,10739,10806,10464,10477,10444,10387,10447,10444,10445,10446,10444,10441,10444,10450,10449,10448,10446,10444,10450,10445,10449,10447,10448,10447,10450,10444,10446,10444,10445,10447,10445,10445,10442,10447,10443,10444,10385,10387,10385,10386,10442,10450,10442,10462,10449,10449,10451,10452,10452,10446,10445,10444,10445,10445,10445,10446,10444,10442,10445,10446,10444,10445,10447,10455,10448,10447,10446,10444,10383,10450,10447,10448,10440,10440,10437,10448,10442,10445,10449,10450,10445,10445,10444,10655,10655,10659,10657,10655,10652,10646,10380,10384,10383,10355,10305,2853,2870,2507,2852,2838,2820,2848,2844,2841,2825,2662,2659,2662,2657,2658,2791,2792,2791,2844,2798,2063,2064,2068,2062,2165,2157,2033,2032,2033,2032,2032,2049,2048,2154,2110,2125,2068,2082,2099,2086,1405,1407,0,37,31,28,29,34,95,89,98,93,93,104,51,56,96,1416,53,45,7313,7342,7386,7373,7401,7294,7161,7380,7273,7382,7414,7372,6669,6582,6682,6636,6631,6624,6636,6626,6636,6636,6636,6625,6644,6650,6657,6602,6666,6653,6648,6661,6658,6666,6667,6667,6682,6680,6674,6625,6613,7153,7117
SRR28295566,10372,10372,10372,10371,10374,10373,10373,10373,10372,10371,10373,10372,10372,10372,10372,10373,10373,10372,10373,10373,10368,10363,10372,10140,10363,10371,10372,10372,10369,10372,10368,10372,10372,10372,10372,10372,10372,10372,10372,10372,10364,10372,10369,10372,10372,10372,10372,10372,10385,10339,10150,10376,10375,10377,10211,10377,10377,10377,10317,10376,10340,10371,10238,10376,10377,10377,10376,10377,10377,10369,9750,10380,10152,10376,10376,10375,9981,10346,10355,10353,10351,10358,10348,10356,10366,10362,10319,10358,10370,10298,10358,10358,10358,10357,10356,10299,10357,10357,10358,10368,10363,10359,10360,10359,10356,10357,10359,10353,10350,10347,10290,10354,10353,10391,10354,10351,10350,10351,10349,10404,10388,10363,10362,10362,10364,10355,10354,10353,10292,10359,10446,10305,10306,10360,10300,10363,10361,10361,10364,10360,10360,10360,10360,10365,10363,10366,10361,10367,10360,10364,10363,10365,10366,10366,10363,10363,10361,10363,10364,10362,10364,10361,10365,10360,10362,10305,10307,10305,10305,10361,10365,10360,10376,10366,10367,10368,10367,10368,10364,10362,10361,10361,10362,10364,10362,10363,10361,10363,10363,10363,10363,10364,10370,10365,10364,10365,10363,10358,10366,10363,10365,10357,10357,10354,10364,10358,10363,10365,10367,10362,10361,10361,10366,10366,10371,10368,10367,10362,10351,10295,10284,10285,10268,10287,2819,2855,2487,2836,2822,2817,2832,2831,2824,2821,2651,2653,2656,2650,2652,2781,2784,2785,2837,2791,2067,2066,2072,2065,2156,2150,2038,2039,2040,2039,2037,2056,2055,2107,2054,2065,2066,2077,2068,2093,1389,1393,37,0,30,28,28,32,46,45,46,44,44,56,50,57,45,50,53,46,6907,6932,6971,6959,6987,6889,6961,6957,6863,6966,6997,6970,6622,6542,6604,6616,6612,6605,6616,6607,6617,6617,6617,6607,6624,6632,6638,6555,6621,6615,6629,6628,6627,6635,6634,6634,6649,6647,6605,6606,6592,7131,7095
ERR4145363,10103,10104,10102,10105,10104,10104,10104,10108,10107,10107,10104,10105,10105,10107,10105,10104,10105,10103,10106,10107,10082,10092,10105,9863,10097,10105,10105,10103,10103,10105,10097,10105,10107,10105,10105,10105,10103,10105,10105,10105,10097,10107,10088,10105,10104,10105,10105,10106,10118,10070,9877,10108,10107,10109,9945,10112,10110,10111,10048,10107,10072,10104,9967,10109,10107,10108,10108,10110,10108,10104,9466,10114,9883,10107,10109,10108,9721,10052,10098,10055,10052,10090,10079,10087,10094,10089,10055,10085,10099,10027,10086,10087,10089,10059,10059,10023,10090,10090,10083,10100,10091,10086,10088,10085,10083,10085,10086,9960,9954,9948,9927,10078,10079,10007,10081,10082,10078,10085,10274,10133,10203,10195,10196,10195,9951,10156,10154,10154,10116,10188,10248,9892,9908,9872,9815,9873,9869,9871,9874,9871,9868,9870,9878,9876,9874,9873,9871,9877,9872,9876,9873,9874,9874,9876,9870,9871,9871,9871,9873,9871,9871,9869,9872,9870,9870,9811,9813,9811,9812,9869,9876,9870,9890,9875,9877,9878,9880,9878,9872,9872,9870,9871,9870,9872,9873,9869,9867,9872,9872,9870,9872,9872,9880,9875,9874,9874,9871,9871,9876,9873,9874,9867,9867,9864,9874,9868,9873,9875,9876,9871,9871,9870,10103,10103,10107,10105,10102,10098,10094,9807,9810,9808,9781,9788,2699,2719,2377,2703,2689,2685,2699,2698,2692,2687,2506,2509,2507,2506,2507,2655,2658,2648,2692,2656,1967,1966,1973,1965,2054,2052,1941,1941,1943,1940,1942,1959,1954,2003,1956,1966,1965,1977,1968,1993,1329,1330,31,30,0,15,14,19,32,31,30,29,29,40,33,39,30,1298,40,32,7073,7094,7122,7127,7129,7062,6908,7124,7063,7117,7142,7107,6373,6348,6388,6372,6365,6358,6371,6357,6368,6368,6368,6371,6379,6382,6390,6331,6402,6373,6385,6393,6390,6398,6398,6398,6414,6412,6361,6359,6349,6866,6833
ERR4145392,10169,10169,10165,10168,10167,10167,10167,10172,10172,10172,10167,10170,10169,10172,10170,10170,10169,10169,10171,10171,10146,10156,10168,9930,10164,10168,10170,10166,10168,10170,10160,10169,10171,10169,10170,10170,10166,10169,10170,10170,10161,10171,10151,10168,10167,10169,10170,10170,10182,10135,9950,10171,10170,10172,10014,10176,10175,10175,10113,10170,10139,10169,10042,10175,10170,10173,10171,10176,10173,10168,9555,10178,9949,10172,10173,10172,9789,10113,10163,10117,10114,10151,10141,10150,10154,10148,10115,10145,10159,10087,10145,10146,10148,10118,10118,10082,10155,10152,10143,10160,10150,10148,10149,10145,10144,10145,10145,10044,10034,10026,10007,10140,10144,10086,10145,10144,10140,10147,10332,10198,10271,10256,10256,10255,10026,10216,10213,10213,10174,10248,10307,9967,9983,9947,9890,9947,9943,9945,9949,9945,9942,9944,9952,9950,9948,9948,9946,9951,9946,9950,9947,9948,9949,9950,9945,9945,9946,9946,9947,9946,9945,9944,9946,9945,9944,9885,9887,9885,9886,9944,9954,9945,9964,9949,9952,9952,9955,9952,9946,9948,9945,9946,9945,9948,9948,9944,9943,9947,9947,9946,9947,9947,9955,9950,9947,9947,9944,9944,9949,9946,9947,9940,9940,9937,9947,9942,9945,9948,9950,9945,9945,9944,10164,10163,10167,10165,10163,10158,10156,9880,9889,9884,9857,9863,2702,2717,2365,2700,2684,2682,2696,2695,2689,2685,2499,2498,2503,2498,2499,2657,2658,2651,2696,2659,1943,1942,1950,1941,2025,2022,1920,1920,1920,1919,1919,1932,1930,1981,1931,1943,1941,1954,1940,1969,1302,1303,28,28,15,0,1,12,24,25,26,25,22,33,29,33,26,1382,34,24,7077,7099,7128,7130,7135,7063,6906,7125,7060,7123,7148,7110,6391,6347,6407,6389,6382,6376,6388,6376,6387,6386,6388,6392,6396,6400,6406,6352,6422,6390,6401,6413,6409,6419,6420,6420,6435,6433,6377,6377,6365,6874,6845
ERR4145410,10816,10817,10812,10825,10817,10817,10817,10831,10830,10829,10825,10828,10825,10829,10819,10817,10825,10813,10829,10827,10805,10814,10826,10582,10808,10826,10826,10824,10824,10828,10818,10819,10828,10825,10827,10830,10817,10827,10825,10828,10814,10824,10802,10825,10822,10826,10829,10830,10839,10785,10596,10819,10817,10820,10652,10833,10834,10832,10761,10820,10790,10829,10677,10822,10820,10824,10821,10823,10821,10824,10172,10835,10589,10831,10828,10828,10430,10739,10808,10765,10760,10798,10791,10795,10801,10796,10751,10794,10807,10734,10791,10793,10795,10765,10764,10728,10810,10810,10791,10815,10795,10792,10793,10793,10793,10791,10791,10670,10651,10643,10612,10787,10789,10703,10792,10789,10785,10796,10983,10847,10914,10903,10905,10901,10649,10863,10860,10860,10815,10896,10955,10582,10601,10565,10507,10568,10564,10562,10566,10560,10560,10562,10568,10566,10567,10568,10565,10567,10562,10565,10565,10566,10569,10567,10562,10565,10564,10565,10564,10565,10562,10563,10564,10564,10559,10501,10504,10503,10506,10561,10577,10563,10581,10564,10573,10568,10573,10571,10564,10566,10564,10563,10561,10567,10565,10561,10561,10563,10565,10566,10567,10566,10575,10569,10565,10564,10564,10561,10567,10565,10565,10557,10556,10553,10564,10561,10561,10565,10570,10563,10562,10562,10812,10812,10814,10814,10810,10808,10805,10501,10504,10501,10480,10479,2912,2935,2574,2917,2898,2895,2913,2911,2906,2900,2705,2704,2709,2704,2705,2845,2840,2843,2898,2851,2121,2120,2128,2120,2209,2208,2095,2094,2096,2094,2095,2110,2109,2160,2108,2123,2119,2132,2123,2150,1434,1437,29,28,14,1,0,11,25,26,25,24,24,37,30,35,27,1415,34,25,7346,7376,7419,7404,7432,7328,7192,7416,7306,7412,7447,7402,6643,6569,6655,6640,6632,6625,6640,6626,6637,6637,6637,6628,6648,6652,6663,6594,6669,6640,6650,6664,6661,6669,6671,6670,6685,6683,6627,6626,6617,7166,7129
ERR4145345,10580,10582,10577,10586,10582,10581,10582,10589,10590,10589,10587,10588,10587,10587,10579,10581,10583,10577,10588,10589,10563,10571,10587,10343,10569,10587,10585,10587,10582,10587,10579,10581,10590,10587,10586,10588,10580,10584,10583,10587,10572,10586,10563,10586,10583,10584,10588,10588,10601,10542,10355,10581,10579,10583,10409,10595,10593,10594,10525,10585,10549,10587,10442,10587,10584,10589,10586,10587,10586,10586,9929,10598,10348,10590,10591,10591,10188,10524,10569,10530,10522,10562,10554,10559,10564,10564,10524,10557,10571,10497,10556,10561,10560,10531,10529,10494,10572,10572,10557,10577,10562,10557,10561,10560,10555,10555,10559,10430,10414,10408,10386,10549,10554,10466,10554,10554,10550,10559,10745,10607,10682,10667,10671,10667,10413,10631,10626,10625,10577,10658,10719,10349,10365,10330,10274,10335,10332,10332,10332,10329,10328,10332,10336,10335,10336,10333,10330,10337,10331,10334,10334,10335,10336,10337,10329,10334,10328,10330,10332,10329,10331,10328,10333,10330,10329,10271,10273,10272,10275,10327,10347,10328,10348,10334,10338,10337,10338,10341,10333,10330,10331,10331,10330,10332,10331,10329,10330,10330,10332,10332,10333,10334,10343,10337,10335,10334,10333,10328,10336,10334,10334,10327,10325,10322,10333,10330,10331,10334,10339,10332,10331,10331,10573,10578,10580,10580,10575,10574,10567,10269,10273,10269,10247,10246,2859,2883,2535,2866,2847,2845,2862,2861,2856,2850,2665,2664,2669,2664,2665,2817,2818,2807,2854,2818,2088,2087,2095,2086,2174,2174,2061,2061,2063,2060,2062,2079,2078,2128,2080,2093,2088,2102,2090,2117,1424,1426,34,32,19,12,11,0,30,32,29,28,29,44,33,39,30,1364,37,29,7236,7266,7296,7295,7301,7223,7068,7294,7215,7286,7318,7275,6518,6482,6532,6518,6508,6502,6518,6503,6513,6512,6514,6517,6526,6528,6538,6470,6547,6516,6529,6539,6537,6545,6546,6546,6561,6559,6503,6503,6497,7015,6985
SRR8325561,10454,10454,10454,10454,10456,10455,10455,10455,10454,10454,10455,10454,10454,10454,10454,10455,10455,10454,10455,10455,10450,10445,10454,10220,10445,10454,10454,10454,10452,10454,10450,10454,10454,10454,10454,10454,10454,10454,10454,10454,10446,10454,10451,10454,10454,10454,10454,10454,10467,10421,10219,10458,10458,10460,10288,10459,10459,10459,10399,10458,10422,10453,10321,10458,10459,10459,10459,10459,10459,10450,9821,10462,10224,10458,10457,10456,10065,10358,10365,10435,10434,10440,10430,10437,10448,10443,10401,10439,10451,10380,10439,10439,10440,10439,10438,10380,10438,10438,10439,10449,10444,10369,10370,10440,10437,10439,10440,10377,10389,10381,10299,10365,10363,10472,10435,10432,10432,10432,10359,10414,10469,10445,10444,10444,10445,10436,10434,10433,10365,10440,10528,10387,10388,10442,10382,10444,10442,10442,10445,10441,10441,10441,10441,10446,10445,10447,10442,10448,10442,10446,10445,10446,10447,10448,10444,10444,10443,10444,10445,10444,10445,10443,10446,10442,10443,10386,10388,10386,10386,10443,10446,10441,10458,10448,10448,10449,10449,10449,10446,10444,10443,10443,10443,10445,10444,10444,10441,10444,10444,10444,10444,10445,10452,10446,10445,10446,10444,10369,10448,10445,10446,10438,10438,10436,10445,10440,10445,10447,10448,10443,10443,10442,10448,10447,10452,10449,10448,10443,10433,10376,10366,10367,10349,10297,2854,2890,2522,2876,2853,2835,2863,2869,2864,2841,2675,2680,2683,2681,2677,2822,2822,2821,2873,2828,2044,2044,2053,2043,2148,2140,2017,2017,2017,2016,2016,2031,2032,2138,2094,2110,2055,2069,2081,2070,1391,1395,95,46,32,24,25,30,0,1,22,17,14,29,24,27,19,20,26,17,6895,6926,6966,6951,6979,6881,6953,6950,6857,6957,6993,6962,6638,6554,6647,6611,6603,6597,6611,6598,6608,6608,6608,6597,6620,6622,6628,6540,6611,6647,6620,6622,6622,6629,6628,6629,6644,6641,6597,6597,6586,7126,7090
SRR8293522,10320,10320,10320,10319,10321,10320,10320,10320,10319,10319,10320,10319,10319,10319,10319,10320,10320,10319,10320,10320,10315,10309,10319,10083,10307,10319,10319,10319,10317,10319,10315,10319,10319,10319,10319,10319,10319,10319,10319,10319,10311,10319,10316,10319,10319,10319,10319,10319,10332,10283,10080,10323,10323,10325,10151,10324,10324,10324,10264,10323,10286,10318,10182,10323,10324,10324,10324,10324,10324,10316,9684,10327,10093,10323,10323,10322,9932,10233,10243,10300,10299,10306,10296,10303,10314,10309,10267,10305,10317,10246,10305,10305,10306,10305,10304,10246,10304,10304,10305,10315,10310,10245,10246,10306,10303,10305,10306,10253,10265,10257,10175,10241,10239,10338,10301,10298,10298,10298,10232,10290,10334,10311,10310,10310,10311,10302,10300,10299,10229,10306,10393,10253,10254,10308,10248,10310,10308,10308,10311,10307,10307,10307,10307,10312,10311,10313,10308,10314,10308,10312,10311,10312,10313,10314,10310,10310,10309,10310,10311,10310,10311,10309,10312,10308,10309,10252,10254,10252,10252,10309,10312,10307,10324,10314,10314,10315,10315,10315,10312,10310,10309,10309,10309,10311,10310,10310,10306,10310,10310,10310,10310,10311,10318,10312,10311,10312,10310,10245,10314,10311,10312,10304,10304,10302,10311,10306,10311,10313,10314,10309,10309,10308,10314,10313,10318,10315,10314,10309,10299,10242,10231,10232,10214,10172,2792,2825,2461,2812,2792,2777,2798,2803,2799,2777,2614,2621,2622,2621,2616,2761,2762,2762,2813,2769,1991,1991,1998,1989,2083,2076,1965,1964,1965,1964,1964,1978,1977,2081,2040,2054,2002,2012,2021,2015,1333,1334,89,45,31,25,26,32,1,0,22,16,15,27,24,28,18,21,27,17,6872,6903,6943,6928,6955,6858,6930,6927,6836,6934,6970,6938,6603,6525,6618,6588,6580,6573,6588,6575,6585,6585,6585,6574,6596,6599,6606,6517,6589,6622,6597,6600,6599,6607,6606,6606,6621,6619,6575,6574,6561,7103,7068
ERR4145388,10538,10539,10539,10539,10541,10539,10539,10540,10539,10540,10540,10539,10539,10539,10539,10539,10541,10539,10540,10540,10535,10531,10539,10299,10531,10539,10539,10539,10537,10539,10535,10539,10539,10539,10539,10539,10539,10539,10539,10539,10531,10539,10536,10539,10539,10539,10539,10539,10552,10507,10308,10543,10543,10545,10362,10544,10544,10544,10483,10543,10504,10538,10397,10543,10544,10544,10544,10544,10543,10536,9902,10547,10304,10543,10543,10542,10140,10444,10437,10520,10519,10526,10516,10523,10534,10529,10490,10525,10537,10466,10525,10525,10526,10525,10524,10466,10525,10525,10525,10535,10530,10440,10441,10526,10523,10525,10526,10449,10460,10452,10378,10436,10433,10558,10520,10518,10517,10518,10432,10486,10546,10531,10530,10530,10530,10521,10519,10518,10443,10526,10612,10475,10476,10530,10470,10532,10530,10530,10533,10529,10529,10529,10529,10534,10533,10535,10530,10536,10530,10534,10533,10534,10535,10536,10532,10532,10531,10532,10533,10532,10533,10531,10534,10530,10531,10474,10476,10474,10474,10531,10535,10529,10546,10536,10536,10537,10537,10537,10534,10532,10531,10531,10531,10533,10532,10532,10528,10532,10532,10532,10532,10533,10540,10534,10533,10534,10532,10442,10536,10533,10534,10526,10526,10524,10533,10528,10532,10534,10535,10530,10530,10529,10535,10535,10540,10537,10535,10531,10521,10463,10451,10453,10435,10366,2911,2947,2594,2931,2910,2892,2921,2924,2920,2898,2720,2729,2729,2728,2725,2874,2871,2869,2915,2878,2080,2079,2085,2082,2182,2178,2055,2054,2057,2054,2056,2073,2071,2186,2148,2160,2095,2112,2136,2109,1449,1455,98,46,30,26,25,29,22,22,0,7,21,33,24,27,16,20,26,21,6904,6932,6961,6960,6968,6896,6947,6946,6874,6949,6983,6952,6629,6579,6654,6602,6594,6587,6603,6589,6598,6598,6599,6601,6611,6614,6621,6521,6605,6640,6614,6613,6612,6620,6619,6619,6634,6632,6589,6588,6580,7117,7083
ERR4145353,10575,10576,10573,10576,10578,10576,10576,10577,10576,10576,10577,10576,10576,10576,10574,10576,10577,10573,10577,10577,10572,10568,10576,10338,10565,10576,10576,10576,10574,10576,10572,10576,10576,10576,10576,10576,10576,10576,10576,10576,10568,10576,10573,10576,10576,10576,10576,10576,10589,10541,10344,10578,10576,10579,10411,10581,10581,10581,10520,10580,10543,10575,10435,10580,10581,10581,10581,10581,10580,10573,9940,10584,10336,10580,10580,10579,10184,10464,10472,10556,10552,10560,10553,10556,10567,10566,10521,10561,10573,10500,10559,10561,10561,10560,10558,10501,10561,10561,10561,10572,10564,10473,10475,10562,10558,10559,10561,10485,10495,10486,10411,10469,10466,10591,10554,10551,10550,10555,10465,10520,10585,10565,10567,10564,10567,10557,10554,10553,10490,10560,10648,10508,10511,10564,10505,10569,10567,10565,10567,10562,10564,10565,10563,10568,10569,10570,10564,10570,10564,10567,10568,10569,10572,10571,10566,10569,10564,10566,10567,10565,10567,10565,10569,10565,10564,10508,10510,10509,10511,10564,10571,10563,10580,10569,10573,10571,10571,10574,10569,10566,10567,10566,10565,10568,10566,10566,10565,10566,10567,10569,10569,10569,10577,10571,10569,10569,10569,10476,10570,10568,10568,10561,10559,10557,10567,10564,10565,10568,10573,10566,10565,10565,10569,10572,10575,10574,10571,10567,10555,10501,10489,10490,10472,10400,2943,2979,2606,2963,2942,2925,2952,2956,2952,2930,2753,2762,2761,2760,2757,2902,2900,2899,2952,2907,2111,2110,2116,2111,2215,2208,2084,2083,2084,2083,2083,2100,2098,2215,2174,2188,2124,2138,2159,2138,1453,1457,93,44,29,25,24,28,17,16,7,0,16,26,21,28,18,21,27,17,6890,6920,6949,6943,6956,6878,6936,6935,6855,6938,6970,6939,6617,6557,6642,6590,6582,6575,6590,6577,6587,6587,6587,6591,6597,6601,6611,6516,6593,6627,6601,6601,6600,6608,6607,6607,6622,6620,6577,6576,6566,7110,7076
SRR10326268,10518,10518,10518,10518,10520,10519,10519,10519,10518,10518,10519,10518,10518,10518,10518,10519,10519,10518,10519,10519,10514,10510,10518,10286,10509,10518,10518,10518,10516,10518,10514,10518,10518,10518,10518,10518,10518,10518,10518,10518,10510,10518,10515,10518,10518,10518,10518,10518,10531,10485,10286,10522,10522,10524,10355,10523,10523,10523,10463,10522,10486,10517,10383,10522,10523,10523,10523,10523,10523,10514,9887,10526,10289,10522,10521,10520,10121,10418,10425,10498,10497,10503,10493,10500,10511,10506,10464,10502,10514,10443,10502,10502,10503,10502,10501,10443,10501,10501,10502,10512,10507,10429,10430,10503,10500,10502,10503,10437,10449,10441,10359,10425,10423,10535,10498,10495,10495,10495,10418,10474,10531,10508,10507,10507,10508,10499,10497,10496,10429,10503,10591,10450,10451,10505,10445,10507,10505,10505,10508,10504,10504,10504,10504,10509,10508,10510,10505,10511,10505,10509,10508,10509,10510,10511,10507,10507,10506,10507,10508,10507,10508,10506,10509,10505,10506,10449,10451,10449,10449,10506,10509,10504,10521,10511,10511,10512,10512,10512,10509,10507,10506,10506,10506,10508,10507,10507,10504,10507,10507,10507,10507,10508,10515,10509,10508,10509,10507,10429,10511,10508,10509,10501,10501,10499,10508,10503,10508,10510,10511,10506,10506,10505,10511,10510,10515,10512,10511,10506,10496,10439,10429,10430,10412,10357,2896,2933,2566,2917,2895,2876,2905,2910,2906,2883,2715,2721,2722,2721,2717,2861,2862,2861,2913,2868,2082,2083,2091,2080,2188,2178,2055,2054,2055,2054,2054,2069,2070,2179,2133,2151,2093,2111,2120,2108,1430,1435,93,44,29,22,24,29,14,15,21,16,0,21,19,25,17,18,24,14,6905,6936,6976,6961,6988,6891,6963,6960,6867,6967,7003,6970,6647,6562,6660,6621,6613,6606,6621,6607,6617,6618,6618,6607,6629,6631,6637,6548,6621,6657,6629,6632,6631,6638,6638,6638,6653,6650,6607,6606,6595,7136,7100
SRR9627787,10473,10474,10474,10474,10476,10474,10474,10475,10474,10474,10475,10474,10474,10474,10474,10474,10475,10474,10475,10475,10470,10466,10474,10242,10466,10474,10474,10474,10472,10474,10470,10474,10474,10474,10474,10474,10474,10474,10474,10474,10466,10474,10471,10474,10473,10474,10474,10474,10487,10442,10243,10478,10478,10480,10309,10479,10479,10479,10418,10478,10442,10473,10341,10478,10479,10479,10479,10479,10478,10470,9846,10482,10249,10478,10477,10476,10074,10384,10391,10455,10454,10460,10450,10457,10468,10463,10421,10459,10471,10400,10459,10459,10460,10459,10458,10400,10458,10458,10459,10469,10464,10395,10396,10460,10457,10459,10460,10403,10415,10407,10324,10391,10389,10492,10455,10452,10451,10452,10386,10440,10489,10465,10464,10464,10465,10456,10454,10453,10383,10460,10548,10407,10408,10462,10402,10464,10462,10462,10465,10461,10461,10461,10461,10466,10465,10467,10462,10468,10462,10466,10465,10466,10467,10468,10464,10464,10463,10464,10465,10464,10465,10463,10466,10462,10463,10406,10408,10406,10406,10463,10466,10461,10478,10468,10468,10469,10469,10469,10466,10464,10463,10463,10463,10465,10464,10464,10461,10464,10464,10464,10464,10465,10472,10466,10465,10466,10464,10395,10468,10465,10466,10458,10458,10456,10465,10460,10464,10467,10468,10463,10463,10462,10468,10467,10472,10469,10468,10463,10453,10396,10386,10387,10369,10322,2872,2909,2548,2892,2872,2855,2882,2887,2883,2864,2691,2699,2702,2699,2694,2840,2840,2838,2893,2847,2065,2068,2070,2062,2165,2156,2035,2035,2038,2034,2033,2053,2052,2157,2117,2127,2076,2087,2098,2089,1405,1410,104,56,40,33,37,44,29,27,33,26,21,0,30,37,24,30,34,30,6914,6942,6982,6969,6997,6900,6972,6969,6877,6976,7009,6980,6653,6568,6667,6627,6622,6615,6627,6616,6627,6627,6627,6616,6635,6641,6647,6556,6629,6656,6637,6638,6637,6645,6644,6644,6659,6657,6616,6615,6602,7143,7107
SRR27762886,10591,10591,10588,10597,10593,10592,10592,10598,10598,10597,10599,10598,10597,10595,10589,10592,10595,10588,10598,10598,10593,10587,10598,10357,10580,10598,10595,10598,10592,10597,10594,10591,10598,10597,10596,10598,10591,10595,10593,10597,10583,10594,10588,10597,10595,10595,10598,10598,10611,10555,10367,10593,10591,10594,10425,10603,10603,10603,10536,10595,10558,10597,10448,10595,10596,10599,10596,10596,10596,10594,9955,10606,10363,10602,10601,10601,10199,10564,10572,10571,10567,10575,10568,10571,10582,10581,10536,10576,10588,10515,10574,10576,10576,10575,10573,10516,10583,10583,10576,10590,10578,10574,10576,10577,10573,10574,10576,10579,10568,10563,10504,10570,10568,10606,10569,10566,10566,10570,10566,10621,10600,10580,10582,10579,10583,10572,10570,10570,10501,10575,10663,10522,10525,10578,10519,10583,10581,10579,10581,10576,10578,10579,10577,10582,10583,10584,10578,10584,10578,10581,10582,10583,10586,10585,10580,10583,10578,10580,10581,10579,10581,10579,10583,10579,10578,10522,10524,10523,10525,10578,10592,10577,10594,10583,10587,10585,10585,10588,10583,10580,10581,10580,10579,10582,10580,10580,10578,10580,10581,10583,10583,10583,10591,10585,10583,10583,10583,10576,10584,10582,10582,10575,10573,10571,10581,10578,10580,10582,10587,10580,10579,10579,10583,10586,10589,10588,10585,10582,10569,10515,10505,10504,10493,10502,2908,2942,2582,2924,2910,2904,2920,2918,2912,2908,2718,2719,2723,2717,2718,2853,2852,2853,2906,2860,2136,2135,2141,2135,2223,2223,2108,2107,2110,2107,2109,2126,2125,2176,2124,2138,2134,2147,2138,2164,1447,1450,51,50,33,29,30,33,24,24,24,21,19,30,0,33,23,26,32,24,6937,6968,7009,6995,7021,6924,6997,6994,6899,7000,7035,7003,6656,6569,6637,6653,6645,6638,6653,6640,6650,6650,6650,6640,6661,6666,6676,6576,6656,6653,6663,6664,6663,6671,6670,6670,6685,6683,6640,6639,6630,7166,7129
SRR10992537,10353,10353,10353,10353,10355,10354,10354,10354,10353,10353,10354,10353,10353,10353,10353,10354,10354,10353,10354,10354,10349,10345,10353,10121,10345,10353,10353,10353,10351,10353,10349,10353,10353,10353,10353,10353,10353,10353,10353,10353,10345,10353,10350,10353,10353,10353,10353,10353,10366,10321,10125,10357,10357,10359,10189,10358,10358,10358,10298,10357,10321,10352,10217,10357,10358,10358,10358,10358,10358,10350,9729,10361,10134,10357,10357,10356,9964,10333,10336,10334,10333,10340,10330,10337,10348,10343,10300,10339,10351,10280,10339,10339,10340,10339,10338,10280,10338,10338,10339,10349,10344,10340,10341,10340,10337,10339,10340,10334,10332,10328,10269,10336,10334,10372,10335,10332,10332,10332,10330,10385,10365,10345,10344,10344,10345,10336,10335,10335,10272,10340,10427,10287,10288,10342,10282,10344,10342,10342,10345,10341,10341,10341,10341,10346,10345,10347,10342,10348,10342,10346,10345,10346,10347,10348,10344,10344,10343,10344,10345,10344,10345,10343,10346,10342,10343,10286,10288,10286,10286,10343,10346,10341,10358,10348,10348,10349,10349,10349,10346,10344,10343,10343,10343,10345,10344,10344,10341,10344,10344,10344,10344,10345,10352,10346,10345,10346,10344,10340,10348,10345,10346,10338,10338,10336,10345,10340,10345,10347,10348,10343,10343,10342,10348,10347,10352,10349,10348,10343,10333,10276,10266,10266,10249,10268,2791,2826,2456,2807,2791,2790,2803,2802,2795,2791,2626,2624,2628,2623,2625,2759,2761,2760,2812,2768,2042,2040,2048,2040,2120,2117,2017,2015,2016,2015,2015,2029,2030,2071,2026,2042,2040,2052,2044,2059,1361,1363,56,57,39,33,35,39,27,28,27,28,25,37,33,0,17,24,29,23,6882,6912,6951,6936,6962,6867,6939,6936,6844,6942,6977,6948,6600,6519,6583,6597,6590,6583,6598,6585,6595,6595,6595,6582,6605,6608,6615,6535,6599,6595,6606,6609,6608,6616,6615,6615,6630,6628,6585,6583,6574,7119,7084
SRR1646109,10445,10446,10446,10446,10448,10446,10446,10447,10446,10446,10447,10446,10446,10446,10446,10446,10447,10446,10447,10447,10442,10438,10446,10216,10438,10446,10446,10446,10444,10446,10442,10446,10446,10446,10446,10446,10446,10446,10446,10446,10438,10446,10443,10446,10446,10446,10446,10446,10459,10414,10220,10450,10450,10452,10280,10451,10451,10451,10389,10450,10413,10445,10314,10450,10451,10451,10451,10451,10450,10443,9822,10454,10222,10451,10451,10450,10055,10360,10358,10428,10427,10434,10424,10431,10442,10437,10394,10433,10445,10373,10433,10433,10434,10433,10432,10372,10432,10432,10433,10443,10438,10362,10363,10434,10431,10433,10434,10370,10382,10374,10294,10358,10356,10466,10429,10426,10425,10426,10351,10407,10461,10439,10438,10438,10439,10430,10428,10427,10361,10434,10521,10381,10382,10437,10376,10439,10437,10437,10440,10436,10436,10436,10436,10441,10440,10442,10437,10443,10437,10441,10440,10441,10442,10443,10439,10439,10438,10439,10440,10439,10440,10438,10440,10437,10438,10380,10382,10380,10380,10438,10441,10436,10453,10443,10443,10444,10444,10444,10441,10439,10438,10438,10438,10440,10439,10439,10435,10439,10439,10439,10439,10440,10447,10441,10440,10441,10439,10363,10443,10440,10441,10433,10433,10431,10441,10435,10439,10442,10443,10438,10438,10437,10443,10442,10447,10444,10443,10438,10428,10370,10359,10360,10342,10288,2864,2901,2533,2885,2865,2845,2873,2878,2874,2852,2688,2698,2698,2696,2692,2829,2833,2832,2883,2838,2057,2056,2062,2056,2162,2152,2028,2029,2030,2029,2027,2046,2044,2148,2108,2120,2070,2081,2093,2083,1406,1408,96,45,30,26,27,30,19,18,16,18,17,24,23,17,0,14,18,13,6884,6912,6948,6939,6960,6870,6936,6933,6845,6941,6973,6944,6620,6544,6631,6594,6586,6579,6593,6580,6591,6591,6591,6584,6601,6605,6611,6530,6595,6629,6603,6604,6603,6611,6610,6610,6625,6623,6581,6580,6568,7108,7072
SRR7427053,11893,11894,11894,11894,11693,11691,11893,11895,11894,11894,11894,11893,11894,11894,11894,11894,11895,11894,11895,11895,11850,11814,11893,11663,11886,11894,11894,11894,11890,11894,11841,11894,11894,11894,11894,11894,11894,11894,11894,11886,11884,11894,11860,11894,11888,11894,11894,11894,11907,11861,11667,11897,11898,11900,11728,11899,11899,11899,11837,11898,11863,11893,11742,11898,11899,11899,11899,11899,11897,11891,11237,11901,11667,11898,11898,11897,11480,10798,11695,11591,11591,11869,11869,11876,11494,11476,11497,11338,11552,11153,11536,11533,11527,11257,11256,10545,11214,11214,11225,11238,11234,11224,11228,11229,11220,11006,11007,11425,11423,11391,11810,10979,11876,11717,11098,11866,11869,11859,11762,11912,10753,10737,10738,10737,10676,10638,10635,10634,10646,10910,10727,10350,10368,10524,10463,10527,10525,10524,10526,10523,10522,10523,10531,10529,10528,10529,10524,10531,10524,10529,10528,10527,10528,10530,10525,10525,10524,10525,10527,10527,10526,10525,10528,10524,10525,10468,10470,10468,10469,10524,10525,10524,10541,10525,10529,10531,10531,10533,10528,10526,10525,10525,10525,10527,10526,10526,10524,10526,10526,10526,10526,10528,10536,10529,10528,10528,10527,10522,10530,10527,10529,10521,10521,10518,10527,10523,10527,10529,10530,10526,10526,10524,11862,11856,11860,11866,11867,11862,11845,10458,10715,10724,10430,10253,2791,2813,2448,2794,2778,2776,2790,2788,2783,2777,2598,2598,2602,2597,2598,2735,2735,2736,2787,2742,2015,2014,2022,2014,2104,2100,1990,1989,1990,1989,1989,2003,2004,2052,2001,2016,2013,2025,2016,2042,1335,1337,1416,50,1298,1382,1415,1364,20,21,20,21,18,30,26,24,14,0,22,15,7997,8027,8008,8082,8090,7923,7442,8069,7955,8076,8091,7898,6590,6516,6605,6582,6579,6572,6582,6573,6584,6584,6584,6573,6590,6598,6604,6558,6613,6583,6596,6792,6791,6799,6798,6798,6813,6811,6574,6573,6563,7104,7069
SRR8503644,10293,10294,10294,10294,10296,10294,10294,10295,10294,10294,10295,10294,10294,10294,10294,10294,10295,10294,10294,10295,10290,10286,10294,10062,10284,10294,10294,10294,10292,10294,10290,10294,10294,10294,10294,10294,10294,10294,10294,10294,10286,10294,10291,10294,10294,10294,10294,10294,10307,10260,10066,10298,10298,10300,10132,10299,10299,10299,10238,10298,10261,10293,10161,10298,10299,10299,10299,10299,10298,10291,9668,10302,10076,10298,10298,10297,9908,10276,10277,10275,10274,10281,10271,10278,10289,10284,10242,10280,10292,10221,10280,10280,10281,10280,10279,10221,10279,10279,10280,10290,10285,10281,10282,10281,10278,10280,10281,10275,10273,10269,10217,10277,10275,10280,10276,10272,10271,10272,10226,10285,10309,10286,10285,10285,10286,10272,10271,10271,10210,10281,10278,10227,10228,10282,10222,10284,10282,10282,10285,10281,10281,10281,10281,10286,10285,10287,10282,10289,10282,10286,10285,10286,10287,10288,10284,10284,10283,10284,10285,10284,10285,10283,10286,10282,10283,10226,10228,10226,10226,10283,10286,10281,10298,10288,10288,10289,10289,10289,10286,10284,10283,10283,10283,10284,10284,10284,10280,10284,10284,10284,10284,10285,10292,10286,10284,10285,10283,10280,10287,10284,10286,10278,10278,10276,10285,10280,10284,10287,10288,10283,10283,10282,10288,10287,10292,10289,10288,10283,10275,10216,10207,10207,10190,10208,2614,2645,2278,2629,2611,2610,2626,2625,2620,2615,2608,2607,2612,2607,2608,2596,2599,2598,2640,2607,2023,2022,2024,2022,2067,2061,1990,1991,1992,1991,1989,2005,2005,2027,2008,2021,2015,2027,2022,2007,1320,1321,53,53,40,34,34,37,26,27,26,27,24,34,32,29,18,22,0,21,6784,6804,6841,6829,6843,6762,6828,6828,6747,6823,6857,6839,6483,6429,6472,6484,6480,6478,6482,6475,6482,6484,6480,6470,6485,6494,6484,6422,6485,6481,6492,6494,6500,6499,6502,6501,6517,6515,6481,6469,6460,6999,6967
SRR7457932,10390,10390,10390,10390,10392,10391,10391,10391,10390,10390,10391,10390,10390,10390,10390,10391,10391,10390,10391,10391,10386,10382,10390,10161,10382,10390,10390,10390,10388,10390,10386,10390,10390,10390,10390,10390,10390,10390,10390,10390,10382,10390,10387,10390,10390,10390,10390,10390,10403,10358,10166,10394,10394,10396,10227,10395,10395,10395,10334,10394,10357,10389,10258,10394,10395,10395,10395,10395,10395,10387,9766,10398,10168,10394,10394,10393,9994,10374,10373,10371,10370,10377,10367,10374,10385,10380,10338,10376,10388,10316,10376,10376,10377,10376,10375,10316,10375,10375,10376,10386,10381,10377,10378,10377,10374,10376,10377,10371,10369,10365,10306,10373,10371,10409,10372,10369,10369,10369,10366,10422,10405,10382,10381,10381,10382,10373,10372,10372,10305,10377,10464,10324,10325,10380,10319,10382,10380,10380,10383,10379,10379,10379,10379,10384,10383,10385,10380,10386,10380,10384,10383,10384,10385,10386,10382,10382,10381,10382,10383,10382,10383,10381,10384,10380,10381,10323,10325,10323,10323,10381,10384,10379,10396,10386,10386,10387,10387,10387,10384,10382,10381,10381,10381,10383,10382,10382,10378,10382,10382,10382,10382,10383,10390,10384,10383,10384,10382,10378,10386,10383,10384,10376,10376,10374,10384,10378,10383,10385,10386,10381,10381,10380,10386,10385,10390,10387,10386,10381,10371,10313,10302,10302,10285,10304,2816,2851,2487,2833,2816,2813,2829,2827,2821,2816,2636,2634,2638,2632,2634,2772,2771,2769,2822,2778,2049,2050,2058,2048,2138,2134,2024,2023,2024,2023,2023,2037,2038,2089,2035,2050,2047,2059,2049,2077,1369,1372,45,46,32,24,25,29,17,17,21,17,14,30,24,23,13,15,21,0,6896,6921,6960,6950,6977,6882,6953,6949,6857,6957,6985,6961,6612,6534,6596,6606,6603,6596,6606,6596,6608,6608,6608,6598,6613,6621,6628,6543,6611,6605,6620,6617,6616,6624,6623,6623,6638,6636,6598,6597,6580,7120,7084
SRR2917137,8582,8584,8579,8584,8570,8569,8577,8592,8591,8590,8583,8588,8587,8591,8587,8583,8589,8580,8589,8584,8566,8576,8580,8338,8573,8587,8586,8585,8581,8589,8567,8585,8589,8587,8589,8589,8586,8589,8589,8589,8575,8589,8576,8587,8585,8577,8589,8589,8596,8568,8374,8586,8581,8588,8424,8593,8593,8593,8526,8587,8547,8588,8421,8589,8586,8587,8587,8589,8586,8366,7970,8596,8335,8591,8371,8370,8195,8342,8339,8422,8415,8325,8337,8341,8347,8330,8314,8335,8351,8259,8330,8328,8324,8236,8239,8046,8322,8322,8322,8344,8330,8311,8315,8322,8316,8322,8315,8247,8239,8219,8280,8307,8332,8336,8113,8297,8304,8296,8346,8352,8145,8124,8128,8125,8192,7934,7934,7935,8052,8112,8022,8042,8058,8021,7971,8032,8029,8028,8031,8014,8025,8017,8029,8030,8024,8032,8022,8025,8027,8030,8030,8031,8034,8032,8020,8023,8029,8030,8023,8029,8021,8019,8027,8028,8024,7957,7961,7959,7961,8026,8035,8028,8041,8029,8038,8032,8038,8026,8030,8031,8029,8027,8025,7983,8023,8019,8025,8028,8030,8031,8031,8030,8029,8023,8029,7978,8028,8026,8029,8024,8025,8016,8020,8012,8030,8020,8024,8030,8035,8028,8019,8024,8345,8343,8350,8359,8356,8350,8336,7893,7959,7957,7928,7929,6670,6782,4792,6781,6748,6721,6788,6777,6748,6752,6654,6656,6653,6650,6656,6631,6633,6644,6710,6650,6578,6575,6497,6559,6292,6256,6411,6412,6441,6419,6420,6444,6440,6613,6528,6563,6487,6472,6551,6484,6193,6200,7313,6907,7073,7077,7346,7236,6895,6872,6904,6890,6905,6914,6937,6882,6884,7997,6784,6896,0,0,0,15,1,0,9,13,2,2,3,24,356,354,420,423,422,422,424,421,425,425,423,415,368,383,381,417,410,363,382,415,412,411,415,414,426,426,385,372,387,1136,1127
SRR2917139,8667,8671,8664,8667,8654,8653,8655,8673,8672,8671,8666,8669,8670,8672,8668,8669,8670,8665,8670,8667,8648,8658,8664,8421,8657,8671,8668,8670,8663,8671,8651,8669,8673,8671,8671,8671,8670,8671,8671,8671,8657,8673,8660,8671,8669,8659,8670,8671,8680,8649,8451,8670,8664,8672,8504,8676,8674,8677,8611,8673,8629,8669,8504,8674,8670,8673,8672,8674,8671,8436,8049,8679,8410,8672,8441,8439,8274,8415,8415,8496,8487,8397,8408,8412,8417,8403,8385,8404,8421,8329,8401,8401,8395,8295,8297,8112,8393,8392,8394,8414,8401,8382,8388,8395,8385,8391,8387,8304,8296,8277,8351,8376,8404,8405,8184,8369,8375,8367,8423,8419,8212,8195,8201,8198,8262,7982,7981,7981,8124,8181,8069,8101,8121,8077,8030,8090,8088,8088,8088,8074,8084,8077,8088,8089,8083,8089,8079,8084,8086,8089,8089,8090,8092,8092,8079,8083,8085,8087,8083,8086,8080,8076,8087,8086,8084,8018,8021,8019,8021,8084,8096,8084,8099,8089,8094,8091,8094,8085,8089,8087,8088,8086,8085,8030,8081,8078,8085,8087,8088,8089,8089,8089,8088,8082,8089,8028,8087,8084,8088,8083,8084,8076,8079,8071,8089,8079,8083,8089,8094,8087,8078,8083,8415,8416,8423,8431,8429,8423,8406,7943,8015,8010,7984,7983,6697,6809,4803,6808,6774,6745,6816,6806,6775,6780,6688,6690,6688,6685,6690,6654,6653,6665,6733,6669,6605,6602,6512,6580,6300,6264,6425,6424,6456,6436,6435,6459,6456,6629,6550,6590,6503,6487,6578,6498,6220,6233,7342,6932,7094,7099,7376,7266,6926,6903,6932,6920,6936,6942,6968,6912,6912,8027,6804,6921,0,0,0,15,1,0,9,9,2,3,3,24,366,364,430,433,432,432,434,431,435,435,433,425,378,393,392,428,420,373,392,426,424,423,427,425,439,439,395,382,397,1150,1141
SRR3137069,8766,8768,8763,8768,8753,8752,8749,8774,8773,8772,8767,8770,8771,8773,8769,8768,8771,8764,8771,8768,8749,8759,8765,8522,8758,8772,8769,8770,8764,8772,8752,8770,8774,8772,8772,8772,8770,8772,8772,8772,8758,8774,8761,8772,8770,8759,8771,8772,8781,8750,8553,8770,8765,8772,8598,8777,8775,8778,8710,8770,8729,8770,8602,8773,8769,8772,8771,8773,8770,8530,8148,8780,8508,8769,8531,8529,8375,8512,8502,8593,8586,8489,8501,8505,8507,8492,8474,8494,8512,8420,8492,8490,8486,8385,8388,8197,8484,8483,8484,8505,8490,8473,8477,8484,8476,8481,8476,8397,8389,8369,8444,8466,8492,8499,8277,8461,8467,8460,8425,8514,8302,8281,8287,8284,8352,8071,8071,8072,8214,8272,8160,8191,8205,8167,8120,8181,8178,8177,8178,8163,8174,8166,8178,8179,8173,8179,8169,8174,8176,8179,8179,8180,8181,8181,8168,8172,8176,8177,8172,8176,8170,8166,8176,8175,8173,8107,8111,8109,8111,8174,8186,8175,8190,8178,8185,8181,8185,8174,8179,8178,8178,8176,8174,8118,8172,8168,8173,8177,8179,8179,8180,8179,8178,8172,8178,8115,8177,8175,8178,8173,8174,8165,8169,8161,8179,8169,8172,8179,8184,8177,8168,8173,8508,8507,8514,8523,8520,8514,8499,8031,8097,8094,8067,8064,6789,6905,4871,6903,6867,6837,6910,6900,6869,6874,6771,6773,6771,6768,6773,6724,6720,6744,6819,6747,6686,6683,6593,6662,6372,6334,6506,6503,6537,6513,6512,6544,6537,6713,6629,6671,6584,6568,6660,6583,6283,6295,7386,6971,7122,7128,7419,7296,6966,6943,6961,6949,6976,6982,7009,6951,6948,8008,6841,6960,0,0,0,15,1,0,9,8,2,2,3,24,382,380,447,452,451,451,453,450,454,454,452,444,395,410,411,444,436,390,409,447,443,443,447,446,458,458,412,399,414,1173,1163
SRR6107195,8718,8720,8715,8719,8705,8704,8701,8725,8724,8723,8718,8721,8722,8724,8720,8720,8722,8716,8722,8719,8700,8710,8716,8473,8708,8723,8720,8721,8715,8723,8703,8721,8725,8723,8723,8723,8721,8723,8723,8723,8709,8725,8712,8723,8721,8711,8722,8723,8732,8701,8504,8722,8716,8723,8557,8728,8726,8729,8661,8722,8680,8721,8553,8725,8721,8724,8723,8725,8722,8477,8100,8731,8457,8720,8478,8476,8324,8473,8457,8545,8537,8437,8448,8453,8454,8440,8421,8442,8459,8366,8439,8438,8433,8332,8335,8144,8431,8430,8431,8452,8438,8420,8425,8432,8423,8429,8424,8345,8337,8317,8391,8413,8439,8447,8225,8409,8415,8408,8478,8460,8250,8233,8239,8236,8299,8018,8017,8018,8161,8219,8105,8138,8159,8115,8067,8128,8125,8125,8126,8111,8121,8114,8126,8127,8120,8126,8116,8122,8124,8127,8126,8127,8129,8129,8116,8120,8123,8124,8120,8123,8117,8113,8124,8123,8121,8054,8057,8055,8057,8121,8133,8122,8137,8126,8132,8129,8132,8122,8126,8125,8125,8124,8122,8065,8119,8115,8121,8125,8126,8126,8127,8126,8125,8120,8126,8063,8124,8122,8125,8120,8121,8113,8116,8108,8126,8116,8120,8126,8131,8124,8115,8120,8455,8455,8462,8471,8468,8462,8446,7977,8044,8041,8013,8011,6738,6853,4835,6851,6816,6789,6858,6847,6818,6823,6715,6716,6714,6711,6717,6681,6680,6696,6766,6700,6633,6630,6539,6613,6324,6286,6453,6452,6483,6463,6462,6490,6483,6664,6584,6618,6530,6514,6607,6534,6239,6248,7373,6959,7127,7130,7404,7295,6951,6928,6960,6943,6961,6969,6995,6936,6939,8082,6829,6950,15,15,15,0,14,14,22,39,15,15,16,37,390,388,454,458,457,457,459,456,460,460,458,450,402,417,417,452,444,397,416,454,450,450,453,453,465,465,419,406,421,1174,1165
SRR2917138,8810,8812,8808,8812,8798,8797,8793,8821,8819,8818,8811,8816,8815,8821,8815,8812,8818,8808,8818,8812,8796,8805,8808,8565,8801,8815,8815,8814,8811,8818,8795,8813,8817,8815,8818,8819,8814,8819,8819,8818,8805,8817,8804,8815,8813,8806,8818,8819,8824,8798,8598,8814,8809,8817,8641,8821,8822,8821,8755,8815,8775,8818,8646,8817,8814,8816,8816,8817,8814,8570,8198,8824,8555,8816,8570,8569,8423,8564,8549,8638,8630,8530,8542,8545,8551,8533,8514,8537,8552,8462,8532,8531,8526,8426,8428,8236,8526,8526,8525,8548,8530,8513,8518,8525,8519,8523,8517,8439,8429,8410,8484,8510,8533,8538,8317,8502,8508,8500,8551,8555,8345,8324,8328,8325,8394,8106,8106,8106,8254,8314,8195,8231,8254,8210,8161,8221,8219,8218,8220,8204,8215,8207,8218,8219,8214,8223,8213,8214,8216,8219,8220,8221,8224,8222,8210,8213,8218,8220,8213,8220,8211,8210,8217,8219,8214,8148,8152,8150,8152,8216,8225,8217,8230,8219,8227,8221,8227,8215,8220,8220,8219,8216,8215,8157,8212,8209,8214,8217,8219,8221,8220,8220,8219,8212,8219,8152,8218,8215,8219,8214,8215,8206,8210,8202,8220,8210,8213,8220,8225,8218,8209,8214,8550,8548,8554,8563,8561,8555,8542,8067,8136,8134,8106,8104,6825,6942,4904,6940,6903,6877,6947,6936,6907,6911,6798,6799,6797,6794,6800,6742,6735,6762,6838,6766,6712,6709,6612,6692,6392,6355,6527,6526,6557,6528,6532,6564,6557,6744,6653,6697,6604,6588,6686,6615,6314,6323,7401,6987,7129,7135,7432,7301,6979,6955,6968,6956,6988,6997,7021,6962,6960,8090,6843,6977,1,1,1,14,0,0,8,11,1,1,2,23,387,385,452,458,457,457,459,456,460,460,458,450,400,415,417,450,441,395,414,451,448,447,451,450,462,462,417,404,419,1167,1157
SRR2917136,8590,8593,8588,8594,8578,8578,8583,8600,8599,8598,8592,8596,8597,8598,8595,8592,8597,8587,8597,8594,8574,8583,8590,8350,8583,8597,8594,8595,8592,8597,8577,8595,8599,8597,8597,8597,8596,8597,8597,8597,8583,8599,8586,8597,8595,8583,8597,8597,8606,8575,8380,8595,8591,8598,8423,8603,8601,8603,8535,8596,8559,8596,8439,8597,8593,8595,8596,8597,8594,8363,7988,8605,8344,8601,8371,8370,8202,8340,8334,8420,8413,8321,8333,8336,8340,8324,8308,8327,8347,8254,8326,8322,8320,8219,8222,8041,8317,8317,8318,8339,8324,8308,8310,8318,8310,8315,8310,8227,8221,8200,8276,8302,8334,8333,8113,8293,8298,8292,8276,8345,8142,8120,8126,8122,8191,7908,7908,7910,8050,8110,7998,8028,8042,8004,7958,8018,8016,8014,8015,8000,8011,8003,8015,8016,8010,8016,8006,8011,8013,8017,8016,8017,8018,8018,8005,8008,8013,8014,8009,8013,8007,8004,8013,8012,8010,7943,7947,7946,7948,8011,8022,8013,8027,8015,8023,8018,8022,8012,8016,8015,8015,8013,8011,7959,8010,8006,8010,8014,8017,8016,8018,8017,8016,8008,8015,7955,8014,8012,8016,8011,8012,8002,8006,7999,8015,8007,8008,8016,8021,8015,8005,8010,8340,8339,8346,8354,8352,8344,8332,7868,7941,7938,7909,7915,6641,6753,4783,6752,6717,6690,6758,6749,6721,6724,6631,6633,6631,6626,6634,6604,6597,6613,6681,6620,6549,6546,6457,6532,6272,6237,6371,6371,6402,6381,6381,6404,6399,6578,6501,6536,6450,6433,6523,6450,6167,6177,7294,6889,7062,7063,7328,7223,6881,6858,6896,6878,6891,6900,6924,6867,6870,7923,6762,6882,0,0,0,14,0,0,9,9,0,0,1,22,340,338,403,408,406,405,407,404,409,408,406,398,352,367,366,404,400,347,365,396,396,393,396,395,406,407,370,357,372,1112,1103
SRR5084265,8490,8492,8491,8490,8491,8491,8490,8496,8495,8494,8490,8492,8493,8495,8493,8492,8493,8490,8493,8490,8476,8482,8486,8244,8482,8493,8490,8493,8485,8493,8476,8491,8495,8493,8493,8493,8494,8493,8493,8493,8480,8495,8485,8493,8492,8480,8493,8493,8501,8474,8272,8495,8492,8499,8327,8499,8497,8499,8435,8495,8451,8492,8331,8497,8494,8495,8496,8497,8494,8248,7873,8503,8233,8492,8248,8247,8099,8454,8231,8320,8316,8216,8225,8230,8237,8219,8203,8221,8236,8162,8221,8216,8213,8110,8113,8153,8218,8218,8226,8240,8232,8214,8219,8226,8217,8223,8218,8114,8111,8093,8170,8221,8219,8221,8216,8189,8195,8181,8286,8240,8234,8224,8227,8226,8284,8010,8011,8011,8149,8211,8097,8131,8149,8106,8058,8119,8116,8117,8117,8104,8113,8104,8117,8119,8111,8118,8109,8114,8115,8119,8118,8120,8118,8121,8109,8110,8116,8118,8112,8115,8111,8106,8116,8113,8115,8048,8051,8050,8048,8114,8122,8113,8129,8120,8121,8122,8124,8112,8119,8117,8117,8116,8115,8059,8111,8109,8113,8117,8118,8116,8117,8119,8116,8108,8116,8058,8115,8113,8119,8113,8115,8105,8112,8103,8119,8108,8114,8121,8123,8117,8108,8113,8229,8227,8236,8241,8243,8233,8224,7971,8051,8049,8021,8022,6728,6852,4829,6850,6815,6787,6858,6847,6818,6822,6727,6728,6726,6723,6729,6681,6676,6702,6775,6707,6643,6640,6551,6624,6331,6293,6466,6465,6496,6469,6471,6503,6496,6673,6588,6628,6543,6527,6617,6542,6245,6253,7161,6961,6908,6906,7192,7068,6953,6930,6947,6936,6963,6972,6997,6939,6936,7442,6828,6953,9,9,9,22,8,9,0,28,7,8,8,29,383,381,427,452,451,451,453,450,454,454,452,444,396,411,412,425,412,391,410,446,443,442,446,440,458,458,413,400,415,1168,1159
SRR5121494,8652,8654,8650,8653,8640,8639,8653,8659,8658,8657,8653,8655,8656,8658,8654,8654,8656,8650,8656,8653,8634,8639,8650,8407,8643,8657,8654,8657,8652,8657,8641,8655,8659,8657,8657,8657,8657,8657,8657,8657,8643,8659,8646,8657,8655,8644,8656,8657,8665,8634,8439,8655,8651,8659,8491,8662,8660,8663,8597,8657,8614,8655,8491,8659,8656,8658,8658,8659,8656,8420,8037,8666,8399,8661,8428,8426,8258,8398,8380,8494,8485,8392,8394,8398,8399,8398,8365,8370,8403,8311,8386,8389,8390,8290,8292,8098,8387,8387,8379,8396,8382,8370,8373,8376,8373,8352,8349,8280,8273,8255,8337,8359,8392,8371,8169,8360,8360,8364,8399,8409,8175,8158,8164,8161,8226,7985,7984,7984,8095,8178,8072,8078,8099,8074,8027,8089,8087,8086,8085,8071,8082,8075,8085,8087,8082,8087,8077,8083,8084,8087,8088,8089,8089,8090,8076,8081,8083,8085,8080,8084,8079,8074,8085,8083,8082,8016,8020,8018,8020,8082,8094,8082,8097,8087,8092,8089,8092,8083,8088,8085,8086,8084,8083,8031,8079,8077,8082,8084,8087,8087,8087,8088,8087,8080,8087,8029,8086,8081,8087,8082,8083,8074,8078,8070,8087,8078,8081,8088,8093,8086,8077,8082,8403,8410,8418,8418,8413,8407,8393,7942,7993,7995,7989,7975,6705,6820,4802,6818,6784,6756,6826,6814,6785,6790,6683,6684,6682,6679,6685,6642,6642,6664,6735,6668,6598,6595,6509,6578,6290,6252,6424,6423,6454,6428,6430,6457,6454,6631,6543,6583,6501,6485,6573,6500,6220,6228,7380,6957,7124,7125,7416,7294,6950,6927,6946,6935,6960,6969,6994,6936,6933,8069,6828,6949,13,9,8,39,11,9,28,0,8,23,11,48,382,380,447,451,450,450,452,449,453,453,451,443,395,410,408,451,436,390,410,458,455,454,458,453,470,470,412,399,414,1167,1157
SRR3001933,8490,8491,8484,8488,8475,8474,8482,8497,8495,8494,8487,8492,8491,8497,8491,8491,8494,8488,8494,8488,8473,8483,8485,8243,8478,8492,8492,8490,8488,8495,8472,8490,8494,8492,8495,8496,8490,8496,8496,8495,8482,8494,8481,8492,8490,8484,8494,8496,8501,8474,8279,8491,8485,8492,8327,8497,8498,8498,8433,8492,8453,8494,8322,8497,8491,8494,8492,8497,8493,8264,7875,8500,8240,8498,8270,8268,8100,8250,8244,8327,8319,8224,8236,8239,8245,8228,8211,8234,8248,8156,8228,8226,8222,8125,8128,7944,8225,8222,8220,8244,8226,8208,8213,8220,8214,8219,8213,8143,8129,8110,8179,8206,8233,8236,8014,8196,8203,8195,8260,8251,8044,8023,8027,8024,8091,7822,7822,7823,7950,8009,7910,7931,7954,7910,7860,7922,7918,7917,7920,7904,7914,7906,7918,7920,7913,7922,7912,7914,7916,7919,7919,7920,7923,7921,7910,7913,7918,7920,7912,7919,7910,7909,7917,7918,7913,7847,7850,7849,7850,7916,7928,7917,7930,7918,7927,7922,7927,7915,7919,7920,7919,7917,7914,7871,7912,7908,7915,7918,7919,7920,7921,7920,7919,7913,7918,7867,7917,7915,7918,7913,7914,7905,7910,7901,7920,7909,7914,7919,7925,7917,7908,7913,8243,8241,8248,8258,8254,8248,8235,7782,7852,7848,7820,7819,6608,6718,4728,6717,6685,6658,6725,6714,6685,6689,6582,6583,6582,6578,6584,6568,6558,6572,6635,6578,6500,6497,6416,6479,6207,6171,6328,6329,6358,6338,6338,6364,6357,6534,6451,6484,6409,6392,6473,6404,6130,6137,7273,6863,7063,7060,7306,7215,6857,6836,6874,6855,6867,6877,6899,6844,6845,7955,6747,6857,2,2,2,15,1,0,7,8,0,0,1,22,358,356,422,425,424,424,426,423,426,426,425,417,370,385,382,419,412,365,385,419,414,415,419,418,429,429,387,374,391,1122,1115
SRR5121497,8707,8709,8705,8709,8695,8694,8691,8715,8714,8713,8708,8711,8712,8714,8710,8709,8712,8705,8712,8709,8690,8700,8706,8463,8699,8713,8710,8711,8705,8713,8693,8711,8715,8713,8713,8713,8711,8713,8713,8713,8699,8715,8702,8713,8711,8701,8712,8713,8722,8691,8494,8712,8706,8713,8549,8718,8716,8719,8652,8712,8671,8711,8543,8714,8711,8713,8713,8714,8711,8473,8093,8721,8449,8710,8474,8472,8316,8465,8452,8534,8526,8432,8443,8448,8449,8435,8417,8437,8455,8362,8434,8433,8428,8327,8330,8139,8425,8425,8426,8447,8434,8415,8420,8427,8418,8424,8419,8339,8332,8312,8385,8407,8434,8439,8218,8404,8408,8403,8468,8454,8244,8223,8229,8226,8292,8008,8007,8008,8156,8213,8096,8133,8154,8109,8062,8122,8119,8119,8120,8105,8115,8108,8120,8121,8114,8120,8110,8115,8118,8121,8120,8121,8123,8123,8110,8114,8117,8118,8114,8117,8111,8107,8118,8117,8115,8049,8052,8050,8052,8115,8126,8116,8131,8120,8126,8123,8126,8116,8120,8119,8119,8118,8116,8056,8113,8109,8116,8119,8120,8120,8121,8120,8119,8114,8120,8054,8118,8116,8119,8114,8115,8107,8110,8102,8120,8110,8112,8120,8125,8118,8109,8114,8450,8450,8457,8466,8463,8457,8440,7969,8039,8037,8007,8004,6747,6861,4839,6859,6824,6798,6866,6856,6826,6831,6737,6737,6736,6733,6738,6689,6680,6707,6777,6708,6652,6648,6553,6632,6342,6304,6467,6466,6497,6467,6472,6503,6496,6682,6595,6637,6545,6528,6626,6553,6255,6264,7382,6966,7117,7123,7412,7286,6957,6934,6949,6938,6967,6976,7000,6942,6941,8076,6823,6957,2,3,2,15,1,0,8,23,0,0,1,22,377,374,440,447,446,446,448,445,449,449,446,438,388,403,405,438,430,383,402,440,436,436,439,438,450,451,406,392,407,1160,1150
SRR2917140,8842,8844,8840,8844,8830,8829,8826,8853,8851,8850,8843,8848,8847,8853,8847,8844,8850,8840,8850,8844,8827,8838,8840,8596,8833,8847,8847,8846,8843,8850,8827,8845,8849,8847,8850,8851,8846,8851,8851,8850,8838,8849,8836,8847,8845,8838,8850,8851,8856,8830,8630,8846,8841,8849,8674,8853,8854,8853,8787,8847,8808,8850,8678,8849,8846,8848,8848,8849,8846,8603,8229,8856,8587,8848,8603,8602,8454,8587,8582,8668,8660,8563,8575,8578,8584,8566,8547,8570,8585,8495,8565,8564,8559,8457,8459,8269,8559,8559,8558,8581,8564,8546,8551,8558,8552,8556,8550,8470,8460,8441,8517,8545,8568,8573,8351,8535,8541,8533,8587,8588,8378,8359,8363,8360,8428,8136,8136,8136,8286,8346,8225,8261,8284,8240,8191,8251,8249,8248,8250,8234,8245,8237,8248,8249,8244,8253,8243,8244,8246,8249,8250,8251,8254,8252,8240,8243,8248,8250,8243,8250,8241,8240,8247,8249,8244,8178,8182,8180,8182,8246,8255,8247,8260,8249,8257,8251,8257,8245,8250,8250,8249,8246,8245,8187,8242,8239,8245,8247,8249,8251,8250,8250,8249,8242,8249,8182,8248,8245,8249,8244,8245,8236,8240,8232,8250,8240,8243,8250,8255,8248,8239,8244,8583,8581,8588,8596,8594,8588,8575,8098,8167,8165,8137,8137,6846,6961,4928,6959,6924,6895,6966,6956,6926,6931,6814,6816,6815,6811,6816,6757,6753,6779,6854,6781,6730,6727,6631,6705,6408,6371,6544,6540,6574,6545,6549,6582,6575,6756,6665,6715,6622,6606,6703,6625,6327,6340,7414,6997,7142,7148,7447,7318,6993,6970,6983,6970,7003,7009,7035,6977,6973,8091,6857,6985,3,3,3,16,2,1,8,11,1,1,0,23,388,386,453,459,458,458,460,457,461,461,459,451,401,417,418,450,442,396,416,452,449,448,452,451,463,463,418,405,420,1167,1157
ERR10368770,8624,8625,8624,8623,8626,8625,8617,8627,8626,8625,8622,8625,8626,8626,8626,8625,8626,8625,8626,8622,8604,8613,8619,8378,8615,8626,8623,8625,8618,8626,8606,8624,8626,8626,8626,8626,8625,8626,8626,8626,8613,8626,8612,8626,8624,8615,8626,8626,8635,8607,8407,8629,8624,8631,8461,8630,8630,8631,8569,8629,8584,8625,8452,8629,8629,8629,8629,8629,8628,8361,8006,8633,8368,8622,8361,8360,8231,8392,8341,8457,8451,8328,8336,8344,8345,8328,8311,8331,8347,8270,8329,8327,8322,8220,8223,8056,8326,8326,8334,8350,8342,8324,8330,8335,8325,8333,8329,8227,8226,8208,8285,8319,8332,8337,8129,8301,8308,8295,8361,8351,8152,8132,8136,8136,8198,7927,7928,7927,8063,8120,8013,8042,8057,8016,7968,8027,8024,8026,8027,8015,8022,8014,8027,8029,8020,8027,8018,8024,8025,8029,8027,8028,8028,8030,8019,8020,8025,8027,8022,8026,8018,8014,8026,8024,8024,7958,7960,7958,7957,8023,8028,8023,8037,8029,8030,8031,8033,8022,8027,8026,8026,8025,8024,7973,8019,8016,8022,8027,8026,8025,8026,8027,8025,8019,8026,7972,8023,8023,8027,8021,8023,8014,8020,8011,8029,8016,8025,8029,8031,8025,8017,8021,8343,8340,8349,8356,8356,8348,8335,7885,7953,7953,7922,7926,6681,6803,4789,6803,6769,6744,6804,6799,6767,6775,6680,6681,6679,6676,6682,6636,6630,6658,6730,6660,6597,6594,6510,6578,6287,6250,6425,6424,6455,6426,6430,6462,6455,6631,6539,6582,6502,6487,6571,6502,6206,6213,7372,6970,7107,7110,7402,7275,6962,6938,6952,6939,6970,6980,7003,6948,6944,7898,6839,6961,24,24,24,37,23,22,29,48,22,22,23,0,392,390,457,461,460,460,462,459,462,463,461,453,405,420,416,454,446,400,419,453,452,451,452,452,464,464,422,409,424,1177,1168
ERR160996,7829,7829,7826,7826,7831,7830,7830,7830,7829,7828,7827,7828,7829,7829,7827,7830,7830,7826,7829,7825,7824,7825,7822,7600,7815,7829,7826,7829,7824,7829,7828,7827,7829,7829,7829,7829,7829,7829,7829,7829,7816,7829,7822,7829,7828,7823,7829,7829,7842,7810,7631,7831,7825,7832,7688,7833,7833,7834,7773,7833,7791,7828,7693,7833,7833,7833,7833,7833,7833,7822,7305,7837,7622,7832,7828,7827,7492,7657,7662,7774,7767,7799,7801,7804,7815,7814,7783,7809,7816,7739,7802,7803,7804,7803,7805,7747,7809,7809,7809,7820,7812,7661,7664,7806,7802,7804,7800,7741,7726,7708,7605,7664,7662,7793,7787,7765,7772,7769,7570,7725,7831,7805,7810,7808,7807,7704,7702,7702,7744,7803,7789,7751,7758,7804,7752,7817,7815,7813,7815,7800,7812,7803,7806,7816,7809,7818,7805,7806,7812,7815,7816,7817,7820,7819,7808,7810,7812,7814,7809,7813,7809,7804,7816,7813,7812,7748,7750,7749,7749,7812,7819,7811,7823,7817,7821,7819,7819,7813,7817,7814,7815,7814,7812,7758,7806,7807,7812,7814,7815,7817,7817,7817,7815,7809,7816,7758,7816,7673,7815,7810,7811,7803,7806,7799,7816,7806,7814,7816,7821,7814,7805,7810,7808,7814,7823,7822,7819,7811,7784,7668,7734,7735,7717,7594,6899,7085,5353,7108,7044,6978,7105,7058,7070,7072,6897,6884,6891,6882,6887,6832,6829,6844,6936,6856,6258,6255,6162,6238,6342,6299,6079,6077,6107,6079,6083,6110,6158,6265,6283,6326,6160,6148,6321,6157,5885,5895,6669,6622,6373,6391,6643,6518,6638,6603,6629,6617,6647,6653,6656,6600,6620,6590,6483,6612,356,366,382,390,387,340,383,382,358,377,388,392,0,1,81,51,50,50,53,51,54,55,53,45,43,59,58,61,63,46,56,78,76,75,76,76,88,88,87,47,61,817,807
SRR5056398,7742,7743,7740,7741,7745,7743,7743,7745,7744,7743,7742,7743,7744,7744,7742,7743,7745,7740,7744,7740,7739,7740,7737,7515,7730,7744,7741,7744,7739,7744,7743,7742,7744,7744,7744,7744,7744,7744,7744,7744,7731,7744,7737,7744,7743,7738,7744,7744,7757,7727,7547,7745,7740,7747,7603,7748,7748,7749,7687,7747,7707,7743,7608,7747,7747,7747,7747,7747,7746,7738,7222,7752,7539,7749,7746,7745,7410,7585,7586,7691,7685,7716,7718,7721,7733,7731,7704,7726,7734,7658,7719,7720,7721,7721,7723,7665,7727,7727,7726,7738,7730,7587,7589,7722,7720,7722,7717,7663,7650,7629,7533,7587,7584,7712,7701,7683,7689,7687,7512,7655,7744,7721,7726,7724,7722,7636,7634,7634,7661,7720,7719,7669,7677,7721,7671,7733,7732,7731,7733,7717,7730,7721,7724,7733,7727,7736,7723,7728,7730,7733,7734,7735,7738,7737,7724,7726,7729,7730,7726,7730,7727,7722,7733,7731,7730,7666,7669,7667,7668,7730,7737,7729,7741,7735,7739,7736,7737,7729,7735,7732,7732,7731,7730,7686,7724,7725,7730,7731,7733,7735,7734,7734,7732,7726,7734,7685,7734,7599,7733,7728,7729,7721,7723,7717,7733,7724,7730,7734,7738,7732,7723,7728,7726,7732,7741,7739,7735,7728,7706,7596,7652,7653,7634,7518,6812,6989,5271,7013,6949,6882,7016,6964,6978,6975,6807,6796,6802,6793,6798,6773,6775,6769,6860,6792,6182,6178,6100,6162,6263,6226,6025,6023,6052,6033,6034,6053,6101,6188,6222,6247,6098,6090,6242,6096,5812,5823,6582,6542,6348,6347,6569,6482,6554,6525,6579,6557,6562,6568,6569,6519,6544,6516,6429,6534,354,364,380,388,385,338,381,380,356,374,386,390,1,0,76,49,48,48,52,49,52,53,51,43,41,56,51,61,61,44,54,74,73,72,73,73,86,86,80,45,59,806,797
ERR3635287,7783,7783,7783,7780,7785,7784,7784,7784,7783,7782,7783,7783,7783,7783,7783,7784,7784,7783,7783,7782,7779,7779,7780,7559,7772,7783,7780,7783,7779,7783,7782,7783,7783,7783,7783,7783,7783,7783,7783,7783,7775,7783,7780,7783,7783,7782,7783,7783,7796,7771,7587,7787,7785,7789,7646,7787,7787,7788,7727,7787,7752,7782,7656,7787,7787,7787,7787,7787,7787,7748,7265,7791,7587,7787,7755,7754,7455,7676,7679,7731,7727,7734,7728,7735,7736,7731,7707,7727,7736,7642,7726,7724,7728,7724,7726,7645,7705,7705,7706,7716,7713,7652,7654,7707,7703,7706,7703,7697,7702,7694,7633,7649,7678,7730,7703,7702,7705,7701,7554,7692,7732,7707,7709,7709,7708,7610,7609,7607,7646,7707,7700,7654,7656,7707,7650,7712,7710,7710,7713,7704,7709,7704,7707,7714,7709,7715,7706,7708,7710,7714,7713,7714,7715,7716,7709,7710,7711,7712,7710,7712,7710,7707,7713,7710,7711,7650,7652,7649,7649,7711,7714,7709,7724,7716,7716,7717,7717,7713,7714,7713,7712,7712,7712,7659,7709,7709,7711,7713,7713,7713,7713,7713,7715,7710,7712,7659,7711,7657,7715,7712,7712,7705,7705,7703,7714,7705,7713,7715,7716,7711,7708,7710,7743,7743,7751,7748,7747,7740,7729,7570,7630,7630,7613,7578,6862,6991,5234,6985,6955,6922,6995,6983,6954,6954,6868,6865,6867,6859,6867,6829,6823,6840,6931,6851,6254,6251,6167,6236,6269,6232,6084,6083,6113,6085,6089,6117,6122,6274,6250,6294,6157,6149,6271,6160,5877,5881,6682,6604,6388,6407,6655,6532,6647,6618,6654,6642,6660,6667,6637,6583,6631,6605,6472,6596,420,430,447,454,452,403,427,447,422,440,453,457,81,76,0,68,67,67,71,68,71,72,70,62,60,75,75,79,81,69,73,93,92,92,93,93,105,105,147,64,78,823,817
SRR22175068,7988,7989,7986,7987,7991,7989,7989,7990,7989,7988,7988,7988,7989,7989,7987,7989,7990,7986,7989,7986,7984,7985,7983,7760,7975,7989,7987,7989,7985,7989,7988,7987,7989,7989,7989,7989,7989,7989,7989,7989,7976,7989,7983,7989,7988,7984,7989,7989,7997,7969,7788,7991,7986,7992,7849,7993,7993,7994,7933,7993,7953,7988,7854,7993,7993,7993,7993,7993,7992,7727,7466,7997,7783,7993,7734,7733,7654,7957,7704,7932,7925,7706,7707,7710,7721,7720,7690,7715,7723,7647,7709,7710,7710,7710,7711,7654,7715,7715,7716,7726,7719,7705,7708,7712,7709,7710,7707,7710,7707,7691,7650,7706,7704,7703,7695,7673,7678,7676,7576,7720,7739,7711,7717,7714,7713,7615,7613,7614,7653,7710,7698,7659,7665,7711,7659,7723,7721,7720,7721,7707,7718,7710,7714,7722,7716,7724,7712,7716,7718,7721,7722,7723,7726,7725,7715,7718,7718,7721,7716,7719,7716,7712,7722,7719,7718,7656,7658,7657,7657,7718,7725,7717,7730,7723,7727,7725,7725,7720,7724,7720,7722,7720,7718,7666,7714,7714,7719,7721,7721,7723,7723,7723,7722,7716,7722,7666,7722,7716,7722,7717,7718,7710,7714,7706,7723,7713,7719,7722,7728,7720,7712,7716,7715,7721,7729,7729,7725,7718,7696,7578,7641,7641,7624,7637,6860,6990,5236,6987,6955,6925,6996,6984,6958,6958,6866,6867,6870,6862,6868,6827,6826,6838,6934,6852,6277,6274,6187,6253,6280,6242,6100,6097,6131,6099,6106,6134,6139,6300,6213,6261,6178,6165,6248,6174,5877,5887,6636,6616,6372,6389,6640,6518,6611,6588,6602,6590,6621,6627,6653,6597,6594,6582,6484,6606,423,433,452,458,458,408,452,451,425,447,459,461,51,49,68,0,1,1,5,2,7,7,6,10,71,43,44,66,67,41,61,77,79,78,79,79,91,91,65,50,65,819,810
SRR21787058,7952,7953,7953,7952,7955,7953,7953,7954,7953,7952,7952,7952,7953,7953,7953,7953,7954,7953,7953,7950,7948,7949,7948,7725,7942,7953,7952,7953,7950,7953,7952,7951,7953,7953,7953,7953,7953,7953,7953,7953,7940,7953,7947,7953,7952,7948,7953,7953,7961,7937,7753,7957,7955,7959,7814,7957,7957,7958,7897,7957,7918,7952,7822,7957,7957,7957,7957,7957,7956,7716,7432,7961,7753,7957,7723,7722,7619,7924,7696,7898,7894,7699,7696,7703,7714,7709,7682,7705,7714,7640,7701,7701,7701,7702,7703,7645,7704,7704,7706,7715,7711,7699,7701,7702,7700,7702,7699,7699,7698,7684,7643,7700,7698,7698,7690,7667,7671,7666,7571,7712,7731,7705,7707,7707,7704,7609,7608,7609,7645,7702,7692,7652,7656,7704,7650,7712,7710,7711,7713,7701,7709,7701,7707,7714,7707,7715,7705,7708,7710,7714,7713,7714,7715,7716,7708,7708,7711,7713,7709,7712,7709,7705,7713,7710,7711,7649,7651,7649,7647,7711,7714,7709,7723,7716,7716,7717,7717,7710,7715,7712,7712,7711,7710,7659,7707,7707,7708,7713,7712,7712,7712,7713,7712,7706,7712,7659,7711,7708,7714,7708,7711,7701,7707,7699,7715,7704,7712,7715,7717,7711,7705,7707,7709,7711,7720,7718,7716,7708,7690,7570,7630,7630,7613,7631,6856,6991,5236,6989,6954,6929,6991,6985,6956,6961,6866,6867,6870,6862,6868,6829,6826,6840,6936,6854,6277,6274,6189,6258,6283,6245,6104,6103,6134,6102,6109,6137,6142,6308,6218,6261,6181,6167,6248,6182,5882,5887,6631,6612,6365,6382,6632,6508,6603,6580,6594,6582,6613,6622,6645,6590,6586,6579,6480,6603,422,432,451,457,457,406,451,450,424,446,458,460,50,48,67,1,0,0,4,1,6,6,5,9,70,42,42,65,66,40,60,76,78,77,78,78,90,90,64,49,64,818,809
SRR21787324,7927,7928,7928,7927,7930,7928,7928,7929,7928,7927,7927,7927,7928,7928,7928,7928,7929,7928,7928,7925,7923,7924,7923,7700,7917,7928,7927,7928,7925,7928,7927,7926,7928,7928,7928,7928,7928,7928,7928,7928,7915,7928,7922,7928,7927,7923,7928,7928,7936,7912,7728,7932,7930,7934,7789,7932,7932,7933,7872,7932,7893,7927,7797,7932,7932,7932,7932,7932,7931,7693,7408,7936,7728,7932,7700,7699,7594,7899,7673,7873,7869,7676,7673,7680,7691,7686,7659,7682,7691,7617,7678,7678,7678,7679,7680,7622,7681,7681,7683,7692,7688,7676,7678,7679,7677,7679,7676,7676,7675,7661,7620,7675,7673,7673,7665,7644,7648,7643,7554,7689,7706,7680,7682,7682,7679,7591,7590,7591,7622,7679,7674,7629,7633,7681,7627,7689,7687,7688,7690,7678,7686,7678,7684,7691,7684,7692,7682,7685,7687,7691,7690,7691,7692,7693,7685,7685,7688,7690,7686,7689,7686,7682,7690,7687,7688,7626,7628,7626,7624,7688,7691,7686,7700,7693,7693,7694,7694,7687,7692,7689,7689,7688,7687,7641,7684,7684,7685,7690,7689,7689,7689,7690,7689,7683,7689,7641,7688,7685,7691,7685,7688,7678,7684,7676,7692,7681,7689,7692,7694,7688,7682,7684,7686,7688,7697,7695,7693,7685,7666,7552,7607,7607,7590,7606,6837,6972,5215,6970,6935,6909,6972,6966,6937,6941,6846,6847,6850,6842,6848,6813,6811,6824,6920,6839,6257,6254,6174,6238,6264,6226,6089,6088,6119,6087,6094,6122,6127,6289,6198,6241,6166,6152,6228,6164,5862,5867,6624,6605,6358,6376,6625,6502,6597,6573,6587,6575,6606,6615,6638,6583,6579,6572,6478,6596,422,432,451,457,457,405,451,450,424,446,458,460,50,48,67,1,0,0,4,1,6,6,5,9,70,42,43,65,66,40,60,76,78,77,78,78,90,90,64,49,64,814,805
SRR26858817,7975,7976,7976,7975,7978,7976,7976,7977,7976,7975,7975,7975,7976,7976,7976,7976,7977,7976,7976,7973,7971,7972,7971,7748,7965,7976,7975,7976,7973,7976,7975,7974,7976,7976,7976,7976,7976,7976,7976,7976,7963,7976,7970,7976,7975,7971,7976,7976,7984,7960,7776,7980,7978,7982,7837,7980,7980,7981,7920,7980,7941,7975,7845,7980,7980,7980,7980,7980,7979,7714,7453,7984,7775,7980,7721,7720,7641,7946,7692,7921,7917,7697,7694,7701,7712,7707,7680,7703,7712,7638,7699,7699,7699,7700,7701,7643,7702,7702,7704,7713,7708,7697,7699,7700,7698,7700,7697,7697,7696,7682,7641,7696,7694,7694,7686,7665,7668,7664,7565,7709,7725,7700,7703,7703,7700,7602,7601,7602,7643,7700,7685,7649,7653,7700,7647,7709,7707,7708,7710,7698,7706,7698,7704,7711,7704,7712,7702,7705,7707,7711,7710,7711,7712,7713,7705,7705,7708,7710,7706,7709,7705,7701,7710,7707,7708,7646,7648,7646,7644,7708,7711,7706,7719,7713,7713,7714,7714,7706,7712,7709,7709,7708,7707,7652,7703,7703,7704,7710,7709,7709,7709,7710,7709,7703,7709,7652,7708,7705,7711,7705,7708,7698,7704,7696,7712,7701,7708,7712,7714,7708,7702,7704,7706,7708,7717,7715,7713,7705,7687,7563,7628,7628,7611,7626,6856,6986,5232,6984,6950,6922,6991,6981,6952,6957,6868,6870,6874,6865,6870,6826,6822,6837,6933,6851,6280,6277,6188,6255,6279,6241,6100,6097,6131,6099,6106,6134,6140,6301,6213,6261,6179,6163,6250,6174,5879,5888,6636,6616,6371,6388,6640,6518,6611,6588,6603,6590,6621,6627,6653,6598,6593,6582,6482,6606,424,434,453,459,459,407,453,452,426,448,460,462,53,52,71,5,4,4,0,5,10,10,9,13,74,47,46,69,70,44,63,80,82,81,82,82,94,94,66,53,67,822,813
SRR27185117,7908,7908,7908,7907,7910,7909,7909,7909,7908,7907,7907,7907,7908,7908,7908,7909,7909,7908,7908,7905,7903,7904,7903,7680,7897,7908,7907,7908,7905,7908,7907,7906,7908,7908,7908,7908,7908,7908,7908,7908,7895,7908,7902,7908,7907,7903,7908,7908,7916,7892,7708,7912,7910,7914,7769,7912,7912,7913,7853,7912,7873,7907,7777,7912,7912,7912,7912,7912,7912,7652,7384,7916,7708,7912,7659,7658,7574,7879,7632,7856,7852,7635,7632,7639,7650,7645,7618,7641,7650,7576,7637,7637,7637,7638,7639,7581,7640,7640,7642,7651,7647,7635,7637,7638,7636,7638,7635,7635,7634,7620,7580,7634,7632,7632,7624,7603,7608,7602,7509,7648,7664,7639,7641,7641,7638,7546,7545,7546,7581,7638,7629,7588,7592,7640,7586,7648,7646,7647,7649,7637,7645,7637,7643,7650,7643,7651,7641,7644,7646,7650,7649,7650,7651,7652,7644,7644,7647,7649,7645,7648,7645,7641,7649,7646,7647,7585,7587,7585,7583,7647,7650,7645,7659,7652,7652,7653,7653,7646,7651,7648,7648,7647,7646,7596,7643,7643,7644,7649,7648,7648,7648,7649,7648,7642,7648,7596,7647,7644,7650,7644,7647,7637,7643,7635,7651,7640,7649,7651,7653,7647,7641,7643,7645,7647,7656,7654,7652,7644,7625,7507,7566,7566,7549,7566,6806,6933,5177,6931,6898,6871,6940,6929,6901,6903,6826,6828,6831,6823,6828,6791,6787,6802,6897,6816,6238,6235,6151,6218,6237,6199,6066,6065,6096,6064,6071,6099,6104,6261,6179,6222,6143,6130,6209,6135,5839,5845,6626,6607,6357,6376,6626,6503,6598,6575,6589,6577,6607,6616,6640,6585,6580,6573,6475,6596,421,431,450,456,456,404,450,449,423,445,457,459,51,49,68,2,1,1,5,0,7,7,6,10,69,43,40,67,67,41,60,77,79,78,79,79,91,91,65,50,65,820,811
SRR21535455,7974,7975,7975,7974,7977,7975,7975,7976,7975,7974,7974,7974,7975,7975,7975,7975,7976,7975,7975,7972,7970,7971,7970,7747,7964,7975,7974,7975,7972,7975,7974,7973,7975,7975,7975,7975,7975,7975,7975,7975,7962,7975,7969,7975,7974,7970,7975,7975,7983,7959,7775,7979,7977,7981,7836,7979,7979,7980,7919,7979,7940,7974,7844,7979,7979,7979,7979,7979,7978,7721,7452,7983,7775,7979,7728,7727,7641,7946,7700,7920,7916,7704,7701,7708,7719,7714,7687,7710,7719,7645,7706,7706,7706,7707,7708,7650,7709,7709,7711,7720,7715,7704,7706,7707,7705,7707,7704,7704,7703,7689,7648,7703,7701,7701,7693,7672,7676,7671,7574,7717,7733,7708,7710,7710,7707,7611,7610,7611,7650,7707,7694,7657,7661,7708,7655,7717,7715,7716,7718,7706,7714,7706,7712,7719,7712,7720,7710,7713,7715,7719,7718,7719,7720,7721,7713,7713,7716,7718,7714,7717,7714,7710,7718,7715,7716,7654,7656,7654,7652,7716,7719,7714,7728,7721,7721,7722,7722,7714,7720,7717,7717,7716,7715,7661,7712,7712,7713,7718,7717,7717,7717,7718,7717,7711,7717,7661,7716,7713,7719,7713,7716,7706,7712,7704,7720,7709,7717,7720,7722,7716,7710,7712,7714,7716,7725,7723,7721,7713,7695,7572,7635,7635,7618,7634,6860,6989,5234,6987,6953,6926,6995,6983,6957,6958,6855,6856,6859,6851,6857,6815,6813,6826,6922,6840,6266,6263,6175,6247,6269,6231,6090,6089,6120,6088,6095,6123,6128,6294,6207,6250,6167,6154,6237,6168,5870,5876,6636,6617,6368,6387,6637,6513,6608,6585,6598,6587,6617,6627,6650,6595,6591,6584,6482,6608,425,435,454,460,460,409,454,453,426,449,461,462,54,52,71,7,6,6,10,7,0,0,9,13,73,46,46,69,70,44,63,80,82,81,82,82,94,94,68,53,68,823,813
SRR21535466,7964,7965,7965,7964,7967,7965,7965,7966,7965,7964,7964,7964,7965,7965,7965,7965,7966,7965,7965,7962,7960,7961,7960,7737,7954,7965,7964,7965,7962,7965,7964,7963,7965,7965,7965,7965,7965,7965,7965,7965,7952,7965,7959,7965,7964,7960,7965,7965,7973,7949,7765,7969,7967,7971,7826,7969,7969,7970,7909,7969,7930,7964,7834,7969,7969,7969,7969,7969,7968,7716,7442,7973,7765,7969,7723,7722,7631,7936,7695,7910,7906,7699,7696,7703,7714,7709,7682,7705,7714,7640,7701,7701,7701,7702,7703,7645,7704,7704,7706,7715,7710,7699,7701,7702,7700,7702,7699,7699,7698,7684,7643,7698,7696,7696,7688,7667,7671,7666,7571,7712,7728,7703,7705,7705,7702,7608,7607,7608,7645,7702,7691,7652,7656,7703,7650,7712,7710,7711,7713,7701,7709,7701,7707,7714,7707,7715,7705,7708,7710,7714,7713,7714,7715,7716,7708,7708,7711,7713,7709,7712,7709,7705,7713,7710,7711,7649,7651,7649,7647,7711,7714,7709,7723,7716,7716,7717,7717,7709,7715,7712,7712,7711,7710,7658,7707,7707,7708,7713,7712,7712,7712,7713,7712,7706,7712,7658,7711,7708,7714,7708,7711,7701,7707,7699,7715,7704,7712,7715,7717,7711,7705,7707,7709,7711,7720,7718,7716,7708,7689,7569,7630,7630,7613,7629,6846,6981,5226,6979,6944,6919,6981,6975,6946,6952,6863,6864,6867,6859,6865,6825,6821,6836,6932,6850,6274,6271,6186,6256,6280,6241,6100,6099,6130,6098,6105,6133,6138,6304,6215,6258,6177,6165,6246,6177,5881,5885,6636,6617,6368,6386,6637,6512,6608,6585,6598,6587,6618,6627,6650,6595,6591,6584,6484,6608,425,435,454,460,460,408,454,453,426,449,461,463,55,53,72,7,6,6,10,7,0,0,9,13,72,47,47,70,71,45,64,81,83,82,83,83,95,95,69,54,69,823,814
SRR26050334,7971,7972,7969,7971,7974,7972,7972,7973,7972,7971,7971,7971,7972,7972,7970,7972,7973,7969,7972,7969,7967,7968,7967,7744,7958,7972,7971,7972,7969,7972,7971,7970,7972,7972,7972,7972,7972,7972,7972,7972,7959,7972,7966,7972,7971,7967,7972,7972,7980,7953,7773,7974,7970,7975,7833,7976,7976,7977,7916,7976,7936,7971,7837,7976,7976,7976,7976,7976,7975,7739,7449,7980,7768,7976,7746,7745,7638,7941,7718,7916,7909,7719,7719,7722,7733,7732,7702,7727,7736,7660,7721,7723,7722,7723,7723,7666,7727,7727,7728,7738,7730,7718,7721,7724,7721,7722,7720,7722,7719,7704,7663,7717,7715,7716,7707,7686,7690,7689,7587,7733,7751,7723,7728,7725,7725,7625,7623,7624,7666,7722,7707,7671,7677,7724,7671,7735,7733,7732,7733,7720,7730,7723,7727,7734,7729,7736,7725,7729,7730,7733,7734,7735,7738,7737,7728,7731,7730,7733,7729,7731,7729,7725,7734,7731,7730,7669,7671,7670,7670,7730,7737,7729,7743,7735,7739,7737,7737,7733,7736,7732,7734,7732,7730,7675,7727,7727,7730,7733,7733,7735,7735,7735,7735,7729,7734,7675,7734,7728,7734,7729,7731,7722,7726,7718,7735,7726,7731,7734,7740,7732,7725,7728,7728,7734,7741,7741,7737,7731,7710,7588,7653,7653,7636,7648,6865,6996,5240,6994,6957,6929,7002,6991,6964,6965,6870,6871,6874,6866,6872,6830,6824,6838,6938,6855,6281,6278,6188,6262,6283,6245,6103,6102,6133,6101,6108,6136,6141,6307,6222,6265,6180,6166,6251,6182,5882,5888,6636,6617,6368,6388,6637,6514,6608,6585,6599,6587,6618,6627,6650,6595,6591,6584,6480,6608,423,433,452,458,458,406,452,451,425,446,459,461,53,51,70,6,5,5,9,6,9,9,0,12,71,43,46,69,69,43,61,79,81,80,81,81,93,93,66,52,67,825,812
SRR5379276,8017,8018,8015,8017,8020,8018,8018,8020,8019,8018,8018,8018,8019,8019,8017,8018,8020,8015,8019,8016,8015,8016,8014,7791,8006,8020,8018,8020,8016,8020,8019,8018,8020,8020,8020,8020,8020,8020,8020,8020,8007,8020,8014,8020,8019,8015,8019,8020,8028,8000,7820,8020,8016,8022,7881,8023,8023,8025,7962,8022,7984,8018,7884,8022,8022,8022,8022,8022,8021,7759,7495,8027,7815,8024,7767,7765,7684,7987,7734,7962,7956,7737,7738,7741,7753,7751,7722,7746,7755,7679,7740,7741,7741,7742,7743,7685,7748,7748,7747,7759,7750,7737,7739,7743,7741,7742,7738,7743,7739,7722,7682,7739,7736,7737,7727,7704,7709,7707,7598,7752,7770,7744,7750,7747,7746,7637,7635,7636,7684,7742,7720,7691,7697,7742,7691,7754,7753,7752,7753,7738,7750,7742,7746,7753,7748,7756,7744,7749,7750,7753,7754,7755,7758,7757,7746,7749,7750,7752,7748,7751,7748,7744,7753,7751,7750,7687,7690,7688,7689,7751,7758,7749,7762,7755,7759,7756,7757,7750,7756,7752,7753,7751,7750,7688,7746,7746,7750,7752,7753,7755,7754,7754,7753,7747,7754,7687,7754,7748,7754,7749,7750,7742,7745,7738,7754,7745,7750,7754,7759,7752,7744,7748,7747,7753,7761,7760,7756,7749,7729,7599,7672,7672,7655,7669,6882,7010,5255,7007,6975,6947,7016,7004,6977,6978,6877,6878,6881,6873,6879,6835,6833,6839,6934,6855,6288,6285,6188,6269,6291,6253,6103,6103,6133,6110,6112,6136,6141,6316,6237,6272,6180,6166,6259,6190,5889,5896,6625,6607,6371,6392,6628,6517,6597,6574,6601,6591,6607,6616,6640,6582,6584,6573,6470,6598,415,425,444,450,450,398,444,443,417,438,451,453,45,43,62,10,9,9,13,10,13,13,12,0,63,37,38,61,61,35,54,71,73,72,73,73,85,85,59,44,59,810,801
SRR6457657,8041,8042,8039,8040,8044,8042,8042,8044,8043,8042,8041,8042,8043,8043,8041,8042,8044,8039,8043,8039,8038,8039,8036,7812,8029,8043,8040,8043,8038,8043,8042,8041,8043,8043,8043,8043,8043,8043,8043,8043,8030,8043,8036,8043,8042,8037,8043,8043,8052,8023,7843,8044,8039,8046,7894,8047,8047,8048,7985,8046,8006,8042,7907,8046,8046,8046,8046,8046,8045,7797,7516,8051,7837,8047,7804,7803,7708,8010,7772,7984,7978,7774,7776,7779,7791,7789,7759,7784,7792,7715,7777,7778,7779,7779,7781,7722,7785,7785,7785,7796,7788,7774,7776,7781,7778,7780,7775,7780,7777,7760,7717,7775,7772,7770,7762,7741,7746,7744,7636,7788,7803,7779,7785,7782,7781,7677,7675,7676,7720,7780,7764,7727,7734,7779,7728,7792,7791,7790,7791,7775,7788,7779,7783,7791,7785,7794,7781,7785,7788,7791,7792,7793,7796,7795,7783,7786,7788,7790,7785,7789,7785,7781,7791,7789,7788,7723,7726,7724,7725,7788,7795,7787,7799,7793,7797,7794,7795,7787,7794,7790,7791,7789,7788,7730,7783,7783,7788,7790,7791,7793,7792,7792,7790,7784,7792,7729,7792,7786,7791,7786,7787,7779,7782,7775,7792,7782,7788,7792,7797,7790,7781,7786,7784,7790,7799,7798,7794,7786,7764,7639,7709,7709,7692,7704,6919,7051,5292,7049,7012,6982,7057,7047,7016,7021,6929,6931,6935,6926,6931,6888,6880,6896,6992,6910,6341,6338,6244,6317,6338,6300,6157,6154,6188,6159,6163,6191,6196,6361,6281,6329,6235,6222,6316,6232,5935,5947,6644,6624,6379,6396,6648,6526,6620,6596,6611,6597,6629,6635,6661,6605,6601,6590,6485,6613,368,378,395,402,400,352,396,395,370,388,401,405,43,41,60,71,70,70,74,69,73,72,71,63,0,36,38,59,59,33,52,73,71,70,71,71,83,83,57,42,57,816,806
SRR14360286,7792,7792,7789,7790,7794,7793,7793,7794,7793,7792,7791,7792,7793,7793,7790,7793,7794,7789,7793,7789,7788,7789,7786,7562,7778,7793,7790,7793,7788,7793,7792,7790,7793,7793,7793,7793,7792,7793,7793,7793,7779,7793,7785,7793,7792,7787,7793,7793,7806,7774,7596,7794,7788,7795,7649,7797,7797,7798,7736,7796,7755,7792,7656,7796,7796,7797,7796,7796,7796,7786,7265,7801,7585,7797,7793,7792,7458,7766,7761,7734,7727,7763,7765,7768,7779,7778,7747,7773,7780,7703,7766,7767,7768,7767,7769,7711,7774,7774,7773,7785,7775,7762,7765,7770,7766,7768,7764,7769,7764,7749,7708,7763,7760,7757,7751,7730,7736,7733,7628,7776,7792,7767,7772,7770,7769,7671,7669,7669,7708,7767,7756,7715,7722,7767,7716,7781,7779,7777,7779,7764,7776,7767,7770,7780,7773,7782,7769,7773,7776,7779,7780,7781,7784,7783,7772,7774,7776,7778,7773,7777,7773,7768,7780,7777,7776,7712,7714,7713,7713,7776,7784,7775,7787,7781,7785,7783,7783,7776,7781,7778,7779,7778,7776,7722,7770,7771,7776,7778,7779,7781,7781,7781,7779,7773,7780,7722,7780,7774,7779,7774,7775,7767,7770,7763,7780,7770,7778,7780,7785,7778,7769,7774,7772,7778,7787,7786,7783,7775,7752,7632,7699,7698,7682,7693,6913,7047,5288,7045,7008,6979,7051,7041,7012,7016,6901,6902,6905,6897,6903,6867,6860,6875,6971,6889,6315,6312,6222,6295,6320,6283,6136,6135,6164,6137,6141,6168,6173,6268,6260,6303,6214,6201,6290,6218,5916,5922,6650,6632,6382,6400,6652,6528,6622,6599,6614,6601,6631,6641,6666,6608,6605,6598,6494,6621,383,393,410,417,415,367,411,410,385,403,417,420,59,56,75,43,42,42,47,43,46,47,43,37,36,0,54,74,74,48,65,88,86,85,86,86,98,98,72,57,72,827,814
SRR8137438,7706,7706,7706,7703,7708,7707,7707,7707,7706,7705,7704,7705,7706,7706,7706,7707,7707,7706,7706,7702,7701,7702,7699,7474,7695,7706,7703,7706,7701,7706,7705,7704,7706,7706,7706,7706,7706,7706,7706,7706,7693,7706,7699,7706,7705,7700,7706,7706,7719,7691,7510,7710,7706,7712,7564,7710,7710,7711,7651,7710,7670,7705,7574,7710,7710,7710,7710,7710,7710,7690,7182,7714,7502,7709,7696,7695,7367,7674,7667,7652,7648,7670,7669,7676,7687,7682,7654,7678,7685,7611,7673,7672,7674,7673,7676,7618,7677,7677,7678,7688,7684,7670,7672,7675,7672,7675,7670,7665,7662,7651,7617,7673,7671,7670,7661,7640,7645,7638,7522,7664,7701,7676,7678,7679,7675,7562,7561,7561,7615,7674,7648,7624,7629,7675,7623,7685,7683,7683,7686,7672,7682,7672,7677,7687,7678,7688,7676,7674,7683,7687,7686,7687,7688,7689,7679,7678,7684,7685,7680,7685,7680,7675,7686,7683,7684,7620,7622,7620,7618,7684,7687,7682,7694,7689,7689,7690,7690,7681,7687,7685,7684,7684,7683,7632,7677,7678,7682,7685,7685,7685,7685,7686,7683,7677,7685,7632,7684,7681,7686,7680,7682,7673,7678,7671,7687,7675,7686,7688,7689,7684,7676,7680,7680,7682,7693,7690,7689,7679,7641,7541,7603,7603,7586,7605,6851,6980,5224,6978,6944,6915,6985,6974,6944,6949,6875,6875,6879,6871,6877,6858,6853,6869,6960,6881,6285,6282,6177,6264,6267,6230,6091,6090,6120,6090,6095,6124,6129,6214,6226,6269,6167,6154,6257,6164,5877,5888,6657,6638,6390,6406,6663,6538,6628,6606,6621,6611,6637,6647,6676,6615,6611,6604,6484,6628,381,392,411,417,417,366,412,408,382,405,418,416,58,51,75,44,42,43,46,40,46,47,46,38,38,54,0,76,74,48,65,86,85,84,86,86,96,96,72,60,66,824,812
ERR3635266,7625,7625,7625,7623,7627,7626,7626,7626,7625,7624,7623,7624,7625,7625,7625,7626,7626,7625,7625,7621,7624,7621,7618,7401,7616,7625,7622,7625,7620,7625,7624,7623,7625,7625,7625,7625,7625,7625,7625,7625,7620,7625,7618,7625,7624,7619,7625,7625,7638,7613,7432,7629,7625,7631,7480,7629,7629,7630,7629,7629,7591,7624,7498,7629,7628,7628,7628,7628,7628,7586,7165,7633,7420,7629,7593,7592,7302,7564,7564,7569,7565,7567,7566,7573,7574,7569,7540,7565,7572,7536,7560,7559,7561,7560,7563,7542,7542,7542,7543,7553,7550,7536,7538,7541,7538,7540,7535,7569,7567,7553,7573,7535,7564,7561,7535,7535,7541,7534,7498,7580,7623,7540,7542,7543,7539,7449,7448,7448,7538,7539,7534,7547,7552,7539,7547,7549,7548,7547,7550,7537,7547,7536,7542,7551,7543,7552,7540,7544,7547,7552,7550,7552,7553,7553,7543,7543,7549,7549,7543,7549,7545,7540,7550,7548,7548,7543,7545,7543,7541,7548,7551,7547,7559,7554,7554,7554,7555,7546,7550,7548,7548,7548,7547,7497,7541,7543,7548,7549,7549,7550,7550,7550,7548,7542,7550,7497,7549,7545,7550,7545,7546,7538,7542,7536,7550,7540,7550,7553,7553,7549,7540,7544,7575,7577,7588,7585,7584,7574,7554,7466,7529,7529,7512,7529,6765,6900,5173,6898,6863,6842,6899,6894,6861,6871,6776,6777,6781,6772,6778,6743,6733,6754,6843,6765,6188,6185,6106,6182,6192,6167,6031,6030,6056,6032,6032,6060,6064,6139,6143,6186,6098,6091,6170,6101,5789,5798,6602,6555,6331,6352,6594,6470,6540,6517,6521,6516,6548,6556,6576,6535,6530,6558,6422,6543,417,428,444,452,450,404,425,451,419,438,450,454,61,61,79,66,65,65,69,67,69,70,69,61,59,74,76,0,7,53,70,93,97,91,97,92,104,104,77,62,81,811,808
SRR1973602,7704,7704,7704,7703,7706,7705,7705,7706,7705,7704,7703,7704,7705,7705,7705,7705,7706,7704,7705,7701,7705,7702,7699,7479,7695,7706,7703,7706,7701,7706,7705,7704,7706,7706,7706,7706,7706,7706,7706,7706,7701,7706,7699,7706,7705,7700,7705,7706,7719,7691,7508,7708,7704,7710,7566,7709,7709,7711,7708,7708,7668,7704,7573,7708,7708,7708,7708,7708,7708,7666,7240,7713,7504,7711,7675,7673,7374,7648,7644,7648,7644,7648,7646,7653,7662,7657,7628,7653,7660,7620,7648,7647,7649,7648,7652,7625,7627,7627,7626,7640,7633,7620,7622,7625,7622,7626,7620,7651,7647,7633,7654,7621,7646,7645,7612,7615,7621,7614,7574,7661,7709,7626,7628,7629,7627,7529,7528,7529,7624,7622,7614,7632,7637,7623,7632,7634,7632,7632,7635,7621,7631,7622,7626,7636,7627,7637,7625,7631,7632,7636,7635,7637,7637,7638,7628,7627,7633,7634,7629,7634,7629,7624,7635,7632,7633,7628,7630,7628,7626,7634,7638,7631,7643,7638,7639,7639,7639,7629,7636,7634,7633,7634,7632,7577,7627,7628,7630,7634,7634,7634,7634,7635,7632,7626,7634,7577,7633,7630,7635,7629,7631,7622,7627,7620,7636,7624,7635,7637,7638,7633,7625,7629,7656,7658,7669,7666,7665,7655,7637,7545,7612,7612,7595,7615,6849,6981,5223,6979,6944,6914,6987,6976,6945,6951,6864,6865,6868,6860,6866,6835,6830,6843,6937,6856,6281,6278,6191,6261,6284,6246,6105,6103,6134,6106,6110,6138,6143,6229,6224,6267,6181,6169,6256,6180,5881,5889,6666,6621,6402,6422,6669,6547,6611,6589,6605,6593,6621,6629,6656,6599,6595,6613,6485,6611,410,420,436,444,441,400,412,436,412,430,442,446,63,61,81,67,66,66,70,67,70,71,69,61,59,74,74,7,0,54,72,93,92,91,92,92,104,104,78,63,77,820,815
SRR3002514,7784,7785,7782,7784,7787,7785,7785,7787,7786,7785,7784,7785,7786,7786,7784,7785,7787,7782,7786,7782,7785,7782,7779,7556,7772,7786,7783,7786,7781,7786,7785,7784,7786,7786,7786,7786,7786,7786,7786,7786,7781,7786,7779,7786,7785,7780,7786,7786,7799,7769,7590,7787,7782,7789,7645,7790,7790,7791,7788,7789,7749,7785,7650,7789,7789,7789,7789,7789,7788,7780,7324,7794,7566,7790,7787,7786,7452,7704,7706,7727,7721,7757,7759,7762,7774,7772,7742,7767,7775,7758,7760,7761,7762,7762,7764,7765,7768,7768,7767,7779,7771,7708,7710,7764,7761,7763,7758,7714,7712,7694,7713,7709,7706,7753,7745,7724,7729,7727,7632,7722,7846,7762,7767,7765,7764,7664,7661,7660,7762,7762,7749,7770,7777,7762,7771,7775,7774,7772,7774,7758,7771,7762,7765,7774,7768,7777,7764,7769,7771,7774,7775,7776,7779,7778,7766,7768,7771,7772,7768,7772,7768,7763,7774,7772,7771,7766,7769,7767,7768,7771,7778,7770,7782,7776,7780,7777,7778,7770,7776,7773,7773,7772,7771,7715,7765,7766,7771,7772,7774,7776,7775,7775,7773,7767,7775,7714,7775,7720,7774,7769,7770,7762,7764,7758,7774,7765,7771,7775,7779,7773,7764,7769,7767,7773,7782,7780,7777,7769,7748,7684,7752,7752,7735,7697,6937,7069,5308,7067,7031,6989,7076,7058,7035,7033,6933,6930,6935,6927,6933,6888,6882,6896,6993,6910,6320,6317,6226,6297,6326,6288,6140,6137,6169,6141,6145,6174,6179,6295,6280,6330,6224,6211,6315,6219,5939,5950,6653,6615,6373,6390,6640,6516,6647,6622,6640,6627,6657,6656,6653,6595,6629,6583,6481,6605,363,373,390,397,395,347,391,390,365,383,396,400,46,44,69,41,40,40,44,41,44,45,43,35,33,48,48,53,54,0,47,67,66,65,66,66,78,78,90,37,51,810,800
SRR7467291,7805,7806,7804,7805,7809,7807,7807,7809,7808,7807,7806,7807,7808,7808,7805,7807,7809,7804,7808,7804,7803,7804,7801,7578,7793,7808,7805,7808,7803,7808,7807,7805,7808,7808,7808,7808,7807,7808,7808,7808,7794,7808,7800,7808,7807,7802,7808,7808,7821,7788,7611,7809,7803,7810,7665,7812,7812,7813,7751,7811,7770,7807,7670,7811,7811,7812,7811,7811,7809,7801,7284,7816,7602,7812,7808,7807,7473,7773,7775,7748,7741,7777,7779,7782,7793,7792,7760,7787,7794,7718,7780,7781,7782,7781,7783,7725,7787,7787,7786,7799,7789,7776,7779,7784,7780,7782,7778,7783,7778,7763,7722,7777,7774,7771,7765,7744,7748,7747,7643,7790,7807,7781,7786,7784,7782,7685,7683,7683,7723,7781,7770,7730,7737,7781,7731,7795,7793,7791,7793,7778,7790,7781,7784,7794,7787,7796,7783,7787,7790,7793,7794,7795,7798,7797,7786,7788,7790,7792,7787,7791,7787,7782,7794,7791,7790,7727,7729,7728,7728,7790,7798,7789,7801,7795,7799,7797,7797,7790,7795,7792,7793,7792,7790,7736,7784,7785,7790,7792,7793,7795,7795,7795,7793,7787,7794,7736,7794,7788,7793,7788,7789,7781,7784,7777,7794,7784,7790,7794,7799,7792,7783,7788,7786,7792,7801,7800,7797,7789,7766,7647,7714,7713,7696,7709,6920,7054,5296,7051,7015,6987,7059,7048,7019,7022,6908,6909,6912,6904,6910,6870,6861,6879,6973,6894,6319,6316,6226,6300,6325,6287,6140,6139,6169,6142,6145,6172,6178,6274,6263,6306,6218,6205,6292,6223,5922,5929,6648,6629,6385,6401,6650,6529,6620,6597,6614,6601,6629,6637,6663,6606,6603,6596,6492,6620,382,392,409,416,414,365,410,410,385,402,416,419,56,54,73,61,60,60,63,60,63,64,61,54,52,65,65,70,72,47,0,85,84,83,84,84,96,96,71,56,69,816,804
ERR4400884,7766,7767,7767,7765,7769,7767,7634,7768,7767,7765,7767,7767,7767,7767,7767,7767,7768,7767,7767,7765,7766,7754,7762,7539,7755,7767,7764,7767,7763,7767,7766,7767,7767,7767,7767,7767,7767,7767,7767,7767,7764,7767,7756,7767,7766,7763,7766,7766,7781,7753,7565,7771,7769,7773,7626,7771,7771,7772,7770,7771,7732,7766,7633,7771,7771,7771,7771,7771,7770,7764,7297,7775,7564,7770,7770,7769,7417,7737,7751,7578,7574,7745,7743,7748,7759,7754,7728,7751,7759,7744,7747,7746,7748,7747,7749,7618,7749,7749,7750,7758,7755,7744,7746,7749,7746,7750,7745,7749,7744,7733,7747,7746,7745,7742,7737,7714,7719,7713,7733,7757,7943,7873,7877,7877,7750,7765,7762,7762,7861,7865,7847,7738,7755,7651,7658,7661,7623,7659,7661,7649,7657,7649,7662,7663,7656,7663,7654,7657,7659,7663,7662,7664,7663,7665,7656,7655,7659,7661,7657,7660,7657,7652,7662,7659,7662,7622,7624,7622,7620,7659,7628,7657,7672,7664,7664,7665,7666,7659,7664,7661,7659,7659,7658,7603,7654,7655,7656,7661,7660,7660,7660,7627,7626,7654,7660,7603,7661,7656,7629,7623,7625,7616,7619,7614,7628,7618,7627,7629,7630,7625,7619,7622,7623,7625,7634,7631,7631,7622,7601,7540,7603,7603,7586,7598,6831,6962,5204,6960,6926,6898,6967,6958,6927,6932,6855,6857,6860,6852,6857,6813,6806,6824,6915,6835,6267,6264,6175,6243,6265,6228,6088,6085,6118,6087,6094,6123,6127,6207,6203,6251,6166,6152,6238,6158,5864,5875,6661,6628,6393,6413,6664,6539,6622,6600,6613,6601,6632,6638,6664,6609,6604,6792,6494,6617,415,426,447,454,451,396,446,458,419,440,452,453,78,74,93,77,76,76,80,77,80,81,79,71,73,88,86,93,93,67,85,0,1,1,4,5,25,25,71,62,78,834,825
ERR4399363,7793,7794,7794,7792,7796,7794,7661,7795,7794,7792,7794,7794,7794,7794,7794,7794,7795,7794,7794,7792,7793,7781,7789,7566,7782,7794,7791,7794,7790,7794,7793,7794,7794,7794,7794,7794,7794,7794,7794,7794,7791,7794,7783,7794,7793,7790,7794,7794,7808,7781,7593,7798,7796,7800,7653,7798,7798,7799,7797,7798,7759,7793,7660,7798,7798,7798,7798,7798,7797,7788,7324,7802,7593,7797,7794,7793,7444,7764,7776,7605,7601,7769,7767,7772,7784,7779,7753,7776,7784,7769,7772,7771,7773,7772,7774,7643,7774,7774,7775,7783,7780,7769,7771,7774,7771,7775,7770,7774,7769,7758,7772,7768,7767,7766,7759,7738,7743,7737,7764,7783,7965,7895,7899,7899,7772,7796,7793,7793,7885,7889,7880,7762,7779,7675,7682,7685,7647,7683,7685,7673,7681,7673,7686,7687,7680,7687,7678,7682,7683,7687,7686,7688,7687,7689,7680,7679,7683,7685,7681,7684,7681,7676,7686,7683,7686,7646,7648,7646,7644,7683,7652,7681,7696,7688,7688,7689,7690,7684,7688,7685,7683,7683,7682,7632,7678,7679,7680,7685,7684,7684,7684,7651,7650,7678,7684,7632,7685,7680,7653,7647,7649,7640,7643,7638,7652,7642,7651,7653,7654,7649,7643,7646,7647,7649,7658,7655,7655,7646,7627,7569,7627,7627,7610,7621,6858,6987,5227,6985,6952,6922,6993,6982,6952,6956,6857,6859,6862,6854,6859,6822,6817,6833,6924,6844,6269,6266,6184,6245,6268,6231,6097,6094,6127,6099,6103,6132,6136,6212,6208,6256,6175,6161,6243,6162,5867,5878,6658,6627,6390,6409,6661,6537,6622,6599,6612,6600,6631,6637,6663,6608,6603,6791,6500,6616,412,424,443,450,448,396,443,455,414,436,449,452,76,73,92,79,78,78,82,79,82,83,81,73,71,86,85,97,92,66,84,1,0,0,3,4,24,24,70,61,77,833,824
ERR4401298,7768,7769,7769,7767,7771,7769,7636,7770,7769,7767,7769,7769,7769,7769,7769,7769,7770,7769,7769,7767,7768,7756,7764,7541,7757,7769,7766,7769,7765,7769,7768,7769,7769,7769,7769,7769,7769,7769,7769,7769,7766,7769,7758,7769,7768,7765,7768,7768,7783,7755,7567,7773,7771,7775,7628,7773,7773,7774,7772,7773,7734,7768,7635,7773,7773,7773,7773,7773,7772,7763,7299,7777,7566,7772,7769,7768,7419,7739,7750,7580,7576,7744,7742,7747,7758,7753,7727,7750,7758,7743,7746,7745,7747,7746,7748,7617,7748,7748,7749,7757,7754,7743,7745,7748,7745,7749,7744,7749,7744,7733,7745,7744,7743,7739,7735,7713,7718,7712,7730,7756,7941,7871,7875,7875,7748,7762,7759,7759,7860,7864,7848,7737,7754,7650,7657,7660,7622,7658,7660,7648,7656,7648,7661,7662,7655,7662,7653,7655,7658,7662,7661,7663,7662,7664,7655,7654,7658,7660,7656,7659,7656,7651,7661,7658,7661,7621,7623,7621,7619,7658,7627,7656,7671,7663,7663,7664,7665,7658,7663,7660,7658,7658,7657,7600,7653,7654,7655,7660,7659,7659,7659,7626,7625,7653,7659,7600,7660,7655,7628,7622,7624,7615,7618,7613,7627,7617,7626,7628,7629,7624,7618,7621,7622,7624,7633,7630,7630,7621,7599,7537,7602,7602,7585,7596,6833,6962,5203,6960,6927,6897,6969,6958,6927,6931,6855,6857,6860,6852,6857,6813,6808,6824,6915,6835,6267,6264,6173,6243,6265,6229,6086,6083,6116,6088,6092,6121,6125,6209,6206,6254,6164,6150,6240,6158,5864,5876,6666,6635,6398,6419,6669,6545,6629,6607,6620,6608,6638,6645,6671,6616,6611,6799,6499,6624,411,423,443,450,447,393,442,454,415,436,448,451,75,72,92,78,77,77,81,78,81,82,80,72,70,85,84,91,91,65,83,1,0,0,3,4,23,23,69,60,76,832,823
ERR4400265,7810,7811,7811,7809,7813,7811,7677,7812,7811,7809,7811,7811,7811,7811,7811,7811,7812,7811,7811,7809,7810,7798,7806,7583,7799,7811,7808,7811,7807,7811,7810,7811,7811,7811,7811,7811,7811,7811,7811,7811,7808,7811,7800,7811,7810,7807,7810,7810,7825,7798,7608,7815,7813,7817,7662,7815,7815,7816,7814,7815,7776,7810,7676,7815,7815,7815,7815,7815,7814,7805,7341,7819,7609,7814,7811,7810,7460,7781,7792,7621,7617,7786,7784,7789,7800,7795,7769,7792,7800,7785,7788,7787,7789,7788,7790,7658,7790,7790,7791,7799,7796,7785,7787,7790,7787,7791,7786,7791,7786,7775,7789,7787,7786,7784,7778,7755,7760,7754,7775,7800,7984,7914,7918,7918,7791,7808,7805,7805,7902,7906,7892,7778,7795,7691,7698,7701,7663,7699,7701,7689,7697,7689,7702,7703,7696,7703,7694,7698,7699,7703,7702,7704,7703,7705,7696,7695,7699,7701,7697,7700,7697,7692,7702,7699,7702,7662,7664,7662,7660,7699,7668,7697,7712,7704,7704,7705,7706,7699,7704,7701,7699,7699,7698,7643,7694,7695,7696,7701,7700,7700,7700,7667,7666,7694,7700,7643,7701,7696,7669,7663,7665,7656,7659,7654,7668,7658,7667,7669,7670,7665,7659,7662,7663,7665,7674,7671,7671,7662,7642,7580,7643,7643,7626,7638,6877,7006,5248,7004,6970,6941,7013,7002,6971,6975,6895,6897,6900,6892,6897,6855,6848,6866,6957,6877,6307,6304,6217,6283,6309,6272,6130,6127,6160,6132,6136,6165,6169,6253,6246,6294,6208,6195,6281,6202,5906,5916,6667,6634,6398,6420,6671,6546,6628,6606,6619,6607,6638,6644,6670,6615,6610,6798,6502,6623,415,427,447,453,451,396,446,458,419,439,452,452,76,73,93,79,78,78,82,79,82,83,81,73,71,86,86,97,92,66,84,4,3,3,0,3,24,24,70,61,77,833,824
ERR4401598,7804,7805,7806,7804,7807,7805,7669,7807,7806,7804,7806,7806,7806,7806,7806,7806,7807,7805,7806,7804,7805,7793,7801,7578,7794,7806,7803,7806,7802,7806,7805,7806,7806,7806,7806,7806,7806,7806,7806,7806,7803,7806,7795,7806,7805,7801,7805,7805,7819,7791,7602,7810,7808,7812,7657,7810,7810,7811,7808,7809,7771,7805,7670,7809,7809,7810,7810,7809,7808,7800,7336,7814,7604,7809,7806,7805,7453,7776,7788,7615,7611,7783,7780,7785,7796,7791,7765,7787,7796,7781,7784,7783,7785,7784,7786,7651,7786,7786,7787,7795,7793,7781,7783,7786,7783,7786,7781,7786,7781,7770,7785,7781,7780,7777,7772,7751,7755,7750,7768,7796,7977,7907,7911,7911,7784,7803,7800,7800,7897,7902,7887,7771,7788,7686,7692,7695,7657,7693,7695,7683,7691,7683,7696,7697,7690,7697,7688,7692,7693,7697,7696,7698,7697,7699,7690,7689,7693,7695,7691,7694,7691,7686,7696,7693,7696,7656,7658,7656,7654,7693,7662,7691,7706,7698,7698,7699,7700,7694,7698,7695,7693,7693,7692,7636,7688,7689,7690,7695,7694,7694,7694,7661,7660,7688,7694,7636,7695,7689,7663,7657,7659,7650,7653,7648,7661,7652,7660,7663,7664,7659,7653,7656,7657,7659,7668,7665,7665,7656,7636,7573,7636,7636,7619,7629,6858,6987,5232,6985,6951,6922,6993,6983,6953,6957,6878,6880,6883,6875,6880,6837,6831,6848,6939,6859,6290,6287,6199,6266,6291,6254,6112,6109,6142,6114,6118,6147,6151,6235,6229,6277,6190,6176,6263,6184,5889,5900,6667,6634,6398,6420,6670,6546,6629,6606,6619,6607,6638,6644,6670,6615,6610,6798,6501,6623,414,425,446,453,450,395,440,453,418,438,451,452,76,73,93,79,78,78,82,79,82,83,81,73,71,86,86,92,92,66,84,5,4,4,3,0,24,24,70,61,77,833,824
ERR4401297,7793,7794,7794,7792,7796,7794,7661,7795,7794,7792,7792,7793,7794,7794,7794,7794,7795,7794,7794,7790,7793,7781,7787,7564,7782,7794,7791,7794,7789,7794,7793,7792,7794,7794,7794,7794,7794,7794,7794,7794,7789,7794,7781,7794,7793,7788,7793,7793,7808,7780,7593,7798,7794,7800,7651,7798,7798,7799,7797,7798,7757,7793,7658,7798,7798,7798,7798,7798,7797,7788,7320,7802,7591,7797,7794,7793,7441,7757,7768,7603,7599,7768,7767,7772,7783,7778,7749,7775,7781,7766,7769,7768,7770,7769,7772,7642,7773,7773,7774,7780,7779,7761,7763,7771,7768,7772,7767,7769,7764,7751,7765,7763,7762,7761,7757,7736,7741,7735,7754,7776,7964,7893,7897,7897,7770,7791,7788,7788,7883,7887,7876,7760,7779,7673,7682,7685,7647,7683,7685,7671,7681,7671,7684,7687,7678,7687,7676,7680,7683,7687,7686,7688,7687,7689,7678,7677,7683,7685,7679,7684,7679,7674,7686,7683,7686,7644,7646,7644,7642,7683,7652,7681,7694,7688,7688,7689,7690,7681,7688,7685,7683,7683,7682,7630,7676,7677,7680,7685,7684,7684,7684,7651,7648,7676,7684,7630,7685,7675,7651,7645,7647,7638,7643,7636,7652,7640,7651,7653,7654,7649,7641,7645,7645,7647,7658,7655,7655,7644,7622,7565,7627,7627,7610,7615,6858,6988,5229,6986,6952,6923,6993,6984,6953,6957,6880,6882,6885,6877,6882,6843,6836,6854,6945,6865,6292,6289,6203,6268,6299,6261,6116,6113,6146,6118,6122,6151,6155,6235,6231,6279,6194,6181,6265,6183,5887,5900,6682,6649,6414,6435,6685,6561,6644,6621,6634,6622,6653,6659,6685,6630,6625,6813,6517,6638,426,439,458,465,462,406,458,470,429,450,463,464,88,86,105,91,90,90,94,91,94,95,93,85,83,98,96,104,104,78,96,25,24,23,24,24,0,0,82,73,89,845,836
ERR4401299,7798,7799,7799,7797,7801,7799,7666,7800,7799,7797,7797,7798,7799,7799,7799,7799,7800,7799,7799,7795,7798,7786,7792,7569,7787,7799,7796,7799,7794,7799,7798,7797,7799,7799,7799,7799,7799,7799,7799,7799,7794,7799,7786,7799,7798,7793,7799,7799,7813,7786,7597,7803,7799,7805,7656,7803,7803,7804,7802,7803,7762,7798,7663,7803,7803,7803,7803,7803,7802,7793,7325,7807,7594,7802,7799,7798,7446,7763,7775,7608,7604,7773,7772,7777,7789,7784,7755,7781,7787,7772,7775,7774,7776,7775,7778,7648,7779,7779,7780,7786,7785,7768,7770,7777,7774,7778,7773,7775,7770,7757,7773,7769,7768,7769,7762,7741,7746,7740,7760,7784,7969,7898,7902,7902,7775,7796,7793,7793,7888,7892,7879,7765,7784,7678,7687,7690,7652,7688,7690,7676,7686,7676,7689,7692,7683,7692,7681,7687,7688,7692,7691,7693,7692,7694,7683,7682,7688,7690,7684,7689,7684,7679,7691,7688,7691,7649,7651,7649,7647,7688,7657,7686,7699,7693,7693,7694,7695,7687,7693,7690,7688,7688,7687,7633,7681,7682,7685,7690,7689,7689,7689,7656,7653,7681,7689,7633,7690,7681,7656,7650,7652,7643,7648,7641,7657,7645,7656,7658,7659,7654,7646,7650,7650,7652,7663,7660,7660,7649,7630,7568,7632,7632,7615,7622,6867,6999,5240,6997,6963,6934,7003,6995,6964,6968,6889,6891,6894,6886,6891,6850,6844,6861,6952,6872,6301,6298,6212,6277,6308,6271,6125,6122,6155,6127,6131,6160,6164,6246,6240,6288,6203,6190,6274,6193,5897,5910,6680,6647,6412,6433,6683,6559,6641,6619,6632,6620,6650,6657,6683,6628,6623,6811,6515,6636,426,439,458,465,462,407,458,470,429,451,463,464,88,86,105,91,90,90,94,91,94,95,93,85,83,98,96,104,104,78,96,25,24,23,24,24,0,0,82,73,89,845,836
ERR6806710,7733,7733,7730,7731,7735,7734,7734,7734,7733,7732,7731,7732,7733,7733,7731,7734,7734,7730,7733,7729,7732,7729,7726,7504,7719,7733,7730,7733,7728,7733,7731,7731,7733,7733,7733,7733,7733,7733,7733,7733,7728,7733,7726,7733,7732,7727,7733,7733,7746,7716,7534,7735,7729,7736,7591,7737,7737,7738,7737,7737,7695,7732,7597,7737,7737,7737,7737,7737,7737,7727,7267,7741,7519,7737,7734,7733,7397,7613,7616,7675,7668,7705,7707,7710,7721,7720,7689,7715,7722,7705,7708,7709,7710,7709,7711,7714,7715,7715,7715,7726,7718,7617,7620,7712,7708,7710,7706,7637,7647,7628,7624,7618,7616,7700,7693,7672,7678,7675,7553,7633,7795,7709,7714,7712,7711,7624,7621,7620,7710,7709,7708,7717,7724,7710,7718,7723,7721,7719,7721,7706,7718,7709,7712,7722,7715,7724,7711,7716,7718,7721,7722,7723,7726,7725,7714,7716,7718,7720,7715,7719,7715,7710,7723,7719,7718,7714,7716,7715,7715,7718,7725,7717,7729,7723,7727,7725,7725,7719,7723,7720,7721,7720,7718,7673,7712,7713,7718,7720,7721,7723,7723,7723,7721,7715,7722,7673,7722,7629,7721,7716,7717,7709,7712,7705,7722,7712,7720,7722,7727,7720,7711,7716,7714,7720,7729,7728,7725,7717,7695,7643,7700,7701,7683,7608,6902,7040,5275,7039,7000,6959,7033,7033,7003,6994,6906,6915,6915,6910,6911,6886,6881,6897,6987,6908,6259,6255,6176,6238,6279,6238,6091,6090,6120,6092,6096,6124,6129,6275,6274,6318,6183,6168,6274,6163,5890,5899,6674,6605,6361,6377,6627,6503,6597,6575,6589,6577,6607,6616,6640,6585,6581,6574,6481,6598,385,395,412,419,417,370,413,412,387,406,418,422,87,80,147,65,64,64,66,65,68,69,66,59,57,72,72,77,78,90,71,71,70,69,70,70,82,82,0,47,63,815,806
SRR952929,7710,7710,7707,7708,7712,7711,7711,7711,7710,7709,7708,7709,7710,7710,7708,7711,7711,7707,7710,7706,7709,7706,7703,7481,7696,7710,7707,7710,7705,7710,7709,7708,7710,7710,7710,7710,7710,7710,7710,7710,7705,7710,7703,7710,7709,7704,7710,7710,7723,7693,7514,7712,7706,7713,7569,7714,7714,7715,7714,7714,7673,7709,7574,7714,7714,7714,7714,7714,7714,7704,7246,7718,7505,7714,7711,7710,7377,7677,7681,7652,7645,7682,7684,7687,7698,7697,7665,7692,7699,7682,7685,7686,7687,7686,7688,7691,7692,7692,7692,7703,7696,7681,7684,7689,7685,7687,7683,7687,7683,7668,7687,7683,7681,7677,7671,7649,7655,7652,7607,7694,7773,7687,7692,7690,7689,7590,7588,7588,7687,7686,7675,7694,7701,7687,7695,7700,7698,7696,7698,7683,7695,7686,7689,7699,7692,7701,7688,7692,7695,7698,7699,7700,7703,7702,7691,7693,7695,7697,7692,7696,7692,7687,7700,7696,7695,7691,7693,7692,7692,7695,7702,7694,7706,7700,7704,7702,7702,7696,7700,7697,7698,7697,7695,7642,7689,7690,7696,7697,7698,7700,7700,7700,7698,7692,7699,7642,7699,7693,7698,7693,7694,7686,7689,7682,7699,7689,7697,7699,7704,7697,7688,7693,7691,7697,7706,7705,7702,7694,7671,7612,7677,7677,7660,7673,6879,7019,5261,7015,6980,6952,7017,7012,6980,6986,6874,6875,6878,6870,6876,6838,6833,6847,6942,6860,6285,6282,6192,6266,6286,6249,6107,6106,6136,6108,6112,6140,6145,6235,6229,6272,6184,6170,6258,6185,5886,5894,6625,6606,6359,6377,6626,6503,6597,6574,6588,6576,6606,6615,6639,6583,6580,6573,6469,6597,372,382,399,406,404,357,400,399,374,392,405,409,47,45,64,50,49,49,53,50,53,54,52,44,42,57,60,62,63,37,56,62,61,60,61,61,73,73,47,0,48,803,794
SRR7292863,7565,7565,7565,7563,7567,7566,7566,7566,7565,7564,7563,7564,7565,7565,7565,7566,7566,7565,7565,7561,7564,7561,7558,7336,7554,7565,7562,7565,7560,7565,7564,7563,7565,7565,7565,7565,7565,7565,7565,7565,7560,7565,7558,7565,7564,7559,7565,7565,7578,7550,7369,7569,7565,7571,7421,7569,7569,7570,7569,7569,7529,7564,7433,7569,7569,7569,7569,7569,7569,7558,7101,7573,7361,7568,7564,7563,7230,7533,7534,7510,7506,7538,7537,7544,7555,7550,7522,7546,7553,7538,7541,7540,7542,7541,7544,7546,7545,7545,7546,7556,7551,7538,7540,7543,7540,7543,7538,7540,7538,7524,7544,7540,7538,7534,7528,7506,7512,7505,7465,7551,7625,7543,7545,7546,7542,7448,7447,7447,7542,7542,7534,7551,7556,7542,7550,7553,7551,7551,7554,7540,7550,7540,7545,7555,7546,7556,7544,7548,7551,7555,7554,7555,7556,7557,7547,7546,7552,7553,7548,7553,7548,7543,7555,7551,7552,7547,7549,7547,7545,7552,7555,7550,7562,7557,7557,7558,7558,7548,7555,7553,7552,7552,7551,7498,7545,7546,7550,7553,7553,7553,7553,7554,7551,7545,7553,7498,7552,7549,7554,7548,7550,7541,7546,7539,7555,7543,7554,7556,7557,7552,7544,7548,7548,7550,7561,7558,7557,7547,7527,7466,7530,7530,7513,7530,6797,6929,5173,6927,6894,6864,6932,6925,6894,6899,6814,6816,6820,6811,6816,6775,6772,6786,6877,6798,6226,6223,6137,6201,6229,6191,6050,6046,6079,6051,6055,6084,6089,6172,6163,6213,6128,6114,6201,6120,5830,5842,6613,6592,6349,6365,6617,6497,6586,6561,6580,6566,6595,6602,6630,6574,6568,6563,6460,6580,387,397,414,421,419,372,415,414,391,407,420,424,61,59,78,65,64,64,67,65,68,69,67,59,57,72,66,81,77,51,69,78,77,76,77,77,89,89,63,48,0,796,787
SRR1966891,7998,7998,7998,7996,8000,7999,7999,7999,7998,7997,7996,7997,7998,7998,7998,7999,7999,7998,7998,7994,7997,7991,7991,7750,7985,7998,7995,7998,7993,7998,7997,7996,7998,7998,7998,7998,7998,7998,7998,7998,7993,7998,7991,7998,7997,7992,7998,7998,8011,7978,7788,8002,7998,8004,7842,8002,8002,8003,8002,8002,7961,7997,7857,8002,8002,8002,8002,8002,8002,7992,7495,8006,7784,8002,7999,7998,7634,7965,7970,7947,7943,7973,7972,7979,7990,7985,7942,7981,7988,7973,7976,7975,7977,7976,7979,7981,7980,7980,7981,7991,7986,7973,7975,7978,7975,7978,7973,7974,7972,7958,7977,7975,7973,7968,7963,7941,7947,7940,7896,7984,8064,7978,7980,7981,7977,7882,7881,7881,7975,7977,7967,7985,7990,7977,7984,7987,7985,7985,7988,7974,7984,7974,7979,7989,7980,7990,7978,7981,7985,7989,7988,7989,7990,7991,7981,7980,7986,7987,7982,7987,7982,7977,7989,7985,7986,7981,7983,7981,7979,7986,7989,7984,7996,7991,7991,7992,7992,7983,7989,7987,7986,7986,7985,7932,7979,7980,7983,7987,7987,7987,7987,7988,7985,7979,7987,7932,7986,7983,7988,7982,7984,7975,7980,7973,7989,7977,7988,7990,7991,7986,7978,7982,7982,7984,7995,7992,7991,7981,7960,7900,7965,7965,7948,7965,7383,7525,5722,7528,7488,7469,7529,7517,7486,7492,7406,7401,7408,7400,7403,7366,7353,7368,7456,7386,6815,6808,6726,6790,6816,6776,6635,6632,6665,6637,6637,6668,6675,6751,6753,6800,6717,6699,6786,6703,6421,6436,7153,7131,6866,6874,7166,7015,7126,7103,7117,7110,7136,7143,7166,7119,7108,7104,6999,7120,1136,1150,1173,1174,1167,1112,1168,1167,1122,1160,1167,1177,817,806,823,819,818,814,822,820,823,823,825,810,816,827,824,811,820,810,816,834,833,832,833,833,845,845,815,803,796,0,50
SRR1967735,7873,7873,7873,7871,7875,7874,7874,7874,7873,7873,7871,7872,7873,7873,7873,7874,7874,7873,7873,7869,7872,7866,7866,7630,7860,7873,7870,7873,7868,7873,7872,7871,7873,7873,7873,7873,7873,7873,7873,7873,7868,7873,7866,7873,7872,7867,7873,7873,7886,7854,7665,7877,7873,7879,7722,7877,7877,7878,7877,7877,7838,7872,7735,7877,7877,7877,7877,7877,7877,7867,7371,7881,7661,7877,7874,7873,7516,7842,7847,7823,7820,7848,7847,7854,7865,7860,7817,7856,7863,7849,7851,7850,7852,7851,7854,7855,7854,7854,7855,7866,7863,7849,7851,7853,7850,7853,7848,7850,7848,7834,7855,7849,7847,7845,7839,7816,7822,7815,7776,7863,7940,7854,7855,7856,7851,7761,7760,7760,7850,7852,7844,7860,7865,7852,7859,7862,7860,7860,7863,7850,7859,7850,7854,7864,7856,7865,7854,7858,7860,7864,7863,7864,7865,7866,7856,7855,7861,7862,7857,7862,7857,7853,7864,7860,7861,7856,7858,7857,7855,7861,7864,7859,7871,7866,7866,7867,7867,7859,7864,7862,7861,7861,7860,7808,7855,7856,7860,7862,7862,7862,7862,7863,7860,7855,7862,7808,7861,7859,7863,7857,7859,7850,7855,7848,7864,7852,7863,7865,7866,7861,7853,7857,7858,7859,7870,7867,7866,7856,7837,7776,7840,7840,7823,7841,7292,7432,5631,7435,7395,7375,7436,7425,7393,7398,7323,7318,7324,7317,7320,7284,7270,7287,7374,7306,6732,6725,6646,6707,6735,6695,6556,6553,6586,6558,6558,6589,6595,6671,6670,6716,6637,6619,6703,6622,6344,6357,7117,7095,6833,6845,7129,6985,7090,7068,7083,7076,7100,7107,7129,7084,7072,7069,6967,7084,1127,1141,1163,1165,1157,1103,1159,1157,1115,1150,1157,1168,807,797,817,810,809,805,813,811,813,814,812,801,806,814,812,808,815,800,804,825,824,823,824,824,836,836,806,794,787,50,0
