isolate_id,44341_3_304,44341_3_305,44341_3_281,CIV13XE8,44341_3_128,44341_3_131,44341_3_136,CIV13PE7,CIT159B1,CIT15EB1,CIS153C1,CIV147E3,CIT15FH1,CIV143E2,CIU145B1,44341_3_310,CIV13XE2,44341_4_275,CIT15FB1,CIV13XU1,CIV142E6,CIV143U1,CIV143E9,CNS1F3,CAAYSI,CIT15GS1,CIV13RE2,CIV141E6,CIS15HB1,CIV140U1,CIV140E4,CIV140E7,CAAXQV,CIV13UE4,CIS15MR1,CIV13YE6,CIV143E4,CIV13XE5,CIT15GH1,CIV140E1,CIV140E6,CIU13XS1,CIV146E8,CIU149H1,CIV144E6,CIV13VE5,CIV13YE8,CIV144U1,CNSP0U,CNSKFP,CNSLL4,ERR9941258,ERR9929342,ERR9966382,CLL3JA,CNS7YP,BKRRIF,CNS6QU,44341_3_96,44341_3_21,BKRMVD,CAAYDF,CAAXBN,44341_3_165,44341_3_262,44341_3_265,44341_4_286,44341_3_268,44341_3_280,CAAP2A,CNSFP4,CNSDXZ,CAAQXB,CAAR9T,CAAQUT,CAARE3,CLL6CH,ERR10438737,ERR10113269,ERR6752971,ERR5751227,ERR9976609,ERR11219800,ERR12142619,ERR11747325,ERR11502778,ERR7197834,ERR9079758,ERR6806255,ERR6805990,ERR6806776,ERR5750995,ERR6806749,ERR6805998,ERR6806833,ERR12080226,ERR12321283,ERR12321282,ERR12067314,ERR12321281,ERR12142634,ERR6753111,ERR6806796,ERR6806789,ERR9971918,ERR7197741,ERR5751808,ERR12321280,ERR9692774,ERR6752863,SRR9273829,ERR9079830,ERR10880116,ERR5751304,ERR6806714,ERR5751296,ERR4451427,ERR6806125,ERR6806317,ERR12067371,ERR6806075,ERR10176870,ERR10460856,ERR10460902,ERR6806726,ERR12078572,ERR11747320,ERR12495482,ERR5751726,ERR6806512,ERR9924209,ERR10460483,ERR9785511,ERR10087012,ERR9079768,ERR9822149,ERR9822145,ERR9822146,ERR9785509,ERR10176872,ERR9966389,ERR10460765,ERR10109275,ERR11807704,ERR10109276,ERR9785510,ERR9820422,ERR10880181,ERR10088101,ERR12312688,ERR11201827,ERR12312689,ERR12495485,ERR12312692,ERR10123168,ERR10123167,ERR9966387,ERR10949310,ERR10460875,ERR9966390,ERR10176866,ERR10460687,ERR12078573,ERR9785512,ERR12165616,ERR10460887,ERR10880335,ERR10880156,ERR10880377,ERR10088105,ERR12321284,ERR9966388,ERR10026000,ERR9822144,ERR10088104,ERR10088102,ERR9822151,ERR10109255,ERR11810274,ERR9966386,ERR12259395,ERR12091513,ERR10125140,ERR10949303,ERR10109277,ERR10087013,ERR12146144,ERR11219811,ERR11420238,ERR11437918,ERR11807709,ERR10880183,ERR10880311,ERR10109274,ERR12552381,ERR12552377,ERR11896635,ERR9079508,ERR9420153,ERR10117717,ERR6806600,ERR7197757,ERR6806028,ERR9288082,ERR11455881,ERR6806632,ERR4451478,ERR12302226,ERR12552384,ERR12067334,ERR10880424,ERR10123158,ERR10176869,ERR10880230,ERR11453719,ERR10880157,ERR11872767,ERR6752889,ERR9288143,ERR5751308,ERR4399358,ERR4399957,ERR4399362,SRR13833609
44341_3_304,0,0,0,1,2,1,1,1,0,0,1,0,0,0,0,1,1,0,1,1,2,0,0,0,0,0,0,0,0,0,0,0,0,0,0,0,0,0,0,0,0,0,0,0,0,0,0,1,17,16,23,7,7,9,5,7,7,7,6,6,1,1,1,7,11,11,11,11,11,3,11,14,14,15,15,14,14,45,53,30,29,42,31,38,50,46,40,42,53,42,41,41,43,55,54,41,41,41,42,55,55,48,48,45,41,43,44,180,187,173,55,52,47,111,72,74,74,73,363,164,262,179,180,180,127,182,179,181,168,168,269,228,244,153,146,148,81,145,146,143,142,143,152,149,150,148,143,153,145,149,147,149,150,156,144,145,143,150,146,150,146,145,148,145,145,82,84,82,83,145,83,143,163,150,149,150,151,151,148,147,146,145,145,147,147,145,144,147,146,146,146,82,90,149,145,146,144,142,84,80,82,74,76,72,83,77,88,83,85,79,79,77,89,88,93,92,90,85,98,207,401,398,246,309
44341_3_305,0,0,0,1,2,1,1,1,0,0,1,0,0,0,0,1,1,0,1,1,2,0,0,0,0,0,0,0,0,0,0,0,0,0,0,0,0,0,0,0,0,0,0,0,0,0,0,1,17,16,23,7,7,9,5,7,7,7,6,6,1,1,1,7,11,11,11,11,11,3,11,14,14,15,15,14,14,45,53,30,29,42,31,38,50,46,40,42,53,42,41,41,43,55,54,41,41,41,42,55,55,48,48,45,41,43,44,180,187,173,55,52,47,111,72,74,74,73,363,164,262,179,180,180,127,182,179,181,168,168,269,228,244,153,146,148,81,145,146,143,142,143,152,149,150,148,143,153,145,149,147,149,150,156,144,145,143,150,146,150,146,145,148,145,145,82,84,82,83,145,83,143,163,150,149,150,151,151,148,147,146,145,145,147,147,145,144,147,146,146,146,82,90,149,145,146,144,142,84,80,82,74,76,72,83,77,88,83,85,79,79,77,89,88,93,92,90,85,98,207,401,398,246,310
44341_3_281,0,0,0,1,2,1,1,1,0,0,1,0,0,0,0,1,1,0,1,1,2,0,0,0,0,0,0,0,0,0,0,0,0,0,0,0,0,0,0,0,0,0,0,0,0,0,0,1,17,16,23,7,7,9,5,7,7,7,6,6,1,1,1,7,11,11,11,11,11,3,11,14,14,15,15,14,14,45,53,30,29,42,31,38,50,46,40,42,53,42,41,41,43,55,54,41,41,41,42,55,55,48,48,45,41,43,44,180,187,173,55,52,47,111,72,74,74,73,363,164,262,179,180,180,127,182,179,181,168,168,269,228,244,153,146,148,81,145,146,143,142,143,152,149,150,148,143,153,145,149,147,149,150,156,144,145,143,150,146,150,146,145,148,145,145,82,84,82,83,145,83,143,163,150,149,150,151,151,148,147,146,145,145,147,147,145,144,147,146,146,146,82,90,149,145,146,144,142,84,80,82,74,76,72,83,77,88,83,85,79,79,77,89,88,93,92,90,85,98,207,401,398,246,310
CIV13XE8,1,1,1,0,3,2,2,2,1,1,2,1,1,1,1,2,2,1,2,2,3,1,1,1,1,1,1,1,1,1,1,1,1,1,1,1,1,1,1,1,1,1,1,1,1,1,1,2,18,17,24,8,8,10,6,8,8,8,7,7,2,2,2,8,12,12,12,12,12,4,12,15,15,16,16,15,15,46,54,31,30,43,32,39,51,47,41,43,54,43,42,42,44,56,55,42,42,42,43,56,56,49,49,46,42,44,45,181,188,174,56,53,48,112,73,75,75,74,364,165,263,180,181,181,128,183,180,182,169,169,270,229,245,154,147,149,82,146,147,144,143,144,153,150,151,149,144,154,146,150,148,150,151,157,145,146,144,151,147,151,147,146,149,146,146,83,85,83,84,146,86,144,164,151,150,151,152,152,149,148,147,146,146,148,148,146,145,148,147,147,147,83,91,150,146,147,145,143,86,81,83,75,78,73,85,78,89,84,86,81,80,78,90,89,94,93,91,86,99,208,402,399,247,311
44341_3_128,2,2,2,3,0,1,1,3,2,2,3,2,2,2,2,3,3,2,3,3,4,2,2,2,2,2,2,2,2,2,2,2,2,2,2,2,2,2,2,2,2,2,2,2,2,2,2,3,19,18,25,9,9,11,7,9,9,9,8,8,3,3,3,9,13,13,13,13,13,5,13,16,16,17,17,16,16,47,55,32,31,44,33,40,52,48,42,44,55,44,43,43,45,57,56,43,43,43,44,57,57,50,50,47,43,45,46,182,189,175,57,54,49,113,74,76,76,75,365,166,264,181,182,182,129,184,181,183,170,170,271,230,246,155,148,150,83,147,148,145,144,145,154,151,152,150,145,155,147,151,149,151,152,158,146,147,145,152,148,152,148,147,150,147,147,84,86,84,85,147,85,145,165,152,151,152,153,153,150,149,148,147,147,149,149,147,146,149,148,148,148,84,92,151,147,148,146,144,86,82,84,76,78,74,85,79,90,85,87,81,81,79,89,88,93,92,90,85,98,209,403,400,248,312
44341_3_131,1,1,1,2,1,0,0,2,1,1,2,1,1,1,1,2,2,1,2,2,3,1,1,1,1,1,1,1,1,1,1,1,1,1,1,1,1,1,1,1,1,1,1,1,1,1,1,2,18,17,24,8,8,10,6,8,8,8,7,7,2,2,2,8,12,12,12,12,12,4,12,15,15,16,16,15,15,46,54,31,30,43,32,39,51,47,41,43,54,43,42,42,44,56,55,42,42,42,43,56,56,49,49,46,42,44,45,181,188,174,56,53,48,112,73,75,75,74,364,165,263,180,181,181,128,183,180,182,169,169,270,229,245,154,147,149,82,146,147,144,143,144,153,150,151,149,144,154,146,150,148,150,151,157,145,146,144,151,147,151,147,146,149,146,146,83,85,83,84,146,84,144,164,151,150,151,152,152,149,148,147,146,146,148,148,146,145,148,147,147,147,83,91,150,146,147,145,143,85,81,83,75,77,73,84,78,89,84,86,80,80,78,88,87,92,91,89,84,97,208,402,399,247,310
44341_3_136,1,1,1,2,1,0,0,2,1,1,2,1,1,1,1,2,2,1,2,2,3,1,1,1,1,1,1,1,1,1,1,1,1,1,1,1,1,1,1,1,1,1,1,1,1,1,1,2,18,17,24,8,8,10,6,8,8,8,7,7,2,2,2,8,12,12,12,12,12,4,12,15,15,16,16,15,15,46,54,31,30,43,32,39,51,47,41,43,54,43,42,42,44,56,55,42,41,42,43,56,56,49,49,46,42,44,45,181,188,174,55,53,48,112,73,75,75,74,364,165,263,180,181,181,128,183,180,182,169,169,270,178,194,103,96,98,81,95,96,93,92,93,102,99,100,98,93,103,95,99,97,99,100,106,94,95,93,100,96,100,96,95,98,95,95,82,84,82,83,95,83,93,113,100,99,100,101,101,98,96,96,95,95,97,97,95,94,97,96,96,96,82,90,99,95,96,94,92,84,80,82,74,76,72,83,77,88,83,85,79,79,77,89,88,93,92,90,85,98,71,265,266,113,310
CIV13PE7,1,1,1,2,3,2,2,0,1,1,2,1,1,1,1,2,2,1,2,2,3,1,1,1,1,1,1,1,1,1,1,1,1,1,1,1,1,1,1,1,1,1,1,1,1,1,1,2,18,17,24,8,8,10,6,8,8,8,7,7,2,2,2,8,12,12,12,12,12,4,12,15,15,16,16,15,15,46,54,31,30,43,32,39,51,47,41,43,54,43,42,42,44,56,55,42,42,42,43,56,56,49,49,46,42,44,45,181,188,174,56,53,48,112,73,75,75,74,364,165,263,180,181,181,128,183,180,182,169,169,270,229,245,154,147,149,82,146,147,144,143,144,153,150,151,149,144,154,146,150,148,150,151,157,145,146,144,151,147,151,147,146,149,146,146,83,85,83,84,146,86,144,164,151,150,151,152,152,149,148,147,146,146,148,148,146,145,148,147,147,147,83,91,150,146,147,145,143,86,81,83,75,78,73,85,78,89,84,86,81,80,78,90,89,94,93,91,86,99,208,402,399,247,311
CIT159B1,0,0,0,1,2,1,1,1,0,0,1,0,0,0,0,1,1,0,1,1,2,0,0,0,0,0,0,0,0,0,0,0,0,0,0,0,0,0,0,0,0,0,0,0,0,0,0,1,17,16,23,7,7,9,5,7,7,7,6,6,1,1,1,7,11,11,11,11,11,3,11,14,14,15,15,14,14,45,53,30,29,42,31,38,50,46,40,42,53,42,41,41,43,55,54,41,41,41,42,55,55,48,48,45,41,43,44,180,187,173,55,52,47,111,72,74,74,73,363,164,262,179,180,180,127,182,179,181,168,168,269,228,244,153,146,148,81,145,146,143,142,143,152,149,150,148,143,153,145,149,147,149,150,156,144,145,143,150,146,150,146,145,148,145,145,82,84,82,83,145,85,143,163,150,149,150,151,151,148,147,146,145,145,147,147,145,144,147,146,146,146,82,90,149,145,146,144,142,85,80,82,74,77,72,84,77,88,83,85,80,79,77,89,88,93,92,90,85,98,207,401,398,246,310
CIT15EB1,0,0,0,1,2,1,1,1,0,0,1,0,0,0,0,1,1,0,1,1,2,0,0,0,0,0,0,0,0,0,0,0,0,0,0,0,0,0,0,0,0,0,0,0,0,0,0,1,17,16,23,7,7,9,5,7,7,7,6,6,1,1,1,7,11,11,11,11,11,3,11,14,14,15,15,14,14,45,53,30,29,42,31,38,50,46,40,42,53,42,41,41,43,55,54,41,41,41,42,55,55,48,48,45,41,43,44,180,187,173,55,52,47,111,72,74,74,73,363,164,262,179,180,180,127,182,179,181,168,168,268,228,244,153,146,148,81,145,146,143,142,143,152,149,150,148,143,153,145,149,147,149,150,156,144,145,143,150,146,150,146,145,148,145,145,82,84,82,83,145,85,143,163,150,149,150,151,151,148,147,146,145,145,147,147,145,144,147,146,146,146,82,90,149,145,146,144,142,85,80,82,74,77,72,84,77,88,83,85,80,79,77,89,88,93,92,90,85,98,207,401,398,246,310
CIS153C1,1,1,1,2,3,2,2,2,1,1,0,1,1,1,1,2,2,1,2,2,3,1,1,1,1,1,1,1,1,1,1,1,1,1,1,1,1,1,1,1,1,1,1,1,1,1,1,2,18,17,24,8,8,10,6,8,8,8,7,7,2,2,2,8,12,12,12,12,12,4,12,15,15,16,16,15,15,46,54,31,30,43,32,39,51,47,41,43,54,43,42,42,44,56,55,42,42,42,43,56,56,49,49,46,42,44,45,181,188,174,56,53,48,112,73,75,75,74,363,165,263,180,181,181,128,183,180,182,169,169,270,229,245,154,147,149,82,146,147,144,143,144,153,150,151,149,144,154,146,150,148,150,151,157,145,146,144,151,147,151,147,146,149,146,146,83,85,83,84,146,85,144,164,151,150,151,152,152,149,148,147,146,146,148,148,146,145,148,147,147,147,83,91,150,146,147,145,143,85,81,83,75,77,73,85,78,89,84,86,81,80,78,90,89,94,93,91,86,99,208,402,399,247,311
CIV147E3,0,0,0,1,2,1,1,1,0,0,1,0,0,0,0,1,1,0,1,1,2,0,0,0,0,0,0,0,0,0,0,0,0,0,0,0,0,0,0,0,0,0,0,0,0,0,0,1,17,16,23,7,7,9,5,7,7,7,6,6,1,1,1,7,11,11,11,11,11,3,11,14,14,15,15,14,14,45,53,30,29,42,31,38,50,46,40,42,53,42,41,41,43,55,54,41,41,41,42,55,55,48,48,45,41,43,44,180,187,173,55,52,47,111,72,74,74,73,363,164,262,179,180,180,127,182,179,181,168,168,269,228,244,153,146,148,81,145,146,143,142,143,152,149,150,148,143,153,145,149,147,149,150,156,144,145,143,150,146,150,146,145,148,145,145,82,84,82,83,145,85,143,163,150,149,150,151,151,148,147,146,145,145,147,147,145,144,147,146,146,146,82,90,149,145,146,144,142,85,80,82,74,77,72,84,77,88,83,85,80,79,77,89,88,93,92,90,85,98,207,401,398,246,310
CIT15FH1,0,0,0,1,2,1,1,1,0,0,1,0,0,0,0,1,1,0,1,1,2,0,0,0,0,0,0,0,0,0,0,0,0,0,0,0,0,0,0,0,0,0,0,0,0,0,0,1,17,16,23,7,7,9,5,7,7,7,6,6,1,1,1,7,11,11,11,11,11,3,11,14,14,15,15,14,14,45,53,30,29,42,31,38,50,46,40,42,53,42,41,41,43,55,54,41,41,41,42,55,55,48,48,45,41,43,44,180,187,173,55,52,47,111,72,74,74,73,363,164,262,179,180,180,127,182,179,181,168,168,269,228,244,153,146,148,81,145,146,143,142,143,152,149,150,148,143,153,145,149,147,149,150,156,144,145,143,150,146,150,146,145,148,145,145,82,84,82,83,145,85,143,163,150,149,150,151,151,148,147,146,145,145,147,147,145,144,147,146,146,146,82,90,149,145,146,144,142,85,80,82,74,77,72,84,77,88,83,85,80,79,77,89,88,93,92,90,85,98,207,401,398,246,310
CIV143E2,0,0,0,1,2,1,1,1,0,0,1,0,0,0,0,1,1,0,1,1,2,0,0,0,0,0,0,0,0,0,0,0,0,0,0,0,0,0,0,0,0,0,0,0,0,0,0,1,17,16,23,7,7,9,5,7,7,7,6,6,1,1,1,7,11,11,11,11,11,3,11,14,14,15,15,14,14,45,53,30,29,42,31,38,50,46,40,42,53,42,41,41,43,55,54,41,41,41,42,55,55,48,48,45,41,43,44,180,187,173,55,52,47,111,72,74,74,73,363,164,262,179,180,180,127,182,179,181,168,168,269,228,244,153,146,148,81,145,146,143,142,143,152,149,150,148,143,153,145,149,147,149,150,156,144,145,143,150,146,150,146,145,148,145,145,82,84,82,83,145,85,143,163,150,149,150,151,151,148,147,146,145,145,147,147,145,144,147,146,146,146,82,90,149,145,146,144,142,85,80,82,74,77,72,84,77,88,83,85,80,79,77,89,88,93,92,90,85,98,207,401,398,246,310
CIU145B1,0,0,0,1,2,1,1,1,0,0,1,0,0,0,0,1,1,0,1,1,2,0,0,0,0,0,0,0,0,0,0,0,0,0,0,0,0,0,0,0,0,0,0,0,0,0,0,1,17,16,23,7,7,9,5,7,7,7,6,6,1,1,1,7,11,11,11,11,11,3,11,14,14,15,15,14,14,45,53,30,29,42,31,38,50,46,40,42,53,42,41,41,43,55,54,41,41,41,42,55,55,48,48,45,41,43,44,180,187,173,55,52,47,111,72,74,74,73,363,164,262,179,180,180,127,182,179,181,168,168,269,228,244,153,146,148,81,145,146,143,142,143,152,149,150,148,143,153,145,149,147,149,150,156,144,145,143,150,146,150,146,145,148,145,145,82,84,82,83,145,85,143,163,150,149,150,151,151,148,147,146,145,145,147,147,145,144,147,146,146,146,82,90,149,145,146,144,142,85,80,82,74,77,72,84,77,88,83,85,80,79,77,89,88,93,92,90,85,98,207,401,398,246,310
44341_3_310,1,1,1,2,3,2,2,2,1,1,2,1,1,1,1,0,2,1,2,2,3,1,1,1,1,1,1,1,1,1,1,1,1,1,1,1,1,1,1,1,1,1,1,1,1,1,1,2,18,17,24,8,8,10,6,8,8,8,7,7,2,2,2,8,12,12,12,12,12,4,12,15,15,16,16,15,15,46,54,31,30,43,32,39,51,47,41,43,54,43,42,42,44,56,55,42,42,42,43,56,56,49,49,46,42,44,45,181,188,174,56,53,48,112,73,75,75,74,364,165,263,180,181,181,128,183,180,182,169,169,270,229,245,154,147,149,82,146,147,144,143,144,153,150,151,149,144,154,146,150,148,150,151,157,145,146,144,151,147,151,147,146,149,146,146,83,85,83,84,146,84,144,164,151,150,151,152,152,149,148,147,146,146,148,148,146,145,148,147,147,147,83,91,150,146,147,145,143,85,81,83,75,77,73,84,78,89,84,86,80,80,78,90,89,94,93,91,86,99,208,402,399,247,310
CIV13XE2,1,1,1,2,3,2,2,2,1,1,2,1,1,1,1,2,0,1,2,2,3,1,1,1,1,1,1,1,1,1,1,1,1,1,1,1,1,1,1,1,1,1,1,1,1,1,1,2,18,17,24,8,8,10,6,8,8,8,7,7,2,2,2,8,12,12,12,12,12,4,12,15,15,16,16,15,15,46,54,31,30,43,32,39,51,47,41,43,54,43,42,42,44,56,55,42,42,42,43,56,56,49,49,46,42,44,45,181,188,174,56,53,48,112,73,75,75,74,363,165,263,180,181,181,128,183,180,182,169,169,270,229,245,154,147,149,82,146,147,144,143,144,153,150,151,149,144,154,146,150,148,150,151,157,145,146,144,151,147,151,147,146,149,146,146,83,85,83,84,146,86,144,164,151,150,151,152,152,149,148,147,146,146,148,148,146,145,148,147,147,147,83,91,150,146,147,145,143,86,81,83,75,78,73,85,78,89,84,86,81,80,78,90,89,94,93,91,86,99,208,402,399,247,311
44341_4_275,0,0,0,1,2,1,1,1,0,0,1,0,0,0,0,1,1,0,1,1,2,0,0,0,0,0,0,0,0,0,0,0,0,0,0,0,0,0,0,0,0,0,0,0,0,0,0,1,17,16,23,7,7,9,5,7,7,7,6,6,1,1,1,7,11,11,11,11,11,3,11,14,14,15,15,14,14,45,53,30,29,42,31,38,50,46,40,42,53,42,41,41,43,55,54,41,41,41,42,55,55,48,48,45,41,43,44,180,187,173,55,52,47,111,72,74,74,73,363,164,262,179,180,180,127,182,179,181,168,168,269,228,244,153,146,148,81,145,146,143,142,143,152,149,150,148,143,153,145,149,147,149,150,156,144,145,143,150,146,150,146,145,148,145,145,82,84,82,83,145,83,143,163,150,149,150,151,151,148,147,146,145,145,147,147,145,144,147,146,146,146,82,90,149,145,146,144,142,84,80,82,74,76,72,83,77,88,83,85,79,79,77,89,88,93,92,90,85,98,207,401,398,246,310
CIT15FB1,1,1,1,2,3,2,2,2,1,1,2,1,1,1,1,2,2,1,0,2,3,1,1,1,1,1,1,1,1,1,1,1,1,1,1,1,1,1,1,1,1,1,1,1,1,1,1,2,18,17,24,8,8,10,6,8,8,8,7,7,2,2,2,8,12,12,12,12,12,4,12,15,15,16,16,15,15,46,54,31,30,43,32,39,51,47,41,43,54,43,42,42,44,56,55,42,42,42,43,56,56,49,49,46,42,44,45,181,188,174,55,53,48,111,73,75,75,74,363,164,263,180,181,181,128,182,179,181,169,169,270,229,245,154,147,149,82,146,147,144,143,144,153,150,151,149,144,153,146,150,148,150,151,157,145,146,144,151,147,151,147,146,149,146,146,83,85,83,84,146,86,144,164,151,150,151,152,152,149,148,147,146,146,148,148,146,145,148,147,147,147,83,91,150,146,147,145,143,86,81,83,75,78,73,85,78,89,84,86,81,80,78,90,89,94,93,91,86,98,208,402,399,247,311
CIV13XU1,1,1,1,2,3,2,2,2,1,1,2,1,1,1,1,2,2,1,2,0,3,1,1,1,1,1,1,1,1,1,1,1,1,1,1,1,1,1,1,1,1,1,1,1,1,1,1,2,18,17,24,8,8,10,6,8,8,8,7,7,2,2,2,8,12,12,12,12,12,4,12,15,15,16,16,15,15,46,54,31,30,43,32,39,51,47,41,43,54,43,42,42,44,56,55,42,42,42,43,56,56,49,49,46,42,44,45,181,188,174,56,53,48,112,73,75,75,74,364,165,263,180,181,181,128,183,180,182,169,169,270,229,245,154,147,149,82,146,147,144,143,144,153,150,151,149,144,154,146,150,148,150,151,157,145,146,144,151,147,151,147,146,149,146,146,83,85,83,84,146,86,144,164,151,150,151,152,152,149,148,147,146,146,148,148,146,145,148,147,147,147,83,91,150,146,147,145,143,86,81,83,75,78,73,85,78,89,84,86,81,80,78,90,89,94,93,91,86,99,208,402,399,247,311
CIV142E6,2,2,2,3,4,3,3,3,2,2,3,2,2,2,2,3,3,2,3,3,0,2,2,2,2,2,2,2,2,2,2,2,2,2,2,2,2,2,2,2,2,2,2,2,2,2,2,3,19,18,25,9,9,11,7,9,9,9,8,8,3,3,3,9,13,13,13,13,13,5,12,16,16,17,17,16,16,47,54,32,31,44,33,40,51,47,41,43,54,43,42,42,44,56,55,42,42,42,43,56,56,49,49,46,42,44,45,181,188,174,56,54,48,112,74,76,76,75,341,166,263,181,182,182,129,183,180,182,169,170,270,227,242,153,146,148,83,145,146,143,142,143,152,149,150,148,143,153,145,149,147,149,150,156,144,145,143,150,146,150,146,145,148,145,145,83,85,83,84,145,87,143,163,150,149,150,151,151,148,147,146,145,145,147,147,145,144,147,146,146,146,83,91,149,145,146,144,142,87,82,84,76,79,74,86,79,90,85,87,82,81,79,90,89,94,93,90,86,99,208,391,388,247,311
CIV143U1,0,0,0,1,2,1,1,1,0,0,1,0,0,0,0,1,1,0,1,1,2,0,0,0,0,0,0,0,0,0,0,0,0,0,0,0,0,0,0,0,0,0,0,0,0,0,0,1,17,16,23,7,7,9,5,7,7,7,6,6,1,1,1,7,11,11,11,11,11,3,11,14,14,15,15,14,14,45,53,30,29,42,31,38,50,46,40,42,53,42,41,41,43,55,54,41,41,41,42,55,55,48,48,45,41,43,44,180,187,172,55,52,47,111,72,74,74,73,326,164,262,172,173,173,127,182,179,181,168,168,269,226,242,151,144,146,81,143,144,141,140,141,150,147,148,146,141,151,143,147,145,147,148,154,142,143,141,148,144,148,144,143,146,143,143,82,84,82,83,143,85,141,161,148,147,148,149,149,146,145,144,143,143,145,145,143,142,145,144,144,144,82,90,147,143,144,142,140,85,80,82,74,77,72,84,77,88,83,85,80,79,77,89,88,93,92,90,85,98,197,374,372,236,310
CIV143E9,0,0,0,1,2,1,1,1,0,0,1,0,0,0,0,1,1,0,1,1,2,0,0,0,0,0,0,0,0,0,0,0,0,0,0,0,0,0,0,0,0,0,0,0,0,0,0,1,17,16,23,7,7,9,5,7,7,7,6,6,1,1,1,7,11,11,11,11,11,3,11,14,14,15,15,14,14,45,53,30,29,42,31,38,50,46,40,42,53,42,41,41,43,55,54,41,41,41,42,55,55,48,48,45,41,43,44,180,187,173,55,52,47,111,72,74,74,73,363,164,262,179,180,180,127,182,179,181,168,168,269,228,244,153,146,148,81,145,146,143,142,143,152,149,150,148,143,153,145,149,147,149,150,156,144,145,143,150,146,150,146,145,148,145,145,82,84,82,83,145,85,143,163,150,149,150,151,151,148,147,146,145,145,147,147,145,144,147,146,146,146,82,90,149,145,146,144,142,85,80,82,74,77,72,84,77,88,83,85,80,79,77,89,88,93,92,90,85,98,207,401,398,246,310
CNS1F3,0,0,0,1,2,1,1,1,0,0,1,0,0,0,0,1,1,0,1,1,2,0,0,0,0,0,0,0,0,0,0,0,0,0,0,0,0,0,0,0,0,0,0,0,0,0,0,1,17,16,23,7,7,9,5,7,7,7,6,6,1,1,1,7,10,10,10,10,10,3,11,14,14,14,14,13,13,44,53,30,29,40,29,36,50,46,40,42,52,42,40,40,42,55,54,41,41,41,42,55,54,48,48,45,41,43,44,179,186,172,54,51,45,110,72,74,74,73,360,163,258,179,180,180,127,180,177,179,168,168,269,226,242,151,145,146,80,143,144,142,141,141,150,147,149,146,141,151,143,148,145,148,149,154,142,144,142,148,143,148,145,144,146,144,143,80,82,80,81,143,83,142,162,149,148,148,150,150,145,144,144,143,143,145,145,144,143,145,144,145,145,79,88,148,144,144,143,140,83,79,80,73,75,71,80,76,85,82,83,79,77,75,86,85,90,89,88,83,96,206,398,395,243,305
CAAYSI,0,0,0,1,2,1,1,1,0,0,1,0,0,0,0,1,1,0,1,1,2,0,0,0,0,0,0,0,0,0,0,0,0,0,0,0,0,0,0,0,0,0,0,0,0,0,0,1,17,16,23,7,7,9,5,7,7,7,6,6,1,1,1,7,10,10,10,10,10,3,11,14,14,15,15,14,14,45,53,30,29,42,31,38,50,46,40,42,53,42,41,41,43,55,54,41,41,41,42,55,55,48,48,45,41,43,44,179,186,172,54,52,47,111,72,74,74,73,363,164,262,179,180,180,127,182,179,181,168,168,269,228,244,153,146,148,81,145,146,143,142,143,152,149,150,148,143,152,145,149,147,149,150,156,144,145,143,150,145,150,146,145,148,145,145,82,84,82,83,145,85,143,163,150,149,150,151,151,147,146,146,145,145,147,147,145,144,147,146,146,146,82,90,149,145,146,144,142,85,80,82,74,77,72,83,77,88,83,85,80,79,77,89,88,93,92,90,85,98,207,401,398,246,310
CIT15GS1,0,0,0,1,2,1,1,1,0,0,1,0,0,0,0,1,1,0,1,1,2,0,0,0,0,0,0,0,0,0,0,0,0,0,0,0,0,0,0,0,0,0,0,0,0,0,0,1,17,16,23,7,7,9,5,7,7,7,6,6,1,1,1,7,11,11,11,11,11,3,11,14,14,15,15,14,14,45,53,30,29,42,31,38,50,46,40,42,53,42,41,41,43,55,54,41,41,41,42,55,55,48,48,45,41,43,44,180,187,173,55,52,47,111,72,74,74,73,362,164,262,179,180,180,127,182,179,181,168,168,269,228,244,153,146,148,81,145,146,143,142,143,152,149,150,148,143,153,145,149,147,149,150,156,144,145,143,150,146,150,146,145,148,145,145,82,84,82,83,145,85,143,163,150,149,150,151,151,148,147,146,145,145,147,147,145,144,147,146,146,146,82,90,149,145,146,144,142,85,80,82,74,77,72,84,77,88,83,85,80,79,77,89,88,93,92,90,85,98,207,401,398,246,310
CIV13RE2,0,0,0,1,2,1,1,1,0,0,1,0,0,0,0,1,1,0,1,1,2,0,0,0,0,0,0,0,0,0,0,0,0,0,0,0,0,0,0,0,0,0,0,0,0,0,0,1,17,16,23,7,7,9,5,7,7,7,6,6,1,1,1,7,11,11,11,11,11,3,11,14,14,15,15,14,14,45,53,30,29,42,31,38,50,46,40,42,53,42,41,41,43,55,54,41,41,41,42,55,55,48,48,45,41,43,44,180,187,173,55,52,47,111,72,74,74,73,362,164,262,179,180,180,127,182,179,181,168,168,269,228,244,153,146,148,81,145,146,143,142,143,152,149,150,148,143,153,145,149,147,149,150,156,144,145,143,150,146,150,146,145,148,145,145,82,84,82,83,145,85,143,163,150,149,150,151,151,148,147,146,145,145,147,147,145,144,147,146,146,146,82,90,149,145,146,144,142,85,80,82,74,77,72,84,77,88,83,85,80,79,77,89,88,93,92,90,85,98,207,401,398,246,310
CIV141E6,0,0,0,1,2,1,1,1,0,0,1,0,0,0,0,1,1,0,1,1,2,0,0,0,0,0,0,0,0,0,0,0,0,0,0,0,0,0,0,0,0,0,0,0,0,0,0,1,17,16,23,7,7,9,5,7,7,7,6,6,1,1,1,7,11,11,11,11,11,3,11,14,14,15,15,14,14,45,53,30,29,42,31,38,50,46,40,42,53,42,41,41,43,55,54,41,41,41,42,55,55,48,48,45,41,43,44,180,187,173,55,52,47,111,72,74,74,73,363,164,262,179,180,180,127,182,179,181,168,168,269,228,244,153,146,148,81,145,146,143,142,143,152,149,150,148,143,153,145,149,147,149,150,156,144,145,143,150,146,150,146,145,148,145,145,82,84,82,83,145,83,143,163,150,149,150,151,151,148,147,146,145,145,147,147,145,144,147,146,146,146,82,90,149,145,146,144,142,84,80,82,74,76,72,83,77,88,83,85,79,79,77,89,88,93,92,90,85,98,207,401,398,246,310
CIS15HB1,0,0,0,1,2,1,1,1,0,0,1,0,0,0,0,1,1,0,1,1,2,0,0,0,0,0,0,0,0,0,0,0,0,0,0,0,0,0,0,0,0,0,0,0,0,0,0,1,17,16,23,7,7,9,5,7,7,7,6,6,1,1,1,7,11,11,11,11,11,3,11,14,14,15,15,14,14,45,53,30,29,42,31,38,50,46,40,42,53,42,41,41,43,55,54,41,41,41,42,55,55,48,48,45,41,43,44,180,187,173,55,52,47,111,72,74,74,73,363,164,252,169,170,170,127,172,169,171,158,158,259,228,244,153,146,148,81,145,146,143,142,143,152,149,150,148,143,153,145,149,147,149,150,156,144,145,143,150,146,150,146,145,148,145,145,82,84,82,83,145,85,143,163,150,149,150,151,151,148,147,146,145,145,147,147,145,144,147,146,146,146,82,90,149,145,146,144,142,85,80,82,74,77,72,84,77,88,83,85,80,79,77,89,88,93,92,90,85,98,207,401,398,246,310
CIV140U1,0,0,0,1,2,1,1,1,0,0,1,0,0,0,0,1,1,0,1,1,2,0,0,0,0,0,0,0,0,0,0,0,0,0,0,0,0,0,0,0,0,0,0,0,0,0,0,1,17,16,23,7,7,9,5,7,7,7,6,6,1,1,1,7,11,11,11,11,11,3,11,14,14,15,15,14,14,45,53,30,29,42,31,38,50,46,40,42,53,42,41,41,43,55,54,41,41,41,42,55,55,48,48,45,41,43,44,180,187,173,55,52,47,111,72,74,74,73,363,164,262,179,180,180,127,182,179,181,168,168,269,228,244,153,146,148,81,145,146,143,142,143,152,149,150,148,143,153,145,149,147,149,150,156,144,145,143,150,146,150,146,145,148,145,145,82,84,82,83,145,85,143,163,150,149,150,151,151,148,147,146,145,145,147,147,145,144,147,146,146,146,82,90,149,145,146,144,142,85,80,82,74,77,72,84,77,88,83,85,80,79,77,89,88,93,92,90,85,98,207,401,398,246,310
CIV140E4,0,0,0,1,2,1,1,1,0,0,1,0,0,0,0,1,1,0,1,1,2,0,0,0,0,0,0,0,0,0,0,0,0,0,0,0,0,0,0,0,0,0,0,0,0,0,0,1,17,16,23,7,7,9,5,7,7,7,6,6,1,1,1,7,11,11,11,11,11,3,11,14,14,15,15,14,14,45,52,30,29,42,31,38,50,46,40,42,53,42,41,41,43,51,50,41,41,41,42,55,55,48,48,45,41,43,44,176,183,169,55,52,47,111,72,74,74,73,363,164,261,178,179,178,119,177,174,176,167,167,264,224,240,149,142,144,81,141,142,139,138,139,148,145,146,144,139,149,141,145,143,145,146,152,140,141,139,146,142,146,142,141,144,141,141,82,84,82,83,141,85,139,159,146,145,146,147,147,144,143,142,141,141,143,143,141,140,143,142,142,142,82,90,145,141,142,140,138,85,80,82,74,77,72,84,77,88,83,85,80,79,77,89,88,93,92,90,85,98,207,385,382,242,310
CIV140E7,0,0,0,1,2,1,1,1,0,0,1,0,0,0,0,1,1,0,1,1,2,0,0,0,0,0,0,0,0,0,0,0,0,0,0,0,0,0,0,0,0,0,0,0,0,0,0,1,17,16,23,7,7,9,5,7,7,7,6,6,1,1,1,7,11,11,11,11,11,3,11,14,14,15,15,14,14,45,53,30,29,42,31,38,50,46,40,42,53,42,41,41,43,55,54,41,41,41,42,55,55,48,48,45,41,43,44,180,187,173,55,52,47,111,72,74,74,73,363,164,262,179,180,180,127,182,179,181,168,168,269,228,244,153,146,148,81,145,146,143,142,143,152,149,150,148,143,153,145,149,147,149,150,156,144,145,143,150,146,150,146,145,148,145,145,82,84,82,83,145,85,143,163,150,149,150,151,151,148,147,146,145,145,147,147,145,144,147,146,146,146,82,90,149,145,146,144,142,85,80,82,74,77,72,84,77,88,83,85,80,79,77,89,88,93,92,90,85,98,207,401,398,246,310
CAAXQV,0,0,0,1,2,1,1,1,0,0,1,0,0,0,0,1,1,0,1,1,2,0,0,0,0,0,0,0,0,0,0,0,0,0,0,0,0,0,0,0,0,0,0,0,0,0,0,1,17,16,23,7,7,9,5,7,7,7,6,6,1,1,1,7,11,11,11,11,11,3,11,14,14,15,15,14,14,45,53,30,29,42,31,38,50,46,40,42,53,42,41,41,43,55,54,41,41,41,42,55,55,48,48,45,41,43,44,180,187,173,55,52,47,111,72,74,74,73,363,164,262,179,180,180,127,182,179,181,168,168,269,228,244,153,146,148,81,145,146,143,142,143,152,149,150,148,143,153,145,149,147,149,150,156,144,145,143,150,146,150,146,145,148,145,145,82,84,82,83,145,85,143,163,150,149,150,151,151,148,147,146,145,145,147,147,145,144,147,146,146,146,82,90,149,145,146,144,142,85,80,82,74,77,72,84,77,88,83,85,80,79,77,89,88,93,92,90,85,98,207,401,398,246,310
CIV13UE4,0,0,0,1,2,1,1,1,0,0,1,0,0,0,0,1,1,0,1,1,2,0,0,0,0,0,0,0,0,0,0,0,0,0,0,0,0,0,0,0,0,0,0,0,0,0,0,1,17,16,23,7,7,9,5,7,7,7,6,6,1,1,1,7,11,11,11,11,11,3,11,14,14,15,15,14,14,45,53,30,29,42,31,38,50,46,40,42,53,42,41,41,43,55,54,41,41,41,42,55,55,48,48,45,41,43,44,180,187,173,55,52,47,111,72,74,74,73,363,164,262,179,180,180,127,182,179,181,168,168,269,228,244,153,146,148,81,145,146,143,142,143,152,149,150,148,143,153,145,149,147,149,150,156,144,145,143,150,146,150,146,145,148,145,145,82,84,82,83,145,85,143,163,150,149,150,151,151,148,147,146,145,145,147,147,145,144,147,146,146,146,82,90,149,145,146,144,142,85,80,82,74,77,72,84,77,88,83,85,80,79,77,89,88,93,92,90,85,98,207,401,398,246,310
CIS15MR1,0,0,0,1,2,1,1,1,0,0,1,0,0,0,0,1,1,0,1,1,2,0,0,0,0,0,0,0,0,0,0,0,0,0,0,0,0,0,0,0,0,0,0,0,0,0,0,1,17,16,23,7,7,9,5,7,7,7,6,6,1,1,1,7,11,11,11,11,11,3,11,14,14,15,15,14,14,45,53,30,29,42,31,38,50,46,40,42,53,42,41,41,43,55,54,41,41,41,42,55,55,48,48,45,41,43,44,180,187,173,55,52,47,111,72,74,74,73,362,164,262,179,180,180,127,182,179,181,168,168,269,228,244,153,146,148,81,145,146,143,142,143,152,149,150,148,143,153,145,149,147,149,150,156,144,145,143,150,146,150,146,145,148,145,145,82,84,82,83,145,85,143,163,150,149,150,151,151,148,147,146,145,145,147,147,145,144,147,146,146,146,82,90,149,145,146,144,142,85,80,82,74,77,72,84,77,88,83,85,80,79,77,89,88,93,92,90,85,98,207,401,398,246,310
CIV13YE6,0,0,0,1,2,1,1,1,0,0,1,0,0,0,0,1,1,0,1,1,2,0,0,0,0,0,0,0,0,0,0,0,0,0,0,0,0,0,0,0,0,0,0,0,0,0,0,1,17,16,23,7,7,9,5,7,7,7,6,6,1,1,1,7,11,11,11,11,11,3,11,14,14,15,15,14,14,45,53,30,29,42,31,38,50,46,40,42,53,42,41,41,43,55,54,41,41,41,42,55,55,48,48,45,41,43,44,180,187,173,55,52,47,111,72,74,74,73,363,164,262,179,180,180,127,182,179,181,168,168,269,228,244,153,146,148,81,145,146,143,142,143,152,149,150,148,143,153,145,149,147,149,150,156,144,145,143,150,146,150,146,145,148,145,145,82,84,82,83,145,85,143,163,150,149,150,151,151,148,147,146,145,145,147,147,145,144,147,146,146,146,82,90,149,145,146,144,142,85,80,82,74,77,72,84,77,88,83,85,80,79,77,89,88,93,92,90,85,98,207,401,398,246,310
CIV143E4,0,0,0,1,2,1,1,1,0,0,1,0,0,0,0,1,1,0,1,1,2,0,0,0,0,0,0,0,0,0,0,0,0,0,0,0,0,0,0,0,0,0,0,0,0,0,0,1,17,16,23,7,7,9,5,7,7,7,6,6,1,1,1,7,11,11,11,11,11,3,11,14,14,15,15,14,14,45,53,30,29,42,31,38,50,46,40,42,53,42,41,41,43,55,54,41,41,41,42,55,55,48,48,45,41,43,44,180,187,173,55,52,47,111,72,74,74,73,363,164,262,179,180,180,127,182,179,181,168,168,269,228,244,153,146,148,81,145,146,143,142,143,152,149,150,148,143,153,145,149,147,149,150,156,144,145,143,150,146,150,146,145,148,145,145,82,84,82,83,145,83,143,163,150,149,150,151,151,148,147,146,145,145,147,147,145,144,147,146,146,146,82,90,149,145,146,144,142,84,80,82,74,76,72,83,77,88,83,85,79,79,77,89,88,93,92,90,85,98,207,398,395,246,310
CIV13XE5,0,0,0,1,2,1,1,1,0,0,1,0,0,0,0,1,1,0,1,1,2,0,0,0,0,0,0,0,0,0,0,0,0,0,0,0,0,0,0,0,0,0,0,0,0,0,0,1,17,16,23,7,7,9,5,7,7,7,6,6,1,1,1,7,11,11,11,11,11,3,11,14,14,15,15,14,14,45,53,30,29,42,31,38,50,46,40,42,53,42,41,41,43,55,54,41,41,41,42,55,55,48,48,45,41,43,44,180,187,173,55,52,47,111,72,74,74,73,363,164,262,179,180,180,127,182,179,181,168,168,269,228,244,153,146,148,81,145,146,143,142,143,152,149,150,148,143,153,145,149,147,149,150,156,144,145,143,150,146,150,146,145,148,145,145,82,84,82,83,145,85,143,163,150,149,150,151,151,148,147,146,145,145,147,147,145,144,147,146,146,146,82,90,149,145,146,144,142,85,80,82,74,77,72,84,77,88,83,85,80,79,77,89,88,93,92,90,85,98,207,401,398,246,310
CIT15GH1,0,0,0,1,2,1,1,1,0,0,1,0,0,0,0,1,1,0,1,1,2,0,0,0,0,0,0,0,0,0,0,0,0,0,0,0,0,0,0,0,0,0,0,0,0,0,0,1,17,16,23,7,7,9,5,7,7,7,6,6,1,1,1,7,11,11,11,11,11,3,11,14,14,15,15,14,14,45,53,30,29,42,31,38,50,46,40,42,53,42,41,41,43,55,54,41,41,41,42,55,55,48,48,45,41,43,44,180,187,173,55,52,47,111,72,74,74,73,363,164,262,179,180,180,127,182,179,181,168,168,269,228,244,153,146,148,81,145,146,143,142,143,152,149,150,148,143,153,145,149,147,149,150,156,144,145,143,150,146,150,146,145,148,145,145,82,84,82,83,145,85,143,163,150,149,150,151,151,148,147,146,145,145,147,147,145,144,147,146,146,146,82,90,149,145,146,144,142,85,80,82,74,77,72,84,77,88,83,85,80,79,77,89,88,93,92,90,85,98,207,401,398,246,310
CIV140E1,0,0,0,1,2,1,1,1,0,0,1,0,0,0,0,1,1,0,1,1,2,0,0,0,0,0,0,0,0,0,0,0,0,0,0,0,0,0,0,0,0,0,0,0,0,0,0,1,17,16,23,7,7,9,5,7,7,7,6,6,1,1,1,7,11,11,11,11,11,3,11,14,14,15,15,14,14,45,53,30,29,42,31,38,50,46,40,42,53,42,41,41,43,55,54,41,41,41,42,55,55,48,48,45,41,43,44,180,187,173,55,52,47,111,72,74,74,73,363,164,261,179,180,179,127,182,179,181,168,168,269,228,244,153,146,148,81,145,146,143,142,143,152,149,150,148,143,153,145,149,147,149,150,156,144,145,143,150,146,150,146,145,148,145,145,82,84,82,83,145,85,143,163,150,149,150,151,151,148,147,146,145,145,147,147,145,144,147,146,146,146,82,90,149,145,146,144,142,85,80,82,74,77,72,84,77,88,83,85,80,79,77,89,88,93,92,90,85,98,207,400,397,246,310
CIV140E6,0,0,0,1,2,1,1,1,0,0,1,0,0,0,0,1,1,0,1,1,2,0,0,0,0,0,0,0,0,0,0,0,0,0,0,0,0,0,0,0,0,0,0,0,0,0,0,1,17,16,23,7,7,9,5,7,7,7,6,6,1,1,1,7,11,11,11,11,11,3,11,14,14,15,15,14,14,45,53,30,29,42,31,38,50,46,40,42,53,42,41,41,43,55,54,41,41,41,42,55,55,48,48,45,41,43,44,180,187,173,55,52,47,111,72,74,74,73,360,164,262,179,180,180,127,182,179,181,167,168,269,228,244,153,146,148,81,145,146,143,142,143,152,149,150,148,143,153,145,149,147,149,150,156,144,145,143,150,146,150,146,145,148,145,145,82,84,82,83,145,85,143,163,150,149,150,151,151,148,147,146,145,145,147,147,145,144,147,146,146,146,82,90,149,145,146,144,142,85,80,82,74,77,72,84,77,88,83,85,80,79,77,89,88,93,92,90,85,98,207,401,398,246,310
CIU13XS1,0,0,0,1,2,1,1,1,0,0,1,0,0,0,0,1,1,0,1,1,2,0,0,0,0,0,0,0,0,0,0,0,0,0,0,0,0,0,0,0,0,0,0,0,0,0,0,1,17,16,23,7,7,9,5,7,7,7,6,6,1,1,1,7,11,11,11,11,11,3,11,14,14,15,15,14,14,45,53,30,29,42,31,38,50,46,40,42,53,42,41,41,43,55,54,41,41,41,42,55,55,48,48,45,41,43,44,180,187,173,55,52,47,111,72,74,74,73,363,164,262,179,180,180,127,182,179,181,168,168,269,228,244,153,146,148,81,145,146,143,142,143,152,149,150,148,143,153,145,149,147,149,150,156,144,145,143,150,146,150,146,145,148,145,145,82,84,82,83,145,85,143,163,150,149,150,151,151,148,147,146,145,145,147,147,145,144,147,146,146,146,82,90,149,145,146,144,142,85,80,82,74,77,72,84,77,88,83,85,80,79,77,89,88,93,92,90,85,98,207,401,398,246,310
CIV146E8,0,0,0,1,2,1,1,1,0,0,1,0,0,0,0,1,1,0,1,1,2,0,0,0,0,0,0,0,0,0,0,0,0,0,0,0,0,0,0,0,0,0,0,0,0,0,0,1,16,15,22,7,7,9,5,7,7,7,6,6,1,1,1,7,11,11,11,11,11,3,11,14,14,15,15,14,14,45,53,29,29,42,31,38,50,46,40,42,53,42,41,41,43,55,54,41,41,41,42,55,55,48,48,45,41,43,44,179,187,173,55,52,47,111,72,74,74,73,333,164,258,174,175,175,111,178,175,176,164,163,265,228,244,153,146,148,81,145,146,143,142,143,152,149,150,148,143,153,145,149,147,149,150,156,144,145,143,150,146,150,146,145,148,145,145,82,84,82,83,145,85,143,163,150,149,150,151,151,148,147,146,145,145,147,147,145,144,147,146,146,146,82,90,149,145,146,144,142,85,80,82,74,77,72,84,77,87,83,85,80,79,77,89,88,93,92,90,85,98,201,389,386,240,310
CIU149H1,0,0,0,1,2,1,1,1,0,0,1,0,0,0,0,1,1,0,1,1,2,0,0,0,0,0,0,0,0,0,0,0,0,0,0,0,0,0,0,0,0,0,0,0,0,0,0,1,17,16,23,7,7,9,5,7,7,7,6,6,1,1,1,7,11,11,11,11,11,3,11,14,14,15,15,14,14,45,53,30,29,42,31,38,50,46,40,42,53,42,41,41,43,55,54,41,41,41,42,55,55,48,48,45,41,43,44,180,187,173,55,52,47,111,72,74,74,73,363,164,262,179,180,180,127,182,179,181,168,168,269,228,244,153,146,148,81,145,146,143,142,143,152,149,150,148,143,153,145,149,147,149,150,156,144,145,143,150,146,150,146,145,148,145,145,82,84,82,83,145,85,143,163,150,149,150,151,151,148,147,146,145,145,147,147,145,144,147,146,146,146,82,90,149,145,146,144,142,85,80,82,74,77,72,84,77,88,83,85,80,79,77,89,88,93,92,90,85,98,207,401,398,246,310
CIV144E6,0,0,0,1,2,1,1,1,0,0,1,0,0,0,0,1,1,0,1,1,2,0,0,0,0,0,0,0,0,0,0,0,0,0,0,0,0,0,0,0,0,0,0,0,0,0,0,1,17,16,23,7,7,9,5,7,7,7,6,6,1,1,1,7,11,11,11,11,11,3,11,14,14,15,15,14,14,44,53,30,29,42,31,38,50,46,40,42,53,42,41,41,43,55,54,41,41,41,42,55,55,48,48,45,41,43,44,180,187,173,55,52,47,111,72,74,74,73,362,164,262,179,180,180,127,182,179,181,168,168,269,228,244,148,146,148,81,145,146,143,142,143,152,149,150,148,143,153,145,149,147,149,150,153,144,145,143,150,146,150,146,145,148,145,145,82,84,82,83,145,85,143,163,150,149,150,151,151,148,147,146,145,145,147,147,145,144,147,146,146,146,82,90,149,145,146,144,142,85,80,82,74,77,72,84,77,83,83,85,80,79,77,89,88,93,92,90,85,98,207,400,397,246,310
CIV13VE5,0,0,0,1,2,1,1,1,0,0,1,0,0,0,0,1,1,0,1,1,2,0,0,0,0,0,0,0,0,0,0,0,0,0,0,0,0,0,0,0,0,0,0,0,0,0,0,1,17,16,23,7,7,9,5,7,7,7,6,6,1,1,1,7,11,11,11,11,11,3,11,14,14,15,15,14,14,45,53,30,29,42,31,38,50,46,40,42,53,42,41,41,43,55,54,41,41,41,42,55,55,48,48,45,41,43,44,180,187,173,55,52,47,111,72,74,74,73,363,164,262,179,180,180,127,182,179,181,168,168,269,228,244,153,146,148,81,145,146,143,142,143,152,149,150,148,143,153,145,149,147,149,150,156,144,145,143,150,146,150,146,145,148,145,145,82,84,82,83,145,85,143,163,150,149,150,151,151,148,147,146,145,145,147,147,145,144,147,146,146,146,82,90,149,145,146,144,142,85,80,82,74,77,72,84,77,88,83,85,80,79,77,89,88,93,92,90,85,98,207,396,393,246,310
CIV13YE8,0,0,0,1,2,1,1,1,0,0,1,0,0,0,0,1,1,0,1,1,2,0,0,0,0,0,0,0,0,0,0,0,0,0,0,0,0,0,0,0,0,0,0,0,0,0,0,0,17,16,23,7,7,9,5,7,7,7,6,6,1,1,1,7,11,11,11,11,11,3,11,14,14,15,15,14,14,45,53,30,29,42,31,38,50,46,40,42,53,42,41,41,43,55,54,41,41,41,42,55,55,48,48,45,41,43,44,180,187,173,55,52,47,111,72,74,74,73,363,164,262,179,180,180,127,182,179,181,168,168,269,228,244,153,146,148,81,145,146,143,142,143,152,149,150,148,143,153,145,149,147,149,150,156,144,145,143,150,146,150,146,145,148,145,145,82,84,82,83,145,85,143,163,150,149,150,151,151,148,147,146,145,145,147,147,145,144,147,146,146,146,82,90,149,145,146,144,142,85,80,82,74,77,72,84,77,88,83,85,80,79,77,89,88,93,92,90,85,98,207,401,398,246,310
CIV144U1,1,1,1,2,3,2,2,2,1,1,2,1,1,1,1,2,2,1,2,2,3,1,1,1,1,1,1,1,1,1,1,1,1,1,1,1,1,1,1,1,1,1,1,1,1,1,0,0,18,17,24,8,8,10,6,8,8,8,7,7,2,2,2,8,12,12,12,12,12,4,12,15,15,16,16,15,15,46,53,31,30,43,32,39,50,46,40,42,53,42,41,41,43,55,54,41,41,41,42,55,55,48,48,45,41,43,44,181,188,174,56,53,48,111,73,75,75,74,364,165,263,180,181,181,128,183,180,182,169,169,270,229,245,154,147,149,82,146,147,144,143,144,153,150,151,149,144,154,146,150,148,150,151,157,145,146,144,151,147,151,147,146,149,146,146,83,85,83,84,146,86,144,164,151,150,151,152,151,149,148,147,146,146,148,148,146,145,148,147,147,147,83,91,150,146,147,145,143,86,81,83,75,78,73,85,78,89,84,86,81,80,78,90,89,94,93,91,86,98,208,399,396,247,310
CNSP0U,17,17,17,18,19,18,18,18,17,17,18,17,17,17,17,18,18,17,18,18,19,17,17,17,17,17,17,17,17,17,17,17,17,17,17,17,17,17,17,17,17,17,16,17,17,17,17,18,0,1,5,14,14,16,12,14,14,14,13,13,16,16,16,22,26,26,26,26,26,18,25,29,28,30,30,29,27,59,67,45,44,56,46,53,63,59,53,55,66,55,54,54,56,68,67,54,54,54,55,68,68,60,60,58,54,58,59,195,202,188,69,65,61,126,87,89,89,88,376,178,276,194,195,195,142,197,194,196,183,183,284,243,259,168,161,163,96,160,161,158,157,158,167,164,165,163,158,168,160,164,162,164,165,171,159,160,158,165,161,165,161,160,163,160,160,97,99,97,98,160,100,158,178,165,164,165,166,166,163,162,161,160,160,162,162,160,159,162,161,161,161,97,105,164,160,161,159,156,100,95,97,88,92,87,99,92,103,98,100,95,94,92,104,103,108,107,105,100,113,222,411,408,261,323
CNSKFP,16,16,16,17,18,17,17,17,16,16,17,16,16,16,16,17,17,16,17,17,18,16,16,16,16,16,16,16,16,16,16,16,16,16,16,16,16,16,16,16,16,16,15,16,16,16,16,17,1,0,8,13,13,15,11,13,13,13,12,12,15,15,15,21,24,24,24,24,24,17,24,28,27,29,29,28,26,58,64,44,43,55,45,52,62,58,52,54,65,54,53,53,55,67,66,53,53,53,54,67,67,59,59,57,53,57,58,193,200,186,67,63,59,124,86,88,88,87,373,177,269,187,188,188,138,190,187,189,176,176,277,241,255,166,160,161,95,158,159,157,156,156,166,162,164,161,156,166,158,163,160,163,164,169,157,159,157,163,158,163,160,159,161,159,158,95,97,95,96,158,97,157,177,164,163,163,165,165,160,159,159,158,158,160,160,159,158,160,159,160,160,95,104,163,159,159,158,154,98,94,95,87,90,86,96,91,101,97,98,94,92,90,103,102,107,106,104,99,111,221,409,406,260,320
CNSLL4,23,23,23,24,25,24,24,24,23,23,24,23,23,23,23,24,24,23,24,24,25,23,23,23,23,23,23,23,23,23,23,23,23,23,23,23,23,23,23,23,23,23,22,23,23,23,23,24,5,8,0,21,21,23,19,21,21,21,20,20,22,22,22,28,32,32,32,32,32,24,31,35,34,35,35,34,33,62,70,49,48,60,50,57,67,63,57,59,70,59,57,57,59,71,71,57,57,57,58,72,72,64,64,62,58,61,62,198,205,191,72,66,62,130,91,92,92,91,377,182,258,176,177,177,144,181,178,180,167,167,267,244,259,169,162,164,99,161,162,159,158,159,168,165,166,164,159,168,161,165,163,165,166,172,160,161,159,166,161,166,162,161,164,161,161,100,102,100,101,161,103,159,178,166,165,166,167,167,163,163,162,161,161,162,163,161,160,163,162,162,162,99,107,165,161,162,160,157,103,98,100,91,95,90,99,95,105,100,102,98,97,95,106,105,110,109,107,102,113,217,398,397,257,319
ERR9941258,7,7,7,8,9,8,8,8,7,7,8,7,7,7,7,8,8,7,8,8,9,7,7,7,7,7,7,7,7,7,7,7,7,7,7,7,7,7,7,7,7,7,7,7,7,7,7,8,14,13,21,0,2,4,2,4,4,4,3,3,6,6,6,12,16,16,16,16,16,8,15,19,18,20,20,19,18,49,55,35,34,47,36,43,53,49,43,45,56,45,44,44,46,58,57,44,44,44,45,58,58,50,50,48,44,48,49,184,191,177,59,56,51,116,77,79,79,78,366,168,267,184,185,185,132,187,184,186,173,173,274,233,247,158,151,153,86,150,151,148,147,148,157,154,155,153,148,158,150,154,152,154,155,161,149,150,148,155,151,155,151,150,153,150,150,87,89,87,88,150,90,148,168,155,154,155,156,156,153,152,151,150,150,152,152,150,149,152,151,151,151,87,95,154,150,151,149,146,90,85,87,79,82,77,89,82,93,88,90,85,84,82,94,93,98,97,95,90,103,212,406,403,251,314
ERR9929342,7,7,7,8,9,8,8,8,7,7,8,7,7,7,7,8,8,7,8,8,9,7,7,7,7,7,7,7,7,7,7,7,7,7,7,7,7,7,7,7,7,7,7,7,7,7,7,8,14,13,21,2,0,2,2,4,4,4,3,3,6,6,6,12,16,16,16,16,16,8,15,19,18,20,20,19,18,48,56,35,34,47,36,43,53,49,43,45,56,45,44,44,46,58,57,44,44,44,45,58,58,50,50,48,44,48,49,184,191,177,59,56,51,116,77,79,79,78,366,168,267,183,185,185,132,187,184,186,173,173,274,233,249,158,151,153,86,150,151,148,147,148,157,154,155,153,148,158,150,154,152,154,155,161,149,150,148,155,151,155,150,149,153,150,150,87,89,87,88,150,89,148,167,155,154,155,156,156,153,152,151,150,150,152,151,149,149,152,151,151,151,87,95,154,150,151,149,146,89,85,87,79,81,77,89,82,93,88,90,85,84,82,94,93,98,97,95,90,103,212,406,403,251,314
ERR9966382,9,9,9,10,11,10,10,10,9,9,10,9,9,9,9,10,10,9,10,10,11,9,9,9,9,9,9,9,9,9,9,9,9,9,9,9,9,9,9,9,9,9,9,9,9,9,9,10,16,15,23,4,2,0,4,6,6,6,5,5,8,8,8,14,18,18,18,18,18,10,17,21,20,22,22,21,20,51,59,37,36,49,38,45,55,51,45,47,58,47,46,46,48,60,59,46,46,46,47,60,60,52,52,50,46,50,51,186,193,179,61,58,53,118,79,81,81,80,368,170,269,186,187,187,134,189,186,188,175,175,276,235,251,160,153,155,88,152,153,150,149,150,159,156,157,155,150,160,152,156,154,156,157,163,151,152,150,157,153,157,153,152,155,152,152,89,91,89,90,152,90,150,170,157,156,157,158,158,155,154,153,152,152,154,154,152,151,154,153,153,153,89,97,156,152,153,151,148,91,87,89,81,83,79,90,84,95,90,92,86,86,84,96,95,100,99,97,92,105,214,408,405,253,316
CLL3JA,5,5,5,6,7,6,6,6,5,5,6,5,5,5,5,6,6,5,6,6,7,5,5,5,5,5,5,5,5,5,5,5,5,5,5,5,5,5,5,5,5,5,5,5,5,5,5,6,12,11,19,2,2,4,0,2,2,2,1,1,4,4,4,10,14,14,14,14,14,6,13,17,16,17,17,16,16,48,52,33,32,43,32,39,51,47,41,43,54,43,42,42,44,56,55,42,42,42,43,56,56,49,49,46,42,46,47,182,189,175,57,54,49,114,75,76,76,75,364,167,243,163,164,164,130,166,163,165,152,152,252,230,242,155,148,150,83,147,148,145,144,145,154,151,152,150,145,153,147,151,149,151,152,158,146,147,145,152,147,152,148,147,150,147,147,84,86,84,85,147,87,145,165,152,151,152,153,153,149,149,148,147,147,149,149,146,146,149,148,148,148,84,92,151,147,148,146,144,87,82,84,76,79,74,86,79,90,85,87,82,81,79,92,91,96,95,93,88,99,210,402,399,249,309
CNS7YP,7,7,7,8,9,8,8,8,7,7,8,7,7,7,7,8,8,7,8,8,9,7,7,7,7,7,7,7,7,7,7,7,7,7,7,7,7,7,7,7,7,7,7,7,7,7,7,8,14,13,21,4,4,6,2,0,0,0,1,1,6,6,6,12,16,16,16,16,16,8,15,19,17,20,20,19,18,50,58,35,34,47,36,43,53,49,43,45,56,45,44,44,46,58,57,44,44,44,45,58,58,51,51,48,44,48,49,185,192,178,60,57,52,114,77,79,79,78,368,169,267,184,185,185,132,187,184,186,173,173,274,233,249,158,151,153,86,150,151,148,147,148,157,154,155,153,148,158,150,154,152,154,155,161,149,150,148,155,151,155,151,150,153,150,150,87,89,87,88,150,90,148,168,155,154,155,156,156,153,152,151,150,150,152,152,150,149,152,151,151,151,87,95,154,150,151,149,147,90,85,87,79,82,77,89,82,93,88,90,85,84,82,94,93,98,97,95,90,103,212,406,403,251,315
BKRRIF,7,7,7,8,9,8,8,8,7,7,8,7,7,7,7,8,8,7,8,8,9,7,7,7,7,7,7,7,7,7,7,7,7,7,7,7,7,7,7,7,7,7,7,7,7,7,7,8,14,13,21,4,4,6,2,0,0,0,1,1,6,6,6,12,16,16,16,16,16,8,15,19,17,20,20,19,18,50,58,35,34,47,36,43,53,49,43,45,56,45,44,44,46,58,57,44,44,44,45,58,58,51,51,48,44,48,49,185,192,178,60,57,52,114,77,79,79,78,368,169,267,184,185,185,132,187,184,186,173,173,274,233,249,158,151,153,86,150,151,148,147,148,157,154,155,153,148,158,150,154,152,154,155,161,149,150,148,155,151,155,151,150,153,150,150,87,89,87,88,150,90,148,168,155,154,155,156,156,153,152,151,150,150,152,152,150,149,152,151,151,151,87,95,154,150,151,149,147,90,85,87,79,82,77,89,82,93,88,90,85,84,82,94,93,98,97,95,90,103,212,406,403,251,315
CNS6QU,7,7,7,8,9,8,8,8,7,7,8,7,7,7,7,8,8,7,8,8,9,7,7,7,7,7,7,7,7,7,7,7,7,7,7,7,7,7,7,7,7,7,7,7,7,7,7,8,14,13,21,4,4,6,2,0,0,0,1,1,6,6,6,12,16,16,16,16,16,8,15,19,17,20,20,19,18,50,58,35,34,47,36,43,53,49,43,45,56,45,44,44,46,58,57,44,44,44,45,58,58,51,51,48,44,48,49,185,192,178,60,57,52,114,77,79,79,78,368,169,267,184,185,185,132,187,184,186,173,173,274,233,249,158,151,153,86,150,151,148,147,148,157,154,155,153,148,158,150,154,152,154,155,161,149,150,148,155,151,155,151,150,153,150,150,87,89,87,88,150,90,148,168,155,154,155,156,156,153,152,151,150,150,152,152,150,149,152,151,151,151,87,95,154,150,151,149,147,90,85,87,79,82,77,89,82,93,88,90,85,84,82,94,93,98,97,95,90,103,212,406,403,251,315
44341_3_96,6,6,6,7,8,7,7,7,6,6,7,6,6,6,6,7,7,6,7,7,8,6,6,6,6,6,6,6,6,6,6,6,6,6,6,6,6,6,6,6,6,6,6,6,6,6,6,7,13,12,20,3,3,5,1,1,1,1,0,0,5,5,5,11,15,15,15,15,15,7,14,18,16,19,19,18,17,49,57,34,33,46,35,42,52,48,42,44,55,44,43,43,45,57,56,43,43,43,44,57,57,50,50,47,43,47,48,184,190,177,59,56,51,113,76,78,78,77,367,168,266,183,184,184,131,186,183,185,172,172,273,232,248,157,150,152,85,149,150,147,146,147,156,153,154,152,147,157,149,153,151,153,154,160,148,149,147,154,150,154,150,149,152,149,149,86,88,86,87,149,87,147,167,154,153,154,155,155,152,151,150,149,149,151,151,149,148,151,150,150,150,86,94,153,149,150,148,146,88,84,86,78,80,76,87,81,92,87,89,83,83,81,93,92,97,96,94,89,102,211,405,402,250,313
44341_3_21,6,6,6,7,8,7,7,7,6,6,7,6,6,6,6,7,7,6,7,7,8,6,6,6,6,6,6,6,6,6,6,6,6,6,6,6,6,6,6,6,6,6,6,6,6,6,6,7,13,12,20,3,3,5,1,1,1,1,0,0,5,5,5,11,15,15,15,15,15,7,14,18,16,19,19,18,17,49,57,34,33,46,35,42,52,48,42,44,55,44,43,43,45,57,56,43,43,43,44,57,57,50,50,47,43,47,48,184,191,177,59,56,51,113,76,78,78,77,367,168,266,183,184,184,131,186,183,185,172,172,273,232,248,157,150,152,85,149,150,147,146,147,156,153,154,152,147,157,149,153,151,153,154,160,148,149,147,154,150,154,150,149,152,149,149,86,88,86,87,149,87,147,167,154,153,154,155,155,152,151,150,149,149,151,151,149,148,151,150,150,150,86,94,153,149,150,148,146,88,84,86,78,80,76,87,81,92,87,89,83,83,81,93,92,97,96,94,89,102,211,405,402,250,314
BKRMVD,1,1,1,2,3,2,2,2,1,1,2,1,1,1,1,2,2,1,2,2,3,1,1,1,1,1,1,1,1,1,1,1,1,1,1,1,1,1,1,1,1,1,1,1,1,1,1,2,16,15,22,6,6,8,4,6,6,6,5,5,0,0,0,6,10,10,10,10,10,2,10,13,13,14,14,13,13,44,52,29,28,41,30,37,49,45,39,41,51,41,40,40,42,54,53,40,40,40,41,54,54,47,47,44,40,42,43,179,186,172,54,50,45,110,71,73,73,72,361,163,257,174,175,175,126,177,174,176,163,163,264,227,243,152,145,147,80,144,145,142,141,142,151,148,149,147,142,152,144,148,146,148,149,155,143,144,142,149,145,149,145,144,147,144,144,81,83,81,82,144,84,142,162,149,148,149,150,150,147,146,145,144,144,146,146,144,143,146,145,145,145,81,89,148,144,145,143,141,84,79,81,73,76,71,83,76,87,82,84,79,78,76,88,87,92,91,89,84,96,206,400,397,245,308
CAAYDF,1,1,1,2,3,2,2,2,1,1,2,1,1,1,1,2,2,1,2,2,3,1,1,1,1,1,1,1,1,1,1,1,1,1,1,1,1,1,1,1,1,1,1,1,1,1,1,2,16,15,22,6,6,8,4,6,6,6,5,5,0,0,0,6,10,10,10,10,10,2,10,13,13,14,14,13,13,44,52,29,28,41,30,37,49,45,39,41,52,41,40,40,42,54,53,40,40,40,41,54,54,47,47,44,40,42,43,179,186,172,54,51,46,110,71,73,73,72,362,163,261,178,179,179,126,181,178,180,167,167,268,227,243,152,145,147,80,144,145,142,141,142,151,148,149,147,142,152,144,148,146,148,149,155,143,144,142,149,145,149,145,144,147,144,144,81,83,81,82,144,84,142,162,149,148,149,150,150,147,146,145,144,144,146,146,144,143,146,145,145,145,81,89,148,144,145,143,141,84,79,81,73,76,71,83,76,87,82,84,79,78,76,88,87,92,91,89,84,97,206,400,397,245,309
CAAXBN,1,1,1,2,3,2,2,2,1,1,2,1,1,1,1,2,2,1,2,2,3,1,1,1,1,1,1,1,1,1,1,1,1,1,1,1,1,1,1,1,1,1,1,1,1,1,1,2,16,15,22,6,6,8,4,6,6,6,5,5,0,0,0,6,9,9,9,9,9,2,10,13,13,14,14,13,13,44,52,29,28,39,28,35,49,45,39,41,52,40,40,40,42,54,53,40,40,40,41,54,54,47,47,44,40,41,42,179,186,172,54,50,46,109,71,73,73,72,361,163,234,152,153,152,123,155,152,154,141,141,242,226,242,151,145,146,80,143,144,142,141,141,151,147,149,146,141,151,143,148,145,148,149,154,142,144,142,148,143,148,145,144,146,144,143,80,82,80,81,143,83,142,162,149,148,148,150,150,145,144,144,143,143,145,145,144,143,145,144,145,145,80,89,148,144,144,143,140,83,79,80,73,75,71,81,76,86,82,83,79,77,75,88,87,92,91,89,84,96,202,381,380,240,307
44341_3_165,7,7,7,8,9,8,8,8,7,7,8,7,7,7,7,8,8,7,8,8,9,7,7,7,7,7,7,7,7,7,7,7,7,7,7,7,7,7,7,7,7,7,7,7,7,7,7,8,22,21,28,12,12,14,10,12,12,12,11,11,6,6,6,0,16,16,16,16,16,7,16,19,19,20,19,18,19,50,57,35,34,46,35,42,54,50,44,46,57,46,45,45,47,59,58,45,45,45,46,59,59,52,52,48,45,47,48,184,191,177,59,56,51,115,76,78,78,77,367,168,266,183,184,184,131,186,183,185,172,172,273,232,248,157,150,152,85,149,150,147,146,147,156,153,154,152,147,157,149,153,151,153,154,160,148,149,147,154,150,154,150,149,152,149,149,86,88,86,87,149,87,147,167,154,153,154,155,155,152,151,150,149,149,151,151,149,148,151,150,150,150,86,94,153,149,150,146,146,88,84,86,78,80,76,87,81,92,87,89,83,83,81,93,92,97,96,94,89,102,211,405,402,250,314
44341_3_262,11,11,11,12,13,12,12,12,11,11,12,11,11,11,11,12,12,11,12,12,13,11,11,10,10,11,11,11,11,11,11,11,11,11,11,11,11,11,11,11,11,11,11,11,11,11,11,12,26,24,32,16,16,18,14,16,16,16,15,15,10,10,9,16,0,0,0,0,0,8,17,19,18,20,20,19,19,50,58,35,34,47,36,43,55,51,45,47,58,47,46,46,48,60,59,46,46,46,47,60,60,53,53,50,46,48,49,185,192,178,60,57,52,116,77,79,79,78,368,169,267,184,185,185,132,187,184,186,173,173,274,232,248,157,150,152,85,149,150,147,146,147,156,153,154,152,147,157,149,153,151,153,154,160,148,149,147,154,150,154,150,149,152,149,149,86,88,86,87,149,87,147,167,154,153,154,155,155,152,150,150,149,149,151,151,149,148,151,150,150,150,86,94,153,149,150,148,146,88,84,86,78,80,76,86,81,92,87,89,83,83,81,94,93,98,97,95,90,103,212,406,403,251,315
44341_3_265,11,11,11,12,13,12,12,12,11,11,12,11,11,11,11,12,12,11,12,12,13,11,11,10,10,11,11,11,11,11,11,11,11,11,11,11,11,11,11,11,11,11,11,11,11,11,11,12,26,24,32,16,16,18,14,16,16,16,15,15,10,10,9,16,0,0,0,0,0,8,17,19,18,20,20,19,19,50,58,35,34,47,36,43,55,51,45,47,58,47,46,46,48,60,59,46,46,46,47,60,60,53,53,50,46,48,49,185,192,178,60,57,52,116,77,79,79,78,368,169,267,184,185,185,132,187,184,186,173,173,274,232,248,157,150,152,85,149,150,147,146,147,156,153,154,152,147,157,149,153,151,153,154,160,148,149,147,154,150,154,150,149,152,149,149,86,88,86,87,149,87,147,167,154,153,154,155,155,152,150,150,149,149,151,151,149,148,151,150,150,150,86,94,153,149,150,148,146,88,84,86,78,80,76,86,81,92,87,89,83,83,81,94,93,98,97,95,90,103,212,406,403,251,315
44341_4_286,11,11,11,12,13,12,12,12,11,11,12,11,11,11,11,12,12,11,12,12,13,11,11,10,10,11,11,11,11,11,11,11,11,11,11,11,11,11,11,11,11,11,11,11,11,11,11,12,26,24,32,16,16,18,14,16,16,16,15,15,10,10,9,16,0,0,0,0,0,8,17,19,18,20,20,19,19,50,58,35,34,47,36,43,55,51,45,47,58,47,46,46,48,60,59,46,46,46,47,60,60,53,53,50,46,48,49,185,192,178,60,57,52,116,77,79,79,78,368,169,267,184,185,185,132,187,184,186,173,173,274,232,248,157,150,152,85,149,150,147,146,147,156,153,154,152,147,157,149,153,151,153,154,160,148,149,147,154,150,154,150,149,152,149,149,86,88,86,87,149,87,147,167,154,153,154,155,155,152,150,150,149,149,151,151,149,148,151,150,150,150,86,94,153,149,150,148,146,88,84,86,78,80,76,86,81,92,87,89,83,83,81,94,93,98,97,95,90,103,212,406,403,251,315
44341_3_268,11,11,11,12,13,12,12,12,11,11,12,11,11,11,11,12,12,11,12,12,13,11,11,10,10,11,11,11,11,11,11,11,11,11,11,11,11,11,11,11,11,11,11,11,11,11,11,12,26,24,32,16,16,18,14,16,16,16,15,15,10,10,9,16,0,0,0,0,0,8,17,19,18,20,20,19,19,50,58,35,34,47,36,43,55,51,45,47,58,47,46,46,48,60,59,46,46,46,47,60,60,53,53,50,46,48,49,185,192,178,60,57,52,116,77,79,79,78,368,169,267,184,185,185,132,187,184,186,173,173,274,232,248,157,150,152,85,149,150,147,146,147,156,153,154,152,147,157,149,153,151,153,154,160,148,149,147,154,150,154,150,149,152,149,149,86,88,86,87,149,87,147,167,154,153,154,155,155,152,150,150,149,149,151,151,149,148,151,150,150,150,86,94,153,149,150,148,146,88,84,86,78,80,76,86,81,92,87,89,83,83,81,94,93,98,97,95,90,103,212,406,403,251,315
44341_3_280,11,11,11,12,13,12,12,12,11,11,12,11,11,11,11,12,12,11,12,12,13,11,11,10,10,11,11,11,11,11,11,11,11,11,11,11,11,11,11,11,11,11,11,11,11,11,11,12,26,24,32,16,16,18,14,16,16,16,15,15,10,10,9,16,0,0,0,0,0,8,17,19,18,20,20,19,19,50,56,35,34,47,36,43,55,51,45,47,58,47,46,46,48,60,59,46,46,46,47,60,60,53,53,50,46,48,49,185,192,178,60,57,52,116,77,79,79,78,367,169,267,184,185,185,132,187,184,186,173,173,274,232,246,157,150,152,85,149,150,147,146,147,156,153,154,152,147,157,149,153,151,153,154,160,148,149,147,154,150,154,150,149,152,149,149,86,88,86,87,149,87,147,167,154,153,154,155,155,152,150,150,149,149,151,151,149,148,151,150,150,150,86,94,153,149,150,148,146,88,84,86,78,80,76,86,81,92,87,89,83,83,81,94,93,98,97,95,90,103,212,406,403,251,314
CAAP2A,3,3,3,4,5,4,4,4,3,3,4,3,3,3,3,4,4,3,4,4,5,3,3,3,3,3,3,3,3,3,3,3,3,3,3,3,3,3,3,3,3,3,3,3,3,3,3,4,18,17,24,8,8,10,6,8,8,8,7,7,2,2,2,7,8,8,8,8,8,0,9,11,11,12,12,11,11,37,50,27,26,39,28,35,47,43,37,39,50,39,38,38,40,52,51,38,38,38,38,52,52,45,45,42,38,40,41,170,176,163,52,49,44,78,40,41,41,41,331,131,258,176,176,177,124,179,176,177,164,164,266,225,241,150,143,145,78,141,143,140,139,140,148,146,147,145,140,149,142,146,144,146,147,153,141,141,140,146,143,147,143,141,145,142,142,79,81,79,80,142,82,140,160,147,146,147,148,148,144,144,142,142,142,144,143,142,141,143,143,143,143,79,87,146,142,143,141,139,82,77,79,71,73,69,80,74,85,80,81,77,76,74,86,85,90,88,87,82,94,204,369,366,214,306
CNSFP4,11,11,11,12,13,12,12,12,11,11,12,11,11,11,11,12,12,11,12,12,12,11,11,11,11,11,11,11,11,11,11,11,11,11,11,11,11,11,11,11,11,11,11,11,11,11,11,12,25,24,31,15,15,17,13,15,15,15,14,14,10,10,10,16,17,17,17,17,17,9,0,5,20,20,20,19,20,47,57,34,33,42,32,38,53,49,43,45,56,44,44,44,46,57,57,43,44,44,45,58,58,51,51,48,44,46,47,182,188,175,57,52,49,114,75,76,76,75,344,166,230,151,149,151,126,152,152,154,141,139,236,224,240,150,143,145,79,142,143,141,140,140,150,145,147,145,140,151,142,147,144,147,148,153,141,143,141,147,143,147,143,143,144,143,142,79,81,79,80,142,81,141,160,148,147,147,149,149,145,143,142,141,141,144,143,142,142,143,142,143,143,79,87,145,144,144,143,140,83,79,80,73,76,72,83,77,87,82,83,79,77,76,88,87,91,91,89,85,97,206,389,386,245,301
CNSDXZ,14,14,14,15,16,15,15,15,14,14,15,14,14,14,14,15,15,14,15,15,16,14,14,14,14,14,14,14,14,14,14,14,14,14,14,14,14,14,14,14,14,14,14,14,14,14,14,15,29,28,35,19,19,21,17,19,19,19,18,18,13,13,13,19,19,19,19,19,19,11,5,0,21,23,23,22,21,53,60,38,37,50,39,46,58,54,48,50,61,50,49,49,51,63,62,49,49,49,50,63,63,56,56,53,49,51,52,188,195,181,63,60,55,119,80,82,82,81,370,172,270,187,188,188,135,190,187,189,176,176,277,236,251,161,154,156,89,153,154,151,150,151,160,157,158,156,151,161,153,157,155,157,158,164,152,153,151,158,154,158,154,153,156,153,153,90,92,90,91,153,92,151,171,158,157,158,159,159,156,155,154,153,153,155,155,153,152,155,154,154,154,90,98,157,153,154,152,150,92,88,90,82,84,80,92,85,96,91,93,88,87,85,97,96,101,100,98,93,106,215,409,406,254,318
CAAQXB,14,14,14,15,16,15,15,15,14,14,15,14,14,14,14,15,15,14,15,15,16,14,14,14,14,14,14,14,14,14,14,14,14,14,14,14,14,14,14,14,14,14,14,14,14,14,14,15,28,27,34,18,18,20,16,17,17,17,16,16,13,13,13,19,18,18,18,18,18,11,20,21,0,0,1,1,15,45,53,30,29,42,31,37,49,45,39,41,52,41,40,40,42,54,53,40,40,40,41,53,53,47,47,44,40,43,44,176,184,170,55,52,47,108,71,74,74,73,362,162,258,177,178,178,126,180,177,179,166,166,267,222,237,147,141,142,79,139,140,138,137,137,147,143,145,142,137,147,139,144,141,144,145,150,138,140,138,144,139,144,141,139,141,139,138,78,80,78,79,138,80,138,158,145,144,144,146,146,141,140,140,139,139,141,141,140,140,141,140,141,141,79,88,143,140,140,139,136,81,77,78,72,74,70,80,75,84,81,82,78,76,74,86,85,90,89,87,83,94,206,388,385,243,302
CAAR9T,15,15,15,16,17,16,16,16,15,15,16,15,15,15,15,16,16,15,16,16,17,15,15,14,15,15,15,15,15,15,15,15,15,15,15,15,15,15,15,15,15,15,15,15,15,15,15,16,30,29,35,20,20,22,17,20,20,20,19,19,14,14,14,20,20,20,20,20,20,12,20,23,0,0,1,1,16,49,56,33,32,45,34,41,53,49,43,45,56,45,44,44,46,58,57,44,44,44,45,58,58,51,51,48,44,46,47,182,190,176,58,55,50,114,75,77,77,76,366,167,265,182,183,183,130,185,182,184,171,171,272,231,247,156,149,151,84,148,149,146,145,146,155,152,153,151,146,156,148,152,150,152,153,159,147,148,146,153,149,153,149,148,151,148,148,85,87,85,86,148,88,146,166,153,152,153,154,154,151,150,149,148,148,150,150,148,147,150,149,149,149,85,93,152,148,149,147,145,88,83,85,77,80,75,87,80,91,86,88,83,82,80,92,91,96,95,93,88,101,210,404,401,249,314
CAAQUT,15,15,15,16,17,16,16,16,15,15,16,15,15,15,15,16,16,15,16,16,17,15,15,14,15,15,15,15,15,15,15,15,15,15,15,15,15,15,15,15,15,15,15,15,15,15,15,16,30,29,35,20,20,22,17,20,20,20,19,19,14,14,14,19,20,20,20,20,20,12,20,23,1,1,0,0,16,44,56,33,32,45,34,41,53,49,43,45,56,45,44,44,46,58,57,44,44,44,44,58,58,51,51,48,44,46,47,175,182,169,58,55,50,84,46,47,47,47,337,137,264,182,182,183,130,185,182,183,170,170,272,231,247,156,149,151,84,147,149,146,145,146,154,152,153,151,146,155,148,152,150,152,153,159,147,147,146,152,149,153,149,147,151,148,148,85,87,85,86,148,88,146,166,153,152,153,154,154,150,150,148,148,148,150,149,148,147,149,149,149,149,85,93,152,148,149,147,145,88,83,85,77,79,75,86,80,91,86,87,83,82,80,92,91,96,94,93,88,100,210,375,372,220,313
CAARE3,14,14,14,15,16,15,15,15,14,14,15,14,14,14,14,15,15,14,15,15,16,14,14,13,14,14,14,14,14,14,14,14,14,14,14,14,14,14,14,14,14,14,14,14,14,14,14,15,29,28,34,19,19,21,16,19,19,19,18,18,13,13,13,18,19,19,19,19,19,11,19,22,1,1,0,0,15,43,55,32,31,44,33,40,52,48,42,44,55,44,43,43,45,57,56,43,43,43,43,57,57,50,50,47,43,45,46,174,181,168,57,54,49,83,45,46,46,46,336,136,263,181,181,182,129,184,181,182,169,169,271,230,246,155,148,150,83,146,148,145,144,145,153,151,152,150,145,154,147,151,149,151,152,158,146,146,145,151,148,152,148,146,150,147,147,84,86,84,85,147,87,145,165,152,151,152,153,153,149,149,147,147,147,149,148,147,146,148,148,148,148,84,92,151,147,148,146,144,87,82,84,76,78,74,85,79,90,85,86,82,81,79,91,90,95,93,92,87,99,209,374,371,219,312
CLL6CH,14,14,14,15,16,15,15,15,14,14,15,14,14,14,14,15,15,14,15,15,16,14,14,13,14,14,14,14,14,14,14,14,14,14,14,14,14,14,14,14,14,14,14,14,14,14,14,15,27,26,33,18,18,20,16,18,18,18,17,17,13,13,13,19,19,19,19,19,19,11,20,21,15,16,16,15,0,46,54,30,30,40,30,35,50,46,40,42,53,41,41,41,43,54,54,40,40,41,42,54,54,48,48,45,41,44,45,180,187,173,55,51,46,111,72,73,73,72,359,163,256,177,178,177,125,178,176,177,167,166,262,224,240,149,142,144,77,141,142,139,138,139,148,145,146,143,139,145,141,145,143,145,146,152,140,141,139,146,141,146,142,141,143,141,141,78,80,78,79,141,80,139,158,145,144,145,145,146,143,143,142,141,141,143,143,141,141,143,142,142,142,78,86,145,141,142,140,138,81,77,79,71,74,69,81,74,85,79,81,76,75,73,86,85,90,89,87,82,92,187,380,377,226,302
ERR10438737,45,45,45,46,47,46,46,46,45,45,46,45,45,45,45,46,46,45,46,46,47,45,45,44,45,45,45,45,45,45,45,45,45,45,45,45,45,45,45,45,45,45,45,45,44,45,45,46,59,58,62,49,48,51,48,50,50,50,49,49,44,44,44,50,50,50,50,50,50,37,47,53,45,49,44,43,46,0,43,33,32,40,29,35,47,42,37,39,50,37,38,37,39,51,51,39,37,37,39,51,51,38,40,41,38,39,39,70,68,60,49,42,39,106,68,69,70,69,330,128,258,174,178,177,110,179,176,177,165,166,266,225,240,149,143,145,79,142,143,138,139,139,148,145,145,145,139,149,140,145,143,146,146,153,142,143,141,147,143,146,141,140,144,141,142,79,80,78,78,141,81,139,158,148,146,147,148,147,145,144,143,142,142,143,142,141,140,144,143,143,143,79,85,144,142,143,141,138,81,78,80,71,71,69,81,74,85,80,82,77,75,75,81,81,86,84,81,76,82,204,393,389,243,305
ERR10113269,53,53,53,54,55,54,54,54,53,53,54,53,53,53,53,54,54,53,54,54,54,53,53,53,53,53,53,53,53,53,52,53,53,53,53,53,53,53,53,53,53,53,53,53,53,53,53,53,67,64,70,55,56,59,52,58,58,58,57,57,52,52,52,57,58,58,58,58,56,50,57,60,53,56,56,55,54,43,0,30,31,44,32,39,52,47,42,32,55,41,43,42,44,55,55,30,41,41,42,53,55,38,40,45,42,31,31,48,47,40,51,42,39,70,43,44,45,45,111,94,191,99,102,102,117,122,119,119,97,108,208,138,141,149,142,145,81,142,143,139,139,140,141,147,148,147,141,150,141,148,146,145,146,154,142,142,141,145,145,148,141,140,145,141,141,82,83,81,82,141,75,142,159,139,146,149,149,149,144,146,144,144,144,145,143,143,141,145,145,145,145,82,89,147,145,145,143,135,83,79,82,75,73,70,81,76,88,81,82,80,78,76,90,90,95,92,91,85,99,206,372,367,217,295
ERR6752971,30,30,30,31,32,31,31,31,30,30,31,30,30,30,30,31,31,30,31,31,32,30,30,30,30,30,30,30,30,30,30,30,30,30,30,30,30,30,30,30,30,30,29,30,30,30,30,31,45,44,49,35,35,37,33,35,35,35,34,34,29,29,29,35,35,35,35,35,35,27,34,38,30,33,33,32,30,33,30,0,1,22,10,17,29,24,19,21,32,20,20,20,21,20,19,20,19,19,21,33,33,27,28,23,20,22,23,146,153,139,34,31,26,90,50,53,53,52,340,144,202,117,120,118,106,108,105,106,106,107,194,142,156,59,60,62,60,59,60,57,56,58,66,63,61,62,57,67,58,63,61,63,63,64,59,60,58,61,60,60,59,58,62,59,59,60,62,60,61,58,61,57,76,63,63,64,65,66,62,60,60,59,59,60,60,59,58,61,60,60,60,60,68,63,60,60,58,57,62,59,61,53,53,50,61,55,60,61,63,57,57,56,68,67,72,70,69,63,76,50,100,101,77,197
ERR5751227,29,29,29,30,31,30,30,30,29,29,30,29,29,29,29,30,30,29,30,30,31,29,29,29,29,29,29,29,29,29,29,29,29,29,29,29,29,29,29,29,29,29,29,29,29,29,29,30,44,43,48,34,34,36,32,34,34,34,33,33,28,28,28,34,34,34,34,34,34,26,33,37,29,32,32,31,30,32,31,1,0,21,9,16,28,23,18,20,31,19,19,19,20,19,18,19,18,18,20,32,32,26,27,22,19,21,22,145,152,138,33,30,25,89,49,52,52,51,339,143,194,109,112,110,105,100,97,98,98,99,186,141,157,58,59,61,59,58,59,56,55,57,65,62,60,61,56,66,57,62,60,62,62,63,58,59,57,60,59,59,58,57,61,58,58,59,61,59,60,57,62,56,75,62,62,63,64,65,61,59,59,58,58,59,59,58,57,60,59,59,59,59,67,62,59,59,57,56,62,58,60,52,53,49,61,54,59,60,62,57,56,55,67,66,71,69,68,62,75,49,99,100,76,196
ERR9976609,42,42,42,43,44,43,43,43,42,42,43,42,42,42,42,43,43,42,43,43,44,42,42,40,42,42,42,42,42,42,42,42,42,42,42,42,42,42,42,42,42,42,42,42,42,42,42,43,56,55,60,47,47,49,43,47,47,47,46,46,41,41,39,46,47,47,47,47,47,39,42,50,42,45,45,44,40,40,44,22,21,0,12,19,37,32,27,29,40,28,28,28,29,30,29,28,27,27,28,41,41,33,34,31,28,28,29,149,155,142,42,39,34,68,29,31,31,31,309,122,194,123,124,124,114,115,112,112,111,112,201,202,217,127,120,122,68,118,120,117,116,118,125,123,124,122,117,126,118,123,121,123,123,130,119,119,118,124,120,124,120,118,122,119,119,68,70,68,69,118,70,117,137,125,123,124,125,126,121,121,119,119,119,120,120,120,118,120,120,120,120,68,76,123,120,120,118,116,71,67,69,61,61,58,67,63,74,69,70,65,65,64,76,75,80,77,77,71,84,194,358,355,191,296
ERR11219800,31,31,31,32,33,32,32,32,31,31,32,31,31,31,31,32,32,31,32,32,33,31,31,29,31,31,31,31,31,31,31,31,31,31,31,31,31,31,31,31,31,31,31,31,31,31,31,32,46,45,50,36,36,38,32,36,36,36,35,35,30,30,28,35,36,36,36,36,36,28,32,39,31,34,34,33,30,29,32,10,9,12,0,7,25,20,15,17,28,16,16,16,17,28,27,16,15,15,16,29,29,23,24,19,16,18,19,147,153,140,30,27,22,56,17,19,19,19,311,110,200,117,118,118,102,119,116,116,105,106,205,200,215,125,118,120,56,116,118,115,114,116,123,121,122,120,115,124,116,121,119,121,121,128,117,117,116,122,118,122,118,116,120,117,117,56,58,56,57,116,58,115,135,123,121,122,123,124,119,119,117,117,117,118,118,118,116,118,118,118,118,56,64,121,118,118,116,115,59,55,57,49,49,46,56,51,62,57,58,53,53,52,64,63,68,65,65,59,72,182,347,344,190,286
ERR12142619,38,38,38,39,40,39,39,39,38,38,39,38,38,38,38,39,39,38,39,39,40,38,38,36,38,38,38,38,38,38,38,38,38,38,38,38,38,38,38,38,38,38,38,38,38,38,38,39,53,52,57,43,43,45,39,43,43,43,42,42,37,37,35,42,43,43,43,43,43,35,38,46,37,41,41,40,35,35,39,17,16,19,7,0,32,27,22,24,35,23,23,23,24,35,34,23,22,22,23,36,35,30,31,26,23,25,26,154,160,147,37,34,29,63,24,26,26,26,314,117,167,84,85,85,109,86,83,83,72,73,172,207,223,132,125,127,63,123,125,122,121,123,130,128,129,127,122,131,123,128,126,128,128,135,124,124,123,129,125,129,125,123,127,124,124,63,65,63,64,123,65,122,142,130,128,129,130,131,126,126,124,124,124,125,125,125,121,125,125,125,125,63,71,128,125,125,123,122,65,62,64,56,55,53,64,58,69,64,65,61,60,59,71,70,75,72,72,66,79,189,354,351,197,200
ERR11747325,50,50,50,51,52,51,51,51,50,50,51,50,50,50,50,51,51,50,51,51,51,50,50,50,50,50,50,50,50,50,50,50,50,50,50,50,50,50,50,50,50,50,50,50,50,50,50,50,63,62,67,53,53,55,51,53,53,53,52,52,49,49,49,54,55,55,55,55,55,47,53,58,49,53,53,52,50,47,52,29,28,37,25,32,0,5,10,12,29,15,17,17,18,30,29,22,20,20,21,34,34,28,29,24,21,31,32,162,169,155,44,45,41,74,35,38,38,38,329,128,203,120,121,121,120,123,120,120,108,108,209,217,233,143,135,138,74,134,136,133,132,134,141,139,140,138,133,142,134,139,137,139,139,146,135,135,134,140,136,140,136,134,138,135,135,74,76,74,75,134,76,133,151,141,139,140,141,141,137,136,134,134,134,136,135,135,133,135,135,135,135,74,82,138,136,136,134,133,77,73,75,67,67,64,74,69,80,75,76,71,71,70,81,80,85,82,81,76,79,199,361,358,209,304
ERR11502778,46,46,46,47,48,47,47,47,46,46,47,46,46,46,46,47,47,46,47,47,47,46,46,46,46,46,46,46,46,46,46,46,46,46,46,46,46,46,46,46,46,46,46,46,46,46,46,46,59,58,63,49,49,51,47,49,49,49,48,48,45,45,45,50,51,51,51,51,51,43,49,54,45,49,49,48,46,42,47,24,23,32,20,27,5,0,5,7,24,10,12,12,13,12,11,17,15,15,16,29,29,23,24,19,16,26,27,144,151,137,39,40,36,69,30,33,33,33,325,123,199,116,117,117,115,106,103,103,104,104,192,188,204,114,106,109,69,105,107,104,103,105,112,110,111,109,104,113,105,110,108,110,110,117,106,106,105,111,107,111,107,105,109,106,106,69,71,69,70,105,70,104,122,112,110,111,112,112,108,107,105,105,105,107,106,106,104,106,106,106,106,69,77,109,107,107,105,104,71,68,70,62,61,59,69,64,75,70,71,66,66,65,76,75,80,77,76,71,74,194,356,353,191,299
ERR7197834,40,40,40,41,42,41,41,41,40,40,41,40,40,40,40,41,41,40,41,41,41,40,40,40,40,40,40,40,40,40,40,40,40,40,40,40,40,40,40,40,40,40,40,40,40,40,40,40,53,52,57,43,43,45,41,43,43,43,42,42,39,39,39,44,45,45,45,45,45,37,43,48,39,43,43,42,40,37,42,19,18,27,15,22,10,5,0,2,19,5,7,7,8,20,19,12,10,10,11,24,24,18,19,14,11,21,22,152,159,145,34,35,31,64,25,28,28,28,319,118,216,133,134,134,110,136,134,134,122,122,223,208,224,134,126,129,64,125,127,124,123,125,132,130,131,129,124,133,125,130,128,130,130,137,126,126,125,131,127,131,127,125,129,126,126,64,66,64,65,125,67,124,142,132,130,131,132,132,128,127,125,125,125,127,126,126,124,126,126,126,126,64,72,129,127,127,125,124,67,63,65,57,57,54,65,59,70,65,66,62,61,60,71,70,75,72,71,66,69,189,351,348,198,293
ERR9079758,42,42,42,43,44,43,43,43,42,42,43,42,42,42,42,43,43,42,43,43,43,42,42,42,42,42,42,42,42,42,42,42,42,42,42,42,42,42,42,42,42,42,42,42,42,42,42,42,55,54,59,45,45,47,43,45,45,45,44,44,41,41,41,46,47,47,47,47,47,39,45,50,41,45,45,44,42,39,32,21,20,29,17,24,12,7,2,0,21,7,9,9,10,17,16,12,12,12,13,26,26,20,21,16,13,21,22,146,154,140,36,37,33,64,27,30,30,30,127,120,193,102,103,103,111,109,106,106,98,99,194,123,126,127,118,121,65,117,120,117,116,118,117,122,124,122,117,125,118,123,121,122,123,130,119,119,118,124,120,124,120,118,122,118,118,66,68,66,67,118,69,117,135,125,123,124,124,125,121,120,118,118,118,120,119,119,117,119,119,119,119,66,74,122,120,120,118,117,69,65,67,59,59,56,67,61,72,67,68,64,63,62,73,72,77,74,73,68,71,191,353,350,196,295
ERR6806255,53,53,53,54,55,54,54,54,53,53,54,53,53,53,53,54,54,53,54,54,54,53,53,52,53,53,53,53,53,53,53,53,53,53,53,53,53,53,53,53,53,53,53,53,53,53,53,53,66,65,70,56,56,58,54,56,56,56,55,55,51,52,52,57,58,58,58,58,58,50,56,61,52,56,56,55,53,50,55,32,31,40,28,35,29,24,19,21,0,20,20,20,21,34,33,25,23,23,24,37,37,31,32,27,24,34,35,166,173,159,47,48,44,77,38,41,41,41,332,131,257,174,175,175,123,178,175,175,162,162,264,222,238,148,140,143,77,139,141,138,137,139,146,144,145,143,138,147,139,144,142,144,144,151,140,140,139,145,141,145,141,139,143,140,140,77,79,77,78,139,80,138,156,146,144,145,146,146,142,141,139,139,139,141,140,140,138,140,140,140,140,77,85,143,141,141,139,138,80,76,78,70,70,67,78,72,83,78,79,75,74,73,84,83,88,85,84,79,82,202,364,361,213,307
ERR6805990,42,42,42,43,44,43,43,43,42,42,43,42,42,42,42,43,43,42,43,43,43,42,42,42,42,42,42,42,42,42,42,42,42,42,42,42,42,42,42,42,42,42,42,42,42,42,42,42,55,54,59,45,45,47,43,45,45,45,44,44,41,41,40,46,47,47,47,47,47,39,44,50,41,45,45,44,41,37,41,20,19,28,16,23,15,10,5,7,20,0,8,8,9,21,20,13,11,11,12,25,25,19,20,15,12,21,22,153,159,146,35,36,32,65,26,29,29,29,320,119,176,92,94,94,111,96,93,93,81,81,182,209,225,135,127,130,65,126,128,125,124,126,133,131,132,130,125,134,126,131,129,131,131,138,127,127,126,132,128,132,127,125,130,127,127,65,67,65,66,126,68,125,142,133,131,132,133,133,129,128,126,126,126,128,126,126,125,127,127,127,127,65,73,130,128,128,126,125,68,64,66,58,58,55,66,60,71,66,67,63,62,61,70,69,74,71,70,65,68,190,352,349,200,295
ERR6806776,41,41,41,42,43,42,42,42,41,41,42,41,41,41,41,42,42,41,42,42,42,41,41,40,41,41,41,41,41,41,41,41,41,41,41,41,41,41,41,41,41,41,41,41,41,41,41,41,54,53,57,44,44,46,42,44,44,44,43,43,40,40,40,45,46,46,46,46,46,38,44,49,40,44,44,43,41,38,43,20,19,28,16,23,17,12,7,9,20,8,0,0,1,14,13,13,11,11,12,25,25,19,20,15,12,22,23,150,157,143,35,36,32,65,26,29,29,29,318,119,195,112,113,113,111,112,109,109,100,100,198,206,222,132,124,127,65,123,125,122,121,123,130,128,129,127,122,131,123,128,126,128,128,135,124,124,123,129,125,129,125,123,127,124,124,65,67,65,66,123,68,122,140,130,128,129,130,130,126,125,123,123,123,125,124,124,122,124,124,124,124,65,73,127,125,125,123,122,68,64,66,58,58,55,66,60,71,66,67,63,62,61,72,71,76,73,72,67,70,190,352,349,197,295
ERR5750995,41,41,41,42,43,42,42,42,41,41,42,41,41,41,41,42,42,41,42,42,42,41,41,40,41,41,41,41,41,41,41,41,41,41,41,41,41,41,41,41,41,41,41,41,41,41,41,41,54,53,57,44,44,46,42,44,44,44,43,43,40,40,40,45,46,46,46,46,46,38,44,49,40,44,44,43,41,37,42,20,19,28,16,23,17,12,7,9,20,8,0,0,1,11,10,13,11,11,12,25,25,19,20,15,12,22,23,147,154,140,35,36,32,65,26,29,29,29,319,119,197,113,115,115,111,111,108,108,102,102,197,203,219,129,121,124,65,120,122,119,118,120,127,125,126,124,119,128,120,125,123,125,125,132,121,121,120,126,122,126,121,119,124,121,121,65,67,65,66,120,66,119,136,127,125,126,127,127,123,122,120,120,120,122,120,120,119,121,121,121,121,65,73,124,122,122,120,119,67,64,66,58,57,55,65,60,71,66,67,62,62,61,72,71,76,73,72,67,70,190,352,349,194,295
ERR6806749,43,43,43,44,45,44,44,44,43,43,44,43,43,43,43,44,44,43,44,44,44,43,43,42,43,43,43,43,43,43,43,43,43,43,43,43,43,43,43,43,43,43,43,43,43,43,43,43,56,55,59,46,46,48,44,46,46,46,45,45,42,42,42,47,48,48,48,48,48,40,46,51,42,46,46,45,43,39,44,21,20,29,17,24,18,13,8,10,21,9,1,1,0,5,4,14,12,12,13,26,26,20,21,16,13,23,24,141,148,134,36,37,33,66,27,30,30,30,319,120,165,82,83,83,112,72,69,69,70,70,158,197,213,123,115,118,66,114,116,113,112,114,121,119,120,118,113,122,114,119,117,119,119,126,115,115,114,120,116,120,116,114,118,115,115,66,68,66,67,114,69,113,131,121,119,120,121,121,117,116,114,114,114,116,115,115,113,115,115,115,115,66,74,118,116,116,114,113,69,65,67,59,59,56,67,61,72,67,68,64,63,62,73,72,77,74,73,68,71,191,353,350,188,296
ERR6805998,55,55,55,56,57,56,56,56,55,55,56,55,55,55,55,56,56,55,56,56,56,55,55,55,55,55,55,55,55,55,51,55,55,55,55,55,55,55,55,55,55,55,55,55,55,55,55,55,68,67,71,58,58,60,56,58,58,58,57,57,54,54,54,59,60,60,60,60,60,52,57,63,54,58,58,57,54,51,55,20,19,30,28,35,30,12,20,17,34,21,14,11,5,0,1,13,11,11,22,38,38,26,30,28,19,35,36,140,147,133,49,50,46,78,40,36,42,29,333,129,200,115,117,116,124,92,89,89,95,90,179,196,212,114,114,117,65,113,115,112,111,113,120,118,116,117,112,121,113,118,116,118,118,119,114,114,113,115,115,115,114,112,117,114,114,65,67,65,66,113,67,112,129,118,118,119,120,120,116,115,113,113,113,115,113,113,112,114,114,114,114,65,73,117,115,115,113,112,68,64,66,58,58,55,65,60,65,66,67,62,62,61,80,73,77,83,84,80,79,190,227,224,187,295
ERR6806833,54,54,54,55,56,55,55,55,54,54,55,54,54,54,54,55,55,54,55,55,55,54,54,54,54,54,54,54,54,54,50,54,54,54,54,54,54,54,54,54,54,54,54,54,54,54,54,54,67,66,71,57,57,59,55,57,57,57,56,56,53,53,53,58,59,59,59,59,59,51,57,62,53,57,57,56,54,51,55,19,18,29,27,34,29,11,19,16,33,20,13,10,4,1,0,12,10,10,21,37,37,25,29,27,18,34,35,139,146,132,48,49,45,77,39,35,41,28,333,128,241,157,158,157,123,133,130,130,136,131,220,195,211,113,113,116,64,112,114,111,110,112,119,117,115,116,111,120,112,117,115,117,117,118,113,113,112,114,114,114,114,112,116,113,113,64,66,64,65,112,67,111,129,117,117,118,119,119,115,114,112,112,112,114,113,113,111,113,113,113,113,64,72,116,114,114,112,111,67,63,65,57,57,54,65,59,64,65,66,62,61,60,79,72,76,82,83,79,78,189,226,223,186,294
ERR12080226,41,41,41,42,43,42,42,42,41,41,42,41,41,41,41,42,42,41,42,42,42,41,41,41,41,41,41,41,41,41,41,41,41,41,41,41,41,41,41,41,41,41,41,41,41,41,41,41,54,53,57,44,44,46,42,44,44,44,43,43,40,40,40,45,46,46,46,46,46,38,43,49,40,44,44,43,40,39,30,20,19,28,16,23,22,17,12,12,25,13,13,13,14,13,12,0,2,2,3,24,24,18,19,14,11,19,20,137,144,131,35,34,32,63,27,29,29,29,126,119,176,85,86,86,111,84,80,81,81,81,169,68,70,72,63,66,64,62,65,61,61,62,62,66,68,67,62,69,62,67,65,67,68,75,64,64,63,69,65,68,65,63,65,62,63,65,67,65,65,63,68,61,80,70,68,69,69,69,66,64,63,63,63,65,64,64,62,64,64,64,64,65,72,66,64,65,63,62,68,64,66,57,58,55,66,60,71,66,67,63,62,61,68,67,72,69,68,63,67,54,211,212,54,294
ERR12321283,41,41,41,42,43,42,41,42,41,41,42,41,41,41,41,42,42,41,42,42,42,41,41,41,41,41,41,41,41,41,41,41,41,41,41,41,41,41,41,41,41,41,41,41,41,41,41,41,54,53,57,44,44,46,42,44,44,44,43,43,40,40,40,45,46,46,46,46,46,38,44,49,40,44,44,43,40,37,41,19,18,27,15,22,20,15,10,12,23,11,11,11,12,11,10,2,0,0,1,22,22,16,17,12,9,20,21,139,146,132,35,35,31,64,25,28,28,28,320,118,173,90,91,91,110,80,77,77,78,77,166,195,211,121,113,116,64,112,114,111,110,112,119,117,118,116,111,120,112,117,115,117,117,124,113,113,112,118,114,118,114,112,116,113,113,64,66,64,65,112,67,111,129,119,117,118,119,119,115,114,112,112,112,114,113,113,111,113,113,113,113,64,72,116,114,114,112,111,67,63,65,57,57,54,65,59,70,65,66,62,61,60,68,67,72,69,68,63,68,189,351,348,186,294
ERR12321282,41,41,41,42,43,42,42,42,41,41,42,41,41,41,41,42,42,41,42,42,42,41,41,41,41,41,41,41,41,41,41,41,41,41,41,41,41,41,41,41,41,41,41,41,41,41,41,41,54,53,57,44,44,46,42,44,44,44,43,43,40,40,40,45,46,46,46,46,46,38,44,49,40,44,44,43,41,37,41,19,18,27,15,22,20,15,10,12,23,11,11,11,12,11,10,2,0,0,1,22,22,16,17,12,9,20,21,139,146,132,35,35,31,64,25,28,28,28,320,118,172,89,90,90,110,79,76,76,77,76,165,195,211,121,113,116,64,112,114,111,110,112,119,117,118,116,111,120,112,117,115,117,117,124,113,113,112,118,114,118,114,112,116,113,113,64,66,64,65,112,67,111,129,119,117,118,119,119,115,114,112,112,112,114,113,113,111,113,113,113,113,64,72,116,114,114,112,111,67,63,65,57,57,54,65,59,70,65,66,62,61,60,68,67,72,69,68,63,68,189,351,348,186,294
ERR12067314,42,42,42,43,44,43,43,43,42,42,43,42,42,42,42,43,43,42,43,43,43,42,42,42,42,42,42,42,42,42,42,42,42,42,42,42,42,42,42,42,42,42,42,42,42,42,42,42,55,54,58,45,45,47,43,45,45,45,44,44,41,41,41,46,47,47,47,47,47,38,45,50,41,45,44,43,42,39,42,21,20,28,16,23,21,16,11,13,24,12,12,12,13,22,21,3,1,1,0,23,23,17,18,13,10,21,22,150,157,143,36,36,32,65,26,29,29,29,321,119,165,82,83,83,111,82,79,79,70,69,168,206,222,132,124,127,65,123,125,122,121,123,130,128,129,127,122,131,123,128,126,128,128,135,124,124,123,129,125,129,125,123,127,124,124,65,67,65,66,123,67,122,140,130,128,129,130,130,126,125,123,123,123,125,124,124,122,124,124,124,124,65,73,127,125,125,123,122,68,64,66,58,58,55,65,60,71,66,67,62,62,61,69,68,73,70,69,64,69,190,352,349,197,295
ERR12321281,55,55,55,56,57,56,56,56,55,55,56,55,55,55,55,56,56,55,56,56,56,55,55,55,55,55,55,55,55,55,55,55,55,55,55,55,55,55,55,55,55,55,55,55,55,55,55,55,68,67,72,58,58,60,56,58,58,58,57,57,54,54,54,59,60,60,60,60,60,52,58,63,53,58,58,57,54,51,53,33,32,41,29,36,34,29,24,26,37,25,25,25,26,38,37,24,22,22,23,0,12,28,29,26,23,34,35,164,171,157,49,47,43,78,39,42,42,42,332,130,195,112,113,113,124,115,112,112,100,100,201,176,192,102,94,97,78,93,95,92,91,93,100,98,99,97,92,101,93,98,96,98,98,105,94,94,93,99,95,99,95,93,97,94,94,78,80,78,79,93,81,92,110,100,98,99,100,100,96,95,93,93,93,95,94,94,92,94,94,94,94,78,86,97,95,95,93,92,81,77,79,71,71,68,79,73,84,79,80,76,75,74,82,81,86,83,82,77,82,201,363,360,211,308
ERR12142634,55,55,55,56,57,56,56,56,55,55,56,55,55,55,55,56,56,55,56,56,56,55,55,54,55,55,55,55,55,55,55,55,55,55,55,55,55,55,55,55,55,55,55,55,55,55,55,55,68,67,72,58,58,60,56,58,58,58,57,57,54,54,54,59,60,60,60,60,60,52,58,63,53,58,58,57,54,51,55,33,32,41,29,35,34,29,24,26,37,25,25,25,26,38,37,24,22,22,23,12,0,30,31,26,23,34,35,166,173,159,49,49,45,78,39,42,42,42,333,132,183,100,101,101,124,103,100,100,88,88,189,189,205,115,107,110,77,106,108,105,104,106,113,111,112,110,105,114,106,111,109,111,111,118,107,107,106,112,108,112,108,106,110,107,107,77,79,77,78,106,79,105,123,113,111,112,113,113,109,108,106,106,106,108,107,107,105,107,107,107,107,77,85,110,108,108,106,105,79,76,78,70,69,67,78,72,83,78,79,75,74,73,81,80,85,82,81,76,81,202,365,362,213,308
ERR6753111,48,48,48,49,50,49,49,49,48,48,49,48,48,48,48,49,49,48,49,49,49,48,48,48,48,48,48,48,48,48,48,48,48,48,48,48,48,48,48,48,48,48,48,48,48,48,48,48,60,59,64,50,50,52,49,51,51,51,50,50,47,47,47,52,53,53,53,53,53,45,51,56,47,51,51,50,48,38,38,27,26,33,23,30,28,23,18,20,31,19,19,19,20,26,25,18,16,16,17,28,30,0,5,14,11,25,26,41,39,33,37,33,29,72,33,35,35,35,295,89,179,95,97,97,118,92,89,89,84,84,179,210,226,136,128,131,72,127,129,126,125,127,134,132,133,131,126,135,127,132,130,132,132,139,128,128,127,132,129,133,128,126,131,128,128,72,74,72,73,127,75,126,143,134,132,133,134,134,130,129,127,127,127,129,127,127,126,128,128,128,128,72,80,131,129,129,127,120,75,71,73,65,65,62,73,67,78,73,74,70,69,68,76,75,80,77,76,71,76,197,359,355,201,296
ERR6806796,48,48,48,49,50,49,49,49,48,48,49,48,48,48,48,49,49,48,49,49,49,48,48,48,48,48,48,48,48,48,48,48,48,48,48,48,48,48,48,48,48,48,48,48,48,48,48,48,60,59,64,50,50,52,49,51,51,51,50,50,47,47,47,52,53,53,53,53,53,45,51,56,47,51,51,50,48,40,40,28,27,34,24,31,29,24,19,21,32,20,20,20,21,30,29,19,17,17,18,29,31,5,0,15,12,26,27,45,43,37,38,34,30,73,34,36,36,36,297,90,184,101,102,102,119,100,97,97,89,89,187,214,230,140,132,135,73,131,133,130,129,131,138,136,137,135,130,139,131,136,134,136,136,143,132,132,131,136,133,137,133,131,135,132,132,73,75,73,74,131,74,130,148,138,136,137,138,138,134,133,131,131,131,133,132,132,130,132,132,132,132,73,81,135,133,133,131,124,75,72,74,66,65,63,73,68,79,74,75,70,70,69,77,76,81,78,77,72,77,198,360,356,205,297
ERR6806789,45,45,45,46,47,46,46,46,45,45,46,45,45,45,45,46,46,45,46,46,46,45,45,45,45,45,45,45,45,45,45,45,45,45,45,45,45,45,45,45,45,45,45,45,45,45,45,45,58,57,62,48,48,50,46,48,48,48,47,47,44,44,44,48,50,50,50,50,50,42,48,53,44,48,48,47,45,41,45,23,22,31,19,26,24,19,14,16,27,15,15,15,16,28,27,14,12,12,13,26,26,14,15,0,5,24,25,155,162,148,39,39,35,68,29,32,32,32,324,122,210,127,128,128,114,130,127,127,115,115,216,212,228,138,130,133,68,129,131,128,127,129,136,134,135,133,128,137,129,134,132,134,134,141,130,130,129,135,131,135,131,129,133,130,130,68,70,68,69,129,70,128,146,136,134,135,136,136,132,131,129,129,129,131,130,130,128,130,130,130,130,68,76,133,131,131,128,128,71,67,69,61,61,58,68,63,74,69,70,65,65,64,72,71,76,73,72,67,72,193,355,352,203,298
ERR9971918,41,41,41,42,43,42,42,42,41,41,42,41,41,41,41,42,42,41,42,42,42,41,41,41,41,41,41,41,41,41,41,41,41,41,41,41,41,41,41,41,41,41,41,41,41,41,41,41,54,53,58,44,44,46,42,44,44,44,43,43,40,40,40,45,46,46,46,46,46,38,44,49,40,44,44,43,41,38,42,20,19,28,16,23,21,16,11,13,24,12,12,12,13,19,18,11,9,9,10,23,23,11,12,5,0,21,22,147,154,140,36,36,32,65,26,29,29,29,320,119,217,134,135,135,111,131,128,128,122,122,217,203,219,129,121,124,65,120,122,119,118,120,127,125,126,124,119,128,120,125,123,125,125,132,121,121,120,126,122,126,122,120,124,121,121,65,67,65,66,120,68,119,137,127,125,126,127,127,123,122,120,120,120,122,121,121,119,121,121,121,121,65,73,124,122,122,120,119,68,64,66,58,58,55,66,60,71,66,67,63,62,61,69,68,73,70,69,64,69,190,352,349,194,295
ERR7197741,43,43,43,44,45,44,44,44,43,43,44,43,43,43,43,44,44,43,44,44,44,43,43,43,43,43,43,43,43,43,43,43,43,43,43,43,43,43,43,43,43,43,43,43,43,43,43,43,58,57,61,48,48,50,46,48,48,48,47,47,42,42,41,47,48,48,48,48,48,40,46,51,43,46,46,45,44,39,31,22,21,28,18,25,31,26,21,21,34,21,22,22,23,35,34,19,20,20,21,34,34,25,26,24,21,0,3,151,159,145,36,34,31,63,26,31,31,31,127,120,244,153,154,154,110,167,164,164,151,152,252,133,135,137,128,131,66,127,130,127,126,128,127,132,134,132,127,135,128,133,131,132,133,140,129,129,128,134,130,134,130,128,132,128,128,67,69,67,68,128,70,127,145,135,133,134,134,135,131,130,128,128,128,130,129,129,127,129,129,129,129,67,75,132,130,130,128,126,70,66,68,60,60,57,68,62,73,68,69,65,64,63,72,71,76,73,72,67,70,192,354,351,202,295
ERR5751808,44,44,44,45,46,45,45,45,44,44,45,44,44,44,44,45,45,44,45,45,45,44,44,44,44,44,44,44,44,44,44,44,44,44,44,44,44,44,44,44,44,44,44,44,44,44,44,44,59,58,62,49,49,51,47,49,49,49,48,48,43,43,42,48,49,49,49,49,49,41,47,52,44,47,47,46,45,39,31,23,22,29,19,26,32,27,22,22,35,22,23,23,24,36,35,20,21,21,22,35,35,26,27,25,22,3,0,152,160,146,37,35,32,64,27,32,32,32,128,121,245,153,155,155,111,168,165,165,152,153,253,134,136,138,129,132,67,128,131,128,127,129,128,133,135,133,128,136,129,134,132,133,134,141,130,130,129,135,131,135,130,128,133,129,129,68,70,68,69,129,69,128,145,136,134,135,135,136,132,131,129,129,129,131,129,129,128,130,130,130,130,68,76,133,131,131,129,127,70,67,69,61,60,58,68,63,74,69,70,65,65,64,73,72,77,74,73,68,71,193,355,352,203,296
ERR12321280,180,180,180,181,182,181,181,181,180,180,181,180,180,180,180,181,181,180,181,181,181,180,180,179,179,180,180,180,180,180,176,180,180,180,180,180,180,180,180,180,180,180,179,180,180,180,180,181,195,193,198,184,184,186,182,185,185,185,184,184,179,179,179,184,185,185,185,185,185,170,182,188,176,182,175,174,180,70,48,146,145,149,147,154,162,144,152,146,166,153,150,147,141,140,139,137,139,139,150,164,166,41,45,155,147,151,152,0,16,15,40,57,51,194,159,152,160,149,162,154,375,283,284,283,237,269,266,266,270,269,335,314,319,233,233,235,183,232,234,231,230,232,239,237,235,236,231,240,232,237,235,237,237,238,232,232,231,232,233,233,234,232,236,233,233,184,186,184,185,232,187,231,250,237,237,238,239,240,235,234,232,232,232,234,233,233,231,233,233,233,233,184,192,236,234,234,232,122,187,183,185,177,177,174,185,179,184,185,186,182,181,180,201,194,198,204,206,201,205,311,347,343,307,301
ERR9692774,187,187,187,188,189,188,188,188,187,187,188,187,187,187,187,188,188,187,188,188,188,187,187,186,186,187,187,187,187,187,183,187,187,187,187,187,187,187,187,187,187,187,187,187,187,187,187,188,202,200,205,191,191,193,189,192,192,192,190,191,186,186,186,191,192,192,192,192,192,176,188,195,184,190,182,181,187,68,47,153,152,155,153,160,169,151,159,154,173,159,157,154,148,147,146,144,146,146,157,171,173,39,43,162,154,159,160,16,0,9,33,54,49,202,165,158,166,155,157,150,384,292,293,292,246,277,274,274,278,276,335,321,326,240,239,242,190,239,241,238,237,239,246,244,242,243,238,247,239,244,242,244,244,245,239,239,238,239,240,240,241,239,243,240,240,190,192,190,191,239,194,238,257,244,244,245,246,247,242,241,239,239,239,241,240,240,238,240,240,240,240,191,199,243,241,241,239,120,194,190,192,184,184,181,192,186,191,192,193,189,188,187,207,200,204,210,212,207,212,316,352,348,312,300
ERR6752863,173,173,173,174,175,174,174,174,173,173,174,173,173,173,173,174,174,173,174,174,174,172,173,172,172,173,173,173,173,173,169,173,173,173,173,173,173,173,173,173,173,173,173,173,173,173,173,174,188,186,191,177,177,179,175,178,178,178,177,177,172,172,172,177,178,178,178,178,178,163,175,181,170,176,169,168,173,60,40,139,138,142,140,147,155,137,145,140,159,146,143,140,134,133,132,131,132,132,143,157,159,33,37,148,140,145,146,15,9,0,32,49,44,189,153,146,153,142,148,141,370,277,279,278,232,263,260,260,265,263,329,231,233,227,226,228,176,225,228,225,224,226,225,230,229,230,225,233,226,231,229,230,231,232,226,226,225,226,227,227,227,225,230,226,226,178,180,178,179,226,179,225,243,231,231,232,232,234,229,228,226,226,226,228,226,226,225,227,227,227,227,178,186,230,228,228,226,115,180,177,179,171,170,168,178,173,178,179,180,175,175,174,194,187,191,197,199,194,198,304,340,336,300,295
SRR9273829,55,55,55,56,57,56,55,56,55,55,56,55,55,55,55,56,56,55,55,56,56,55,55,54,54,55,55,55,55,55,55,55,55,55,55,55,55,55,55,55,55,55,55,55,55,55,55,56,69,67,72,59,59,61,57,60,60,60,59,59,54,54,54,59,60,60,60,60,60,52,57,63,55,58,58,57,55,49,51,34,33,42,30,37,44,39,34,36,47,35,35,35,36,49,48,35,35,35,36,49,49,37,38,39,36,36,37,40,33,32,0,43,40,80,41,42,42,42,301,101,258,176,177,177,121,178,175,175,164,165,205,221,236,147,139,142,76,140,142,139,138,140,147,145,146,144,139,148,140,145,143,145,145,152,141,141,140,145,142,146,142,140,144,141,141,78,80,78,79,140,79,139,156,147,145,146,147,148,143,142,140,140,140,142,141,141,139,141,141,141,141,78,86,144,142,142,140,137,79,76,78,70,70,68,78,73,84,79,80,75,75,74,88,87,92,89,89,83,91,204,360,356,214,213
ERR9079830,52,52,52,53,54,53,53,53,52,52,53,52,52,52,52,53,53,52,53,53,54,52,52,51,52,52,52,52,52,52,52,52,52,52,52,52,52,52,52,52,52,52,52,52,52,52,52,53,65,63,66,56,56,58,54,57,57,57,56,56,50,51,50,56,57,57,57,57,57,49,52,60,52,55,55,54,51,42,42,31,30,39,27,34,45,40,35,37,48,36,36,36,37,50,49,34,35,35,36,47,49,33,34,39,36,34,35,57,54,49,43,0,15,65,26,33,33,33,292,88,246,163,164,164,112,170,167,167,155,154,257,210,226,135,128,130,70,126,128,125,124,126,133,130,131,130,125,134,126,131,129,131,131,138,127,127,126,131,128,132,128,126,130,127,127,70,72,70,71,126,72,125,145,133,131,132,133,134,129,128,127,127,126,128,128,128,126,128,128,128,128,70,78,131,128,128,126,119,73,69,71,62,63,60,70,64,76,71,72,67,67,66,74,73,78,75,75,69,72,193,358,354,203,292
ERR10880116,47,47,47,48,49,48,48,48,47,47,48,47,47,47,47,48,48,47,48,48,48,47,47,45,47,47,47,47,47,47,47,47,47,47,47,47,47,47,47,47,47,47,47,47,47,47,47,48,61,59,62,51,51,53,49,52,52,52,51,51,45,46,46,51,52,52,52,52,52,44,49,55,47,50,50,49,46,39,39,26,25,34,22,29,41,36,31,33,44,32,32,32,33,46,45,32,31,31,32,43,45,29,30,35,32,31,32,51,49,44,40,15,0,62,23,28,28,28,288,83,242,159,160,160,108,166,163,163,151,150,253,211,227,137,129,132,66,128,130,127,126,128,135,133,134,132,127,136,128,133,131,133,133,140,129,129,128,133,130,134,130,128,132,129,129,66,68,66,67,128,67,127,146,135,133,134,135,136,131,130,128,128,128,130,129,129,127,129,129,129,129,66,74,132,130,130,128,121,68,65,67,59,58,56,66,61,72,67,68,63,63,62,74,73,78,75,75,69,82,192,353,349,202,290
ERR5751304,111,111,111,112,113,112,112,112,111,111,112,111,111,111,111,112,112,111,111,112,112,111,111,110,111,111,111,111,111,111,111,111,111,111,111,111,111,111,111,111,111,111,111,111,111,111,111,111,126,124,130,116,116,118,114,114,114,114,113,113,110,110,109,115,116,116,116,116,116,78,114,119,108,114,84,83,111,106,70,90,89,68,56,63,74,69,64,64,77,65,65,65,66,78,77,63,64,64,65,78,78,72,73,68,65,63,64,194,202,189,80,65,62,0,39,51,59,63,85,77,273,182,184,184,122,166,162,163,183,184,189,164,167,168,159,162,97,158,161,158,157,159,158,163,165,163,158,133,159,164,162,163,164,171,160,160,159,165,161,165,160,158,163,159,159,98,100,98,99,159,101,158,175,166,164,165,165,166,162,161,159,159,159,161,159,159,158,160,160,160,160,98,106,163,161,161,159,158,100,96,98,91,91,88,99,93,104,99,100,96,95,94,108,107,112,109,108,103,83,224,386,383,234,236
ERR6806714,72,72,72,73,74,73,73,73,72,72,73,72,72,72,72,73,73,72,73,73,74,72,72,72,72,72,72,72,72,72,72,72,72,72,72,72,72,72,72,72,72,72,72,72,72,72,72,73,87,86,91,77,77,79,75,77,77,77,76,76,71,71,71,76,77,77,77,77,77,40,75,80,71,75,46,45,72,68,43,50,49,29,17,24,35,30,25,27,38,26,26,26,27,40,39,27,25,25,26,39,39,33,34,29,26,26,27,159,165,153,41,26,23,39,0,24,24,24,290,89,237,154,155,155,103,162,159,159,146,147,248,207,222,132,125,127,61,123,125,121,121,122,130,127,128,127,122,130,122,127,125,128,128,135,124,124,123,129,125,128,125,123,126,123,124,61,63,61,61,123,63,121,142,130,128,129,130,130,126,126,124,124,124,125,125,125,123,125,125,125,125,61,68,127,124,125,123,122,63,60,62,53,53,51,62,56,67,62,63,59,58,57,65,64,69,66,66,60,75,187,347,344,197,290
ERR5751296,74,74,74,75,76,75,75,75,74,74,75,74,74,74,74,75,75,74,75,75,76,74,74,74,74,74,74,74,74,74,74,74,74,74,74,74,74,74,74,74,74,74,74,74,74,74,74,75,89,88,92,79,79,81,76,79,79,79,78,78,73,73,73,78,79,79,79,79,79,41,76,82,74,77,47,46,73,69,44,53,52,31,19,26,38,33,28,30,41,29,29,29,30,36,35,29,28,28,29,42,42,35,36,32,29,31,32,152,158,146,42,33,28,51,24,0,0,0,289,88,191,107,109,109,105,104,101,101,96,97,189,198,214,123,116,118,59,114,116,113,112,114,121,119,120,118,113,121,114,119,117,119,119,126,115,115,114,120,116,120,115,113,118,115,115,59,61,59,60,114,60,113,132,121,119,120,121,122,117,117,115,115,115,116,115,115,114,116,116,116,116,59,67,119,116,116,114,112,61,58,60,52,51,49,59,54,65,60,61,56,56,55,67,66,71,68,68,62,74,185,350,347,188,288
ERR4451427,74,74,74,75,76,75,75,75,74,74,75,74,74,74,74,75,75,74,75,75,76,74,74,74,74,74,74,74,74,74,74,74,74,74,74,74,74,74,74,74,74,74,74,74,74,74,74,75,89,88,92,79,79,81,76,79,79,79,78,78,73,73,73,78,79,79,79,79,79,41,76,82,74,77,47,46,73,70,45,53,52,31,19,26,38,33,28,30,41,29,29,29,30,42,41,29,28,28,29,42,42,35,36,32,29,31,32,160,166,153,42,33,28,59,24,0,0,0,301,101,195,112,113,113,105,114,111,111,100,101,199,204,220,129,122,124,59,120,122,119,118,120,127,125,126,124,119,127,120,125,123,125,125,132,121,121,120,126,122,126,122,120,124,121,121,59,61,59,60,120,60,119,139,127,125,126,127,128,123,123,121,121,121,122,122,122,120,122,122,122,122,59,67,125,122,122,120,118,61,58,60,52,51,49,59,54,65,60,61,56,56,55,67,66,71,68,68,62,74,185,350,347,194,287
ERR6806125,73,73,73,74,75,74,74,74,73,73,74,73,73,73,73,74,74,73,74,74,75,73,73,73,73,73,73,73,73,73,73,73,73,73,73,73,73,73,73,73,73,73,73,73,73,73,73,74,88,87,91,78,78,80,75,78,78,78,77,77,72,72,72,77,78,78,78,78,78,41,75,81,73,76,47,46,72,69,45,52,51,31,19,26,38,33,28,30,41,29,29,29,30,29,28,29,28,28,29,42,42,35,36,32,29,31,32,149,155,142,42,33,28,63,24,0,0,0,311,111,166,83,84,84,105,72,69,69,71,72,158,191,207,116,109,111,59,107,109,106,105,107,114,112,113,111,106,114,107,112,110,112,112,119,108,108,107,113,109,113,109,107,111,108,108,59,61,59,60,107,62,106,126,114,112,113,114,115,110,110,108,108,108,109,109,109,107,109,109,109,109,59,67,112,109,109,107,105,62,58,60,52,52,49,60,54,65,60,61,57,56,55,67,66,71,68,68,62,74,185,350,347,181,288
ERR6806317,363,363,363,364,365,364,364,364,363,363,363,363,363,363,363,364,363,363,363,364,341,326,363,360,363,362,362,363,363,363,363,363,363,363,362,363,363,363,363,363,360,363,333,363,362,363,363,364,376,373,377,366,366,368,364,368,368,368,367,367,361,362,361,367,368,368,368,368,367,331,344,370,362,366,337,336,359,330,111,340,339,309,311,314,329,325,319,127,332,320,318,319,319,333,333,126,320,320,321,332,333,295,297,324,320,127,128,162,157,148,301,292,288,85,290,289,301,311,0,234,321,256,258,258,201,401,397,398,239,436,409,247,264,367,358,363,348,359,360,357,356,358,366,364,365,364,358,335,358,364,363,363,364,372,360,360,358,363,362,365,360,359,363,358,358,349,350,349,350,358,345,358,377,360,363,366,365,365,362,360,359,360,360,361,360,360,358,360,360,361,360,346,354,359,361,358,359,327,348,346,348,340,340,337,347,344,353,348,350,346,346,343,354,356,358,356,356,350,332,339,472,481,351,257
ERR12067371,164,164,164,165,166,165,165,165,164,164,165,164,164,164,164,165,165,164,164,165,166,164,164,163,164,164,164,164,164,164,164,164,164,164,164,164,164,164,164,164,164,164,164,164,164,164,164,165,178,177,182,168,168,170,167,169,169,169,168,168,163,163,163,168,169,169,169,169,169,131,166,172,162,167,137,136,163,128,94,144,143,122,110,117,128,123,118,120,131,119,119,119,120,129,128,119,118,118,119,130,132,89,90,122,119,120,121,154,150,141,101,88,83,77,89,88,101,111,234,0,304,221,222,222,196,177,174,174,210,211,188,291,302,216,209,211,149,207,209,206,205,207,214,212,213,211,206,182,207,212,210,212,212,219,208,208,207,212,209,213,209,207,211,208,208,149,151,149,150,207,151,206,226,214,212,213,214,215,210,210,208,208,208,209,209,209,207,209,209,209,209,149,157,212,208,208,206,173,151,147,149,142,142,139,148,144,154,150,151,146,146,145,157,156,161,158,158,152,132,275,441,437,282,253
ERR6806075,262,262,262,263,264,263,263,263,262,262,263,262,262,262,262,263,263,262,263,263,263,262,262,258,262,262,262,262,252,262,261,262,262,262,262,262,262,262,262,261,262,262,258,262,262,262,262,263,276,269,258,267,267,269,243,267,267,267,266,266,257,261,234,266,267,267,267,267,267,258,230,270,258,265,264,263,256,258,191,202,194,194,200,167,203,199,216,193,257,176,195,197,165,200,241,176,173,172,165,195,183,179,184,210,217,244,245,375,384,370,258,246,242,273,237,191,195,166,321,304,0,93,93,94,187,134,133,133,124,122,224,229,230,232,224,226,160,224,227,223,223,224,224,228,230,229,224,230,224,229,227,229,230,237,226,226,225,231,227,230,226,224,228,224,225,163,165,163,163,225,166,223,241,232,230,231,231,232,228,228,226,226,226,227,226,226,225,227,227,227,227,163,170,228,226,227,225,223,166,162,164,156,156,153,163,158,168,164,165,161,160,159,203,256,181,256,280,209,238,402,560,557,410,389
ERR10176870,179,179,179,180,181,180,180,180,179,179,180,179,179,179,179,180,180,179,180,180,181,172,179,179,179,179,179,179,169,179,178,179,179,179,179,179,179,179,179,179,179,179,174,179,179,179,179,180,194,187,176,184,183,186,163,184,184,184,183,183,174,178,152,183,184,184,184,184,184,176,151,187,177,182,182,181,177,174,99,117,109,123,117,84,120,116,133,102,174,92,112,113,82,115,157,85,90,89,82,112,100,95,101,127,134,153,153,283,292,277,176,163,159,182,154,107,112,83,256,221,93,0,1,2,95,52,51,51,32,38,140,138,139,148,141,143,78,139,142,137,138,138,138,143,144,144,138,146,139,144,142,144,145,152,141,141,140,146,142,145,140,138,143,139,140,79,80,78,78,140,82,138,157,147,145,146,146,146,143,143,141,141,141,142,140,140,139,142,142,142,142,79,85,143,141,142,140,139,82,78,80,72,71,69,80,74,84,80,81,77,75,75,119,173,98,173,197,125,156,318,483,480,328,300
ERR10460856,180,180,180,181,182,181,181,181,180,180,181,180,180,180,180,181,181,180,181,181,182,173,180,180,180,180,180,180,170,180,179,180,180,180,180,180,180,180,180,180,180,180,175,180,180,180,180,181,195,188,177,185,185,187,164,185,185,185,184,184,175,179,153,184,185,185,185,185,185,176,149,188,178,183,182,181,178,178,102,120,112,124,118,85,121,117,134,103,175,94,113,115,83,117,158,86,91,90,83,113,101,97,102,128,135,154,155,284,293,279,177,164,160,184,155,109,113,84,258,222,93,1,0,1,94,51,50,50,31,37,139,137,138,148,140,142,77,138,141,137,137,138,138,142,144,143,138,145,138,143,141,143,144,151,140,140,139,145,141,144,141,139,142,138,139,78,80,78,78,139,81,137,158,146,144,145,145,146,142,142,140,140,140,141,141,141,139,141,141,141,141,78,85,143,140,141,139,138,81,77,79,71,71,68,79,73,83,79,80,76,75,74,121,174,99,174,198,127,157,320,484,481,329,299
ERR10460902,180,180,180,181,182,181,181,181,180,180,181,180,180,180,180,181,181,180,181,181,182,173,180,180,180,180,180,180,170,180,178,180,180,180,180,180,180,180,180,179,180,180,175,180,180,180,180,181,195,188,177,185,185,187,164,185,185,185,184,184,175,179,152,184,185,185,185,185,185,177,151,188,178,183,183,182,177,177,102,118,110,124,118,85,121,117,134,103,175,94,113,115,83,116,157,86,91,90,83,113,101,97,102,128,135,154,155,283,292,278,177,164,160,184,155,109,113,84,258,222,94,2,1,0,95,51,50,50,32,38,139,137,138,148,140,142,77,138,141,137,137,138,138,142,144,143,138,145,138,143,141,143,144,151,140,140,139,145,141,144,141,139,142,138,139,78,80,78,78,139,81,137,158,146,144,145,145,146,142,142,140,140,140,141,141,141,139,141,141,141,141,78,85,143,140,141,139,138,81,77,79,71,71,68,79,73,83,79,80,76,75,74,121,174,99,174,198,127,157,319,479,476,328,299
ERR6806726,127,127,127,128,129,128,128,128,127,127,128,127,127,127,127,128,128,127,128,128,129,127,127,127,127,127,127,127,127,127,119,127,127,127,127,127,127,127,127,127,127,127,111,127,127,127,127,128,142,138,144,132,132,134,130,132,132,132,131,131,126,126,123,131,132,132,132,132,132,124,126,135,126,130,130,129,125,110,117,106,105,114,102,109,120,115,110,111,123,111,111,111,112,124,123,111,110,110,111,124,124,118,119,114,111,110,111,237,246,232,121,112,108,122,103,105,105,105,201,196,187,95,94,95,0,115,114,114,103,101,203,138,139,141,133,135,70,131,134,130,130,131,131,135,137,136,131,138,131,136,134,136,137,144,133,133,132,138,134,137,134,132,135,131,132,71,73,71,71,132,74,130,151,139,137,138,138,139,135,135,133,133,133,134,134,134,132,134,134,134,134,71,78,136,133,134,132,131,74,70,72,64,64,61,72,66,76,72,73,69,68,67,145,144,149,146,146,140,144,197,362,359,206,300
ERR12078572,182,182,182,183,184,183,183,183,182,182,183,182,182,182,182,183,183,182,182,183,183,182,182,180,182,182,182,182,172,182,177,182,182,182,182,182,182,182,182,182,182,182,178,182,182,182,182,183,197,190,181,187,187,189,166,187,187,187,186,186,177,181,155,186,187,187,187,187,187,179,152,190,180,185,185,184,178,179,122,108,100,115,119,86,123,106,136,109,178,96,112,111,72,92,133,84,80,79,82,115,103,92,100,130,131,167,168,269,277,263,178,170,166,166,162,104,114,72,401,177,134,52,51,51,115,0,2,0,33,26,24,198,213,116,116,119,67,115,117,113,113,114,122,119,117,119,114,122,114,119,117,120,120,121,116,116,115,117,117,116,117,115,118,115,116,67,69,67,67,115,68,113,133,120,120,121,122,122,118,117,115,115,115,116,116,116,114,116,116,116,116,67,74,118,115,116,114,113,68,65,66,60,59,57,67,62,66,68,69,64,64,63,117,164,88,172,198,128,155,308,345,342,305,203
ERR11747320,179,179,179,180,181,180,180,180,179,179,180,179,179,179,179,180,180,179,179,180,180,179,179,177,179,179,179,179,169,179,174,179,179,179,179,179,179,179,179,179,179,179,175,179,179,179,179,180,194,187,178,184,184,186,163,184,184,184,183,183,174,178,152,183,184,184,184,184,184,176,152,187,177,182,182,181,176,176,119,105,97,112,116,83,120,103,134,106,175,93,109,108,69,89,130,80,77,76,79,112,100,89,97,127,128,164,165,266,274,260,175,167,163,162,159,101,111,69,397,174,133,51,50,50,114,2,0,2,32,26,24,198,213,116,116,119,67,115,117,113,113,114,122,119,117,119,114,122,114,119,117,120,120,121,116,116,115,117,117,116,117,115,118,115,116,67,69,67,67,115,69,113,133,120,120,121,122,122,118,117,115,115,115,116,116,116,114,116,116,116,116,67,74,118,115,116,114,113,69,65,67,60,60,57,67,62,66,68,69,64,64,63,114,161,85,169,194,125,152,304,342,339,302,202
ERR12495482,181,181,181,182,183,182,182,182,181,181,182,181,181,181,181,182,182,181,181,182,182,181,181,179,181,181,181,181,171,181,176,181,181,181,181,181,181,181,181,181,181,181,176,181,181,181,181,182,196,189,180,186,186,188,165,186,186,186,185,185,176,180,154,185,186,186,186,186,186,177,154,189,179,184,183,182,177,177,119,106,98,112,116,83,120,103,134,106,175,93,109,108,69,89,130,81,77,76,79,112,100,89,97,127,128,164,165,266,274,260,175,167,163,163,159,101,111,69,398,174,133,51,50,50,114,0,2,0,32,25,23,197,212,115,115,118,66,114,116,112,112,113,121,118,116,118,113,121,113,118,116,119,119,120,115,115,114,116,116,115,116,114,117,114,115,66,68,66,66,114,69,112,132,119,119,120,121,121,117,116,114,114,114,115,115,115,113,115,115,115,115,66,73,117,114,115,113,112,68,64,66,59,59,56,67,61,65,67,68,64,63,62,114,161,85,169,195,125,152,305,342,339,302,202
ERR5751726,168,168,168,169,170,169,169,169,168,168,169,168,168,168,168,169,169,168,169,169,169,168,168,168,168,168,168,168,158,168,167,168,168,168,168,168,168,168,168,168,167,168,164,168,168,168,168,169,183,176,167,173,173,175,152,173,173,173,172,172,163,167,141,172,173,173,173,173,173,164,141,176,166,171,170,169,167,165,97,106,98,111,105,72,108,104,122,98,162,81,100,102,70,95,136,81,78,77,70,100,88,84,89,115,122,151,152,270,278,265,164,155,151,183,146,96,100,71,239,210,124,32,31,32,103,33,32,32,0,18,121,126,127,130,121,124,67,120,123,119,119,120,120,124,126,125,120,127,120,125,123,125,126,133,122,122,121,127,123,126,123,121,124,120,121,68,70,68,68,121,71,119,139,128,126,127,127,126,124,123,121,121,121,123,122,122,120,122,122,122,122,66,73,122,122,123,121,120,71,67,69,61,61,58,69,63,73,69,70,66,65,64,108,161,86,161,185,114,144,306,468,465,307,297
ERR6806512,168,168,168,169,170,169,169,169,168,168,169,168,168,168,168,169,169,168,169,169,170,168,168,168,168,168,168,168,158,168,167,168,168,168,168,168,168,168,168,168,168,168,163,168,168,168,168,169,183,176,167,173,173,175,152,173,173,173,172,172,163,167,141,172,173,173,173,173,173,164,139,176,166,171,170,169,166,166,108,107,99,112,106,73,108,104,122,99,162,81,100,102,70,90,131,81,77,76,69,100,88,84,89,115,122,152,153,269,276,263,165,154,150,184,147,97,101,72,436,211,122,38,37,38,101,26,26,25,18,0,115,199,214,124,117,119,67,115,117,113,113,114,122,119,120,119,114,122,114,119,117,120,120,127,116,116,115,121,117,120,117,115,118,115,116,67,69,67,67,115,70,113,134,122,120,121,122,122,118,118,116,116,116,117,117,117,115,117,117,117,117,67,74,119,116,117,115,114,70,66,68,60,60,57,68,62,72,68,69,65,64,63,109,162,87,162,186,115,144,307,473,470,303,295
ERR9924209,269,269,269,270,271,270,270,270,269,268,270,269,269,269,269,270,270,269,270,270,270,269,269,269,269,269,269,269,259,269,264,269,269,269,269,269,269,269,269,269,269,269,265,269,269,269,269,270,284,277,267,274,274,276,252,274,274,274,273,273,264,268,242,273,274,274,274,274,274,266,236,277,267,272,272,271,262,266,208,194,186,201,205,172,209,192,223,194,264,182,198,197,158,179,220,169,166,165,168,201,189,179,187,216,217,252,253,335,335,329,205,257,253,189,248,189,199,158,409,188,224,140,139,139,203,24,24,23,121,115,0,286,301,205,205,208,156,204,206,202,202,203,211,208,206,208,203,142,203,208,206,209,209,210,205,205,204,206,206,205,206,204,207,204,205,156,158,156,156,204,159,202,222,209,209,210,211,211,207,206,204,204,204,205,205,205,203,205,205,205,205,156,163,150,204,205,203,203,158,154,156,149,149,146,157,151,155,157,158,154,153,152,203,250,174,258,284,214,170,394,431,428,391,293
ERR10460483,228,228,228,229,230,229,178,229,228,228,229,228,228,228,228,229,229,228,229,229,227,226,228,226,228,228,228,228,228,228,224,228,228,228,228,228,228,228,228,228,228,228,228,228,228,228,228,229,243,241,244,233,233,235,230,233,233,233,232,232,227,227,226,232,232,232,232,232,232,225,224,236,222,231,231,230,224,225,138,142,141,202,200,207,217,188,208,123,222,209,206,203,197,196,195,68,195,195,206,176,189,210,214,212,203,133,134,314,321,231,221,210,211,164,207,198,204,191,247,291,229,138,137,137,138,198,198,197,126,199,286,0,9,26,67,32,84,72,46,66,45,74,17,39,80,34,83,72,77,88,57,85,44,90,66,50,50,87,42,49,62,44,61,32,30,87,89,87,87,62,91,63,94,32,70,60,74,94,88,48,49,55,53,43,71,53,59,48,60,36,58,85,93,66,59,50,95,68,101,98,100,94,93,91,100,98,101,104,104,101,99,98,137,131,134,140,142,137,138,159,217,218,180,305
ERR9785511,244,244,244,245,246,245,194,245,244,244,245,244,244,244,244,245,245,244,245,245,242,242,244,242,244,244,244,244,244,244,240,244,244,244,244,244,244,244,244,244,244,244,244,244,244,244,244,245,259,255,259,247,249,251,242,249,249,249,248,248,243,243,242,248,248,248,248,248,246,241,240,251,237,247,247,246,240,240,141,156,157,217,215,223,233,204,224,126,238,225,222,219,213,212,211,70,211,211,222,192,205,226,230,228,219,135,136,319,326,233,236,226,227,167,222,214,220,207,264,302,230,139,138,138,139,213,213,212,127,214,301,9,0,38,79,45,98,86,58,78,57,86,31,47,88,42,97,86,89,102,71,97,56,103,78,62,62,98,56,62,74,57,73,44,42,101,103,101,101,74,95,77,108,35,82,74,88,108,96,64,65,71,69,59,87,69,75,64,76,52,74,101,109,82,73,64,109,81,113,110,113,108,106,103,112,111,115,116,116,115,113,110,153,147,150,156,158,153,154,174,231,231,195,306
ERR10087012,153,153,153,154,155,154,103,154,153,153,154,153,153,153,153,154,154,153,154,154,153,151,153,151,153,153,153,153,153,153,149,153,153,153,153,153,153,153,153,153,153,153,153,153,148,153,153,154,168,166,169,158,158,160,155,158,158,158,157,157,152,152,151,157,157,157,157,157,157,150,150,161,147,156,156,155,149,149,149,59,58,127,125,132,143,114,134,127,148,135,132,129,123,114,113,72,121,121,132,102,115,136,140,138,129,137,138,233,240,227,147,135,137,168,132,123,129,116,367,216,232,148,148,148,141,116,116,115,130,124,205,26,38,0,0,2,1,0,3,0,0,0,1,4,5,5,1,8,1,7,4,7,7,8,2,3,2,4,2,2,3,1,3,1,3,5,7,5,5,1,8,0,17,7,7,7,8,11,5,1,1,1,1,3,1,2,2,3,2,3,3,5,13,5,11,11,12,6,18,15,17,11,10,8,17,15,18,21,21,18,16,15,64,57,61,67,69,64,65,77,139,140,98,301
ERR9079768,146,146,146,147,148,147,96,147,146,146,147,146,146,146,146,147,147,146,147,147,146,144,146,145,146,146,146,146,146,146,142,146,146,146,146,146,146,146,146,146,146,146,146,146,146,146,146,147,161,160,162,151,151,153,148,151,151,151,150,150,145,145,145,150,150,150,150,150,150,143,143,154,141,149,149,148,142,143,142,60,59,120,118,125,135,106,126,118,140,127,124,121,115,114,113,63,113,113,124,94,107,128,132,130,121,128,129,233,239,226,139,128,129,159,125,116,122,109,358,209,224,141,140,140,133,116,116,115,121,117,205,67,79,0,0,3,2,1,3,1,0,1,6,5,5,5,1,9,1,8,4,8,7,9,2,3,2,5,2,2,5,2,3,1,3,5,7,5,5,1,9,0,18,8,7,7,9,12,6,1,1,1,1,3,2,3,2,3,2,3,3,5,13,5,11,11,13,6,19,16,18,12,11,9,18,16,19,22,22,19,17,16,55,48,52,58,60,55,56,76,135,136,98,300
ERR9822149,148,148,148,149,150,149,98,149,148,148,149,148,148,148,148,149,149,148,149,149,148,146,148,146,148,148,148,148,148,148,144,148,148,148,148,148,148,148,148,148,148,148,148,148,148,148,148,149,163,161,164,153,153,155,150,153,153,153,152,152,147,147,146,152,152,152,152,152,152,145,145,156,142,151,151,150,144,145,145,62,61,122,120,127,138,109,129,121,143,130,127,124,118,117,116,66,116,116,127,97,110,131,135,133,124,131,132,235,242,228,142,130,132,162,127,118,124,111,363,211,226,143,142,142,135,119,119,118,124,119,208,32,45,2,3,0,1,1,5,2,2,2,3,6,7,7,3,10,3,9,6,9,9,10,2,3,2,4,2,2,6,4,5,3,5,7,9,7,7,3,9,2,21,9,9,9,10,13,7,4,4,4,4,5,5,6,5,6,5,6,6,7,15,8,13,13,14,8,19,17,19,13,11,10,19,17,20,23,23,20,18,17,58,51,55,61,63,58,59,79,142,143,101,303
ERR9822145,81,81,81,82,83,82,81,82,81,81,82,81,81,81,81,82,82,81,82,82,83,81,81,80,81,81,81,81,81,81,81,81,81,81,81,81,81,81,81,81,81,81,81,81,81,81,81,82,96,95,99,86,86,88,83,86,86,86,85,85,80,80,80,85,85,85,85,85,85,78,79,89,79,84,84,83,77,79,81,60,59,68,56,63,74,69,64,65,77,65,65,65,66,65,64,64,64,64,65,78,77,72,73,68,65,66,67,183,190,176,76,70,66,97,61,59,59,59,348,149,160,78,77,77,70,67,67,66,67,67,156,84,98,1,2,1,0,0,4,1,1,1,10,5,6,6,2,9,2,8,5,8,8,9,1,2,1,3,1,1,5,3,4,2,4,6,8,6,6,2,7,1,20,8,8,8,9,12,6,3,3,3,3,4,4,5,4,5,4,5,5,6,14,7,12,12,13,7,18,16,18,12,10,9,17,16,19,22,22,18,17,16,48,47,52,49,49,43,47,41,90,91,63,301
ERR9822146,145,145,145,146,147,146,95,146,145,145,146,145,145,145,145,146,146,145,146,146,145,143,145,143,145,145,145,145,145,145,141,145,145,145,145,145,145,145,145,145,145,145,145,145,145,145,145,146,160,158,161,150,150,152,147,150,150,150,149,149,144,144,143,149,149,149,149,149,149,141,142,153,139,148,147,146,141,142,142,59,58,118,116,123,134,105,125,117,139,126,123,120,114,113,112,62,112,112,123,93,106,127,131,129,120,127,128,232,239,225,140,126,128,158,123,114,120,107,359,207,224,139,138,138,131,115,115,114,120,115,204,72,86,0,1,1,0,0,3,0,0,0,6,4,4,5,0,7,0,6,3,6,7,7,1,2,1,2,1,1,4,1,2,0,0,2,4,2,2,0,3,0,19,7,7,7,8,9,3,2,2,2,2,3,3,4,3,3,3,4,4,3,11,6,11,11,10,6,15,13,15,9,7,6,14,13,16,19,19,15,14,13,54,47,51,57,59,54,55,75,138,139,97,301
ERR9785509,146,146,146,147,148,147,96,147,146,146,147,146,146,146,146,147,147,146,147,147,146,144,146,144,146,146,146,146,146,146,142,146,146,146,146,146,146,146,146,146,146,146,146,146,146,146,146,147,161,159,162,151,151,153,148,151,151,151,150,150,145,145,144,150,150,150,150,150,150,143,143,154,140,149,149,148,142,143,143,60,59,120,118,125,136,107,127,120,141,128,125,122,116,115,114,65,114,114,125,95,108,129,133,131,122,130,131,234,241,228,142,128,130,161,125,116,122,109,360,209,227,142,141,141,134,117,117,116,123,117,206,46,58,3,3,5,4,3,0,3,3,3,9,7,7,8,3,10,3,9,6,9,10,10,5,6,5,6,5,5,7,5,6,4,4,6,8,6,6,4,9,3,21,10,10,10,11,12,6,4,4,4,4,6,5,6,5,5,5,6,6,6,14,8,14,14,13,9,19,16,18,12,11,9,18,16,19,22,22,19,17,16,57,50,54,60,62,57,58,78,140,141,99,304
ERR10176872,143,143,143,144,145,144,93,144,143,143,144,143,143,143,143,144,144,143,144,144,143,141,143,142,143,143,143,143,143,143,139,143,143,143,143,143,143,143,143,143,143,143,143,143,143,143,143,144,158,157,159,148,148,150,145,148,148,148,147,147,142,142,142,147,147,147,147,147,147,140,141,151,138,146,146,145,139,138,139,57,56,117,115,122,133,104,124,117,138,125,122,119,113,112,111,61,111,111,122,92,105,126,130,128,119,127,128,231,238,225,139,125,127,158,121,113,119,106,357,206,223,137,137,137,130,113,113,112,119,113,202,66,78,0,1,2,1,0,3,0,0,0,8,4,4,5,0,7,0,6,3,6,7,7,2,3,2,3,2,2,3,1,3,1,1,3,5,3,3,1,5,0,18,7,7,7,8,9,3,2,2,2,2,3,2,3,3,3,3,4,4,3,11,6,11,11,10,6,16,13,15,9,8,6,14,13,16,19,19,15,14,13,54,47,51,57,59,54,55,74,136,137,95,300
ERR9966389,142,142,142,143,144,143,92,143,142,142,143,142,142,142,142,143,143,142,143,143,142,140,142,141,142,142,142,142,142,142,138,142,142,142,142,142,142,142,142,142,142,142,142,142,142,142,142,143,157,156,158,147,147,149,144,147,147,147,146,146,141,141,141,146,146,146,146,146,146,139,140,150,137,145,145,144,138,139,139,56,55,116,114,121,132,103,123,116,137,124,121,118,112,111,110,61,110,110,121,91,104,125,129,127,118,126,127,230,237,224,138,124,126,157,121,112,118,105,356,205,223,138,137,137,130,113,113,112,119,113,202,45,57,0,0,2,1,0,3,0,0,0,6,4,4,5,0,7,0,6,3,6,7,7,2,3,2,3,2,2,4,2,3,1,1,3,5,3,3,1,5,0,18,7,7,7,8,9,3,1,1,1,1,3,2,3,2,2,2,3,3,3,11,5,11,11,10,6,16,13,15,9,8,6,14,13,16,19,19,15,14,13,53,46,50,56,58,53,54,74,136,137,95,300
ERR10460765,143,143,143,144,145,144,93,144,143,143,144,143,143,143,143,144,144,143,144,144,143,141,143,141,143,143,143,143,143,143,139,143,143,143,143,143,143,143,143,143,143,143,143,143,143,143,143,144,158,156,159,148,148,150,145,148,148,148,147,147,142,142,141,147,147,147,147,147,147,140,140,151,137,146,146,145,139,139,140,58,57,118,116,123,134,105,125,118,139,126,123,120,114,113,112,62,112,112,123,93,106,127,131,129,120,128,129,232,239,226,140,126,128,159,122,114,120,107,358,207,224,138,138,138,131,114,114,113,120,114,203,74,86,0,1,2,1,0,3,0,0,0,7,4,4,5,0,7,0,6,3,6,7,7,2,3,2,3,2,2,3,1,3,1,1,3,5,3,3,1,4,0,18,7,7,7,8,9,3,2,2,2,2,3,2,3,3,3,3,4,4,3,11,6,11,11,10,6,15,13,15,9,7,6,14,13,16,19,19,15,14,13,55,48,52,58,60,55,56,75,137,138,96,301
ERR10109275,152,152,152,153,154,153,102,153,152,152,153,152,152,152,152,153,153,152,153,153,152,150,152,150,152,152,152,152,152,152,148,152,152,152,152,152,152,152,152,152,152,152,152,152,152,152,152,153,167,166,168,157,157,159,154,157,157,157,156,156,151,151,151,156,156,156,156,156,156,148,150,160,147,155,154,153,148,148,141,66,65,125,123,130,141,112,132,117,146,133,130,127,121,120,119,62,119,119,130,100,113,134,138,136,127,127,128,239,246,225,147,133,135,158,130,121,127,114,366,214,224,138,138,138,131,122,122,121,120,122,211,17,31,1,6,3,10,6,9,8,6,7,0,5,12,7,9,13,6,15,9,15,8,15,8,8,3,12,8,8,9,6,11,2,2,12,14,12,12,7,15,8,23,8,14,8,14,18,12,4,7,4,8,9,8,8,7,8,8,4,9,12,20,12,16,13,19,12,25,22,24,18,17,15,24,22,25,28,28,25,23,22,62,55,59,65,67,62,63,83,145,146,104,301
ERR11807704,149,149,149,150,151,150,99,150,149,149,150,149,149,149,149,150,150,149,150,150,149,147,149,147,149,149,149,149,149,149,145,149,149,149,149,149,149,149,149,149,149,149,149,149,149,149,149,150,164,162,165,154,154,156,151,154,154,154,153,153,148,148,147,153,153,153,153,153,153,146,145,157,143,152,152,151,145,145,147,63,62,123,121,128,139,110,130,122,144,131,128,125,119,118,117,66,117,117,128,98,111,132,136,134,125,132,133,237,244,230,145,130,133,163,127,119,125,112,364,212,228,143,142,142,135,119,119,118,124,119,208,39,47,4,5,6,5,4,7,4,4,4,5,0,0,3,4,11,4,10,7,10,11,11,6,7,6,7,6,6,8,6,7,5,5,7,9,7,7,5,9,4,23,11,11,11,12,13,3,6,6,6,6,7,7,8,7,7,7,8,8,7,15,10,15,15,14,10,19,17,19,12,11,10,19,17,20,23,23,20,18,17,59,52,56,62,64,59,60,79,137,138,101,305
ERR10109276,150,150,150,151,152,151,100,151,150,150,151,150,150,150,150,151,151,150,151,151,150,148,150,149,150,150,150,150,150,150,146,150,150,150,150,150,150,150,150,150,150,150,150,150,150,150,150,151,165,164,166,155,155,157,152,155,155,155,154,154,149,149,149,154,154,154,154,154,154,147,147,158,145,153,153,152,146,145,148,61,60,124,122,129,140,111,131,124,145,132,129,126,120,116,115,68,118,118,129,99,112,133,137,135,126,134,135,235,242,229,146,131,134,165,128,120,126,113,365,213,230,144,144,144,137,117,117,116,126,120,206,80,88,5,5,7,6,4,7,4,4,4,12,0,0,3,4,11,4,10,7,10,11,11,6,7,6,7,6,6,7,5,7,5,5,7,9,7,7,5,8,4,22,11,11,11,12,13,3,5,5,5,5,7,5,6,6,6,6,7,7,7,15,9,15,15,14,10,19,17,19,12,11,10,18,17,20,23,23,19,18,17,61,54,58,64,66,61,63,78,135,136,99,304
ERR9785510,148,148,148,149,150,149,98,149,148,148,149,148,148,148,148,149,149,148,149,149,148,146,148,146,148,148,148,148,148,148,144,148,148,148,148,148,148,148,148,148,148,148,148,148,148,148,148,149,163,161,164,153,153,155,150,153,153,153,152,152,147,147,146,152,152,152,152,152,152,145,145,156,142,151,151,150,143,145,147,62,61,122,120,127,138,109,129,122,143,130,127,124,118,117,116,67,116,116,127,97,110,131,135,133,124,132,133,236,243,230,144,130,132,163,127,118,124,111,364,211,229,144,143,143,136,119,119,118,125,119,208,34,42,5,5,7,6,5,8,5,5,5,7,3,3,0,5,12,5,11,8,11,12,12,7,8,7,8,7,7,9,7,8,6,6,8,10,8,8,6,10,5,23,12,12,12,13,14,4,6,6,6,6,8,7,8,7,7,7,8,8,8,16,10,16,16,15,11,21,18,20,14,13,11,19,18,21,24,24,20,19,18,59,52,56,62,64,59,60,80,142,143,101,306
ERR9820422,143,143,143,144,145,144,93,144,143,143,144,143,143,143,143,144,144,143,144,144,143,141,143,141,143,143,143,143,143,143,139,143,143,143,143,143,143,143,143,143,143,143,143,143,143,143,143,144,158,156,159,148,148,150,145,148,148,148,147,147,142,142,141,147,147,147,147,147,147,140,140,151,137,146,146,145,139,139,141,57,56,117,115,122,133,104,124,117,138,125,122,119,113,112,111,62,111,111,122,92,105,126,130,128,119,127,128,231,238,225,139,125,127,158,122,113,119,106,358,206,224,138,138,138,131,114,114,113,120,114,203,83,97,1,1,3,2,0,3,0,0,0,9,4,4,5,0,7,0,6,3,6,7,7,2,3,2,3,2,2,3,1,3,1,1,3,5,3,3,1,5,0,18,7,7,7,8,9,3,1,1,1,1,3,1,2,1,2,2,3,3,3,11,5,11,11,10,6,16,13,15,9,8,6,14,13,16,19,19,15,14,13,54,47,51,57,59,54,55,75,137,138,96,301
ERR10880181,153,153,153,154,155,154,103,154,153,153,154,153,153,153,153,154,154,153,153,154,153,151,153,151,152,153,153,153,153,153,149,153,153,153,153,153,153,153,153,153,153,153,153,153,153,153,153,154,168,166,168,158,158,160,153,158,158,158,157,157,152,152,151,157,157,157,157,157,157,149,151,161,147,156,155,154,145,149,150,67,66,126,124,131,142,113,133,125,147,134,131,128,122,121,120,69,120,120,131,101,114,135,139,137,128,135,136,240,247,233,148,134,136,133,130,121,127,114,335,182,230,146,145,145,138,122,122,121,127,122,142,72,86,8,9,10,9,7,10,7,7,7,13,11,11,12,7,0,7,13,10,13,14,14,9,10,9,10,9,9,11,9,10,8,8,10,12,10,10,8,11,7,27,14,14,14,15,16,10,9,9,9,9,10,10,11,10,10,10,11,11,10,18,13,17,17,16,13,21,19,21,16,14,13,21,20,23,26,26,22,21,20,62,55,59,65,67,62,63,82,145,146,104,215
ERR10088101,145,145,145,146,147,146,95,146,145,145,146,145,145,145,145,146,146,145,146,146,145,143,145,143,145,145,145,145,145,145,141,145,145,145,145,145,145,145,145,145,145,145,145,145,145,145,145,146,160,158,161,150,150,152,147,150,150,150,149,149,144,144,143,149,149,149,149,149,149,142,142,153,139,148,148,147,141,140,141,58,57,118,116,123,134,105,125,118,139,126,123,120,114,113,112,62,112,112,123,93,106,127,131,129,120,128,129,232,239,226,140,126,128,159,122,114,120,107,358,207,224,139,138,138,131,114,114,113,120,114,203,77,89,1,1,3,2,0,3,0,0,0,6,4,4,5,0,7,0,6,3,6,7,7,2,3,2,3,2,2,4,2,3,1,1,3,5,3,3,1,5,0,19,7,7,7,8,9,3,1,1,1,1,3,2,3,2,2,2,3,3,3,11,5,11,11,10,6,15,13,15,9,7,6,15,13,16,19,19,16,14,13,55,48,52,58,60,55,56,75,137,138,96,301
ERR12312688,149,149,149,150,151,150,99,150,149,149,150,149,149,149,149,150,150,149,150,150,149,147,149,148,149,149,149,149,149,149,145,149,149,149,149,149,149,149,149,149,149,149,149,149,149,149,149,150,164,163,165,154,154,156,151,154,154,154,153,153,148,148,148,153,153,153,153,153,153,146,147,157,144,152,152,151,145,145,148,63,62,123,121,128,139,110,130,123,144,131,128,125,119,118,117,67,117,117,128,98,111,132,136,134,125,133,134,237,244,231,145,131,133,164,127,119,125,112,364,212,229,144,143,143,136,119,119,118,125,119,208,88,102,7,8,9,8,6,9,6,6,6,15,10,10,11,6,13,6,0,3,0,1,1,8,9,8,9,8,8,10,8,9,7,7,9,11,9,9,7,11,6,26,13,13,13,14,15,9,8,8,8,8,9,9,10,9,9,9,10,10,9,17,12,17,17,16,12,21,19,21,15,13,12,21,19,22,25,25,22,20,19,60,53,57,63,65,60,61,80,142,143,101,306
ERR11201827,147,147,147,148,149,148,97,148,147,147,148,147,147,147,147,148,148,147,148,148,147,145,147,145,147,147,147,147,147,147,143,147,147,147,147,147,147,147,147,147,147,147,147,147,147,147,147,148,162,160,163,152,152,154,149,152,152,152,151,151,146,146,145,151,151,151,151,151,151,144,144,155,141,150,150,149,143,143,146,61,60,121,119,126,137,108,128,121,142,129,126,123,117,116,115,65,115,115,126,96,109,130,134,132,123,131,132,235,242,229,143,129,131,162,125,117,123,110,363,210,227,142,141,141,134,117,117,116,123,117,206,57,71,4,4,6,5,3,6,3,3,3,9,7,7,8,3,10,3,3,0,3,4,4,5,6,5,6,5,5,7,5,6,4,4,6,8,6,6,4,7,3,22,10,10,10,11,12,6,4,4,4,4,6,5,6,5,5,5,6,6,6,14,8,14,14,13,9,18,16,18,12,10,9,17,16,19,22,22,18,17,16,58,51,55,61,63,58,59,78,140,141,99,304
ERR12312689,149,149,149,150,151,150,99,150,149,149,150,149,149,149,149,150,150,149,150,150,149,147,149,148,149,149,149,149,149,149,145,149,149,149,149,149,149,149,149,149,149,149,149,149,149,149,149,150,164,163,165,154,154,156,151,154,154,154,153,153,148,148,148,153,153,153,153,153,153,146,147,157,144,152,152,151,145,146,145,63,62,123,121,128,139,110,130,122,144,131,128,125,119,118,117,67,117,117,128,98,111,132,136,134,125,132,133,237,244,230,145,131,133,163,128,119,125,112,363,212,229,144,143,143,136,120,120,119,125,120,209,85,97,7,8,9,8,6,9,6,6,6,15,10,10,11,6,13,6,0,3,0,1,1,8,9,8,9,8,8,10,8,9,7,7,9,11,9,9,7,10,6,26,13,13,13,14,15,9,8,8,8,8,9,9,10,9,9,9,10,10,9,17,12,17,17,16,12,21,19,21,15,13,12,20,19,22,25,25,21,20,19,59,52,56,62,64,59,60,80,143,144,102,306
ERR12495485,150,150,150,151,152,151,100,151,150,150,151,150,150,150,150,151,151,150,151,151,150,148,150,149,150,150,150,150,150,150,146,150,150,150,150,150,150,150,150,150,150,150,150,150,150,150,150,151,165,164,166,155,155,157,152,155,155,155,154,154,149,149,149,154,154,154,154,154,154,147,148,158,145,153,153,152,146,146,146,63,62,123,121,128,139,110,130,123,144,131,128,125,119,118,117,68,117,117,128,98,111,132,136,134,125,133,134,237,244,231,145,131,133,164,128,119,125,112,364,212,230,145,144,144,137,120,120,119,126,120,209,44,56,7,7,9,8,7,10,7,7,7,8,11,11,12,7,14,7,1,4,1,0,2,9,10,9,10,9,9,11,9,10,8,8,10,12,10,10,8,12,7,25,14,14,14,15,16,10,8,8,8,8,10,9,10,9,9,9,10,10,10,18,12,18,18,17,13,23,20,22,16,15,13,21,20,23,26,26,22,21,20,60,53,57,63,65,60,61,81,143,144,102,307
ERR12312692,156,156,156,157,158,157,106,157,156,156,157,156,156,156,156,157,157,156,157,157,156,154,156,154,156,156,156,156,156,156,152,156,156,156,156,156,156,156,156,156,156,156,156,156,153,156,156,157,171,169,172,161,161,163,158,161,161,161,160,160,155,155,154,160,160,160,160,160,160,153,153,164,150,159,159,158,152,153,154,64,63,130,128,135,146,117,137,130,151,138,135,132,126,119,118,75,124,124,135,105,118,139,143,141,132,140,141,238,245,232,152,138,140,171,135,126,132,119,372,219,237,152,151,151,144,121,121,120,133,127,210,90,103,8,9,10,9,7,10,7,7,7,15,11,11,12,7,14,7,1,4,1,2,0,9,10,9,10,9,9,11,9,10,8,8,10,12,10,10,8,11,7,27,14,14,14,15,16,10,9,9,9,9,10,10,11,10,10,10,11,11,10,18,13,18,18,17,13,22,20,22,16,14,13,21,20,23,26,26,22,21,20,67,60,64,70,72,67,68,82,144,145,103,308
ERR10123168,144,144,144,145,146,145,94,145,144,144,145,144,144,144,144,145,145,144,145,145,144,142,144,142,144,144,144,144,144,144,140,144,144,144,144,144,144,144,144,144,144,144,144,144,144,144,144,145,159,157,160,149,149,151,146,149,149,149,148,148,143,143,142,148,148,148,148,148,148,141,141,152,138,147,147,146,140,142,142,59,58,119,117,124,135,106,126,119,140,127,124,121,115,114,113,64,113,113,124,94,107,128,132,130,121,129,130,232,239,226,141,127,129,160,124,115,121,108,360,208,226,141,140,140,133,116,116,115,122,116,205,66,78,2,2,2,1,1,5,2,2,2,8,6,6,7,2,9,2,8,5,8,9,9,0,1,0,1,0,0,6,4,5,3,3,5,7,5,5,3,7,1,20,9,9,9,10,11,5,3,3,3,3,5,4,5,4,4,4,5,5,5,13,7,13,13,12,8,18,15,17,11,10,8,16,15,18,21,21,17,16,15,56,49,53,59,61,56,57,77,139,140,98,303
ERR10123167,145,145,145,146,147,146,95,146,145,145,146,145,145,145,145,146,146,145,146,146,145,143,145,144,145,145,145,145,145,145,141,145,145,145,145,145,145,145,145,145,145,145,145,145,145,145,145,146,160,159,161,150,150,152,147,150,150,150,149,149,144,144,144,149,149,149,149,149,149,141,143,153,140,148,147,146,141,143,142,60,59,119,117,124,135,106,126,119,140,127,124,121,115,114,113,64,113,113,124,94,107,128,132,130,121,129,130,232,239,226,141,127,129,160,124,115,121,108,360,208,226,141,140,140,133,116,116,115,122,116,205,50,62,3,3,3,2,2,6,3,3,3,8,7,7,8,3,10,3,9,6,9,10,10,1,0,1,2,1,1,7,5,6,4,4,6,8,6,6,4,7,2,21,10,10,10,11,12,6,4,4,4,4,6,5,6,5,5,5,6,6,6,14,8,14,14,13,9,18,16,18,12,10,9,17,16,19,22,22,18,17,16,56,49,53,59,61,56,57,77,139,140,98,303
ERR9966387,143,143,143,144,145,144,93,144,143,143,144,143,143,143,143,144,144,143,144,144,143,141,143,142,143,143,143,143,143,143,139,143,143,143,143,143,143,143,143,143,143,143,143,143,143,143,143,144,158,157,159,148,148,150,145,148,148,148,147,147,142,142,142,147,147,147,147,147,147,140,141,151,138,146,146,145,139,141,141,58,57,118,116,123,134,105,125,118,139,126,123,120,114,113,112,63,112,112,123,93,106,127,131,129,120,128,129,231,238,225,140,126,128,159,123,114,120,107,358,207,225,140,139,139,132,115,115,114,121,115,204,50,62,2,2,2,1,1,5,2,2,2,3,6,6,7,2,9,2,8,5,8,9,9,0,1,0,1,0,0,6,4,5,3,3,5,7,5,5,3,8,1,20,9,9,9,10,11,5,3,3,3,3,5,4,5,4,4,4,5,5,5,13,7,13,13,12,8,18,15,17,11,10,8,17,15,18,21,21,18,16,15,55,48,52,58,60,55,56,76,138,139,97,302
ERR10949310,150,150,150,151,152,151,100,151,150,150,151,150,150,150,150,151,151,150,151,151,150,148,150,148,150,150,150,150,150,150,146,150,150,150,150,150,150,150,150,150,150,150,150,150,150,150,150,151,165,163,166,155,155,157,152,155,155,155,154,154,149,149,148,154,154,154,154,154,154,146,147,158,144,153,152,151,146,147,145,61,60,124,122,129,140,111,131,124,145,132,129,126,120,115,114,69,118,118,129,99,112,132,136,135,126,134,135,232,239,226,145,131,133,165,129,120,126,113,363,212,231,146,145,145,138,117,117,116,127,121,206,87,98,4,5,4,3,2,6,3,3,3,12,7,7,8,3,10,3,9,6,9,10,10,1,2,1,0,1,1,7,5,6,4,4,6,8,6,6,4,8,2,23,10,10,10,11,12,6,5,5,5,5,6,6,7,6,6,6,7,7,6,14,9,14,14,13,8,19,16,18,12,11,9,17,16,19,22,22,18,17,16,61,54,58,64,66,61,62,78,140,141,99,303
ERR10460875,146,146,146,147,148,147,96,147,146,146,147,146,146,146,146,147,147,146,147,147,146,144,146,143,145,146,146,146,146,146,142,146,146,146,146,146,146,146,146,146,146,146,146,146,146,146,146,147,161,158,161,151,151,153,147,151,151,151,150,150,145,145,143,150,150,150,150,150,150,143,143,154,139,149,149,148,141,143,145,60,59,120,118,125,136,107,127,120,141,128,125,122,116,115,114,65,114,114,125,95,108,129,133,131,122,130,131,233,240,227,142,128,130,161,125,116,122,109,362,209,227,142,141,141,134,117,117,116,123,117,206,42,56,2,2,2,1,1,5,2,2,2,8,6,6,7,2,9,2,8,5,8,9,9,0,1,0,1,0,0,6,4,5,3,3,5,7,5,5,3,7,1,20,9,9,9,10,11,5,3,3,3,3,5,4,5,4,4,4,5,5,5,13,7,13,13,12,8,18,15,17,11,10,8,16,15,18,21,21,17,16,15,57,50,54,60,62,57,58,78,140,141,99,304
ERR9966390,150,150,150,151,152,151,100,151,150,150,151,150,150,150,150,151,151,150,151,151,150,148,150,148,150,150,150,150,150,150,146,150,150,150,150,150,150,150,150,150,150,150,150,150,150,150,150,151,165,163,166,155,155,157,152,155,155,155,154,154,149,149,148,154,154,154,154,154,154,147,147,158,144,153,153,152,146,146,148,60,59,124,122,129,140,111,131,124,145,132,129,126,120,115,114,68,118,118,129,99,112,133,137,135,126,134,135,233,240,227,146,132,134,165,128,120,126,113,365,213,230,145,144,144,137,116,116,115,126,120,205,49,62,2,2,2,1,1,5,2,2,2,8,6,6,7,2,9,2,8,5,8,9,9,0,1,0,1,0,0,6,4,5,3,3,5,7,5,5,3,7,1,20,9,9,9,10,11,5,3,3,3,3,5,4,5,4,4,4,5,5,5,13,7,13,13,12,8,18,15,17,11,10,8,16,15,18,21,21,17,16,15,61,54,58,64,66,61,62,77,139,140,98,303
ERR10176866,146,146,146,147,148,147,96,147,146,146,147,146,146,146,146,147,147,146,147,147,146,144,146,145,146,146,146,146,146,146,142,146,146,146,146,146,146,146,146,146,146,146,146,146,146,146,146,147,161,160,162,151,150,153,148,151,151,151,150,150,145,145,145,150,150,150,150,150,150,143,143,154,141,149,149,148,142,141,141,59,58,120,118,125,136,107,127,120,141,127,125,121,116,114,114,65,114,114,125,95,108,128,133,131,122,130,130,234,241,227,142,128,130,160,125,115,122,109,360,209,226,140,141,141,134,117,117,116,123,117,206,62,74,3,5,6,5,4,7,3,4,3,9,8,7,9,3,11,4,10,7,10,11,11,6,7,6,7,6,6,0,4,7,5,5,7,8,6,6,5,8,4,21,11,11,11,12,12,7,6,6,6,6,7,5,6,6,7,7,8,8,7,14,9,15,15,14,10,19,17,19,13,10,10,18,17,20,23,23,19,17,17,56,50,54,60,62,56,58,77,140,141,99,304
ERR10460687,145,145,145,146,147,146,95,146,145,145,146,145,145,145,145,146,146,145,146,146,145,143,145,144,145,145,145,145,145,145,141,145,145,145,145,145,145,145,145,145,145,145,145,145,145,145,145,146,160,159,161,150,149,152,147,150,150,150,149,149,144,144,144,149,149,149,149,149,149,141,143,153,139,148,147,146,141,140,140,58,57,118,116,123,134,105,125,118,139,125,123,119,114,112,112,63,112,112,123,93,106,126,131,129,120,128,128,232,239,225,140,126,128,158,123,113,120,107,359,207,224,138,139,139,132,115,115,114,121,115,204,44,57,1,2,4,3,1,5,1,2,1,6,6,5,7,1,9,2,8,5,8,9,9,4,5,4,5,4,4,4,0,3,1,1,3,4,2,2,1,5,1,18,9,9,9,10,10,5,3,3,3,3,5,2,3,3,4,4,5,5,5,12,6,13,13,12,8,18,15,17,11,9,8,16,15,18,21,21,17,15,15,54,48,52,58,60,54,56,75,138,139,97,302
ERR12078573,148,148,148,149,150,149,98,149,148,148,149,148,148,148,148,149,149,148,149,149,148,146,148,146,148,148,148,148,148,148,144,148,148,148,148,148,148,148,148,148,148,148,148,148,148,148,148,149,163,161,164,153,153,155,150,153,153,153,152,152,147,147,146,152,152,152,152,152,152,145,144,156,141,151,151,150,143,144,145,62,61,122,120,127,138,109,129,122,143,130,127,124,118,117,116,65,116,116,127,97,110,131,135,133,124,132,133,236,243,230,144,130,132,163,126,118,124,111,363,211,228,143,142,142,135,118,118,117,124,118,207,61,73,3,3,5,4,2,6,3,3,3,11,7,7,8,3,10,3,9,6,9,10,10,5,6,5,6,5,5,7,3,0,2,2,4,6,4,4,2,5,2,21,10,10,10,11,12,6,4,4,4,4,6,5,6,5,5,5,6,6,6,14,8,14,14,13,9,19,17,19,13,11,10,18,17,20,23,23,19,18,17,59,52,56,62,64,59,60,79,141,142,100,305
ERR9785512,145,145,145,146,147,146,95,146,145,145,146,145,145,145,145,146,146,145,146,146,145,143,145,144,145,145,145,145,145,145,141,145,145,145,145,145,145,145,145,145,145,145,145,145,145,145,145,146,160,159,161,150,150,152,147,150,150,150,149,149,144,144,144,149,149,149,149,149,149,142,143,153,139,148,148,147,141,141,141,59,58,119,117,124,135,106,126,118,140,127,124,121,115,114,113,62,113,113,124,94,107,128,132,130,121,128,129,233,240,226,141,127,129,159,123,115,121,108,358,208,224,139,138,138,131,115,115,114,120,115,204,32,44,1,1,3,2,0,4,1,1,1,2,5,5,6,1,8,1,7,4,7,8,8,3,4,3,4,3,3,5,1,2,0,0,2,4,2,2,0,4,0,19,8,8,8,9,10,4,2,2,2,2,4,3,4,3,3,3,4,4,4,12,6,12,12,11,7,17,14,16,10,9,7,15,14,17,20,20,16,15,14,55,48,52,58,60,55,56,75,138,139,97,301
ERR12165616,145,145,145,146,147,146,95,146,145,145,146,145,145,145,145,146,146,145,146,146,145,143,145,143,145,145,145,145,145,145,141,145,145,145,145,145,145,145,145,145,145,145,145,145,145,145,145,146,160,158,161,150,150,152,147,150,150,150,149,149,144,144,143,149,149,149,149,149,149,142,142,153,138,148,148,147,141,142,141,59,58,119,117,124,135,106,126,118,140,127,124,121,115,114,113,63,113,113,124,94,107,128,132,130,121,128,129,233,240,226,141,127,129,159,124,115,121,108,358,208,225,140,139,139,132,116,116,115,121,116,205,30,42,3,3,5,4,0,4,1,1,1,2,5,5,6,1,8,1,7,4,7,8,8,3,4,3,4,3,3,5,1,2,0,0,2,4,2,2,0,3,0,21,8,8,8,9,10,4,2,2,2,2,4,3,4,3,3,3,4,4,4,12,6,12,12,11,7,16,14,16,10,8,7,15,14,17,20,20,16,15,14,55,48,52,58,60,55,56,76,139,140,98,302
ERR10460887,82,82,82,83,84,83,82,83,82,82,83,82,82,82,82,83,83,82,83,83,83,82,82,80,82,82,82,82,82,82,82,82,82,82,82,82,82,82,82,82,82,82,82,82,82,82,82,83,97,95,100,87,87,89,84,87,87,87,86,86,81,81,80,86,86,86,86,86,86,79,79,90,78,85,85,84,78,79,82,60,59,68,56,63,74,69,64,66,77,65,65,65,66,65,64,65,64,64,65,78,77,72,73,68,65,67,68,184,190,178,78,70,66,98,61,59,59,59,349,149,163,79,78,78,71,67,67,66,68,67,156,87,101,5,5,7,6,2,6,3,3,3,12,7,7,8,3,10,3,9,6,9,10,10,5,6,5,6,5,5,7,3,4,2,2,0,2,0,0,2,5,2,23,10,10,10,11,12,6,4,4,4,4,6,5,6,5,5,5,6,6,6,14,8,14,14,13,9,18,16,18,12,10,9,17,16,19,22,22,18,17,16,49,48,53,50,50,44,48,42,86,87,63,304
ERR10880335,84,84,84,85,86,85,84,85,84,84,85,84,84,84,84,85,85,84,85,85,85,84,84,82,84,84,84,84,84,84,84,84,84,84,84,84,84,84,84,84,84,84,84,84,84,84,84,85,99,97,102,89,89,91,86,89,89,89,88,88,83,83,82,88,88,88,88,88,88,81,81,92,80,87,87,86,80,80,83,62,61,70,58,65,76,71,66,68,79,67,67,67,68,67,66,67,66,66,67,80,79,74,75,70,67,69,70,186,192,180,80,72,68,100,63,61,61,61,350,151,165,80,80,80,73,69,69,68,70,69,158,89,103,7,7,9,8,4,8,5,5,5,14,9,9,10,5,12,5,11,8,11,12,12,7,8,7,8,7,7,8,4,6,4,4,2,0,2,2,4,7,4,24,12,12,12,13,14,8,6,6,6,6,8,6,7,7,7,7,8,8,8,16,10,16,16,15,11,20,18,20,14,12,11,19,18,21,24,24,20,19,18,51,50,55,52,52,46,50,44,88,89,65,306
ERR10880156,82,82,82,83,84,83,82,83,82,82,83,82,82,82,82,83,83,82,83,83,83,82,82,80,82,82,82,82,82,82,82,82,82,82,82,82,82,82,82,82,82,82,82,82,82,82,82,83,97,95,100,87,87,89,84,87,87,87,86,86,81,81,80,86,86,86,86,86,86,79,79,90,78,85,85,84,78,78,81,60,59,68,56,63,74,69,64,66,77,65,65,65,66,65,64,65,64,64,65,78,77,72,73,68,65,67,68,184,190,178,78,70,66,98,61,59,59,59,349,149,163,78,78,78,71,67,67,66,68,67,156,87,101,5,5,7,6,2,6,3,3,3,12,7,7,8,3,10,3,9,6,9,10,10,5,6,5,6,5,5,6,2,4,2,2,0,2,0,0,2,5,2,22,10,10,10,11,12,6,4,4,4,4,6,4,5,5,5,5,6,6,6,14,8,14,14,13,9,18,16,18,12,10,9,17,16,19,22,22,18,17,16,49,48,53,50,50,44,48,42,86,87,63,304
ERR10880377,83,83,83,84,85,84,83,84,83,83,84,83,83,83,83,84,84,83,84,84,84,83,83,81,83,83,83,83,83,83,83,83,83,83,83,83,83,83,83,83,83,83,83,83,83,83,83,84,98,96,101,88,88,90,85,88,88,88,87,87,82,82,81,87,87,87,87,87,87,80,80,91,79,86,86,85,79,78,82,61,60,69,57,64,75,70,65,67,78,66,66,66,67,66,65,65,65,65,66,79,78,73,74,69,66,68,69,185,191,179,79,71,67,99,61,60,60,60,350,150,163,78,78,78,71,67,67,66,68,67,156,87,101,5,5,7,6,2,6,3,3,3,12,7,7,8,3,10,3,9,6,9,10,10,5,6,5,6,5,5,6,2,4,2,2,0,2,0,0,2,5,2,22,10,10,10,11,12,6,4,4,4,4,6,4,5,5,5,5,6,6,6,14,8,14,14,13,9,18,16,18,12,10,9,17,16,19,22,22,18,17,16,50,49,54,51,51,45,49,42,86,87,63,304
ERR10088105,145,145,145,146,147,146,95,146,145,145,146,145,145,145,145,146,146,145,146,146,145,143,145,143,145,145,145,145,145,145,141,145,145,145,145,145,145,145,145,145,145,145,145,145,145,145,145,146,160,158,161,150,150,152,147,150,150,150,149,149,144,144,143,149,149,149,149,149,149,142,142,153,138,148,148,147,141,141,141,58,57,118,116,123,134,105,125,118,139,126,123,120,114,113,112,63,112,112,123,93,106,127,131,129,120,128,129,232,239,226,140,126,128,159,123,114,120,107,358,207,225,140,139,139,132,115,115,114,121,115,204,62,74,1,1,3,2,0,4,1,1,1,7,5,5,6,1,8,1,7,4,7,8,8,3,4,3,4,3,3,5,1,2,0,0,2,4,2,2,0,4,0,19,8,8,8,9,10,4,2,2,2,2,4,3,4,3,3,3,4,4,4,12,6,12,12,11,7,17,14,16,10,9,7,15,14,17,20,20,16,15,14,55,48,52,58,60,55,56,76,138,139,97,302
ERR12321284,83,83,83,86,85,84,83,86,85,85,85,85,85,85,85,84,86,83,86,86,87,85,85,83,85,85,85,83,85,85,85,85,85,85,85,85,83,85,85,85,85,85,85,85,85,85,85,86,100,97,103,90,89,90,87,90,90,90,87,87,84,84,83,87,87,87,87,87,87,82,81,92,80,88,88,87,80,81,75,61,62,70,58,65,76,70,67,69,80,68,68,66,69,67,67,68,67,67,67,81,79,75,74,70,68,70,69,187,194,179,79,72,67,101,63,60,60,62,345,151,166,82,81,81,74,68,69,69,71,70,159,91,95,8,9,9,7,3,9,5,5,4,15,9,8,10,5,11,5,11,7,10,12,11,7,7,8,8,7,7,8,5,5,4,3,5,7,5,5,4,0,5,27,11,13,12,14,13,7,8,7,7,6,8,9,8,7,9,8,9,10,7,15,11,15,15,14,12,19,17,19,13,11,10,18,17,20,23,23,19,18,17,52,50,55,52,52,45,50,43,91,92,64,305
ERR9966388,143,143,143,144,145,144,93,144,143,143,144,143,143,143,143,144,144,143,144,144,143,141,143,142,143,143,143,143,143,143,139,143,143,143,143,143,143,143,143,143,143,143,143,143,143,143,143,144,158,157,159,148,148,150,145,148,148,148,147,147,142,142,142,147,147,147,147,147,147,140,141,151,138,146,146,145,139,139,142,57,56,117,115,122,133,104,124,117,138,125,122,119,113,112,111,61,111,111,122,92,105,126,130,128,119,127,128,231,238,225,139,125,127,158,121,113,119,106,358,206,223,138,137,137,130,113,113,112,119,113,202,63,77,0,0,2,1,0,3,0,0,0,8,4,4,5,0,7,0,6,3,6,7,7,1,2,1,2,1,1,4,1,2,0,0,2,4,2,2,0,5,0,18,7,7,7,8,9,3,1,1,1,1,3,2,3,2,2,2,3,3,3,11,5,11,11,10,6,16,13,15,9,8,6,15,13,16,19,19,16,14,13,54,47,51,57,59,54,55,74,136,137,95,300
ERR10026000,163,163,163,164,165,164,113,164,163,163,164,163,163,163,163,164,164,163,164,164,163,161,163,162,163,163,163,163,163,163,159,163,163,163,163,163,163,163,163,163,163,163,163,163,163,163,163,164,178,177,178,168,167,170,165,168,168,168,167,167,162,162,162,167,167,167,167,167,167,160,160,171,158,166,166,165,158,158,159,76,75,137,135,142,151,122,142,135,156,142,140,136,131,129,129,80,129,129,140,110,123,143,148,146,137,145,145,250,257,243,156,145,146,175,142,132,139,126,377,226,241,157,158,158,151,133,133,132,139,134,222,94,108,17,18,21,20,19,21,18,18,18,23,23,22,23,18,27,19,26,22,26,25,27,20,21,20,23,20,20,21,18,21,19,21,23,24,22,22,19,27,18,0,12,11,11,13,15,24,19,19,19,19,21,18,19,18,21,20,21,21,23,30,22,29,29,31,24,37,34,36,30,28,27,36,34,37,40,40,37,34,34,72,66,70,76,78,72,73,93,152,153,115,317
ERR9822144,150,150,150,151,152,151,100,151,150,150,151,150,150,150,150,151,151,150,151,151,150,148,150,149,150,150,150,150,150,150,146,150,150,150,150,150,150,150,150,150,150,150,150,150,150,150,150,151,165,164,166,155,155,157,152,155,155,155,154,154,149,149,149,154,154,154,154,154,154,147,148,158,145,153,153,152,145,148,139,63,62,125,123,130,141,112,132,125,146,133,130,127,121,118,117,70,119,119,130,100,113,134,138,136,127,135,136,237,244,231,147,133,135,166,130,121,127,114,360,214,232,147,146,146,139,120,120,119,128,122,209,32,35,7,8,9,8,7,10,7,7,7,8,11,11,12,7,14,7,13,10,13,14,14,9,10,9,10,9,9,11,9,10,8,8,10,12,10,10,8,11,7,12,0,0,0,1,2,10,9,9,9,9,10,10,11,10,10,10,11,11,10,18,13,18,18,17,13,22,20,22,16,14,13,21,20,23,26,26,22,21,20,62,55,59,65,67,62,63,81,143,144,102,307
ERR10088104,149,149,149,150,151,150,99,150,149,149,150,149,149,149,149,150,150,149,150,150,149,147,149,148,149,149,149,149,149,149,145,149,149,149,149,149,149,149,149,149,149,149,149,149,149,149,149,150,164,163,165,154,154,156,151,154,154,154,153,153,148,148,148,153,153,153,153,153,153,146,147,157,144,152,152,151,144,146,146,63,62,123,121,128,139,110,130,123,144,131,128,125,119,118,117,68,117,117,128,98,111,132,136,134,125,133,134,237,244,231,145,131,133,164,128,119,125,112,363,212,230,145,144,144,137,120,120,119,126,120,209,70,82,7,7,9,8,7,10,7,7,7,14,11,11,12,7,14,7,13,10,13,14,14,9,10,9,10,9,9,11,9,10,8,8,10,12,10,10,8,13,7,11,0,0,0,1,2,10,8,8,8,8,10,9,10,9,9,9,10,10,10,18,12,18,18,17,13,23,20,22,16,15,13,22,20,23,26,26,23,21,20,60,53,57,63,65,60,61,81,143,144,102,307
ERR10088102,150,150,150,151,152,151,100,151,150,150,151,150,150,150,150,151,151,150,151,151,150,148,150,148,150,150,150,150,150,150,146,150,150,150,150,150,150,150,150,150,150,150,150,150,150,150,150,151,165,163,166,155,155,157,152,155,155,155,154,154,149,149,148,154,154,154,154,154,154,147,147,158,144,153,153,152,145,147,149,64,63,124,122,129,140,111,131,124,145,132,129,126,120,119,118,69,118,118,129,99,112,133,137,135,126,134,135,238,245,232,146,132,134,165,129,120,126,113,366,213,231,146,145,145,138,121,121,120,127,121,210,60,74,7,7,9,8,7,10,7,7,7,8,11,11,12,7,14,7,13,10,13,14,14,9,10,9,10,9,9,11,9,10,8,8,10,12,10,10,8,12,7,11,0,0,0,1,2,10,8,8,8,8,10,9,10,9,9,9,10,10,10,18,12,18,18,17,13,22,20,22,16,14,13,22,20,23,26,26,23,21,20,61,54,58,64,66,61,62,82,144,145,103,308
ERR9822151,151,151,151,152,153,152,101,152,151,151,152,151,151,151,151,152,152,151,152,152,151,149,151,150,151,151,151,151,151,151,147,151,151,151,151,151,151,151,151,151,151,151,151,151,151,151,151,152,166,165,167,156,156,158,153,156,156,156,155,155,150,150,150,155,155,155,155,155,155,148,149,159,146,154,154,153,145,148,149,65,64,125,123,130,141,112,132,124,146,133,130,127,121,120,119,69,119,119,130,100,113,134,138,136,127,134,135,239,246,232,147,133,135,165,130,121,127,114,365,214,231,146,145,145,138,122,122,121,127,122,211,74,88,8,9,10,9,8,11,8,8,8,14,12,12,13,8,15,8,14,11,14,15,15,10,11,10,11,10,10,12,10,11,9,9,11,13,11,11,9,14,8,13,1,1,1,0,3,11,10,10,10,10,11,11,12,11,11,11,12,12,11,19,14,19,19,18,14,24,21,23,17,16,14,23,21,24,27,27,24,22,21,61,54,58,64,66,61,62,82,145,146,104,308
ERR10109255,151,151,151,152,153,152,101,152,151,151,152,151,151,151,151,152,152,151,152,152,151,149,151,150,151,151,151,151,151,151,147,151,151,151,151,151,151,151,151,151,151,151,151,151,151,151,151,151,166,165,167,156,156,158,153,156,156,156,155,155,150,150,150,155,155,155,155,155,155,148,149,159,146,154,154,153,146,147,149,66,65,126,124,131,141,112,132,125,146,133,130,127,121,120,119,69,119,119,130,100,113,134,138,136,127,135,136,240,247,234,148,134,136,166,130,122,128,115,365,215,232,146,146,146,139,122,122,121,126,122,211,94,108,11,12,13,12,9,12,9,9,9,18,13,13,14,9,16,9,15,12,15,16,16,11,12,11,12,11,11,12,10,12,10,10,12,14,12,12,10,13,9,15,2,2,2,3,0,12,11,11,11,11,12,11,12,12,12,12,13,13,10,18,13,20,20,19,15,24,22,24,18,16,15,23,22,25,28,28,24,23,22,63,56,60,66,68,63,63,83,145,146,104,308
ERR11810274,148,148,148,149,150,149,98,149,148,148,149,148,148,148,148,149,149,148,149,149,148,146,148,145,147,148,148,148,148,148,144,148,148,148,148,148,148,148,148,148,148,148,148,148,148,148,148,149,163,160,163,153,153,155,149,153,153,153,152,152,147,147,145,152,152,152,152,152,152,144,145,156,141,151,150,149,143,145,144,62,61,121,119,126,137,108,128,121,142,129,126,123,117,116,115,66,115,115,126,96,109,130,134,132,123,131,132,235,242,229,143,129,131,162,126,117,123,110,362,210,228,143,142,142,135,118,118,117,124,118,207,88,96,5,6,7,6,3,6,3,3,3,12,3,3,4,3,10,3,9,6,9,10,10,5,6,5,6,5,5,7,5,6,4,4,6,8,6,6,4,7,3,24,10,10,10,11,12,0,5,5,5,5,6,6,7,6,6,6,7,7,6,14,9,14,14,13,9,18,16,18,12,10,9,17,16,19,22,22,18,17,16,58,51,55,61,63,58,59,79,141,142,100,305
ERR9966386,147,147,147,148,149,148,96,148,147,147,148,147,147,147,147,148,148,147,148,148,147,145,147,144,146,147,147,147,147,147,143,147,147,147,147,147,147,147,147,147,147,147,147,147,147,147,147,148,162,159,163,152,152,154,149,152,152,152,151,151,146,146,144,151,150,150,150,150,150,144,143,155,140,150,150,149,143,144,146,60,59,121,119,126,136,107,127,120,141,128,125,122,116,115,114,64,114,114,125,95,108,129,133,131,122,130,131,234,241,228,142,128,130,161,126,117,123,110,360,210,228,143,142,142,135,117,117,116,123,118,206,48,64,1,1,4,3,2,4,2,1,2,4,6,5,6,1,9,1,8,4,8,8,9,3,4,3,5,3,3,6,3,4,2,2,4,6,4,4,2,8,1,19,9,8,8,10,11,5,0,0,0,0,2,1,2,1,1,1,2,2,2,10,4,12,12,12,7,18,15,17,11,10,8,17,15,18,21,21,18,16,15,56,49,53,59,61,56,57,78,136,137,99,303
ERR12259395,146,146,146,147,148,147,96,147,146,146,147,146,146,146,146,147,147,146,147,147,146,144,146,144,146,146,146,146,146,146,142,146,146,146,146,146,146,146,146,146,146,146,146,146,146,146,146,147,161,159,162,151,151,153,148,151,151,151,150,150,145,145,144,150,150,150,150,150,150,142,142,154,140,149,148,147,142,143,144,60,59,119,117,124,134,105,125,118,139,126,123,120,114,113,112,63,112,112,123,93,106,127,131,129,120,128,129,232,239,226,140,127,128,159,124,115,121,108,359,208,226,141,140,140,133,115,115,114,121,116,204,49,65,1,1,4,3,2,4,2,1,2,7,6,5,6,1,9,1,8,4,8,8,9,3,4,3,5,3,3,6,3,4,2,2,4,6,4,4,2,7,1,19,9,8,8,10,11,5,0,0,0,0,2,1,2,1,1,1,2,2,2,10,4,12,12,12,7,18,15,17,11,10,8,16,15,18,21,21,17,16,15,55,48,52,58,60,55,56,76,134,135,97,302
ERR12091513,145,145,145,146,147,146,95,146,145,145,146,145,145,145,145,146,146,145,146,146,145,143,145,143,145,145,145,145,145,145,141,145,145,145,145,145,145,145,145,145,145,145,145,145,145,145,145,146,160,158,161,150,150,152,147,150,150,150,149,149,144,144,143,149,149,149,149,149,149,142,141,153,139,148,148,147,141,142,144,59,58,119,117,124,134,105,125,118,139,126,123,120,114,113,112,63,112,112,123,93,106,127,131,129,120,128,129,232,239,226,140,127,128,159,124,115,121,108,360,208,226,141,140,140,133,115,115,114,121,116,204,55,71,1,1,4,3,2,4,2,1,2,4,6,5,6,1,9,1,8,4,8,8,9,3,4,3,5,3,3,6,3,4,2,2,4,6,4,4,2,7,1,19,9,8,8,10,11,5,0,0,0,0,2,1,2,1,1,1,2,2,2,10,4,12,12,12,7,17,15,17,11,9,8,17,15,18,21,21,18,16,15,55,48,52,58,60,55,56,76,134,135,97,302
ERR10125140,145,145,145,146,147,146,95,146,145,145,146,145,145,145,145,146,146,145,146,146,145,143,145,143,145,145,145,145,145,145,141,145,145,145,145,145,145,145,145,145,145,145,145,145,145,145,145,146,160,158,161,150,150,152,147,150,150,150,149,149,144,144,143,149,149,149,149,149,149,142,141,153,139,148,148,147,141,142,144,59,58,119,117,124,134,105,125,118,139,126,123,120,114,113,112,63,112,112,123,93,106,127,131,129,120,128,129,232,239,226,140,126,128,159,124,115,121,108,360,208,226,141,140,140,133,115,115,114,121,116,204,53,69,1,1,4,3,2,4,2,1,2,8,6,5,6,1,9,1,8,4,8,8,9,3,4,3,5,3,3,6,3,4,2,2,4,6,4,4,2,6,1,19,9,8,8,10,11,5,0,0,0,0,2,1,2,1,1,1,2,2,2,10,4,12,12,12,7,17,15,17,10,9,8,16,15,18,21,21,17,16,15,55,48,52,58,60,55,56,76,129,130,97,302
ERR10949303,147,147,147,148,149,148,97,148,147,147,148,147,147,147,147,148,148,147,148,148,147,145,147,145,147,147,147,147,147,147,143,147,147,147,147,147,147,147,147,147,147,147,147,147,147,147,147,148,162,160,162,152,152,154,149,152,152,152,151,151,146,146,145,151,151,151,151,151,151,144,144,155,141,150,150,149,143,143,145,60,59,120,118,125,136,107,127,120,141,128,125,122,116,115,114,65,114,114,125,95,108,129,133,131,122,130,131,234,241,228,142,128,130,161,125,116,122,109,361,209,227,142,141,141,134,116,116,115,123,117,205,43,59,3,3,5,4,3,6,3,3,3,9,7,7,8,3,10,3,9,6,9,10,10,5,6,5,6,5,5,7,5,6,4,4,6,8,6,6,4,8,3,21,10,10,10,11,12,6,2,2,2,2,0,3,4,3,3,3,4,4,4,12,6,14,14,13,9,19,16,18,12,11,9,17,16,19,22,22,18,17,16,57,50,54,60,62,57,58,77,140,141,99,304
ERR10109277,147,147,147,148,149,148,97,148,147,147,148,147,147,147,147,148,148,147,148,148,147,145,147,145,147,147,147,147,147,147,143,147,147,147,147,147,147,147,147,147,147,147,147,147,147,147,147,148,162,160,163,152,151,154,149,152,152,152,151,151,146,146,145,151,151,151,151,151,151,143,143,155,141,150,149,148,143,142,143,60,59,120,118,125,135,106,126,119,140,126,124,120,115,113,113,64,113,113,124,94,107,127,132,130,121,129,129,233,240,226,141,128,129,159,125,115,122,109,360,209,226,140,141,141,134,116,116,115,122,117,205,71,87,1,2,5,4,3,5,2,2,2,8,7,5,7,1,10,2,9,5,9,9,10,4,5,4,6,4,4,5,2,5,3,3,5,6,4,4,3,9,2,18,10,9,9,11,11,6,1,1,1,1,3,0,1,0,2,2,3,3,3,10,4,13,13,13,8,19,16,18,12,10,9,18,16,19,22,22,19,16,16,55,49,53,59,61,55,57,76,135,136,98,303
ERR10087013,145,145,145,146,147,146,95,146,145,145,146,145,145,145,145,146,146,145,146,146,145,143,145,144,145,145,145,145,145,145,141,145,145,145,145,145,145,145,145,145,145,145,145,145,145,145,145,146,160,159,161,150,149,152,146,150,150,150,149,149,144,144,144,149,149,149,149,149,149,142,142,153,140,148,148,147,141,141,143,59,58,120,118,125,135,106,126,119,140,126,124,120,115,113,113,64,113,113,124,94,107,127,132,130,121,129,129,233,240,226,141,128,129,159,125,115,122,109,360,209,226,140,141,141,134,116,116,115,122,117,205,53,69,2,3,6,5,4,6,3,3,3,8,8,6,8,2,11,3,10,6,10,10,11,5,6,5,7,5,5,6,3,6,4,4,6,7,5,5,4,8,3,19,11,10,10,12,12,7,2,2,2,2,4,1,0,1,3,3,4,4,4,11,5,14,14,14,9,19,17,19,13,10,10,18,17,20,23,23,19,17,17,55,49,53,59,61,55,57,76,135,136,98,303
ERR12146144,144,144,144,145,146,145,94,145,144,144,145,144,144,144,144,145,145,144,145,145,144,142,144,143,144,144,144,144,144,144,140,144,144,144,144,144,144,144,144,144,144,144,144,144,144,144,144,145,159,158,160,149,149,151,146,149,149,149,148,148,143,143,143,148,148,148,148,148,148,141,142,152,140,147,147,146,141,140,141,58,57,118,116,121,133,104,124,117,138,125,122,119,113,112,111,62,111,111,122,92,105,126,130,128,119,127,128,231,238,225,139,126,127,158,123,114,120,107,358,207,225,139,139,139,132,114,114,113,120,115,203,59,75,2,2,5,4,3,5,3,2,3,7,7,6,7,1,10,2,9,5,9,9,10,4,5,4,6,4,4,6,3,5,3,3,5,7,5,5,3,7,2,18,10,9,9,11,12,6,1,1,1,1,3,0,1,0,2,2,3,3,3,11,4,13,13,13,8,18,16,18,12,10,9,17,16,19,22,22,18,17,16,55,48,52,58,60,55,56,76,133,134,96,300
ERR11219811,147,147,147,148,149,148,97,148,147,147,148,147,147,147,147,148,148,147,148,148,147,145,147,145,147,147,147,147,147,147,143,147,147,147,147,147,147,147,147,147,147,147,147,147,147,147,147,148,162,160,163,152,152,154,149,152,152,152,151,151,146,146,145,151,151,151,151,151,151,143,143,155,141,150,149,148,143,144,145,61,60,120,118,125,135,106,126,119,140,127,124,121,115,114,113,64,113,113,124,94,107,128,132,130,121,129,130,233,240,227,141,128,129,160,125,116,122,109,360,209,227,142,141,141,134,116,116,115,122,117,205,48,64,3,3,6,5,3,5,3,2,3,8,7,6,7,2,10,2,9,5,9,9,10,4,5,4,6,4,4,7,4,5,3,3,5,7,5,5,3,9,2,21,10,9,9,11,12,6,1,1,1,1,3,2,3,2,0,2,3,3,3,11,5,13,13,13,8,19,16,18,12,11,9,18,16,19,22,22,19,17,16,56,49,53,59,61,56,57,77,135,136,98,303
ERR11420238,146,146,146,147,148,147,96,147,146,146,147,146,146,146,146,147,147,146,147,147,146,144,146,144,146,146,146,146,146,146,142,146,146,146,146,146,146,146,146,146,146,146,146,146,146,146,146,147,161,159,162,151,151,153,148,151,151,151,150,150,145,145,144,150,150,150,150,150,150,143,142,154,140,149,149,148,142,143,145,60,59,120,118,125,135,106,126,119,140,127,124,121,115,114,113,64,113,113,124,94,107,128,132,130,121,129,130,233,240,227,141,128,129,160,125,116,122,109,360,209,227,142,141,141,134,116,116,115,122,117,205,60,76,2,2,5,4,3,5,3,2,3,8,7,6,7,2,10,2,9,5,9,9,10,4,5,4,6,4,4,7,4,5,3,3,5,7,5,5,3,8,2,20,10,9,9,11,12,6,1,1,1,1,3,2,3,2,2,0,1,1,3,11,5,13,13,13,8,18,16,18,12,10,9,18,16,19,22,22,19,17,16,56,49,53,59,61,56,57,77,135,136,98,303
ERR11437918,146,146,146,147,148,147,96,147,146,146,147,146,146,146,146,147,147,146,147,147,146,144,146,145,146,146,146,146,146,146,142,146,146,146,146,146,146,146,146,146,146,146,146,146,146,146,146,147,161,160,162,151,151,153,148,151,151,151,150,150,145,145,145,150,150,150,150,150,150,143,143,154,141,149,149,148,142,143,145,60,59,120,118,125,135,106,126,119,140,127,124,121,115,114,113,64,113,113,124,94,107,128,132,130,121,129,130,233,240,227,141,128,129,160,125,116,122,109,361,209,227,142,141,141,134,116,116,115,122,117,205,36,52,3,3,6,5,4,6,4,3,4,4,8,7,8,3,11,3,10,6,10,10,11,5,6,5,7,5,5,8,5,6,4,4,6,8,6,6,4,9,3,21,11,10,10,12,13,7,2,2,2,2,4,3,4,3,3,1,0,2,4,12,6,14,14,14,9,20,17,19,13,12,10,18,17,20,23,23,19,18,17,56,49,53,59,61,56,57,77,135,136,98,303
ERR11807709,146,146,146,147,148,147,96,147,146,146,147,146,146,146,146,147,147,146,147,147,146,144,146,145,146,146,146,146,146,146,142,146,146,146,146,146,146,146,146,146,146,146,146,146,146,146,146,147,161,160,162,151,151,153,148,151,151,151,150,150,145,145,145,150,150,150,150,150,150,143,143,154,141,149,149,148,142,143,145,60,59,120,118,125,135,106,126,119,140,127,124,121,115,114,113,64,113,113,124,94,107,128,132,130,121,129,130,233,240,227,141,128,129,160,125,116,122,109,360,209,227,142,141,141,134,116,116,115,122,117,205,58,74,3,3,6,5,4,6,4,3,4,9,8,7,8,3,11,3,10,6,10,10,11,5,6,5,7,5,5,8,5,6,4,4,6,8,6,6,4,10,3,21,11,10,10,12,13,7,2,2,2,2,4,3,4,3,3,1,2,0,4,12,6,14,14,14,9,20,17,19,13,12,10,19,17,20,23,23,20,18,17,56,49,53,59,61,56,57,77,135,136,98,303
ERR10880183,82,82,82,83,84,83,82,83,82,82,83,82,82,82,82,83,83,82,83,83,83,82,82,79,82,82,82,82,82,82,82,82,82,82,82,82,82,82,82,82,82,82,82,82,82,82,82,83,97,95,99,87,87,89,84,87,87,87,86,86,81,81,80,86,86,86,86,86,86,79,79,90,79,85,85,84,78,79,82,60,59,68,56,63,74,69,64,66,77,65,65,65,66,65,64,65,64,64,65,78,77,72,73,68,65,67,68,184,191,178,78,70,66,98,61,59,59,59,346,149,163,79,78,78,71,67,67,66,66,67,156,85,101,5,5,7,6,3,6,3,3,3,12,7,7,8,3,10,3,9,6,9,10,10,5,6,5,6,5,5,7,5,6,4,4,6,8,6,6,4,7,3,23,10,10,10,11,10,6,2,2,2,2,4,3,4,3,3,3,4,4,0,7,4,14,14,13,9,18,16,18,12,10,9,17,16,19,22,22,18,17,16,49,48,53,50,50,44,48,42,86,87,63,304
ERR10880311,90,90,90,91,92,91,90,91,90,90,91,90,90,90,90,91,91,90,91,91,91,90,90,88,90,90,90,90,90,90,90,90,90,90,90,90,90,90,90,90,90,90,90,90,90,90,90,91,105,104,107,95,95,97,92,95,95,95,94,94,89,89,89,94,94,94,94,94,94,87,87,98,88,93,93,92,86,85,89,68,67,76,64,71,82,77,72,74,85,73,73,73,74,73,72,72,72,72,73,86,85,80,81,76,73,75,76,192,199,186,86,78,74,106,68,67,67,67,354,157,170,85,85,85,78,74,74,73,73,74,163,93,109,13,13,15,14,11,14,11,11,11,20,15,15,16,11,18,11,17,14,17,18,18,13,14,13,14,13,13,14,12,14,12,12,14,16,14,14,12,15,11,30,18,18,18,19,18,14,10,10,10,10,12,10,11,11,11,11,12,12,7,0,12,22,22,21,17,26,24,26,20,18,17,25,24,27,30,30,26,25,24,57,56,61,58,58,52,56,49,93,94,70,311
ERR10109274,149,149,149,150,151,150,99,150,149,149,150,149,149,149,149,150,150,149,150,150,149,147,149,148,149,149,149,149,149,149,145,149,149,149,149,149,149,149,149,149,149,149,149,149,149,149,149,150,164,163,165,154,154,156,151,154,154,154,153,153,148,148,148,153,153,153,153,153,153,146,145,157,143,152,152,151,145,144,147,63,62,123,121,128,138,109,129,122,143,130,127,124,118,117,116,66,116,116,127,97,110,131,135,133,124,132,133,236,243,230,144,131,132,163,127,119,125,112,359,212,228,143,143,143,136,118,118,117,122,119,150,66,82,5,5,8,7,6,8,6,5,6,12,10,9,10,5,13,5,12,8,12,12,13,7,8,7,9,7,7,9,6,8,6,6,8,10,8,8,6,11,5,22,13,12,12,14,13,9,4,4,4,4,6,4,5,4,5,5,6,6,4,12,0,16,16,16,11,20,18,20,15,13,12,21,19,22,25,25,22,20,19,59,52,56,62,64,59,60,79,137,138,100,213
ERR12552381,145,145,145,146,147,146,95,146,145,145,146,145,145,145,145,146,146,145,146,146,145,143,145,144,145,145,145,145,145,145,141,145,145,145,145,145,145,145,145,145,145,145,145,145,145,145,145,146,160,159,161,150,150,152,147,150,150,150,149,149,144,144,144,149,149,149,149,149,149,142,144,153,140,148,148,147,141,142,145,60,59,120,118,125,136,107,127,120,141,128,125,122,116,115,114,64,114,114,125,95,108,129,133,131,122,130,131,234,241,228,142,128,130,161,124,116,122,109,361,208,226,141,140,140,133,115,115,114,122,116,204,59,73,11,11,13,12,11,14,11,11,11,16,15,15,16,11,17,11,17,14,17,18,18,13,14,13,14,13,13,15,13,14,12,12,14,16,14,14,12,15,11,29,18,18,18,19,20,14,12,12,12,12,14,13,14,13,13,13,14,14,14,22,16,0,0,5,11,18,16,18,12,10,9,17,16,19,22,22,18,17,16,57,50,54,60,62,57,57,77,139,140,98,303
ERR12552377,146,146,146,147,148,147,96,147,146,146,147,146,146,146,146,147,147,146,147,147,146,144,146,144,146,146,146,146,146,146,142,146,146,146,146,146,146,146,146,146,146,146,146,146,146,146,146,147,161,159,162,151,151,153,148,151,151,151,150,150,145,145,144,150,150,150,150,150,150,143,144,154,140,149,149,148,142,143,145,60,59,120,118,125,136,107,127,120,141,128,125,122,116,115,114,65,114,114,125,95,108,129,133,131,122,130,131,234,241,228,142,128,130,161,125,116,122,109,358,208,227,142,141,141,134,116,116,115,123,117,205,50,64,11,11,13,12,11,14,11,11,11,13,15,15,16,11,17,11,17,14,17,18,18,13,14,13,14,13,13,15,13,14,12,12,14,16,14,14,12,15,11,29,18,18,18,19,20,14,12,12,12,12,14,13,14,13,13,13,14,14,14,22,16,0,0,5,11,18,16,18,12,10,9,17,16,19,22,22,18,17,16,57,50,54,60,62,57,57,78,140,141,99,224
ERR11896635,144,144,144,145,146,145,94,145,144,144,145,144,144,144,144,145,145,144,145,145,144,142,144,143,144,144,144,144,144,144,140,144,144,144,144,144,144,144,144,144,144,144,144,144,144,144,144,145,159,158,160,149,149,151,146,149,149,149,148,148,143,143,143,146,148,148,148,148,148,141,143,152,139,147,147,146,140,141,143,58,57,118,116,123,134,105,125,118,139,126,123,120,114,113,112,63,112,112,123,93,106,127,131,128,120,128,129,232,239,226,140,126,128,159,123,114,120,107,359,206,225,140,139,139,132,114,114,113,121,115,203,95,109,12,13,14,13,10,13,10,10,10,19,14,14,15,10,16,10,16,13,16,17,17,12,13,12,13,12,12,14,12,13,11,11,13,15,13,13,11,14,10,31,17,17,17,18,19,13,12,12,12,12,13,13,14,13,13,13,14,14,13,21,16,5,5,0,10,17,15,17,11,9,8,16,15,18,21,21,17,16,15,55,48,52,58,60,55,55,76,138,139,97,302
ERR9079508,142,142,142,143,144,143,92,143,142,142,143,142,142,142,142,143,143,142,143,143,142,140,142,140,142,142,142,142,142,142,138,142,142,142,142,142,142,142,142,142,142,142,142,142,142,142,142,143,156,154,157,146,146,148,144,147,147,147,146,146,141,141,140,146,146,146,146,146,146,139,140,150,136,145,145,144,138,138,135,57,56,116,115,122,133,104,124,117,138,125,122,119,113,112,111,62,111,111,122,92,105,120,124,128,119,126,127,122,120,115,137,119,121,158,122,112,118,105,327,173,223,139,138,138,131,113,113,112,120,114,203,68,81,6,6,8,7,6,9,6,6,6,12,10,10,11,6,13,6,12,9,12,13,13,8,9,8,8,8,8,10,8,9,7,7,9,11,9,9,7,12,6,24,13,13,13,14,15,9,7,7,7,7,9,8,9,8,8,8,9,9,9,17,11,11,11,10,0,16,13,15,9,8,6,15,13,16,19,19,16,14,13,54,47,51,57,59,54,55,75,137,137,96,299
ERR9420153,84,84,84,86,86,85,84,86,85,85,85,85,85,85,85,85,86,84,86,86,87,85,85,83,85,85,85,84,85,85,85,85,85,85,85,85,84,85,85,85,85,85,85,85,85,85,85,86,100,98,103,90,89,91,87,90,90,90,88,88,84,84,83,88,88,88,88,88,88,82,83,92,81,88,88,87,81,81,83,62,62,71,59,65,77,71,67,69,80,68,68,67,69,68,67,68,67,67,68,81,79,75,75,71,68,70,70,187,194,180,79,73,68,100,63,61,61,62,348,151,166,82,81,81,74,68,69,68,71,70,158,101,113,18,19,19,18,15,19,16,16,15,25,19,19,21,16,21,15,21,18,21,23,22,18,18,18,19,18,18,19,18,19,17,16,18,20,18,18,17,19,16,37,22,23,22,24,24,18,18,18,17,17,19,19,19,18,19,18,20,20,18,26,20,18,18,17,16,0,2,4,14,12,11,19,18,21,24,24,20,19,18,52,51,56,52,53,46,50,44,92,93,65,306
ERR10117717,80,80,80,81,82,81,80,81,80,80,81,80,80,80,80,81,81,80,81,81,82,80,80,79,80,80,80,80,80,80,80,80,80,80,80,80,80,80,80,80,80,80,80,80,80,80,80,81,95,94,98,85,85,87,82,85,85,85,84,84,79,79,79,84,84,84,84,84,84,77,79,88,77,83,83,82,77,78,79,59,58,67,55,62,73,68,63,65,76,64,64,64,65,64,63,64,63,63,64,77,76,71,72,67,64,66,67,183,190,177,76,69,65,96,60,58,58,58,346,147,162,78,77,77,70,65,65,64,67,66,154,98,110,15,16,17,16,13,16,13,13,13,22,17,17,18,13,19,13,19,16,19,20,20,15,16,15,16,15,15,17,15,17,14,14,16,18,16,16,14,17,13,34,20,20,20,21,22,16,15,15,15,15,16,16,17,16,16,16,17,17,16,24,18,16,16,15,13,2,0,2,12,10,9,17,16,19,22,22,18,17,16,48,47,52,49,49,43,46,41,89,90,62,303
ERR6806600,82,82,82,83,84,83,82,83,82,82,83,82,82,82,82,83,83,82,83,83,84,82,82,80,82,82,82,82,82,82,82,82,82,82,82,82,82,82,82,82,82,82,82,82,82,82,82,83,97,95,100,87,87,89,84,87,87,87,86,86,81,81,80,86,86,86,86,86,86,79,80,90,78,85,85,84,79,80,82,61,60,69,57,64,75,70,65,67,78,66,66,66,67,66,65,66,65,65,66,79,78,73,74,69,66,68,69,185,192,179,78,71,67,98,62,60,60,60,348,149,164,80,79,79,72,66,67,66,69,68,156,100,113,17,18,19,18,15,18,15,15,15,24,19,19,20,15,21,15,21,18,21,22,22,17,18,17,18,17,17,19,17,19,16,16,18,20,18,18,16,19,15,36,22,22,22,23,24,18,17,17,17,17,18,18,19,18,18,18,19,19,18,26,20,18,18,17,15,4,2,0,14,12,11,19,18,21,24,24,20,19,18,51,50,55,52,52,46,49,44,91,92,64,305
ERR7197757,74,74,74,75,76,75,74,75,74,74,75,74,74,74,74,75,75,74,75,75,76,74,74,73,74,74,74,74,74,74,74,74,74,74,74,74,74,74,74,74,74,74,74,74,74,74,74,75,88,87,91,79,79,81,76,79,79,79,78,78,73,73,73,78,78,78,78,78,78,71,73,82,72,77,77,76,71,71,75,53,52,61,49,56,67,62,57,59,70,58,58,58,59,58,57,57,57,57,58,71,70,65,66,61,58,60,61,177,184,171,70,62,59,91,53,52,52,52,340,142,156,72,71,71,64,60,60,59,61,60,149,94,108,11,12,13,12,9,12,9,9,9,18,12,12,14,9,16,9,15,12,15,16,16,11,12,11,12,11,11,13,11,13,10,10,12,14,12,12,10,13,9,30,16,16,16,17,18,12,11,11,11,10,12,12,13,12,12,12,13,13,12,20,15,12,12,11,9,14,12,14,0,1,3,11,9,13,16,16,12,11,10,42,41,46,43,43,37,41,34,82,83,55,296
ERR6806028,76,76,76,78,78,77,76,78,77,77,77,77,77,77,77,77,78,76,78,78,79,77,77,75,77,77,77,76,77,77,77,77,77,77,77,77,76,77,77,77,77,77,77,77,77,77,77,78,92,90,95,82,81,83,79,82,82,82,80,80,76,76,75,80,80,80,80,80,80,73,76,84,74,80,79,78,74,71,73,53,53,61,49,55,67,61,57,59,70,58,58,57,59,58,57,58,57,57,58,71,69,65,65,61,58,60,60,177,184,170,70,63,58,91,53,51,51,52,340,142,156,71,71,71,64,59,60,59,61,60,149,93,106,10,11,11,10,7,11,8,8,7,17,11,11,13,8,14,7,13,10,13,15,14,10,10,10,11,10,10,10,9,11,9,8,10,12,10,10,9,11,8,28,14,15,14,16,16,10,10,10,9,9,11,10,10,10,11,10,12,12,10,18,13,10,10,9,8,12,10,12,1,0,1,9,8,11,14,14,10,9,8,42,41,46,42,43,36,41,34,82,83,55,296
ERR9288082,72,72,72,73,74,73,72,73,72,72,73,72,72,72,72,73,73,72,73,73,74,72,72,71,72,72,72,72,72,72,72,72,72,72,72,72,72,72,72,72,72,72,72,72,72,72,72,73,87,86,90,77,77,79,74,77,77,77,76,76,71,71,71,76,76,76,76,76,76,69,72,80,70,75,75,74,69,69,70,50,49,58,46,53,64,59,54,56,67,55,55,55,56,55,54,55,54,54,55,68,67,62,63,58,55,57,58,174,181,168,68,60,56,88,51,49,49,49,337,139,153,69,68,68,61,57,57,56,58,57,146,91,103,8,9,10,9,6,9,6,6,6,15,10,10,11,6,13,6,12,9,12,13,13,8,9,8,9,8,8,10,8,10,7,7,9,11,9,9,7,10,6,27,13,13,13,14,15,9,8,8,8,8,9,9,10,9,9,9,10,10,9,17,12,9,9,8,6,11,9,11,3,1,0,8,7,10,13,13,9,8,7,39,38,43,40,40,34,38,32,80,81,53,294
ERR11455881,83,83,83,85,85,84,83,85,84,84,85,84,84,84,84,84,85,83,85,85,86,84,84,80,83,84,84,83,84,84,84,84,84,84,84,84,83,84,84,84,84,84,84,84,84,84,84,85,99,96,99,89,89,90,86,89,89,89,87,87,83,83,81,87,86,86,86,86,86,80,83,92,80,87,86,85,81,81,81,61,61,67,56,64,74,69,65,67,78,66,66,65,67,65,65,66,65,65,65,79,78,73,73,68,66,68,68,185,192,178,78,70,66,99,62,59,59,60,347,148,163,80,79,79,72,67,67,67,69,68,157,100,112,17,18,19,17,14,18,14,14,14,24,19,18,19,14,21,15,21,17,20,21,21,16,17,17,17,16,16,18,16,18,15,15,17,19,17,17,15,18,15,36,21,22,22,23,23,17,17,16,17,16,17,18,18,17,18,18,18,19,17,25,21,17,17,16,15,19,17,19,11,9,8,0,15,18,21,21,17,16,15,50,48,53,51,49,44,48,42,90,91,63,304
ERR6806632,77,77,77,78,79,78,77,78,77,77,78,77,77,77,77,78,78,77,78,78,79,77,77,76,77,77,77,77,77,77,77,77,77,77,77,77,77,77,77,77,77,77,77,77,77,77,77,78,92,91,95,82,82,84,79,82,82,82,81,81,76,76,76,81,81,81,81,81,81,74,77,85,75,80,80,79,74,74,76,55,54,63,51,58,69,64,59,61,72,60,60,60,61,60,59,60,59,59,60,73,72,67,68,63,60,62,63,179,186,173,73,64,61,93,56,54,54,54,344,144,158,74,73,73,66,62,62,61,63,62,151,98,111,15,16,17,16,13,16,13,13,13,22,17,17,18,13,20,13,19,16,19,20,20,15,16,15,16,15,15,17,15,17,14,14,16,18,16,16,14,17,13,34,20,20,20,21,22,16,15,15,15,15,16,16,17,16,16,16,17,17,16,24,19,16,16,15,13,18,16,18,9,8,7,15,0,15,18,18,14,13,12,44,43,48,45,45,39,43,37,80,81,58,299
ERR4451478,88,88,88,89,90,89,88,89,88,88,89,88,88,88,88,89,89,88,89,89,90,88,88,85,88,88,88,88,88,88,88,88,88,88,88,88,88,88,88,88,88,88,87,88,83,88,88,89,103,101,105,93,93,95,90,93,93,93,92,92,87,87,86,92,92,92,92,92,92,85,87,96,84,91,91,90,85,85,88,60,59,74,62,69,80,75,70,72,83,71,71,71,72,65,64,71,70,70,71,84,83,78,79,74,71,73,74,184,191,178,84,76,72,104,67,65,65,65,353,154,168,84,83,83,76,66,66,65,73,72,155,101,115,18,19,20,19,16,19,16,16,16,25,20,20,21,16,23,16,22,19,22,23,23,18,19,18,19,18,18,20,18,20,17,17,19,21,19,19,17,20,16,37,23,23,23,24,25,19,18,18,18,18,19,19,20,19,19,19,20,20,19,27,22,19,19,18,16,21,19,21,13,11,10,18,15,0,19,19,15,14,13,55,54,59,56,56,50,54,42,90,91,63,302
ERR12302226,83,83,83,84,85,84,83,84,83,83,84,83,83,83,83,84,84,83,84,84,85,83,83,82,83,83,83,83,83,83,83,83,83,83,83,83,83,83,83,83,83,83,83,83,83,83,83,84,98,97,100,88,88,90,85,88,88,88,87,87,82,82,82,87,87,87,87,87,87,80,82,91,81,86,86,85,79,80,81,61,60,69,57,64,75,70,65,67,78,66,66,66,67,66,65,66,65,65,66,79,78,73,74,69,66,68,69,185,192,179,79,71,67,99,62,60,60,60,348,150,164,80,79,79,72,68,68,67,69,68,157,104,116,21,22,23,22,19,22,19,19,19,28,23,23,24,19,26,19,25,22,25,26,26,21,22,21,22,21,21,23,21,23,20,20,22,24,22,22,20,23,19,40,26,26,26,27,28,22,21,21,21,21,22,22,23,22,22,22,23,23,22,30,25,22,22,21,19,24,22,24,16,14,13,21,18,19,0,2,4,5,6,50,49,54,51,51,45,49,43,91,92,64,305
ERR12552384,85,85,85,86,87,86,85,86,85,85,86,85,85,85,85,86,86,85,86,86,87,85,85,83,85,85,85,85,85,85,85,85,85,85,85,85,85,85,85,85,85,85,85,85,85,85,85,86,100,98,102,90,90,92,87,90,90,90,89,89,84,84,83,89,89,89,89,89,89,81,83,93,82,88,87,86,81,82,82,63,62,70,58,65,76,71,66,68,79,67,67,67,68,67,66,67,66,66,67,80,79,74,75,70,67,69,70,186,193,180,80,72,68,100,63,61,61,61,350,151,165,81,80,80,73,69,69,68,70,69,158,104,116,21,22,23,22,19,22,19,19,19,28,23,23,24,19,26,19,25,22,25,26,26,21,22,21,22,21,21,23,21,23,20,20,22,24,22,22,20,23,19,40,26,26,26,27,28,22,21,21,21,21,22,22,23,22,22,22,23,23,22,30,25,22,22,21,19,24,22,24,16,14,13,21,18,19,2,0,4,5,6,51,50,55,52,52,46,50,44,92,93,65,306
ERR12067334,79,79,79,81,81,80,79,81,80,80,81,80,80,80,80,80,81,79,81,81,82,80,80,79,80,80,80,79,80,80,80,80,80,80,80,80,79,80,80,80,80,80,80,80,80,80,80,81,95,94,98,85,85,86,82,85,85,85,83,83,79,79,79,83,83,83,83,83,83,77,79,88,78,83,83,82,76,77,80,57,57,65,53,61,71,66,62,64,75,63,63,62,64,62,62,63,62,62,62,76,75,70,70,65,63,65,65,182,189,175,75,67,63,96,59,56,56,57,346,146,161,77,76,76,69,64,64,64,66,65,154,101,115,18,19,20,18,15,19,15,15,15,25,20,19,20,15,22,16,22,18,21,22,22,17,18,18,18,17,17,19,17,19,16,16,18,20,18,18,16,19,16,37,22,23,23,24,24,18,18,17,18,17,18,19,19,18,19,19,19,20,18,26,22,18,18,17,16,20,18,20,12,10,9,17,14,15,4,4,0,1,2,47,45,50,48,47,41,45,39,87,88,60,301
ERR10880424,79,79,79,80,81,80,79,80,79,79,80,79,79,79,79,80,80,79,80,80,81,79,79,77,79,79,79,79,79,79,79,79,79,79,79,79,79,79,79,79,79,79,79,79,79,79,79,80,94,92,97,84,84,86,81,84,84,84,83,83,78,78,77,83,83,83,83,83,83,76,77,87,76,82,82,81,75,75,78,57,56,65,53,60,71,66,61,63,74,62,62,62,63,62,61,62,61,61,62,75,74,69,70,65,62,64,65,181,188,175,75,67,63,95,58,56,56,56,346,146,160,75,75,75,68,64,64,63,65,64,153,99,113,16,17,18,17,14,17,14,14,14,23,18,18,19,14,21,14,20,17,20,21,21,16,17,16,17,16,16,17,15,18,15,15,17,19,17,17,15,18,14,34,21,21,21,22,23,17,16,16,16,16,17,16,17,17,17,17,18,18,17,25,20,17,17,16,14,19,17,19,11,9,8,16,13,14,5,5,1,0,1,46,45,50,47,47,41,45,39,87,88,60,301
ERR10123158,77,77,77,78,79,78,77,78,77,77,78,77,77,77,77,78,78,77,78,78,79,77,77,75,77,77,77,77,77,77,77,77,77,77,77,77,77,77,77,77,77,77,77,77,77,77,77,78,92,90,95,82,82,84,79,82,82,82,81,81,76,76,75,81,81,81,81,81,81,74,76,85,74,80,80,79,73,75,76,56,55,64,52,59,70,65,60,62,73,61,61,61,62,61,60,61,60,60,61,74,73,68,69,64,61,63,64,180,187,174,74,66,62,94,57,55,55,55,343,145,159,75,74,74,67,63,63,62,64,63,152,98,110,15,16,17,16,13,16,13,13,13,22,17,17,18,13,20,13,19,16,19,20,20,15,16,15,16,15,15,17,15,17,14,14,16,18,16,16,14,17,13,34,20,20,20,21,22,16,15,15,15,15,16,16,17,16,16,16,17,17,16,24,19,16,16,15,13,18,16,18,10,8,7,15,12,13,6,6,2,1,0,45,44,49,46,46,40,44,38,86,87,59,300
ERR10176869,89,89,89,90,89,88,89,90,89,89,90,89,89,89,89,90,90,89,90,90,90,89,89,86,89,89,89,89,89,89,89,89,89,89,89,89,89,89,89,89,89,89,89,89,89,89,89,90,104,103,106,94,94,96,92,94,94,94,93,93,88,88,88,93,94,94,94,94,94,86,88,97,86,92,92,91,86,81,90,68,67,76,64,71,81,76,71,73,84,70,72,72,73,80,79,68,68,68,69,82,81,76,77,72,69,72,73,201,207,194,88,74,74,108,65,67,67,67,354,157,203,119,121,121,145,117,114,114,108,109,203,137,153,64,55,58,48,54,57,54,53,55,62,59,61,59,54,62,55,60,58,59,60,67,56,56,55,61,57,61,56,54,59,55,55,49,51,49,50,55,52,54,72,62,60,61,61,63,58,56,55,55,55,57,55,55,55,56,56,56,56,49,57,59,57,57,55,54,52,48,51,42,42,39,50,44,55,50,51,47,46,45,0,3,8,5,8,7,57,45,228,229,74,308
ERR10880230,88,88,88,89,88,87,88,89,88,88,89,88,88,88,88,89,89,88,89,89,89,88,88,85,88,88,88,88,88,88,88,88,88,88,88,88,88,88,88,88,88,88,88,88,88,88,88,89,103,102,105,93,93,95,91,93,93,93,92,92,87,87,87,92,93,93,93,93,93,85,87,96,85,91,91,90,85,81,90,67,66,75,63,70,80,75,70,72,83,69,71,71,72,73,72,67,67,67,68,81,80,75,76,71,68,71,72,194,200,187,87,73,73,107,64,66,66,66,356,156,256,173,174,174,144,164,161,161,161,162,250,131,147,57,48,51,47,47,50,47,46,48,55,52,54,52,47,55,48,53,51,52,53,60,49,49,48,54,50,54,50,48,52,48,48,48,50,48,49,48,50,47,66,55,53,54,54,56,51,49,48,48,48,50,49,49,48,49,49,49,49,48,56,52,50,50,48,47,51,47,50,41,41,38,48,43,54,49,50,45,45,44,3,0,7,4,7,6,56,44,227,228,67,307
ERR11453719,93,93,93,94,93,92,93,94,93,93,94,93,93,93,93,94,94,93,94,94,94,93,93,90,93,93,93,93,93,93,93,93,93,93,93,93,93,93,93,93,93,93,93,93,93,93,93,94,108,107,110,98,98,100,96,98,98,98,97,97,92,92,92,97,98,98,98,98,98,90,91,101,90,96,96,95,90,86,95,72,71,80,68,75,85,80,75,77,88,74,76,76,77,77,76,72,72,72,73,86,85,80,81,76,73,76,77,198,204,191,92,78,78,112,69,71,71,71,358,161,181,98,99,99,149,88,85,85,86,87,174,134,150,61,52,55,52,51,54,51,50,52,59,56,58,56,51,59,52,57,55,56,57,64,53,53,52,58,54,58,54,52,56,52,52,53,55,53,54,52,55,51,70,59,57,58,58,60,55,53,52,52,52,54,53,53,52,53,53,53,53,53,61,56,54,54,52,51,56,52,55,46,46,43,53,48,59,54,55,50,50,49,8,7,0,5,12,11,61,49,232,233,71,312
ERR10880157,92,92,92,93,92,91,92,93,92,92,93,92,92,92,92,93,93,92,93,93,93,92,92,89,92,92,92,92,92,92,92,92,92,92,92,92,92,92,92,92,92,92,92,92,92,92,92,93,107,106,109,97,97,99,95,97,97,97,96,96,91,91,91,96,97,97,97,97,97,88,91,100,89,95,94,93,89,84,92,70,69,77,65,72,82,77,72,74,85,71,73,73,74,83,82,69,69,69,70,83,82,77,78,73,70,73,74,204,210,197,89,75,75,109,66,68,68,68,356,158,256,173,174,174,146,172,169,169,161,162,258,140,156,67,58,61,49,57,60,57,56,58,65,62,64,62,57,65,58,63,61,62,63,70,59,59,58,64,60,64,60,58,62,58,58,50,52,50,51,58,52,57,76,65,63,64,64,66,61,59,58,58,58,60,59,59,58,59,59,59,59,50,58,62,60,60,58,57,52,49,52,43,42,40,51,45,56,51,52,48,47,46,5,4,5,0,9,8,58,46,229,230,77,309
ERR11872767,90,90,90,91,90,89,90,91,90,90,91,90,90,90,90,91,91,90,91,91,90,90,90,88,90,90,90,90,90,90,90,90,90,90,90,90,90,90,90,90,90,90,90,90,90,90,90,91,105,104,107,95,95,97,93,95,95,95,94,94,89,89,89,94,95,95,95,95,95,87,89,98,87,93,93,92,87,81,91,69,68,77,65,72,81,76,71,73,84,70,72,72,73,84,83,68,68,68,69,82,81,76,77,72,69,72,73,206,212,199,89,75,75,108,66,68,68,68,356,158,280,197,198,198,146,198,194,195,185,186,284,142,158,69,60,63,49,59,62,59,58,60,67,64,66,64,59,67,60,65,63,64,65,72,61,61,60,66,62,66,62,60,64,60,60,50,52,50,51,60,52,59,78,67,65,66,66,68,63,61,60,60,60,62,61,61,60,61,61,61,61,50,58,64,62,62,60,59,53,49,52,43,43,40,49,45,56,51,52,47,47,46,8,7,12,9,0,7,57,46,229,230,79,308
ERR6752889,85,85,85,86,85,84,85,86,85,85,86,85,85,85,85,86,86,85,86,86,86,85,85,83,85,85,85,85,85,85,85,85,85,85,85,85,85,85,85,85,85,85,85,85,85,85,85,86,100,99,102,90,90,92,88,90,90,90,89,89,84,84,84,89,90,90,90,90,90,82,85,93,83,88,88,87,82,76,85,63,62,71,59,66,76,71,66,68,79,65,67,67,68,80,79,63,63,63,64,77,76,71,72,67,64,67,68,201,207,194,83,69,69,103,60,62,62,62,350,152,209,125,127,127,140,128,125,125,114,115,214,137,153,64,55,58,43,54,57,54,53,55,62,59,61,59,54,62,55,60,58,59,60,67,56,56,55,61,57,61,56,54,59,55,55,44,46,44,45,55,45,54,72,62,60,61,61,63,58,56,55,55,55,57,55,55,55,56,56,56,56,44,52,59,57,57,55,54,46,43,46,37,36,34,44,39,50,45,46,41,41,40,7,6,11,8,7,0,52,40,223,224,74,303
ERR9288143,98,98,98,99,98,97,98,99,98,98,99,98,98,98,98,99,99,98,98,99,99,98,98,96,98,98,98,98,98,98,98,98,98,98,98,98,98,98,98,98,98,98,98,98,98,98,98,98,113,111,113,103,103,105,99,103,103,103,102,102,96,97,96,102,103,103,103,103,103,94,97,106,94,101,100,99,92,82,99,76,75,84,72,79,79,74,69,71,82,68,70,70,71,79,78,67,68,68,69,82,81,76,77,72,69,70,71,205,212,198,91,72,82,83,75,74,74,74,332,132,238,156,157,157,144,155,152,152,144,144,170,138,154,65,56,59,47,55,58,55,54,56,63,60,63,60,55,63,56,61,59,60,61,68,57,57,56,62,58,62,58,56,60,56,56,48,50,48,49,56,50,55,73,63,61,62,62,63,59,57,56,56,56,58,57,57,56,57,57,57,57,48,56,60,57,57,55,55,50,46,49,41,41,38,48,43,54,49,50,45,45,44,57,56,61,58,57,52,0,43,226,227,74,213
ERR5751308,207,207,207,208,209,208,71,208,207,207,208,207,207,207,207,208,208,207,208,208,208,197,207,206,207,207,207,207,207,207,207,207,207,207,207,207,207,207,207,207,207,207,201,207,207,207,207,208,222,221,217,212,212,214,210,212,212,212,211,211,206,206,202,211,212,212,212,212,212,204,206,215,206,210,210,209,187,204,206,50,49,194,182,189,199,194,189,191,202,190,190,190,191,190,189,54,189,189,190,201,202,197,198,193,190,192,193,311,316,304,204,193,192,224,187,185,185,185,339,275,402,318,320,319,197,308,304,305,306,307,394,159,174,77,76,79,41,75,78,74,74,75,83,79,78,80,75,82,75,80,78,80,81,82,77,77,76,78,78,77,77,75,79,75,76,42,44,42,42,76,43,74,93,81,81,82,82,83,79,78,76,76,76,77,76,76,76,77,77,77,77,42,49,79,77,78,76,75,44,41,44,34,34,32,42,37,42,43,44,39,39,38,45,44,49,46,46,40,43,0,71,72,53,293
ERR4399358,401,401,401,402,403,402,265,402,401,401,402,401,401,401,401,402,402,401,402,402,391,374,401,398,401,401,401,401,401,401,385,401,401,401,401,401,398,401,401,400,401,401,389,401,400,396,401,399,411,409,398,406,406,408,402,406,406,406,405,405,400,400,381,405,406,406,406,406,406,369,389,409,388,404,375,374,380,393,372,100,99,358,347,354,361,356,351,353,364,352,352,352,353,227,226,211,351,351,352,363,365,359,360,355,352,354,355,347,352,340,360,358,353,386,347,350,350,350,472,441,560,483,484,479,362,345,342,342,468,473,431,217,231,139,135,142,90,138,140,136,136,137,145,137,135,142,137,145,137,142,140,143,143,144,139,139,138,140,140,139,140,138,141,138,139,86,88,86,86,138,91,136,152,143,143,144,145,145,141,136,134,134,129,140,135,135,133,135,135,135,135,86,93,137,139,140,138,137,92,89,91,82,82,80,90,80,90,91,92,87,87,86,228,227,232,229,229,223,226,71,0,2,52,279
ERR4399957,398,398,398,399,400,399,266,399,398,398,399,398,398,398,398,399,399,398,399,399,388,372,398,395,398,398,398,398,398,398,382,398,398,398,398,398,395,398,398,397,398,398,386,398,397,393,398,396,408,406,397,403,403,405,399,403,403,403,402,402,397,397,380,402,403,403,403,403,403,366,386,406,385,401,372,371,377,389,367,101,100,355,344,351,358,353,348,350,361,349,349,349,350,224,223,212,348,348,349,360,362,355,356,352,349,351,352,343,348,336,356,354,349,383,344,347,347,347,481,437,557,480,481,476,359,342,339,339,465,470,428,218,231,140,136,143,91,139,141,137,137,138,146,138,136,143,138,146,138,143,141,144,144,145,140,140,139,141,141,140,141,139,142,139,140,87,89,87,87,139,92,137,153,144,144,145,146,146,142,137,135,135,130,141,136,136,134,136,136,136,136,87,94,138,140,141,139,137,93,90,92,83,83,81,91,81,91,92,93,88,88,87,229,228,233,230,230,224,227,72,2,0,53,279
ERR4399362,246,246,246,247,248,247,113,247,246,246,247,246,246,246,246,247,247,246,247,247,247,236,246,243,246,246,246,246,246,246,242,246,246,246,246,246,246,246,246,246,246,246,240,246,246,246,246,247,261,260,257,251,251,253,249,251,251,251,250,250,245,245,240,250,251,251,251,251,251,214,245,254,243,249,220,219,226,243,217,77,76,191,190,197,209,191,198,196,213,200,197,194,188,187,186,54,186,186,197,211,213,201,205,203,194,202,203,307,312,300,214,203,202,234,197,188,194,181,351,282,410,328,329,328,206,305,302,302,307,303,391,180,195,98,98,101,63,97,99,95,95,96,104,101,99,101,96,104,96,101,99,102,102,103,98,98,97,99,99,98,99,97,100,97,98,63,65,63,63,97,64,95,115,102,102,103,104,104,100,99,97,97,97,99,98,98,96,98,98,98,98,63,70,100,98,99,97,96,65,62,64,55,55,53,63,58,63,64,65,60,60,59,74,67,71,77,79,74,74,53,52,53,0,261
SRR13833609,309,310,310,311,312,310,310,311,310,310,311,310,310,310,310,310,311,310,311,311,311,310,310,305,310,310,310,310,310,310,310,310,310,310,310,310,310,310,310,310,310,310,310,310,310,310,310,310,323,320,319,314,314,316,309,315,315,315,313,314,308,309,307,314,315,315,315,315,314,306,301,318,302,314,313,312,302,305,295,197,196,296,286,200,304,299,293,295,307,295,295,295,296,295,294,294,294,294,295,308,308,296,297,298,295,295,296,301,300,295,213,292,290,236,290,288,287,288,257,253,389,300,299,299,300,203,202,202,297,295,293,305,306,301,300,303,301,301,304,300,300,301,301,305,304,306,301,215,301,306,304,306,307,308,303,303,302,303,304,303,304,302,305,301,302,304,306,304,304,302,305,300,317,307,307,308,308,308,305,303,302,302,302,304,303,303,300,303,303,303,303,304,311,213,303,224,302,299,306,303,305,296,296,294,304,299,302,305,306,301,301,300,308,307,312,309,308,303,213,293,279,279,261,0
