isolate_id,Gene symbol,Scope,Element type,Class,Subclass,Method,% Coverage of reference sequence,% Identity to reference sequence,Accession of closest sequence,passes_recorded_filter
44341_3_128,floR,core,AMR,PHENICOL,CHLORAMPHENICOL/FLORFENICOL,EXACTX,100.0,100.0,WP_000214119.1,True
44341_3_128,tet(A),core,AMR,TETRACYCLINE,TETRACYCLINE,EXACTX,100.0,100.0,WP_000804063.1,True
44341_3_128,aph(6)-Id,core,AMR,AMINOGLYCOSIDE,STREPTOMYCIN,EXACTX,100.0,100.0,WP_000480968.1,True
44341_3_128,aph(3'')-Ib,core,AMR,AMINOGLYCOSIDE,STREPTOMYCIN,EXACTX,100.0,100.0,WP_001082319.1,True
44341_3_128,sul2,core,AMR,SULFONAMIDE,SULFONAMIDE,EXACTX,100.0,100.0,WP_001043260.1,True
44341_3_128,arr-2,core,AMR,RIFAMYCIN,RIFAMYCIN,ALLELEX,100.0,100.0,WP_000237816.1,True
44341_3_128,cmlA5,core,AMR,PHENICOL,CHLORAMPHENICOL,EXACTX,100.0,100.0,WP_012300772.1,True
44341_3_128,blaOXA-10,core,AMR,BETA-LACTAM,CEPHALOSPORIN,ALLELEX,100.0,100.0,WP_000846390.1,True
44341_3_128,aadA1,core,AMR,AMINOGLYCOSIDE,STREPTOMYCIN,EXACTX,100.0,100.0,WP_001209508.1,True
44341_3_128,qacEdelta1,core,STRESS,QUATERNARY AMMONIUM,QUATERNARY AMMONIUM,ALLELEX,100.0,100.0,WP_000679427.1,True
44341_3_128,sul1,core,AMR,SULFONAMIDE,SULFONAMIDE,EXACTX,100.0,100.0,WP_000259031.1,True
44341_3_128,dfrA23,core,AMR,TRIMETHOPRIM,TRIMETHOPRIM,EXACTX,100.0,100.0,WP_001143450.1,True
44341_3_128,qnrB1,core,AMR,QUINOLONE,QUINOLONE,ALLELEX,100.0,100.0,WP_014386481.1,True
44341_3_128,blaCTX-M-15,core,AMR,BETA-LACTAM,CEPHALOSPORIN,ALLELEX,100.0,100.0,WP_000239590.1,True
44341_3_128,aac(3)-IIe,core,AMR,AMINOGLYCOSIDE,GENTAMICIN,EXACTX,100.0,100.0,WP_000557452.1,True
44341_3_128,catB3,core,AMR,PHENICOL,CHLORAMPHENICOL,PARTIALX,70.0,100.0,WP_000186237.1,False
44341_3_128,blaOXA-1,core,AMR,BETA-LACTAM,CEPHALOSPORIN,ALLELEX,100.0,100.0,WP_001334766.1,True
44341_3_128,aac(6')-Ib-cr5,core,AMR,AMINOGLYCOSIDE/QUINOLONE,AMIKACIN/KANAMYCIN/QUINOLONE/TOBRAMYCIN,ALLELEX,100.0,100.0,WP_063840321.1,True
44341_3_131,sul2,core,AMR,SULFONAMIDE,SULFONAMIDE,EXACTX,100.0,100.0,WP_001043260.1,True
44341_3_131,aph(3'')-Ib,core,AMR,AMINOGLYCOSIDE,STREPTOMYCIN,EXACTX,100.0,100.0,WP_001082319.1,True
44341_3_131,aph(6)-Id,core,AMR,AMINOGLYCOSIDE,STREPTOMYCIN,EXACTX,100.0,100.0,WP_000480968.1,True
44341_3_131,tet(A),core,AMR,TETRACYCLINE,TETRACYCLINE,EXACTX,100.0,100.0,WP_000804063.1,True
44341_3_131,floR,core,AMR,PHENICOL,CHLORAMPHENICOL/FLORFENICOL,EXACTX,100.0,100.0,WP_000214119.1,True
44341_3_131,dfrA23,core,AMR,TRIMETHOPRIM,TRIMETHOPRIM,EXACTX,100.0,100.0,WP_001143450.1,True
44341_3_131,sul1,core,AMR,SULFONAMIDE,SULFONAMIDE,EXACTX,100.0,100.0,WP_000259031.1,True
44341_3_131,qacEdelta1,core,STRESS,QUATERNARY AMMONIUM,QUATERNARY AMMONIUM,ALLELEX,100.0,100.0,WP_000679427.1,True
44341_3_131,aadA1,core,AMR,AMINOGLYCOSIDE,STREPTOMYCIN,EXACTX,100.0,100.0,WP_001209508.1,True
44341_3_131,blaOXA-10,core,AMR,BETA-LACTAM,CEPHALOSPORIN,ALLELEX,100.0,100.0,WP_000846390.1,True
44341_3_131,cmlA5,core,AMR,PHENICOL,CHLORAMPHENICOL,EXACTX,100.0,100.0,WP_012300772.1,True
44341_3_131,arr-2,core,AMR,RIFAMYCIN,RIFAMYCIN,ALLELEX,100.0,100.0,WP_000237816.1,True
44341_3_131,qnrB1,core,AMR,QUINOLONE,QUINOLONE,ALLELEX,100.0,100.0,WP_014386481.1,True
44341_3_131,blaCTX-M-15,core,AMR,BETA-LACTAM,CEPHALOSPORIN,ALLELEX,100.0,100.0,WP_000239590.1,True
44341_3_131,aac(3)-IIe,core,AMR,AMINOGLYCOSIDE,GENTAMICIN,EXACTX,100.0,100.0,WP_000557452.1,True
44341_3_131,catB3,core,AMR,PHENICOL,CHLORAMPHENICOL,PARTIALX,70.0,100.0,WP_000186237.1,False
44341_3_131,blaOXA-1,core,AMR,BETA-LACTAM,CEPHALOSPORIN,ALLELEX,100.0,100.0,WP_001334766.1,True
44341_3_131,aac(6')-Ib-cr5,core,AMR,AMINOGLYCOSIDE/QUINOLONE,AMIKACIN/KANAMYCIN/QUINOLONE/TOBRAMYCIN,ALLELEX,100.0,100.0,WP_063840321.1,True
44341_3_136,sul2,core,AMR,SULFONAMIDE,SULFONAMIDE,EXACTX,100.0,100.0,WP_001043260.1,True
44341_3_136,aph(3'')-Ib,core,AMR,AMINOGLYCOSIDE,STREPTOMYCIN,EXACTX,100.0,100.0,WP_001082319.1,True
44341_3_136,aph(6)-Id,core,AMR,AMINOGLYCOSIDE,STREPTOMYCIN,EXACTX,100.0,100.0,WP_000480968.1,True
44341_3_136,tet(A),core,AMR,TETRACYCLINE,TETRACYCLINE,EXACTX,100.0,100.0,WP_000804063.1,True
44341_3_136,floR,core,AMR,PHENICOL,CHLORAMPHENICOL/FLORFENICOL,EXACTX,100.0,100.0,WP_000214119.1,True
44341_3_136,dfrA23,core,AMR,TRIMETHOPRIM,TRIMETHOPRIM,EXACTX,100.0,100.0,WP_001143450.1,True
44341_3_136,sul1,core,AMR,SULFONAMIDE,SULFONAMIDE,EXACTX,100.0,100.0,WP_000259031.1,True
44341_3_136,qacEdelta1,core,STRESS,QUATERNARY AMMONIUM,QUATERNARY AMMONIUM,ALLELEX,100.0,100.0,WP_000679427.1,True
44341_3_136,aadA1,core,AMR,AMINOGLYCOSIDE,STREPTOMYCIN,EXACTX,100.0,100.0,WP_001209508.1,True
44341_3_136,blaOXA-10,core,AMR,BETA-LACTAM,CEPHALOSPORIN,ALLELEX,100.0,100.0,WP_000846390.1,True
44341_3_136,cmlA5,core,AMR,PHENICOL,CHLORAMPHENICOL,EXACTX,100.0,100.0,WP_012300772.1,True
44341_3_136,arr-2,core,AMR,RIFAMYCIN,RIFAMYCIN,ALLELEX,100.0,100.0,WP_000237816.1,True
44341_3_136,qnrB1,core,AMR,QUINOLONE,QUINOLONE,ALLELEX,100.0,100.0,WP_014386481.1,True
44341_3_136,catB3,core,AMR,PHENICOL,CHLORAMPHENICOL,PARTIALX,70.0,100.0,WP_000186237.1,False
44341_3_136,blaOXA-1,core,AMR,BETA-LACTAM,CEPHALOSPORIN,ALLELEX,100.0,100.0,WP_001334766.1,True
44341_3_136,aac(6')-Ib-cr5,core,AMR,AMINOGLYCOSIDE/QUINOLONE,AMIKACIN/KANAMYCIN/QUINOLONE/TOBRAMYCIN,ALLELEX,100.0,100.0,WP_063840321.1,True
44341_3_165,sul2,core,AMR,SULFONAMIDE,SULFONAMIDE,EXACTX,100.0,100.0,WP_001043260.1,True
44341_3_165,aph(3'')-Ib,core,AMR,AMINOGLYCOSIDE,STREPTOMYCIN,EXACTX,100.0,100.0,WP_001082319.1,True
44341_3_165,aph(6)-Id,core,AMR,AMINOGLYCOSIDE,STREPTOMYCIN,EXACTX,100.0,100.0,WP_000480968.1,True
44341_3_165,tet(A),core,AMR,TETRACYCLINE,TETRACYCLINE,EXACTX,100.0,100.0,WP_000804063.1,True
44341_3_165,floR,core,AMR,PHENICOL,CHLORAMPHENICOL/FLORFENICOL,EXACTX,100.0,100.0,WP_000214119.1,True
44341_3_165,arr-2,core,AMR,RIFAMYCIN,RIFAMYCIN,ALLELEX,100.0,100.0,WP_000237816.1,True
44341_3_165,cmlA5,core,AMR,PHENICOL,CHLORAMPHENICOL,EXACTX,100.0,100.0,WP_012300772.1,True
44341_3_165,blaOXA-10,core,AMR,BETA-LACTAM,CEPHALOSPORIN,ALLELEX,100.0,100.0,WP_000846390.1,True
44341_3_165,aadA1,core,AMR,AMINOGLYCOSIDE,STREPTOMYCIN,EXACTX,100.0,100.0,WP_001209508.1,True
44341_3_165,qacEdelta1,core,STRESS,QUATERNARY AMMONIUM,QUATERNARY AMMONIUM,ALLELEX,100.0,100.0,WP_000679427.1,True
44341_3_165,sul1,core,AMR,SULFONAMIDE,SULFONAMIDE,EXACTX,100.0,100.0,WP_000259031.1,True
44341_3_165,dfrA23,core,AMR,TRIMETHOPRIM,TRIMETHOPRIM,EXACTX,100.0,100.0,WP_001143450.1,True
44341_3_165,qnrB1,core,AMR,QUINOLONE,QUINOLONE,ALLELEX,100.0,100.0,WP_014386481.1,True
44341_3_165,blaCTX-M-15,core,AMR,BETA-LACTAM,CEPHALOSPORIN,ALLELEX,100.0,100.0,WP_000239590.1,True
44341_3_165,aac(3)-IIe,core,AMR,AMINOGLYCOSIDE,GENTAMICIN,EXACTX,100.0,100.0,WP_000557452.1,True
44341_3_165,aac(6')-Ib-cr5,core,AMR,AMINOGLYCOSIDE/QUINOLONE,AMIKACIN/KANAMYCIN/QUINOLONE/TOBRAMYCIN,ALLELEX,100.0,100.0,WP_063840321.1,True
44341_3_165,blaOXA-1,core,AMR,BETA-LACTAM,CEPHALOSPORIN,ALLELEX,100.0,100.0,WP_001334766.1,True
44341_3_165,catB3,core,AMR,PHENICOL,CHLORAMPHENICOL,PARTIALX,70.0,100.0,WP_000186237.1,False
44341_3_21,sul2,core,AMR,SULFONAMIDE,SULFONAMIDE,EXACTX,100.0,100.0,WP_001043260.1,True
44341_3_21,aph(3'')-Ib,core,AMR,AMINOGLYCOSIDE,STREPTOMYCIN,EXACTX,100.0,100.0,WP_001082319.1,True
44341_3_21,aph(6)-Id,core,AMR,AMINOGLYCOSIDE,STREPTOMYCIN,EXACTX,100.0,100.0,WP_000480968.1,True
44341_3_21,tet(A),core,AMR,TETRACYCLINE,TETRACYCLINE,EXACTX,100.0,100.0,WP_000804063.1,True
44341_3_21,floR,core,AMR,PHENICOL,CHLORAMPHENICOL/FLORFENICOL,EXACTX,100.0,100.0,WP_000214119.1,True
44341_3_21,arr-2,core,AMR,RIFAMYCIN,RIFAMYCIN,ALLELEX,100.0,100.0,WP_000237816.1,True
44341_3_21,cmlA5,core,AMR,PHENICOL,CHLORAMPHENICOL,EXACTX,100.0,100.0,WP_012300772.1,True
44341_3_21,blaOXA-10,core,AMR,BETA-LACTAM,CEPHALOSPORIN,ALLELEX,100.0,100.0,WP_000846390.1,True
44341_3_21,aadA1,core,AMR,AMINOGLYCOSIDE,STREPTOMYCIN,EXACTX,100.0,100.0,WP_001209508.1,True
44341_3_21,qacEdelta1,core,STRESS,QUATERNARY AMMONIUM,QUATERNARY AMMONIUM,ALLELEX,100.0,100.0,WP_000679427.1,True
44341_3_21,sul1,core,AMR,SULFONAMIDE,SULFONAMIDE,EXACTX,100.0,100.0,WP_000259031.1,True
44341_3_21,dfrA23,core,AMR,TRIMETHOPRIM,TRIMETHOPRIM,EXACTX,100.0,100.0,WP_001143450.1,True
44341_3_21,qnrB1,core,AMR,QUINOLONE,QUINOLONE,ALLELEX,100.0,100.0,WP_014386481.1,True
44341_3_21,blaCTX-M-15,core,AMR,BETA-LACTAM,CEPHALOSPORIN,ALLELEX,100.0,100.0,WP_000239590.1,True
44341_3_21,aac(3)-IIe,core,AMR,AMINOGLYCOSIDE,GENTAMICIN,EXACTX,100.0,100.0,WP_000557452.1,True
44341_3_21,aac(6')-Ib-cr5,core,AMR,AMINOGLYCOSIDE/QUINOLONE,AMIKACIN/KANAMYCIN/QUINOLONE/TOBRAMYCIN,ALLELEX,100.0,100.0,WP_063840321.1,True
44341_3_21,blaOXA-1,core,AMR,BETA-LACTAM,CEPHALOSPORIN,ALLELEX,100.0,100.0,WP_001334766.1,True
44341_3_21,catB3,core,AMR,PHENICOL,CHLORAMPHENICOL,PARTIALX,70.0,100.0,WP_000186237.1,False
44341_3_262,sul2,core,AMR,SULFONAMIDE,SULFONAMIDE,EXACTX,100.0,100.0,WP_001043260.1,True
44341_3_262,aph(3'')-Ib,core,AMR,AMINOGLYCOSIDE,STREPTOMYCIN,EXACTX,100.0,100.0,WP_001082319.1,True
44341_3_262,aph(6)-Id,core,AMR,AMINOGLYCOSIDE,STREPTOMYCIN,EXACTX,100.0,100.0,WP_000480968.1,True
44341_3_262,tet(A),core,AMR,TETRACYCLINE,TETRACYCLINE,EXACTX,100.0,100.0,WP_000804063.1,True
44341_3_262,floR,core,AMR,PHENICOL,CHLORAMPHENICOL/FLORFENICOL,EXACTX,100.0,100.0,WP_000214119.1,True
44341_3_262,arr-2,core,AMR,RIFAMYCIN,RIFAMYCIN,ALLELEX,100.0,100.0,WP_000237816.1,True
44341_3_262,cmlA5,core,AMR,PHENICOL,CHLORAMPHENICOL,EXACTX,100.0,100.0,WP_012300772.1,True
44341_3_262,blaOXA-10,core,AMR,BETA-LACTAM,CEPHALOSPORIN,ALLELEX,100.0,100.0,WP_000846390.1,True
44341_3_262,aadA1,core,AMR,AMINOGLYCOSIDE,STREPTOMYCIN,EXACTX,100.0,100.0,WP_001209508.1,True
44341_3_262,qacEdelta1,core,STRESS,QUATERNARY AMMONIUM,QUATERNARY AMMONIUM,ALLELEX,100.0,100.0,WP_000679427.1,True
44341_3_262,sul1,core,AMR,SULFONAMIDE,SULFONAMIDE,EXACTX,100.0,100.0,WP_000259031.1,True
44341_3_262,dfrA23,core,AMR,TRIMETHOPRIM,TRIMETHOPRIM,EXACTX,100.0,100.0,WP_001143450.1,True
44341_3_262,qnrB1,core,AMR,QUINOLONE,QUINOLONE,ALLELEX,100.0,100.0,WP_014386481.1,True
44341_3_262,blaCTX-M-15,core,AMR,BETA-LACTAM,CEPHALOSPORIN,ALLELEX,100.0,100.0,WP_000239590.1,True
44341_3_262,aac(3)-IIe,core,AMR,AMINOGLYCOSIDE,GENTAMICIN,EXACTX,100.0,100.0,WP_000557452.1,True
44341_3_262,aac(6')-Ib-cr5,core,AMR,AMINOGLYCOSIDE/QUINOLONE,AMIKACIN/KANAMYCIN/QUINOLONE/TOBRAMYCIN,ALLELEX,100.0,100.0,WP_063840321.1,True
44341_3_262,blaOXA-1,core,AMR,BETA-LACTAM,CEPHALOSPORIN,ALLELEX,100.0,100.0,WP_001334766.1,True
44341_3_262,catB3,core,AMR,PHENICOL,CHLORAMPHENICOL,PARTIALX,70.0,100.0,WP_000186237.1,False
44341_3_265,floR,core,AMR,PHENICOL,CHLORAMPHENICOL/FLORFENICOL,EXACTX,100.0,100.0,WP_000214119.1,True
44341_3_265,tet(A),core,AMR,TETRACYCLINE,TETRACYCLINE,EXACTX,100.0,100.0,WP_000804063.1,True
44341_3_265,aph(6)-Id,core,AMR,AMINOGLYCOSIDE,STREPTOMYCIN,EXACTX,100.0,100.0,WP_000480968.1,True
44341_3_265,aph(3'')-Ib,core,AMR,AMINOGLYCOSIDE,STREPTOMYCIN,EXACTX,100.0,100.0,WP_001082319.1,True
44341_3_265,sul2,core,AMR,SULFONAMIDE,SULFONAMIDE,EXACTX,100.0,100.0,WP_001043260.1,True
44341_3_265,dfrA23,core,AMR,TRIMETHOPRIM,TRIMETHOPRIM,EXACTX,100.0,100.0,WP_001143450.1,True
44341_3_265,sul1,core,AMR,SULFONAMIDE,SULFONAMIDE,EXACTX,100.0,100.0,WP_000259031.1,True
44341_3_265,qacEdelta1,core,STRESS,QUATERNARY AMMONIUM,QUATERNARY AMMONIUM,ALLELEX,100.0,100.0,WP_000679427.1,True
44341_3_265,aadA1,core,AMR,AMINOGLYCOSIDE,STREPTOMYCIN,EXACTX,100.0,100.0,WP_001209508.1,True
44341_3_265,blaOXA-10,core,AMR,BETA-LACTAM,CEPHALOSPORIN,ALLELEX,100.0,100.0,WP_000846390.1,True
44341_3_265,cmlA5,core,AMR,PHENICOL,CHLORAMPHENICOL,EXACTX,100.0,100.0,WP_012300772.1,True
44341_3_265,arr-2,core,AMR,RIFAMYCIN,RIFAMYCIN,ALLELEX,100.0,100.0,WP_000237816.1,True
44341_3_265,qnrB1,core,AMR,QUINOLONE,QUINOLONE,ALLELEX,100.0,100.0,WP_014386481.1,True
44341_3_265,blaCTX-M-15,core,AMR,BETA-LACTAM,CEPHALOSPORIN,ALLELEX,100.0,100.0,WP_000239590.1,True
44341_3_265,aac(3)-IIe,core,AMR,AMINOGLYCOSIDE,GENTAMICIN,EXACTX,100.0,100.0,WP_000557452.1,True
44341_3_265,aac(6')-Ib-cr5,core,AMR,AMINOGLYCOSIDE/QUINOLONE,AMIKACIN/KANAMYCIN/QUINOLONE/TOBRAMYCIN,ALLELEX,100.0,100.0,WP_063840321.1,True
44341_3_265,blaOXA-1,core,AMR,BETA-LACTAM,CEPHALOSPORIN,ALLELEX,100.0,100.0,WP_001334766.1,True
44341_3_265,catB3,core,AMR,PHENICOL,CHLORAMPHENICOL,PARTIALX,70.0,100.0,WP_000186237.1,False
44341_3_268,sul2,core,AMR,SULFONAMIDE,SULFONAMIDE,EXACTX,100.0,100.0,WP_001043260.1,True
44341_3_268,aph(3'')-Ib,core,AMR,AMINOGLYCOSIDE,STREPTOMYCIN,EXACTX,100.0,100.0,WP_001082319.1,True
44341_3_268,aph(6)-Id,core,AMR,AMINOGLYCOSIDE,STREPTOMYCIN,EXACTX,100.0,100.0,WP_000480968.1,True
44341_3_268,tet(A),core,AMR,TETRACYCLINE,TETRACYCLINE,EXACTX,100.0,100.0,WP_000804063.1,True
44341_3_268,floR,core,AMR,PHENICOL,CHLORAMPHENICOL/FLORFENICOL,EXACTX,100.0,100.0,WP_000214119.1,True
44341_3_268,dfrA23,core,AMR,TRIMETHOPRIM,TRIMETHOPRIM,EXACTX,100.0,100.0,WP_001143450.1,True
44341_3_268,sul1,core,AMR,SULFONAMIDE,SULFONAMIDE,EXACTX,100.0,100.0,WP_000259031.1,True
44341_3_268,qacEdelta1,core,STRESS,QUATERNARY AMMONIUM,QUATERNARY AMMONIUM,ALLELEX,100.0,100.0,WP_000679427.1,True
44341_3_268,aadA1,core,AMR,AMINOGLYCOSIDE,STREPTOMYCIN,EXACTX,100.0,100.0,WP_001209508.1,True
44341_3_268,blaOXA-10,core,AMR,BETA-LACTAM,CEPHALOSPORIN,ALLELEX,100.0,100.0,WP_000846390.1,True
44341_3_268,cmlA5,core,AMR,PHENICOL,CHLORAMPHENICOL,EXACTX,100.0,100.0,WP_012300772.1,True
44341_3_268,arr-2,core,AMR,RIFAMYCIN,RIFAMYCIN,ALLELEX,100.0,100.0,WP_000237816.1,True
44341_3_268,qnrB1,core,AMR,QUINOLONE,QUINOLONE,ALLELEX,100.0,100.0,WP_014386481.1,True
44341_3_268,blaCTX-M-15,core,AMR,BETA-LACTAM,CEPHALOSPORIN,ALLELEX,100.0,100.0,WP_000239590.1,True
44341_3_268,aac(3)-IIe,core,AMR,AMINOGLYCOSIDE,GENTAMICIN,EXACTX,100.0,100.0,WP_000557452.1,True
44341_3_268,catB3,core,AMR,PHENICOL,CHLORAMPHENICOL,PARTIALX,70.0,100.0,WP_000186237.1,False
44341_3_268,blaOXA-1,core,AMR,BETA-LACTAM,CEPHALOSPORIN,ALLELEX,100.0,100.0,WP_001334766.1,True
44341_3_268,aac(6')-Ib-cr5,core,AMR,AMINOGLYCOSIDE/QUINOLONE,AMIKACIN/KANAMYCIN/QUINOLONE/TOBRAMYCIN,ALLELEX,100.0,100.0,WP_063840321.1,True
44341_3_280,sul2,core,AMR,SULFONAMIDE,SULFONAMIDE,EXACTX,100.0,100.0,WP_001043260.1,True
44341_3_280,aph(3'')-Ib,core,AMR,AMINOGLYCOSIDE,STREPTOMYCIN,EXACTX,100.0,100.0,WP_001082319.1,True
44341_3_280,aph(6)-Id,core,AMR,AMINOGLYCOSIDE,STREPTOMYCIN,EXACTX,100.0,100.0,WP_000480968.1,True
44341_3_280,tet(A),core,AMR,TETRACYCLINE,TETRACYCLINE,EXACTX,100.0,100.0,WP_000804063.1,True
44341_3_280,floR,core,AMR,PHENICOL,CHLORAMPHENICOL/FLORFENICOL,EXACTX,100.0,100.0,WP_000214119.1,True
44341_3_280,arr-2,core,AMR,RIFAMYCIN,RIFAMYCIN,ALLELEX,100.0,100.0,WP_000237816.1,True
44341_3_280,cmlA5,core,AMR,PHENICOL,CHLORAMPHENICOL,EXACTX,100.0,100.0,WP_012300772.1,True
44341_3_280,blaOXA-10,core,AMR,BETA-LACTAM,CEPHALOSPORIN,ALLELEX,100.0,100.0,WP_000846390.1,True
44341_3_280,aadA1,core,AMR,AMINOGLYCOSIDE,STREPTOMYCIN,EXACTX,100.0,100.0,WP_001209508.1,True
44341_3_280,qacEdelta1,core,STRESS,QUATERNARY AMMONIUM,QUATERNARY AMMONIUM,ALLELEX,100.0,100.0,WP_000679427.1,True
44341_3_280,sul1,core,AMR,SULFONAMIDE,SULFONAMIDE,EXACTX,100.0,100.0,WP_000259031.1,True
44341_3_280,dfrA23,core,AMR,TRIMETHOPRIM,TRIMETHOPRIM,EXACTX,100.0,100.0,WP_001143450.1,True
44341_3_280,qnrB1,core,AMR,QUINOLONE,QUINOLONE,ALLELEX,100.0,100.0,WP_014386481.1,True
44341_3_280,blaCTX-M-15,core,AMR,BETA-LACTAM,CEPHALOSPORIN,ALLELEX,100.0,100.0,WP_000239590.1,True
44341_3_280,aac(3)-IIe,core,AMR,AMINOGLYCOSIDE,GENTAMICIN,EXACTX,100.0,100.0,WP_000557452.1,True
44341_3_280,catB3,core,AMR,PHENICOL,CHLORAMPHENICOL,PARTIALX,70.0,100.0,WP_000186237.1,False
44341_3_280,blaOXA-1,core,AMR,BETA-LACTAM,CEPHALOSPORIN,ALLELEX,100.0,100.0,WP_001334766.1,True
44341_3_280,aac(6')-Ib-cr5,core,AMR,AMINOGLYCOSIDE/QUINOLONE,AMIKACIN/KANAMYCIN/QUINOLONE/TOBRAMYCIN,ALLELEX,100.0,100.0,WP_063840321.1,True
44341_3_281,sul2,core,AMR,SULFONAMIDE,SULFONAMIDE,EXACTX,100.0,100.0,WP_001043260.1,True
44341_3_281,aph(3'')-Ib,core,AMR,AMINOGLYCOSIDE,STREPTOMYCIN,EXACTX,100.0,100.0,WP_001082319.1,True
44341_3_281,aph(6)-Id,core,AMR,AMINOGLYCOSIDE,STREPTOMYCIN,EXACTX,100.0,100.0,WP_000480968.1,True
44341_3_281,tet(A),core,AMR,TETRACYCLINE,TETRACYCLINE,EXACTX,100.0,100.0,WP_000804063.1,True
44341_3_281,floR,core,AMR,PHENICOL,CHLORAMPHENICOL/FLORFENICOL,EXACTX,100.0,100.0,WP_000214119.1,True
44341_3_281,arr-2,core,AMR,RIFAMYCIN,RIFAMYCIN,ALLELEX,100.0,100.0,WP_000237816.1,True
44341_3_281,cmlA5,core,AMR,PHENICOL,CHLORAMPHENICOL,EXACTX,100.0,100.0,WP_012300772.1,True
44341_3_281,blaOXA-10,core,AMR,BETA-LACTAM,CEPHALOSPORIN,ALLELEX,100.0,100.0,WP_000846390.1,True
44341_3_281,aadA1,core,AMR,AMINOGLYCOSIDE,STREPTOMYCIN,EXACTX,100.0,100.0,WP_001209508.1,True
44341_3_281,qacEdelta1,core,STRESS,QUATERNARY AMMONIUM,QUATERNARY AMMONIUM,ALLELEX,100.0,100.0,WP_000679427.1,True
44341_3_281,sul1,core,AMR,SULFONAMIDE,SULFONAMIDE,EXACTX,100.0,100.0,WP_000259031.1,True
44341_3_281,dfrA23,core,AMR,TRIMETHOPRIM,TRIMETHOPRIM,EXACTX,100.0,100.0,WP_001143450.1,True
44341_3_281,qnrB1,core,AMR,QUINOLONE,QUINOLONE,ALLELEX,100.0,100.0,WP_014386481.1,True
44341_3_281,blaCTX-M-15,core,AMR,BETA-LACTAM,CEPHALOSPORIN,ALLELEX,100.0,100.0,WP_000239590.1,True
44341_3_281,aac(3)-IIe,core,AMR,AMINOGLYCOSIDE,GENTAMICIN,EXACTX,100.0,100.0,WP_000557452.1,True
44341_3_281,catB3,core,AMR,PHENICOL,CHLORAMPHENICOL,PARTIALX,70.0,100.0,WP_000186237.1,False
44341_3_281,blaOXA-1,core,AMR,BETA-LACTAM,CEPHALOSPORIN,ALLELEX,100.0,100.0,WP_001334766.1,True
44341_3_281,aac(6')-Ib-cr5,core,AMR,AMINOGLYCOSIDE/QUINOLONE,AMIKACIN/KANAMYCIN/QUINOLONE/TOBRAMYCIN,ALLELEX,100.0,100.0,WP_063840321.1,True
44341_3_304,floR,core,AMR,PHENICOL,CHLORAMPHENICOL/FLORFENICOL,EXACTX,100.0,100.0,WP_000214119.1,True
44341_3_304,tet(A),core,AMR,TETRACYCLINE,TETRACYCLINE,EXACTX,100.0,100.0,WP_000804063.1,True
44341_3_304,aph(6)-Id,core,AMR,AMINOGLYCOSIDE,STREPTOMYCIN,EXACTX,100.0,100.0,WP_000480968.1,True
44341_3_304,aph(3'')-Ib,core,AMR,AMINOGLYCOSIDE,STREPTOMYCIN,EXACTX,100.0,100.0,WP_001082319.1,True
44341_3_304,sul2,core,AMR,SULFONAMIDE,SULFONAMIDE,EXACTX,100.0,100.0,WP_001043260.1,True
44341_3_304,dfrA23,core,AMR,TRIMETHOPRIM,TRIMETHOPRIM,EXACTX,100.0,100.0,WP_001143450.1,True
44341_3_304,sul1,core,AMR,SULFONAMIDE,SULFONAMIDE,EXACTX,100.0,100.0,WP_000259031.1,True
44341_3_304,qacEdelta1,core,STRESS,QUATERNARY AMMONIUM,QUATERNARY AMMONIUM,ALLELEX,100.0,100.0,WP_000679427.1,True
44341_3_304,aadA1,core,AMR,AMINOGLYCOSIDE,STREPTOMYCIN,EXACTX,100.0,100.0,WP_001209508.1,True
44341_3_304,blaOXA-10,core,AMR,BETA-LACTAM,CEPHALOSPORIN,ALLELEX,100.0,100.0,WP_000846390.1,True
44341_3_304,cmlA5,core,AMR,PHENICOL,CHLORAMPHENICOL,EXACTX,100.0,100.0,WP_012300772.1,True
44341_3_304,arr-2,core,AMR,RIFAMYCIN,RIFAMYCIN,ALLELEX,100.0,100.0,WP_000237816.1,True
44341_3_304,qnrB1,core,AMR,QUINOLONE,QUINOLONE,ALLELEX,100.0,100.0,WP_014386481.1,True
44341_3_304,blaCTX-M-15,core,AMR,BETA-LACTAM,CEPHALOSPORIN,ALLELEX,100.0,100.0,WP_000239590.1,True
44341_3_304,aac(3)-IIe,core,AMR,AMINOGLYCOSIDE,GENTAMICIN,EXACTX,100.0,100.0,WP_000557452.1,True
44341_3_304,aac(6')-Ib-cr5,core,AMR,AMINOGLYCOSIDE/QUINOLONE,AMIKACIN/KANAMYCIN/QUINOLONE/TOBRAMYCIN,ALLELEX,100.0,100.0,WP_063840321.1,True
44341_3_304,blaOXA-1,core,AMR,BETA-LACTAM,CEPHALOSPORIN,ALLELEX,100.0,100.0,WP_001334766.1,True
44341_3_304,catB3,core,AMR,PHENICOL,CHLORAMPHENICOL,PARTIALX,70.0,100.0,WP_000186237.1,False
44341_3_305,sul2,core,AMR,SULFONAMIDE,SULFONAMIDE,EXACTX,100.0,100.0,WP_001043260.1,True
44341_3_305,aph(3'')-Ib,core,AMR,AMINOGLYCOSIDE,STREPTOMYCIN,EXACTX,100.0,100.0,WP_001082319.1,True
44341_3_305,aph(6)-Id,core,AMR,AMINOGLYCOSIDE,STREPTOMYCIN,EXACTX,100.0,100.0,WP_000480968.1,True
44341_3_305,tet(A),core,AMR,TETRACYCLINE,TETRACYCLINE,EXACTX,100.0,100.0,WP_000804063.1,True
44341_3_305,floR,core,AMR,PHENICOL,CHLORAMPHENICOL/FLORFENICOL,EXACTX,100.0,100.0,WP_000214119.1,True
44341_3_305,dfrA23,core,AMR,TRIMETHOPRIM,TRIMETHOPRIM,EXACTX,100.0,100.0,WP_001143450.1,True
44341_3_305,sul1,core,AMR,SULFONAMIDE,SULFONAMIDE,EXACTX,100.0,100.0,WP_000259031.1,True
44341_3_305,qacEdelta1,core,STRESS,QUATERNARY AMMONIUM,QUATERNARY AMMONIUM,ALLELEX,100.0,100.0,WP_000679427.1,True
44341_3_305,aadA1,core,AMR,AMINOGLYCOSIDE,STREPTOMYCIN,EXACTX,100.0,100.0,WP_001209508.1,True
44341_3_305,blaOXA-10,core,AMR,BETA-LACTAM,CEPHALOSPORIN,ALLELEX,100.0,100.0,WP_000846390.1,True
44341_3_305,cmlA5,core,AMR,PHENICOL,CHLORAMPHENICOL,EXACTX,100.0,100.0,WP_012300772.1,True
44341_3_305,arr-2,core,AMR,RIFAMYCIN,RIFAMYCIN,ALLELEX,100.0,100.0,WP_000237816.1,True
44341_3_305,qnrB1,core,AMR,QUINOLONE,QUINOLONE,ALLELEX,100.0,100.0,WP_014386481.1,True
44341_3_305,blaCTX-M-15,core,AMR,BETA-LACTAM,CEPHALOSPORIN,ALLELEX,100.0,100.0,WP_000239590.1,True
44341_3_305,aac(3)-IIe,core,AMR,AMINOGLYCOSIDE,GENTAMICIN,EXACTX,100.0,100.0,WP_000557452.1,True
44341_3_305,catB3,core,AMR,PHENICOL,CHLORAMPHENICOL,PARTIALX,70.0,100.0,WP_000186237.1,False
44341_3_305,blaOXA-1,core,AMR,BETA-LACTAM,CEPHALOSPORIN,ALLELEX,100.0,100.0,WP_001334766.1,True
44341_3_305,aac(6')-Ib-cr5,core,AMR,AMINOGLYCOSIDE/QUINOLONE,AMIKACIN/KANAMYCIN/QUINOLONE/TOBRAMYCIN,ALLELEX,100.0,100.0,WP_063840321.1,True
44341_3_310,sul2,core,AMR,SULFONAMIDE,SULFONAMIDE,EXACTX,100.0,100.0,WP_001043260.1,True
44341_3_310,aph(3'')-Ib,core,AMR,AMINOGLYCOSIDE,STREPTOMYCIN,EXACTX,100.0,100.0,WP_001082319.1,True
44341_3_310,aph(6)-Id,core,AMR,AMINOGLYCOSIDE,STREPTOMYCIN,EXACTX,100.0,100.0,WP_000480968.1,True
44341_3_310,tet(A),core,AMR,TETRACYCLINE,TETRACYCLINE,EXACTX,100.0,100.0,WP_000804063.1,True
44341_3_310,floR,core,AMR,PHENICOL,CHLORAMPHENICOL/FLORFENICOL,EXACTX,100.0,100.0,WP_000214119.1,True
44341_3_310,arr-2,core,AMR,RIFAMYCIN,RIFAMYCIN,ALLELEX,100.0,100.0,WP_000237816.1,True
44341_3_310,cmlA5,core,AMR,PHENICOL,CHLORAMPHENICOL,EXACTX,100.0,100.0,WP_012300772.1,True
44341_3_310,blaOXA-10,core,AMR,BETA-LACTAM,CEPHALOSPORIN,ALLELEX,100.0,100.0,WP_000846390.1,True
44341_3_310,aadA1,core,AMR,AMINOGLYCOSIDE,STREPTOMYCIN,EXACTX,100.0,100.0,WP_001209508.1,True
44341_3_310,qacEdelta1,core,STRESS,QUATERNARY AMMONIUM,QUATERNARY AMMONIUM,ALLELEX,100.0,100.0,WP_000679427.1,True
44341_3_310,sul1,core,AMR,SULFONAMIDE,SULFONAMIDE,EXACTX,100.0,100.0,WP_000259031.1,True
44341_3_310,dfrA23,core,AMR,TRIMETHOPRIM,TRIMETHOPRIM,EXACTX,100.0,100.0,WP_001143450.1,True
44341_3_310,qnrB1,core,AMR,QUINOLONE,QUINOLONE,ALLELEX,100.0,100.0,WP_014386481.1,True
44341_3_310,blaCTX-M-15,core,AMR,BETA-LACTAM,CEPHALOSPORIN,ALLELEX,100.0,100.0,WP_000239590.1,True
44341_3_310,aac(3)-IIe,core,AMR,AMINOGLYCOSIDE,GENTAMICIN,EXACTX,100.0,100.0,WP_000557452.1,True
44341_3_310,aac(6')-Ib-cr5,core,AMR,AMINOGLYCOSIDE/QUINOLONE,AMIKACIN/KANAMYCIN/QUINOLONE/TOBRAMYCIN,ALLELEX,100.0,100.0,WP_063840321.1,True
44341_3_310,blaOXA-1,core,AMR,BETA-LACTAM,CEPHALOSPORIN,ALLELEX,100.0,100.0,WP_001334766.1,True
44341_3_310,catB3,core,AMR,PHENICOL,CHLORAMPHENICOL,PARTIALX,70.0,100.0,WP_000186237.1,False
44341_3_96,sul2,core,AMR,SULFONAMIDE,SULFONAMIDE,EXACTX,100.0,100.0,WP_001043260.1,True
44341_3_96,aph(3'')-Ib,core,AMR,AMINOGLYCOSIDE,STREPTOMYCIN,EXACTX,100.0,100.0,WP_001082319.1,True
44341_3_96,aph(6)-Id,core,AMR,AMINOGLYCOSIDE,STREPTOMYCIN,EXACTX,100.0,100.0,WP_000480968.1,True
44341_3_96,tet(A),core,AMR,TETRACYCLINE,TETRACYCLINE,EXACTX,100.0,100.0,WP_000804063.1,True
44341_3_96,floR,core,AMR,PHENICOL,CHLORAMPHENICOL/FLORFENICOL,EXACTX,100.0,100.0,WP_000214119.1,True
44341_3_96,dfrA23,core,AMR,TRIMETHOPRIM,TRIMETHOPRIM,EXACTX,100.0,100.0,WP_001143450.1,True
44341_3_96,sul1,core,AMR,SULFONAMIDE,SULFONAMIDE,EXACTX,100.0,100.0,WP_000259031.1,True
44341_3_96,qacEdelta1,core,STRESS,QUATERNARY AMMONIUM,QUATERNARY AMMONIUM,ALLELEX,100.0,100.0,WP_000679427.1,True
44341_3_96,aadA1,core,AMR,AMINOGLYCOSIDE,STREPTOMYCIN,EXACTX,100.0,100.0,WP_001209508.1,True
44341_3_96,blaOXA-10,core,AMR,BETA-LACTAM,CEPHALOSPORIN,ALLELEX,100.0,100.0,WP_000846390.1,True
44341_3_96,cmlA5,core,AMR,PHENICOL,CHLORAMPHENICOL,EXACTX,100.0,100.0,WP_012300772.1,True
44341_3_96,arr-2,core,AMR,RIFAMYCIN,RIFAMYCIN,ALLELEX,100.0,100.0,WP_000237816.1,True
44341_3_96,blaCTX-M-15,core,AMR,BETA-LACTAM,CEPHALOSPORIN,ALLELEX,100.0,100.0,WP_000239590.1,True
44341_3_96,aac(3)-IIe,core,AMR,AMINOGLYCOSIDE,GENTAMICIN,EXACTX,100.0,100.0,WP_000557452.1,True
44341_3_96,aac(6')-Ib-cr5,core,AMR,AMINOGLYCOSIDE/QUINOLONE,AMIKACIN/KANAMYCIN/QUINOLONE/TOBRAMYCIN,ALLELEX,100.0,100.0,WP_063840321.1,True
44341_3_96,blaOXA-1,core,AMR,BETA-LACTAM,CEPHALOSPORIN,ALLELEX,100.0,100.0,WP_001334766.1,True
44341_3_96,catB3,core,AMR,PHENICOL,CHLORAMPHENICOL,PARTIALX,70.0,100.0,WP_000186237.1,False
44341_4_275,floR,core,AMR,PHENICOL,CHLORAMPHENICOL/FLORFENICOL,EXACTX,100.0,100.0,WP_000214119.1,True
44341_4_275,tet(A),core,AMR,TETRACYCLINE,TETRACYCLINE,EXACTX,100.0,100.0,WP_000804063.1,True
44341_4_275,aph(6)-Id,core,AMR,AMINOGLYCOSIDE,STREPTOMYCIN,EXACTX,100.0,100.0,WP_000480968.1,True
44341_4_275,aph(3'')-Ib,core,AMR,AMINOGLYCOSIDE,STREPTOMYCIN,EXACTX,100.0,100.0,WP_001082319.1,True
44341_4_275,sul2,core,AMR,SULFONAMIDE,SULFONAMIDE,EXACTX,100.0,100.0,WP_001043260.1,True
44341_4_275,arr-2,core,AMR,RIFAMYCIN,RIFAMYCIN,ALLELEX,100.0,100.0,WP_000237816.1,True
44341_4_275,cmlA5,core,AMR,PHENICOL,CHLORAMPHENICOL,EXACTX,100.0,100.0,WP_012300772.1,True
44341_4_275,blaOXA-10,core,AMR,BETA-LACTAM,CEPHALOSPORIN,ALLELEX,100.0,100.0,WP_000846390.1,True
44341_4_275,aadA1,core,AMR,AMINOGLYCOSIDE,STREPTOMYCIN,EXACTX,100.0,100.0,WP_001209508.1,True
44341_4_275,qacEdelta1,core,STRESS,QUATERNARY AMMONIUM,QUATERNARY AMMONIUM,ALLELEX,100.0,100.0,WP_000679427.1,True
44341_4_275,sul1,core,AMR,SULFONAMIDE,SULFONAMIDE,EXACTX,100.0,100.0,WP_000259031.1,True
44341_4_275,dfrA23,core,AMR,TRIMETHOPRIM,TRIMETHOPRIM,EXACTX,100.0,100.0,WP_001143450.1,True
44341_4_275,qnrB1,core,AMR,QUINOLONE,QUINOLONE,ALLELEX,100.0,100.0,WP_014386481.1,True
44341_4_275,blaCTX-M-15,core,AMR,BETA-LACTAM,CEPHALOSPORIN,ALLELEX,100.0,100.0,WP_000239590.1,True
44341_4_275,aac(3)-IIe,core,AMR,AMINOGLYCOSIDE,GENTAMICIN,EXACTX,100.0,100.0,WP_000557452.1,True
44341_4_275,aac(6')-Ib-cr5,core,AMR,AMINOGLYCOSIDE/QUINOLONE,AMIKACIN/KANAMYCIN/QUINOLONE/TOBRAMYCIN,ALLELEX,100.0,100.0,WP_063840321.1,True
44341_4_275,blaOXA-1,core,AMR,BETA-LACTAM,CEPHALOSPORIN,ALLELEX,100.0,100.0,WP_001334766.1,True
44341_4_275,catB3,core,AMR,PHENICOL,CHLORAMPHENICOL,PARTIALX,70.0,100.0,WP_000186237.1,False
44341_4_286,floR,core,AMR,PHENICOL,CHLORAMPHENICOL/FLORFENICOL,EXACTX,100.0,100.0,WP_000214119.1,True
44341_4_286,tet(A),core,AMR,TETRACYCLINE,TETRACYCLINE,EXACTX,100.0,100.0,WP_000804063.1,True
44341_4_286,aph(6)-Id,core,AMR,AMINOGLYCOSIDE,STREPTOMYCIN,EXACTX,100.0,100.0,WP_000480968.1,True
44341_4_286,aph(3'')-Ib,core,AMR,AMINOGLYCOSIDE,STREPTOMYCIN,EXACTX,100.0,100.0,WP_001082319.1,True
44341_4_286,sul2,core,AMR,SULFONAMIDE,SULFONAMIDE,EXACTX,100.0,100.0,WP_001043260.1,True
44341_4_286,arr-2,core,AMR,RIFAMYCIN,RIFAMYCIN,ALLELEX,100.0,100.0,WP_000237816.1,True
44341_4_286,cmlA5,core,AMR,PHENICOL,CHLORAMPHENICOL,EXACTX,100.0,100.0,WP_012300772.1,True
44341_4_286,blaOXA-10,core,AMR,BETA-LACTAM,CEPHALOSPORIN,ALLELEX,100.0,100.0,WP_000846390.1,True
44341_4_286,aadA1,core,AMR,AMINOGLYCOSIDE,STREPTOMYCIN,EXACTX,100.0,100.0,WP_001209508.1,True
44341_4_286,qacEdelta1,core,STRESS,QUATERNARY AMMONIUM,QUATERNARY AMMONIUM,ALLELEX,100.0,100.0,WP_000679427.1,True
44341_4_286,sul1,core,AMR,SULFONAMIDE,SULFONAMIDE,EXACTX,100.0,100.0,WP_000259031.1,True
44341_4_286,dfrA23,core,AMR,TRIMETHOPRIM,TRIMETHOPRIM,EXACTX,100.0,100.0,WP_001143450.1,True
44341_4_286,qnrB1,core,AMR,QUINOLONE,QUINOLONE,ALLELEX,100.0,100.0,WP_014386481.1,True
44341_4_286,blaCTX-M-15,core,AMR,BETA-LACTAM,CEPHALOSPORIN,ALLELEX,100.0,100.0,WP_000239590.1,True
44341_4_286,aac(3)-IIe,core,AMR,AMINOGLYCOSIDE,GENTAMICIN,EXACTX,100.0,100.0,WP_000557452.1,True
44341_4_286,aac(6')-Ib-cr5,core,AMR,AMINOGLYCOSIDE/QUINOLONE,AMIKACIN/KANAMYCIN/QUINOLONE/TOBRAMYCIN,ALLELEX,100.0,100.0,WP_063840321.1,True
44341_4_286,blaOXA-1,core,AMR,BETA-LACTAM,CEPHALOSPORIN,ALLELEX,100.0,100.0,WP_001334766.1,True
44341_4_286,catB3,core,AMR,PHENICOL,CHLORAMPHENICOL,PARTIALX,70.0,100.0,WP_000186237.1,False
BKRMVD,sul2,core,AMR,SULFONAMIDE,SULFONAMIDE,EXACTX,100.0,100.0,WP_001043260.1,True
BKRMVD,aph(3'')-Ib,core,AMR,AMINOGLYCOSIDE,STREPTOMYCIN,EXACTX,100.0,100.0,WP_001082319.1,True
BKRMVD,aph(6)-Id,core,AMR,AMINOGLYCOSIDE,STREPTOMYCIN,EXACTX,100.0,100.0,WP_000480968.1,True
BKRMVD,tet(A),core,AMR,TETRACYCLINE,TETRACYCLINE,EXACTX,100.0,100.0,WP_000804063.1,True
BKRMVD,floR,core,AMR,PHENICOL,CHLORAMPHENICOL/FLORFENICOL,EXACTX,100.0,100.0,WP_000214119.1,True
BKRMVD,dfrA23,core,AMR,TRIMETHOPRIM,TRIMETHOPRIM,EXACTX,100.0,100.0,WP_001143450.1,True
BKRMVD,sul1,core,AMR,SULFONAMIDE,SULFONAMIDE,EXACTX,100.0,100.0,WP_000259031.1,True
BKRMVD,qacEdelta1,core,STRESS,QUATERNARY AMMONIUM,QUATERNARY AMMONIUM,ALLELEX,100.0,100.0,WP_000679427.1,True
BKRMVD,aadA1,core,AMR,AMINOGLYCOSIDE,STREPTOMYCIN,EXACTX,100.0,100.0,WP_001209508.1,True
BKRMVD,blaOXA-10,core,AMR,BETA-LACTAM,CEPHALOSPORIN,ALLELEX,100.0,100.0,WP_000846390.1,True
BKRMVD,cmlA5,core,AMR,PHENICOL,CHLORAMPHENICOL,EXACTX,100.0,100.0,WP_012300772.1,True
BKRMVD,arr-2,core,AMR,RIFAMYCIN,RIFAMYCIN,ALLELEX,100.0,100.0,WP_000237816.1,True
BKRMVD,qnrB1,core,AMR,QUINOLONE,QUINOLONE,ALLELEX,100.0,100.0,WP_014386481.1,True
BKRMVD,blaCTX-M-15,core,AMR,BETA-LACTAM,CEPHALOSPORIN,ALLELEX,100.0,100.0,WP_000239590.1,True
BKRMVD,aac(3)-IIe,core,AMR,AMINOGLYCOSIDE,GENTAMICIN,EXACTX,100.0,100.0,WP_000557452.1,True
BKRMVD,aac(6')-Ib-cr5,core,AMR,AMINOGLYCOSIDE/QUINOLONE,AMIKACIN/KANAMYCIN/QUINOLONE/TOBRAMYCIN,ALLELEX,100.0,100.0,WP_063840321.1,True
BKRMVD,blaOXA-1,core,AMR,BETA-LACTAM,CEPHALOSPORIN,ALLELEX,100.0,100.0,WP_001334766.1,True
BKRMVD,catB3,core,AMR,PHENICOL,CHLORAMPHENICOL,PARTIALX,70.0,100.0,WP_000186237.1,False
BKRRIF,floR,core,AMR,PHENICOL,CHLORAMPHENICOL/FLORFENICOL,EXACTX,100.0,100.0,WP_000214119.1,True
BKRRIF,tet(A),core,AMR,TETRACYCLINE,TETRACYCLINE,EXACTX,100.0,100.0,WP_000804063.1,True
BKRRIF,aph(6)-Id,core,AMR,AMINOGLYCOSIDE,STREPTOMYCIN,EXACTX,100.0,100.0,WP_000480968.1,True
BKRRIF,aph(3'')-Ib,core,AMR,AMINOGLYCOSIDE,STREPTOMYCIN,EXACTX,100.0,100.0,WP_001082319.1,True
BKRRIF,sul2,core,AMR,SULFONAMIDE,SULFONAMIDE,EXACTX,100.0,100.0,WP_001043260.1,True
BKRRIF,dfrA23,core,AMR,TRIMETHOPRIM,TRIMETHOPRIM,EXACTX,100.0,100.0,WP_001143450.1,True
BKRRIF,sul1,core,AMR,SULFONAMIDE,SULFONAMIDE,EXACTX,100.0,100.0,WP_000259031.1,True
BKRRIF,qacEdelta1,core,STRESS,QUATERNARY AMMONIUM,QUATERNARY AMMONIUM,ALLELEX,100.0,100.0,WP_000679427.1,True
BKRRIF,aadA1,core,AMR,AMINOGLYCOSIDE,STREPTOMYCIN,EXACTX,100.0,100.0,WP_001209508.1,True
BKRRIF,blaOXA-10,core,AMR,BETA-LACTAM,CEPHALOSPORIN,ALLELEX,100.0,100.0,WP_000846390.1,True
BKRRIF,cmlA5,core,AMR,PHENICOL,CHLORAMPHENICOL,EXACTX,100.0,100.0,WP_012300772.1,True
BKRRIF,arr-2,core,AMR,RIFAMYCIN,RIFAMYCIN,ALLELEX,100.0,100.0,WP_000237816.1,True
BKRRIF,qnrB1,core,AMR,QUINOLONE,QUINOLONE,ALLELEX,100.0,100.0,WP_014386481.1,True
BKRRIF,blaCTX-M-15,core,AMR,BETA-LACTAM,CEPHALOSPORIN,ALLELEX,100.0,100.0,WP_000239590.1,True
BKRRIF,aac(3)-IIe,core,AMR,AMINOGLYCOSIDE,GENTAMICIN,EXACTX,100.0,100.0,WP_000557452.1,True
BKRRIF,aac(6')-Ib-cr5,core,AMR,AMINOGLYCOSIDE/QUINOLONE,AMIKACIN/KANAMYCIN/QUINOLONE/TOBRAMYCIN,ALLELEX,100.0,100.0,WP_063840321.1,True
BKRRIF,blaOXA-1,core,AMR,BETA-LACTAM,CEPHALOSPORIN,ALLELEX,100.0,100.0,WP_001334766.1,True
BKRRIF,catB3,core,AMR,PHENICOL,CHLORAMPHENICOL,PARTIALX,70.0,100.0,WP_000186237.1,False
BKRRJK,sul2,core,AMR,SULFONAMIDE,SULFONAMIDE,EXACTX,100.0,100.0,WP_001043260.1,True
BKRRJK,aph(3'')-Ib,core,AMR,AMINOGLYCOSIDE,STREPTOMYCIN,EXACTX,100.0,100.0,WP_001082319.1,True
BKRRJK,aph(6)-Id,core,AMR,AMINOGLYCOSIDE,STREPTOMYCIN,EXACTX,100.0,100.0,WP_000480968.1,True
BKRRJK,tet(A),core,AMR,TETRACYCLINE,TETRACYCLINE,EXACTX,100.0,100.0,WP_000804063.1,True
BKRRJK,floR,core,AMR,PHENICOL,CHLORAMPHENICOL/FLORFENICOL,EXACTX,100.0,100.0,WP_000214119.1,True
BKRRJK,dfrA23,core,AMR,TRIMETHOPRIM,TRIMETHOPRIM,EXACTX,100.0,100.0,WP_001143450.1,True
BKRRJK,sul1,core,AMR,SULFONAMIDE,SULFONAMIDE,EXACTX,100.0,100.0,WP_000259031.1,True
BKRRJK,qacEdelta1,core,STRESS,QUATERNARY AMMONIUM,QUATERNARY AMMONIUM,ALLELEX,100.0,100.0,WP_000679427.1,True
BKRRJK,aadA1,core,AMR,AMINOGLYCOSIDE,STREPTOMYCIN,EXACTX,100.0,100.0,WP_001209508.1,True
BKRRJK,blaOXA-10,core,AMR,BETA-LACTAM,CEPHALOSPORIN,ALLELEX,100.0,100.0,WP_000846390.1,True
BKRRJK,cmlA5,core,AMR,PHENICOL,CHLORAMPHENICOL,EXACTX,100.0,100.0,WP_012300772.1,True
BKRRJK,arr-2,core,AMR,RIFAMYCIN,RIFAMYCIN,ALLELEX,100.0,100.0,WP_000237816.1,True
BKRRJK,qnrB1,core,AMR,QUINOLONE,QUINOLONE,ALLELEX,100.0,100.0,WP_014386481.1,True
BKRRJK,blaCTX-M-15,core,AMR,BETA-LACTAM,CEPHALOSPORIN,ALLELEX,100.0,100.0,WP_000239590.1,True
BKRRJK,aac(3)-IIe,core,AMR,AMINOGLYCOSIDE,GENTAMICIN,EXACTX,100.0,100.0,WP_000557452.1,True
BKRRJK,aac(6')-Ib-cr5,core,AMR,AMINOGLYCOSIDE/QUINOLONE,AMIKACIN/KANAMYCIN/QUINOLONE/TOBRAMYCIN,ALLELEX,100.0,100.0,WP_063840321.1,True
BKRRJK,blaOXA-1,core,AMR,BETA-LACTAM,CEPHALOSPORIN,ALLELEX,100.0,100.0,WP_001334766.1,True
BKRRJK,catB3,core,AMR,PHENICOL,CHLORAMPHENICOL,PARTIALX,70.0,100.0,WP_000186237.1,False
CAAP2A,floR,core,AMR,PHENICOL,CHLORAMPHENICOL/FLORFENICOL,EXACTX,100.0,100.0,WP_000214119.1,True
CAAP2A,tet(A),core,AMR,TETRACYCLINE,TETRACYCLINE,EXACTX,100.0,100.0,WP_000804063.1,True
CAAP2A,aph(6)-Id,core,AMR,AMINOGLYCOSIDE,STREPTOMYCIN,EXACTX,100.0,100.0,WP_000480968.1,True
CAAP2A,aph(3'')-Ib,core,AMR,AMINOGLYCOSIDE,STREPTOMYCIN,EXACTX,100.0,100.0,WP_001082319.1,True
CAAP2A,sul2,core,AMR,SULFONAMIDE,SULFONAMIDE,EXACTX,100.0,100.0,WP_001043260.1,True
CAAP2A,dfrA23,core,AMR,TRIMETHOPRIM,TRIMETHOPRIM,EXACTX,100.0,100.0,WP_001143450.1,True
CAAP2A,sul1,core,AMR,SULFONAMIDE,SULFONAMIDE,EXACTX,100.0,100.0,WP_000259031.1,True
CAAP2A,qacEdelta1,core,STRESS,QUATERNARY AMMONIUM,QUATERNARY AMMONIUM,ALLELEX,100.0,100.0,WP_000679427.1,True
CAAP2A,aadA1,core,AMR,AMINOGLYCOSIDE,STREPTOMYCIN,EXACTX,100.0,100.0,WP_001209508.1,True
CAAP2A,blaOXA-10,core,AMR,BETA-LACTAM,CEPHALOSPORIN,ALLELEX,100.0,100.0,WP_000846390.1,True
CAAP2A,cmlA5,core,AMR,PHENICOL,CHLORAMPHENICOL,EXACTX,100.0,100.0,WP_012300772.1,True
CAAP2A,arr-2,core,AMR,RIFAMYCIN,RIFAMYCIN,ALLELEX,100.0,100.0,WP_000237816.1,True
CAAP2A,qnrB1,core,AMR,QUINOLONE,QUINOLONE,ALLELEX,100.0,100.0,WP_014386481.1,True
CAAP2A,blaCTX-M-15,core,AMR,BETA-LACTAM,CEPHALOSPORIN,ALLELEX,100.0,100.0,WP_000239590.1,True
CAAP2A,aac(3)-IIe,core,AMR,AMINOGLYCOSIDE,GENTAMICIN,EXACTX,100.0,100.0,WP_000557452.1,True
CAAP2A,aac(6')-Ib-cr5,core,AMR,AMINOGLYCOSIDE/QUINOLONE,AMIKACIN/KANAMYCIN/QUINOLONE/TOBRAMYCIN,ALLELEX,100.0,100.0,WP_063840321.1,True
CAAP2A,blaOXA-1,core,AMR,BETA-LACTAM,CEPHALOSPORIN,ALLELEX,100.0,100.0,WP_001334766.1,True
CAAP2A,catB3,core,AMR,PHENICOL,CHLORAMPHENICOL,PARTIALX,70.0,100.0,WP_000186237.1,False
CAAQIG,sul2,core,AMR,SULFONAMIDE,SULFONAMIDE,EXACTX,100.0,100.0,WP_001043260.1,True
CAAQIG,aph(3'')-Ib,core,AMR,AMINOGLYCOSIDE,STREPTOMYCIN,EXACTX,100.0,100.0,WP_001082319.1,True
CAAQIG,aph(6)-Id,core,AMR,AMINOGLYCOSIDE,STREPTOMYCIN,PARTIAL_CONTIG_ENDX,89.57,100.0,WP_000480968.1,True
CAAQIG,dfrA23,core,AMR,TRIMETHOPRIM,TRIMETHOPRIM,EXACTX,100.0,100.0,WP_001143450.1,True
CAAQIG,arr-2,core,AMR,RIFAMYCIN,RIFAMYCIN,ALLELEX,100.0,100.0,WP_000237816.1,True
CAAQIG,cmlA5,core,AMR,PHENICOL,CHLORAMPHENICOL,EXACTX,100.0,100.0,WP_012300772.1,True
CAAQIG,blaOXA-10,core,AMR,BETA-LACTAM,CEPHALOSPORIN,ALLELEX,100.0,100.0,WP_000846390.1,True
CAAQIG,aadA1,core,AMR,AMINOGLYCOSIDE,STREPTOMYCIN,EXACTX,100.0,100.0,WP_001209508.1,True
CAAQIG,qacEdelta1,core,STRESS,QUATERNARY AMMONIUM,QUATERNARY AMMONIUM,ALLELEX,100.0,100.0,WP_000679427.1,True
CAAQIG,sul1,core,AMR,SULFONAMIDE,SULFONAMIDE,EXACTX,100.0,100.0,WP_000259031.1,True
CAAQIG,blaCTX-M-15,core,AMR,BETA-LACTAM,CEPHALOSPORIN,ALLELEX,100.0,100.0,WP_000239590.1,True
CAAQIG,aac(3)-IIe,core,AMR,AMINOGLYCOSIDE,GENTAMICIN,EXACTX,100.0,100.0,WP_000557452.1,True
CAAQIG,catB3,core,AMR,PHENICOL,CHLORAMPHENICOL,PARTIALX,70.0,100.0,WP_000186237.1,False
CAAQIG,blaOXA-1,core,AMR,BETA-LACTAM,CEPHALOSPORIN,ALLELEX,100.0,100.0,WP_001334766.1,True
CAAQIG,aac(6')-Ib-cr5,core,AMR,AMINOGLYCOSIDE/QUINOLONE,AMIKACIN/KANAMYCIN/QUINOLONE/TOBRAMYCIN,ALLELEX,100.0,100.0,WP_063840321.1,True
CAAQIG,tet(A),core,AMR,TETRACYCLINE,TETRACYCLINE,BLASTX,100.0,99.75,WP_000804063.1,True
CAAQIG,qnrB,core,AMR,QUINOLONE,QUINOLONE,BLASTX,99.53,99.53,WP_014386481.1,True
CAAQIG,floR,core,AMR,PHENICOL,CHLORAMPHENICOL/FLORFENICOL,PARTIAL_CONTIG_ENDX,74.5,100.0,WP_000214119.1,False
CAAQUT,tet(A),core,AMR,TETRACYCLINE,TETRACYCLINE,EXACTX,100.0,100.0,WP_000804063.1,True
CAAQUT,aph(6)-Id,core,AMR,AMINOGLYCOSIDE,STREPTOMYCIN,EXACTX,100.0,100.0,WP_000480968.1,True
CAAQUT,aph(3'')-Ib,core,AMR,AMINOGLYCOSIDE,STREPTOMYCIN,EXACTX,100.0,100.0,WP_001082319.1,True
CAAQUT,sul2,core,AMR,SULFONAMIDE,SULFONAMIDE,EXACTX,100.0,100.0,WP_001043260.1,True
CAAQUT,dfrA23,core,AMR,TRIMETHOPRIM,TRIMETHOPRIM,EXACTX,100.0,100.0,WP_001143450.1,True
CAAQUT,sul1,core,AMR,SULFONAMIDE,SULFONAMIDE,EXACTX,100.0,100.0,WP_000259031.1,True
CAAQUT,qacEdelta1,core,STRESS,QUATERNARY AMMONIUM,QUATERNARY AMMONIUM,ALLELEX,100.0,100.0,WP_000679427.1,True
CAAQUT,aadA1,core,AMR,AMINOGLYCOSIDE,STREPTOMYCIN,EXACTX,100.0,100.0,WP_001209508.1,True
CAAQUT,blaOXA-10,core,AMR,BETA-LACTAM,CEPHALOSPORIN,ALLELEX,100.0,100.0,WP_000846390.1,True
CAAQUT,cmlA5,core,AMR,PHENICOL,CHLORAMPHENICOL,EXACTX,100.0,100.0,WP_012300772.1,True
CAAQUT,arr-2,core,AMR,RIFAMYCIN,RIFAMYCIN,ALLELEX,100.0,100.0,WP_000237816.1,True
CAAQUT,qnrB1,core,AMR,QUINOLONE,QUINOLONE,ALLELEX,100.0,100.0,WP_014386481.1,True
CAAQUT,blaCTX-M-15,core,AMR,BETA-LACTAM,CEPHALOSPORIN,ALLELEX,100.0,100.0,WP_000239590.1,True
CAAQUT,aac(3)-IIe,core,AMR,AMINOGLYCOSIDE,GENTAMICIN,EXACTX,100.0,100.0,WP_000557452.1,True
CAAQUT,catB3,core,AMR,PHENICOL,CHLORAMPHENICOL,PARTIALX,70.0,100.0,WP_000186237.1,False
CAAQUT,blaOXA-1,core,AMR,BETA-LACTAM,CEPHALOSPORIN,ALLELEX,100.0,100.0,WP_001334766.1,True
CAAQUT,aac(6')-Ib-cr5,core,AMR,AMINOGLYCOSIDE/QUINOLONE,AMIKACIN/KANAMYCIN/QUINOLONE/TOBRAMYCIN,ALLELEX,100.0,100.0,WP_063840321.1,True
CAAQXB,tet(A),core,AMR,TETRACYCLINE,TETRACYCLINE,EXACTX,100.0,100.0,WP_000804063.1,True
CAAQXB,aph(6)-Id,core,AMR,AMINOGLYCOSIDE,STREPTOMYCIN,EXACTX,100.0,100.0,WP_000480968.1,True
CAAQXB,aph(3'')-Ib,core,AMR,AMINOGLYCOSIDE,STREPTOMYCIN,EXACTX,100.0,100.0,WP_001082319.1,True
CAAQXB,sul2,core,AMR,SULFONAMIDE,SULFONAMIDE,EXACTX,100.0,100.0,WP_001043260.1,True
CAAQXB,dfrA23,core,AMR,TRIMETHOPRIM,TRIMETHOPRIM,EXACTX,100.0,100.0,WP_001143450.1,True
CAAQXB,sul1,core,AMR,SULFONAMIDE,SULFONAMIDE,EXACTX,100.0,100.0,WP_000259031.1,True
CAAQXB,qacEdelta1,core,STRESS,QUATERNARY AMMONIUM,QUATERNARY AMMONIUM,ALLELEX,100.0,100.0,WP_000679427.1,True
CAAQXB,aadA1,core,AMR,AMINOGLYCOSIDE,STREPTOMYCIN,EXACTX,100.0,100.0,WP_001209508.1,True
CAAQXB,blaOXA-10,core,AMR,BETA-LACTAM,CEPHALOSPORIN,ALLELEX,100.0,100.0,WP_000846390.1,True
CAAQXB,cmlA5,core,AMR,PHENICOL,CHLORAMPHENICOL,EXACTX,100.0,100.0,WP_012300772.1,True
CAAQXB,arr-2,core,AMR,RIFAMYCIN,RIFAMYCIN,ALLELEX,100.0,100.0,WP_000237816.1,True
CAAQXB,qnrB1,core,AMR,QUINOLONE,QUINOLONE,ALLELEX,100.0,100.0,WP_014386481.1,True
CAAQXB,blaCTX-M-15,core,AMR,BETA-LACTAM,CEPHALOSPORIN,ALLELEX,100.0,100.0,WP_000239590.1,True
CAAQXB,aac(3)-IIe,core,AMR,AMINOGLYCOSIDE,GENTAMICIN,EXACTX,100.0,100.0,WP_000557452.1,True
CAAQXB,aac(6')-Ib-cr5,core,AMR,AMINOGLYCOSIDE/QUINOLONE,AMIKACIN/KANAMYCIN/QUINOLONE/TOBRAMYCIN,ALLELEX,100.0,100.0,WP_063840321.1,True
CAAQXB,blaOXA-1,core,AMR,BETA-LACTAM,CEPHALOSPORIN,ALLELEX,100.0,100.0,WP_001334766.1,True
CAAQXB,catB3,core,AMR,PHENICOL,CHLORAMPHENICOL,PARTIALX,70.0,100.0,WP_000186237.1,False
CAAR9T,tet(A),core,AMR,TETRACYCLINE,TETRACYCLINE,EXACTX,100.0,100.0,WP_000804063.1,True
CAAR9T,aph(6)-Id,core,AMR,AMINOGLYCOSIDE,STREPTOMYCIN,EXACTX,100.0,100.0,WP_000480968.1,True
CAAR9T,aph(3'')-Ib,core,AMR,AMINOGLYCOSIDE,STREPTOMYCIN,EXACTX,100.0,100.0,WP_001082319.1,True
CAAR9T,sul2,core,AMR,SULFONAMIDE,SULFONAMIDE,EXACTX,100.0,100.0,WP_001043260.1,True
CAAR9T,dfrA23,core,AMR,TRIMETHOPRIM,TRIMETHOPRIM,EXACTX,100.0,100.0,WP_001143450.1,True
CAAR9T,sul1,core,AMR,SULFONAMIDE,SULFONAMIDE,EXACTX,100.0,100.0,WP_000259031.1,True
CAAR9T,qacEdelta1,core,STRESS,QUATERNARY AMMONIUM,QUATERNARY AMMONIUM,ALLELEX,100.0,100.0,WP_000679427.1,True
CAAR9T,aadA1,core,AMR,AMINOGLYCOSIDE,STREPTOMYCIN,EXACTX,100.0,100.0,WP_001209508.1,True
CAAR9T,blaOXA-10,core,AMR,BETA-LACTAM,CEPHALOSPORIN,ALLELEX,100.0,100.0,WP_000846390.1,True
CAAR9T,cmlA5,core,AMR,PHENICOL,CHLORAMPHENICOL,EXACTX,100.0,100.0,WP_012300772.1,True
CAAR9T,arr-2,core,AMR,RIFAMYCIN,RIFAMYCIN,ALLELEX,100.0,100.0,WP_000237816.1,True
CAAR9T,qnrB1,core,AMR,QUINOLONE,QUINOLONE,ALLELEX,100.0,100.0,WP_014386481.1,True
CAAR9T,blaCTX-M-15,core,AMR,BETA-LACTAM,CEPHALOSPORIN,ALLELEX,100.0,100.0,WP_000239590.1,True
CAAR9T,aac(3)-IIe,core,AMR,AMINOGLYCOSIDE,GENTAMICIN,EXACTX,100.0,100.0,WP_000557452.1,True
CAAR9T,catB3,core,AMR,PHENICOL,CHLORAMPHENICOL,PARTIALX,70.0,100.0,WP_000186237.1,False
CAAR9T,blaOXA-1,core,AMR,BETA-LACTAM,CEPHALOSPORIN,ALLELEX,100.0,100.0,WP_001334766.1,True
CAAR9T,aac(6')-Ib-cr5,core,AMR,AMINOGLYCOSIDE/QUINOLONE,AMIKACIN/KANAMYCIN/QUINOLONE/TOBRAMYCIN,ALLELEX,100.0,100.0,WP_063840321.1,True
CAARE3,sul2,core,AMR,SULFONAMIDE,SULFONAMIDE,EXACTX,100.0,100.0,WP_001043260.1,True
CAARE3,aph(3'')-Ib,core,AMR,AMINOGLYCOSIDE,STREPTOMYCIN,EXACTX,100.0,100.0,WP_001082319.1,True
CAARE3,aph(6)-Id,core,AMR,AMINOGLYCOSIDE,STREPTOMYCIN,EXACTX,100.0,100.0,WP_000480968.1,True
CAARE3,tet(A),core,AMR,TETRACYCLINE,TETRACYCLINE,EXACTX,100.0,100.0,WP_000804063.1,True
CAARE3,arr-2,core,AMR,RIFAMYCIN,RIFAMYCIN,ALLELEX,100.0,100.0,WP_000237816.1,True
CAARE3,cmlA5,core,AMR,PHENICOL,CHLORAMPHENICOL,EXACTX,100.0,100.0,WP_012300772.1,True
CAARE3,blaOXA-10,core,AMR,BETA-LACTAM,CEPHALOSPORIN,ALLELEX,100.0,100.0,WP_000846390.1,True
CAARE3,aadA1,core,AMR,AMINOGLYCOSIDE,STREPTOMYCIN,EXACTX,100.0,100.0,WP_001209508.1,True
CAARE3,qacEdelta1,core,STRESS,QUATERNARY AMMONIUM,QUATERNARY AMMONIUM,ALLELEX,100.0,100.0,WP_000679427.1,True
CAARE3,sul1,core,AMR,SULFONAMIDE,SULFONAMIDE,EXACTX,100.0,100.0,WP_000259031.1,True
CAARE3,dfrA23,core,AMR,TRIMETHOPRIM,TRIMETHOPRIM,EXACTX,100.0,100.0,WP_001143450.1,True
CAARE3,qnrB1,core,AMR,QUINOLONE,QUINOLONE,ALLELEX,100.0,100.0,WP_014386481.1,True
CAARE3,blaCTX-M-15,core,AMR,BETA-LACTAM,CEPHALOSPORIN,ALLELEX,100.0,100.0,WP_000239590.1,True
CAARE3,aac(3)-IIe,core,AMR,AMINOGLYCOSIDE,GENTAMICIN,EXACTX,100.0,100.0,WP_000557452.1,True
CAARE3,catB3,core,AMR,PHENICOL,CHLORAMPHENICOL,PARTIALX,70.0,100.0,WP_000186237.1,False
CAARE3,blaOXA-1,core,AMR,BETA-LACTAM,CEPHALOSPORIN,ALLELEX,100.0,100.0,WP_001334766.1,True
CAARE3,aac(6')-Ib-cr5,core,AMR,AMINOGLYCOSIDE/QUINOLONE,AMIKACIN/KANAMYCIN/QUINOLONE/TOBRAMYCIN,ALLELEX,100.0,100.0,WP_063840321.1,True
CAAS99,sul2,core,AMR,SULFONAMIDE,SULFONAMIDE,EXACTX,100.0,100.0,WP_001043260.1,True
CAAS99,aph(3'')-Ib,core,AMR,AMINOGLYCOSIDE,STREPTOMYCIN,EXACTX,100.0,100.0,WP_001082319.1,True
CAAS99,aph(6)-Id,core,AMR,AMINOGLYCOSIDE,STREPTOMYCIN,EXACTX,100.0,100.0,WP_000480968.1,True
CAAS99,arr-2,core,AMR,RIFAMYCIN,RIFAMYCIN,ALLELEX,100.0,100.0,WP_000237816.1,True
CAAS99,cmlA5,core,AMR,PHENICOL,CHLORAMPHENICOL,EXACTX,100.0,100.0,WP_012300772.1,True
CAAS99,blaOXA-10,core,AMR,BETA-LACTAM,CEPHALOSPORIN,ALLELEX,100.0,100.0,WP_000846390.1,True
CAAS99,aadA1,core,AMR,AMINOGLYCOSIDE,STREPTOMYCIN,EXACTX,100.0,100.0,WP_001209508.1,True
CAAS99,qacEdelta1,core,STRESS,QUATERNARY AMMONIUM,QUATERNARY AMMONIUM,ALLELEX,100.0,100.0,WP_000679427.1,True
CAAS99,sul1,core,AMR,SULFONAMIDE,SULFONAMIDE,EXACTX,100.0,100.0,WP_000259031.1,True
CAAS99,dfrA23,core,AMR,TRIMETHOPRIM,TRIMETHOPRIM,EXACTX,100.0,100.0,WP_001143450.1,True
CAAS99,qnrB1,core,AMR,QUINOLONE,QUINOLONE,ALLELEX,100.0,100.0,WP_014386481.1,True
CAAS99,blaCTX-M-15,core,AMR,BETA-LACTAM,CEPHALOSPORIN,ALLELEX,100.0,100.0,WP_000239590.1,True
CAAS99,aac(3)-IIe,core,AMR,AMINOGLYCOSIDE,GENTAMICIN,EXACTX,100.0,100.0,WP_000557452.1,True
CAAS99,catB3,core,AMR,PHENICOL,CHLORAMPHENICOL,PARTIALX,70.0,100.0,WP_000186237.1,False
CAAS99,blaOXA-1,core,AMR,BETA-LACTAM,CEPHALOSPORIN,ALLELEX,100.0,100.0,WP_001334766.1,True
CAAS99,aac(6')-Ib-cr,core,AMR,AMINOGLYCOSIDE/QUINOLONE,AMIKACIN/KANAMYCIN/QUINOLONE/TOBRAMYCIN,BLASTX,100.0,99.46,WP_063840321.1,True
CAAS99,tet(A),core,AMR,TETRACYCLINE,TETRACYCLINE,PARTIAL_CONTIG_ENDX,73.18,99.66,WP_000804063.1,False
CAAXBN,arr-2,core,AMR,RIFAMYCIN,RIFAMYCIN,ALLELEX,100.0,100.0,WP_000237816.1,True
CAAXBN,cmlA5,core,AMR,PHENICOL,CHLORAMPHENICOL,EXACTX,100.0,100.0,WP_012300772.1,True
CAAXBN,blaOXA-10,core,AMR,BETA-LACTAM,CEPHALOSPORIN,ALLELEX,100.0,100.0,WP_000846390.1,True
CAAXBN,aadA1,core,AMR,AMINOGLYCOSIDE,STREPTOMYCIN,EXACTX,100.0,100.0,WP_001209508.1,True
CAAXBN,qacEdelta1,core,STRESS,QUATERNARY AMMONIUM,QUATERNARY AMMONIUM,ALLELEX,100.0,100.0,WP_000679427.1,True
CAAXBN,sul1,core,AMR,SULFONAMIDE,SULFONAMIDE,EXACTX,100.0,100.0,WP_000259031.1,True
CAAXBN,dfrA23,core,AMR,TRIMETHOPRIM,TRIMETHOPRIM,EXACTX,100.0,100.0,WP_001143450.1,True
CAAXBN,sul2,core,AMR,SULFONAMIDE,SULFONAMIDE,PARTIAL_CONTIG_ENDX,69.0,100.0,WP_001043260.1,False
CAAXBN,qnrB1,core,AMR,QUINOLONE,QUINOLONE,ALLELEX,100.0,100.0,WP_014386481.1,True
CAAXBN,tet(A),core,AMR,TETRACYCLINE,TETRACYCLINE,PARTIAL_CONTIG_ENDX,54.64,100.0,WP_000804063.1,False
CAAXBN,floR,core,AMR,PHENICOL,CHLORAMPHENICOL/FLORFENICOL,EXACTX,100.0,100.0,WP_000214119.1,True
CAAXBN,blaCTX-M-15,core,AMR,BETA-LACTAM,CEPHALOSPORIN,ALLELEX,100.0,100.0,WP_000239590.1,True
CAAXBN,aac(3)-IIe,core,AMR,AMINOGLYCOSIDE,GENTAMICIN,EXACTX,100.0,100.0,WP_000557452.1,True
CAAXBN,aph(3'')-Ib,core,AMR,AMINOGLYCOSIDE,STREPTOMYCIN,EXACTX,100.0,100.0,WP_001082319.1,True
CAAXBN,aph(6)-Id,core,AMR,AMINOGLYCOSIDE,STREPTOMYCIN,EXACTX,100.0,100.0,WP_000480968.1,True
CAAXBN,aac(6')-Ib-cr5,core,AMR,AMINOGLYCOSIDE/QUINOLONE,AMIKACIN/KANAMYCIN/QUINOLONE/TOBRAMYCIN,ALLELEX,100.0,100.0,WP_063840321.1,True
CAAXBN,blaOXA-1,core,AMR,BETA-LACTAM,CEPHALOSPORIN,ALLELEX,100.0,100.0,WP_001334766.1,True
CAAXBN,catB3,core,AMR,PHENICOL,CHLORAMPHENICOL,PARTIALX,70.0,100.0,WP_000186237.1,False
CAAXQV,sul2,core,AMR,SULFONAMIDE,SULFONAMIDE,EXACTX,100.0,100.0,WP_001043260.1,True
CAAXQV,aph(3'')-Ib,core,AMR,AMINOGLYCOSIDE,STREPTOMYCIN,EXACTX,100.0,100.0,WP_001082319.1,True
CAAXQV,aph(6)-Id,core,AMR,AMINOGLYCOSIDE,STREPTOMYCIN,EXACTX,100.0,100.0,WP_000480968.1,True
CAAXQV,tet(A),core,AMR,TETRACYCLINE,TETRACYCLINE,EXACTX,100.0,100.0,WP_000804063.1,True
CAAXQV,floR,core,AMR,PHENICOL,CHLORAMPHENICOL/FLORFENICOL,EXACTX,100.0,100.0,WP_000214119.1,True
CAAXQV,dfrA23,core,AMR,TRIMETHOPRIM,TRIMETHOPRIM,EXACTX,100.0,100.0,WP_001143450.1,True
CAAXQV,sul1,core,AMR,SULFONAMIDE,SULFONAMIDE,EXACTX,100.0,100.0,WP_000259031.1,True
CAAXQV,qacEdelta1,core,STRESS,QUATERNARY AMMONIUM,QUATERNARY AMMONIUM,ALLELEX,100.0,100.0,WP_000679427.1,True
CAAXQV,aadA1,core,AMR,AMINOGLYCOSIDE,STREPTOMYCIN,EXACTX,100.0,100.0,WP_001209508.1,True
CAAXQV,blaOXA-10,core,AMR,BETA-LACTAM,CEPHALOSPORIN,ALLELEX,100.0,100.0,WP_000846390.1,True
CAAXQV,cmlA5,core,AMR,PHENICOL,CHLORAMPHENICOL,EXACTX,100.0,100.0,WP_012300772.1,True
CAAXQV,arr-2,core,AMR,RIFAMYCIN,RIFAMYCIN,ALLELEX,100.0,100.0,WP_000237816.1,True
CAAXQV,qnrB1,core,AMR,QUINOLONE,QUINOLONE,ALLELEX,100.0,100.0,WP_014386481.1,True
CAAXQV,blaCTX-M-15,core,AMR,BETA-LACTAM,CEPHALOSPORIN,ALLELEX,100.0,100.0,WP_000239590.1,True
CAAXQV,aac(3)-IIe,core,AMR,AMINOGLYCOSIDE,GENTAMICIN,EXACTX,100.0,100.0,WP_000557452.1,True
CAAXQV,aac(6')-Ib-cr5,core,AMR,AMINOGLYCOSIDE/QUINOLONE,AMIKACIN/KANAMYCIN/QUINOLONE/TOBRAMYCIN,ALLELEX,100.0,100.0,WP_063840321.1,True
CAAXQV,blaOXA-1,core,AMR,BETA-LACTAM,CEPHALOSPORIN,ALLELEX,100.0,100.0,WP_001334766.1,True
CAAXQV,catB3,core,AMR,PHENICOL,CHLORAMPHENICOL,PARTIALX,70.0,100.0,WP_000186237.1,False
CAAYDF,floR,core,AMR,PHENICOL,CHLORAMPHENICOL/FLORFENICOL,EXACTX,100.0,100.0,WP_000214119.1,True
CAAYDF,tet(A),core,AMR,TETRACYCLINE,TETRACYCLINE,EXACTX,100.0,100.0,WP_000804063.1,True
CAAYDF,aph(6)-Id,core,AMR,AMINOGLYCOSIDE,STREPTOMYCIN,EXACTX,100.0,100.0,WP_000480968.1,True
CAAYDF,aph(3'')-Ib,core,AMR,AMINOGLYCOSIDE,STREPTOMYCIN,EXACTX,100.0,100.0,WP_001082319.1,True
CAAYDF,sul2,core,AMR,SULFONAMIDE,SULFONAMIDE,EXACTX,100.0,100.0,WP_001043260.1,True
CAAYDF,arr-2,core,AMR,RIFAMYCIN,RIFAMYCIN,ALLELEX,100.0,100.0,WP_000237816.1,True
CAAYDF,cmlA5,core,AMR,PHENICOL,CHLORAMPHENICOL,EXACTX,100.0,100.0,WP_012300772.1,True
CAAYDF,blaOXA-10,core,AMR,BETA-LACTAM,CEPHALOSPORIN,ALLELEX,100.0,100.0,WP_000846390.1,True
CAAYDF,aadA1,core,AMR,AMINOGLYCOSIDE,STREPTOMYCIN,EXACTX,100.0,100.0,WP_001209508.1,True
CAAYDF,qacEdelta1,core,STRESS,QUATERNARY AMMONIUM,QUATERNARY AMMONIUM,ALLELEX,100.0,100.0,WP_000679427.1,True
CAAYDF,sul1,core,AMR,SULFONAMIDE,SULFONAMIDE,EXACTX,100.0,100.0,WP_000259031.1,True
CAAYDF,dfrA23,core,AMR,TRIMETHOPRIM,TRIMETHOPRIM,EXACTX,100.0,100.0,WP_001143450.1,True
CAAYDF,qnrB1,core,AMR,QUINOLONE,QUINOLONE,ALLELEX,100.0,100.0,WP_014386481.1,True
CAAYDF,blaCTX-M-15,core,AMR,BETA-LACTAM,CEPHALOSPORIN,ALLELEX,100.0,100.0,WP_000239590.1,True
CAAYDF,aac(3)-IIe,core,AMR,AMINOGLYCOSIDE,GENTAMICIN,EXACTX,100.0,100.0,WP_000557452.1,True
CAAYDF,catB3,core,AMR,PHENICOL,CHLORAMPHENICOL,PARTIALX,70.0,100.0,WP_000186237.1,False
CAAYDF,blaOXA-1,core,AMR,BETA-LACTAM,CEPHALOSPORIN,ALLELEX,100.0,100.0,WP_001334766.1,True
CAAYDF,aac(6')-Ib-cr5,core,AMR,AMINOGLYCOSIDE/QUINOLONE,AMIKACIN/KANAMYCIN/QUINOLONE/TOBRAMYCIN,ALLELEX,100.0,100.0,WP_063840321.1,True
CAAYM5,dfrA23,core,AMR,TRIMETHOPRIM,TRIMETHOPRIM,EXACTX,100.0,100.0,WP_001143450.1,True
CAAYM5,sul1,core,AMR,SULFONAMIDE,SULFONAMIDE,EXACTX,100.0,100.0,WP_000259031.1,True
CAAYM5,qacEdelta1,core,STRESS,QUATERNARY AMMONIUM,QUATERNARY AMMONIUM,ALLELEX,100.0,100.0,WP_000679427.1,True
CAAYM5,aadA1,core,AMR,AMINOGLYCOSIDE,STREPTOMYCIN,EXACTX,100.0,100.0,WP_001209508.1,True
CAAYM5,blaOXA-10,core,AMR,BETA-LACTAM,CEPHALOSPORIN,ALLELEX,100.0,100.0,WP_000846390.1,True
CAAYM5,cmlA5,core,AMR,PHENICOL,CHLORAMPHENICOL,EXACTX,100.0,100.0,WP_012300772.1,True
CAAYM5,arr-2,core,AMR,RIFAMYCIN,RIFAMYCIN,ALLELEX,100.0,100.0,WP_000237816.1,True
CAAYM5,qnrB1,core,AMR,QUINOLONE,QUINOLONE,ALLELEX,100.0,100.0,WP_014386481.1,True
CAAYM5,blaCTX-M-15,core,AMR,BETA-LACTAM,CEPHALOSPORIN,ALLELEX,100.0,100.0,WP_000239590.1,True
CAAYM5,aac(3)-IIe,core,AMR,AMINOGLYCOSIDE,GENTAMICIN,EXACTX,100.0,100.0,WP_000557452.1,True
CAAYM5,catB3,core,AMR,PHENICOL,CHLORAMPHENICOL,PARTIALX,70.0,100.0,WP_000186237.1,False
CAAYM5,blaOXA-1,core,AMR,BETA-LACTAM,CEPHALOSPORIN,ALLELEX,100.0,100.0,WP_001334766.1,True
CAAYM5,aac(6')-Ib-cr,core,AMR,AMINOGLYCOSIDE/QUINOLONE,AMIKACIN/KANAMYCIN/QUINOLONE/TOBRAMYCIN,BLASTX,91.85,100.0,WP_063840321.1,True
CAAYM5,sul2,core,AMR,SULFONAMIDE,SULFONAMIDE,EXACTX,100.0,100.0,WP_001043260.1,True
CAAYM5,aph(3'')-Ib,core,AMR,AMINOGLYCOSIDE,STREPTOMYCIN,EXACTX,100.0,100.0,WP_001082319.1,True
CAAYM5,aph(6)-Id,core,AMR,AMINOGLYCOSIDE,STREPTOMYCIN,EXACTX,100.0,100.0,WP_000480968.1,True
CAAYM5,tet(A),core,AMR,TETRACYCLINE,TETRACYCLINE,EXACTX,100.0,100.0,WP_000804063.1,True
CAAYM5,floR,core,AMR,PHENICOL,CHLORAMPHENICOL/FLORFENICOL,EXACTX,100.0,100.0,WP_000214119.1,True
CAAYSI,sul2,core,AMR,SULFONAMIDE,SULFONAMIDE,EXACTX,100.0,100.0,WP_001043260.1,True
CAAYSI,aph(3'')-Ib,core,AMR,AMINOGLYCOSIDE,STREPTOMYCIN,EXACTX,100.0,100.0,WP_001082319.1,True
CAAYSI,aph(6)-Id,core,AMR,AMINOGLYCOSIDE,STREPTOMYCIN,EXACTX,100.0,100.0,WP_000480968.1,True
CAAYSI,tet(A),core,AMR,TETRACYCLINE,TETRACYCLINE,EXACTX,100.0,100.0,WP_000804063.1,True
CAAYSI,floR,core,AMR,PHENICOL,CHLORAMPHENICOL/FLORFENICOL,EXACTX,100.0,100.0,WP_000214119.1,True
CAAYSI,arr-2,core,AMR,RIFAMYCIN,RIFAMYCIN,ALLELEX,100.0,100.0,WP_000237816.1,True
CAAYSI,cmlA5,core,AMR,PHENICOL,CHLORAMPHENICOL,EXACTX,100.0,100.0,WP_012300772.1,True
CAAYSI,blaOXA-10,core,AMR,BETA-LACTAM,CEPHALOSPORIN,ALLELEX,100.0,100.0,WP_000846390.1,True
CAAYSI,aadA1,core,AMR,AMINOGLYCOSIDE,STREPTOMYCIN,EXACTX,100.0,100.0,WP_001209508.1,True
CAAYSI,qacEdelta1,core,STRESS,QUATERNARY AMMONIUM,QUATERNARY AMMONIUM,ALLELEX,100.0,100.0,WP_000679427.1,True
CAAYSI,sul1,core,AMR,SULFONAMIDE,SULFONAMIDE,EXACTX,100.0,100.0,WP_000259031.1,True
CAAYSI,dfrA23,core,AMR,TRIMETHOPRIM,TRIMETHOPRIM,EXACTX,100.0,100.0,WP_001143450.1,True
CAAYSI,qnrB1,core,AMR,QUINOLONE,QUINOLONE,ALLELEX,100.0,100.0,WP_014386481.1,True
CAAYSI,blaCTX-M-15,core,AMR,BETA-LACTAM,CEPHALOSPORIN,ALLELEX,100.0,100.0,WP_000239590.1,True
CAAYSI,aac(3)-IIe,core,AMR,AMINOGLYCOSIDE,GENTAMICIN,EXACTX,100.0,100.0,WP_000557452.1,True
CAAYSI,catB3,core,AMR,PHENICOL,CHLORAMPHENICOL,PARTIALX,70.0,100.0,WP_000186237.1,False
CAAYSI,blaOXA-1,core,AMR,BETA-LACTAM,CEPHALOSPORIN,ALLELEX,100.0,100.0,WP_001334766.1,True
CAAYSI,aac(6')-Ib-cr5,core,AMR,AMINOGLYCOSIDE/QUINOLONE,AMIKACIN/KANAMYCIN/QUINOLONE/TOBRAMYCIN,ALLELEX,100.0,100.0,WP_063840321.1,True
CIS153C1,sul2,core,AMR,SULFONAMIDE,SULFONAMIDE,EXACTX,100.0,100.0,WP_001043260.1,True
CIS153C1,aph(3'')-Ib,core,AMR,AMINOGLYCOSIDE,STREPTOMYCIN,EXACTX,100.0,100.0,WP_001082319.1,True
CIS153C1,aph(6)-Id,core,AMR,AMINOGLYCOSIDE,STREPTOMYCIN,EXACTX,100.0,100.0,WP_000480968.1,True
CIS153C1,tet(A),core,AMR,TETRACYCLINE,TETRACYCLINE,EXACTX,100.0,100.0,WP_000804063.1,True
CIS153C1,dfrA23,core,AMR,TRIMETHOPRIM,TRIMETHOPRIM,EXACTX,100.0,100.0,WP_001143450.1,True
CIS153C1,sul1,core,AMR,SULFONAMIDE,SULFONAMIDE,EXACTX,100.0,100.0,WP_000259031.1,True
CIS153C1,qacEdelta1,core,STRESS,QUATERNARY AMMONIUM,QUATERNARY AMMONIUM,ALLELEX,100.0,100.0,WP_000679427.1,True
CIS153C1,aadA1,core,AMR,AMINOGLYCOSIDE,STREPTOMYCIN,EXACTX,100.0,100.0,WP_001209508.1,True
CIS153C1,blaOXA-10,core,AMR,BETA-LACTAM,CEPHALOSPORIN,ALLELEX,100.0,100.0,WP_000846390.1,True
CIS153C1,cmlA5,core,AMR,PHENICOL,CHLORAMPHENICOL,EXACTX,100.0,100.0,WP_012300772.1,True
CIS153C1,arr-2,core,AMR,RIFAMYCIN,RIFAMYCIN,ALLELEX,100.0,100.0,WP_000237816.1,True
CIS153C1,floR,core,AMR,PHENICOL,CHLORAMPHENICOL/FLORFENICOL,EXACTX,100.0,100.0,WP_000214119.1,True
CIS153C1,qnrB1,core,AMR,QUINOLONE,QUINOLONE,ALLELEX,100.0,100.0,WP_014386481.1,True
CIS153C1,blaCTX-M-15,core,AMR,BETA-LACTAM,CEPHALOSPORIN,ALLELEX,100.0,100.0,WP_000239590.1,True
CIS153C1,aac(3)-IIe,core,AMR,AMINOGLYCOSIDE,GENTAMICIN,EXACTX,100.0,100.0,WP_000557452.1,True
CIS153C1,aac(6')-Ib-cr5,core,AMR,AMINOGLYCOSIDE/QUINOLONE,AMIKACIN/KANAMYCIN/QUINOLONE/TOBRAMYCIN,ALLELEX,100.0,100.0,WP_063840321.1,True
CIS153C1,blaOXA-1,core,AMR,BETA-LACTAM,CEPHALOSPORIN,ALLELEX,100.0,100.0,WP_001334766.1,True
CIS153C1,catB3,core,AMR,PHENICOL,CHLORAMPHENICOL,PARTIALX,70.0,100.0,WP_000186237.1,False
CIS15HB1,floR,core,AMR,PHENICOL,CHLORAMPHENICOL/FLORFENICOL,EXACTX,100.0,100.0,WP_000214119.1,True
CIS15HB1,tet(A),core,AMR,TETRACYCLINE,TETRACYCLINE,EXACTX,100.0,100.0,WP_000804063.1,True
CIS15HB1,aph(6)-Id,core,AMR,AMINOGLYCOSIDE,STREPTOMYCIN,EXACTX,100.0,100.0,WP_000480968.1,True
CIS15HB1,aph(3'')-Ib,core,AMR,AMINOGLYCOSIDE,STREPTOMYCIN,EXACTX,100.0,100.0,WP_001082319.1,True
CIS15HB1,sul2,core,AMR,SULFONAMIDE,SULFONAMIDE,EXACTX,100.0,100.0,WP_001043260.1,True
CIS15HB1,arr-2,core,AMR,RIFAMYCIN,RIFAMYCIN,ALLELEX,100.0,100.0,WP_000237816.1,True
CIS15HB1,cmlA5,core,AMR,PHENICOL,CHLORAMPHENICOL,EXACTX,100.0,100.0,WP_012300772.1,True
CIS15HB1,blaOXA-10,core,AMR,BETA-LACTAM,CEPHALOSPORIN,ALLELEX,100.0,100.0,WP_000846390.1,True
CIS15HB1,aadA1,core,AMR,AMINOGLYCOSIDE,STREPTOMYCIN,EXACTX,100.0,100.0,WP_001209508.1,True
CIS15HB1,qacEdelta1,core,STRESS,QUATERNARY AMMONIUM,QUATERNARY AMMONIUM,ALLELEX,100.0,100.0,WP_000679427.1,True
CIS15HB1,sul1,core,AMR,SULFONAMIDE,SULFONAMIDE,EXACTX,100.0,100.0,WP_000259031.1,True
CIS15HB1,dfrA23,core,AMR,TRIMETHOPRIM,TRIMETHOPRIM,EXACTX,100.0,100.0,WP_001143450.1,True
CIS15HB1,qnrB1,core,AMR,QUINOLONE,QUINOLONE,ALLELEX,100.0,100.0,WP_014386481.1,True
CIS15HB1,blaCTX-M-15,core,AMR,BETA-LACTAM,CEPHALOSPORIN,ALLELEX,100.0,100.0,WP_000239590.1,True
CIS15HB1,aac(3)-IIe,core,AMR,AMINOGLYCOSIDE,GENTAMICIN,EXACTX,100.0,100.0,WP_000557452.1,True
CIS15HB1,catB3,core,AMR,PHENICOL,CHLORAMPHENICOL,PARTIALX,70.0,100.0,WP_000186237.1,False
CIS15HB1,blaOXA-1,core,AMR,BETA-LACTAM,CEPHALOSPORIN,ALLELEX,100.0,100.0,WP_001334766.1,True
CIS15HB1,aac(6')-Ib-cr5,core,AMR,AMINOGLYCOSIDE/QUINOLONE,AMIKACIN/KANAMYCIN/QUINOLONE/TOBRAMYCIN,ALLELEX,100.0,100.0,WP_063840321.1,True
CIS15MR1,sul2,core,AMR,SULFONAMIDE,SULFONAMIDE,EXACTX,100.0,100.0,WP_001043260.1,True
CIS15MR1,aph(3'')-Ib,core,AMR,AMINOGLYCOSIDE,STREPTOMYCIN,EXACTX,100.0,100.0,WP_001082319.1,True
CIS15MR1,aph(6)-Id,core,AMR,AMINOGLYCOSIDE,STREPTOMYCIN,EXACTX,100.0,100.0,WP_000480968.1,True
CIS15MR1,tet(A),core,AMR,TETRACYCLINE,TETRACYCLINE,EXACTX,100.0,100.0,WP_000804063.1,True
CIS15MR1,floR,core,AMR,PHENICOL,CHLORAMPHENICOL/FLORFENICOL,EXACTX,100.0,100.0,WP_000214119.1,True
CIS15MR1,dfrA23,core,AMR,TRIMETHOPRIM,TRIMETHOPRIM,EXACTX,100.0,100.0,WP_001143450.1,True
CIS15MR1,sul1,core,AMR,SULFONAMIDE,SULFONAMIDE,EXACTX,100.0,100.0,WP_000259031.1,True
CIS15MR1,qacEdelta1,core,STRESS,QUATERNARY AMMONIUM,QUATERNARY AMMONIUM,ALLELEX,100.0,100.0,WP_000679427.1,True
CIS15MR1,aadA1,core,AMR,AMINOGLYCOSIDE,STREPTOMYCIN,EXACTX,100.0,100.0,WP_001209508.1,True
CIS15MR1,blaOXA-10,core,AMR,BETA-LACTAM,CEPHALOSPORIN,ALLELEX,100.0,100.0,WP_000846390.1,True
CIS15MR1,cmlA5,core,AMR,PHENICOL,CHLORAMPHENICOL,EXACTX,100.0,100.0,WP_012300772.1,True
CIS15MR1,arr-2,core,AMR,RIFAMYCIN,RIFAMYCIN,ALLELEX,100.0,100.0,WP_000237816.1,True
CIS15MR1,qnrB1,core,AMR,QUINOLONE,QUINOLONE,ALLELEX,100.0,100.0,WP_014386481.1,True
CIS15MR1,blaCTX-M-15,core,AMR,BETA-LACTAM,CEPHALOSPORIN,ALLELEX,100.0,100.0,WP_000239590.1,True
CIS15MR1,aac(3)-IIe,core,AMR,AMINOGLYCOSIDE,GENTAMICIN,EXACTX,100.0,100.0,WP_000557452.1,True
CIS15MR1,aac(6')-Ib-cr5,core,AMR,AMINOGLYCOSIDE/QUINOLONE,AMIKACIN/KANAMYCIN/QUINOLONE/TOBRAMYCIN,ALLELEX,100.0,100.0,WP_063840321.1,True
CIS15MR1,blaOXA-1,core,AMR,BETA-LACTAM,CEPHALOSPORIN,ALLELEX,100.0,100.0,WP_001334766.1,True
CIS15MR1,catB3,core,AMR,PHENICOL,CHLORAMPHENICOL,PARTIALX,70.0,100.0,WP_000186237.1,False
CIT159B1,floR,core,AMR,PHENICOL,CHLORAMPHENICOL/FLORFENICOL,EXACTX,100.0,100.0,WP_000214119.1,True
CIT159B1,tet(A),core,AMR,TETRACYCLINE,TETRACYCLINE,EXACTX,100.0,100.0,WP_000804063.1,True
CIT159B1,aph(6)-Id,core,AMR,AMINOGLYCOSIDE,STREPTOMYCIN,EXACTX,100.0,100.0,WP_000480968.1,True
CIT159B1,aph(3'')-Ib,core,AMR,AMINOGLYCOSIDE,STREPTOMYCIN,EXACTX,100.0,100.0,WP_001082319.1,True
CIT159B1,sul2,core,AMR,SULFONAMIDE,SULFONAMIDE,EXACTX,100.0,100.0,WP_001043260.1,True
CIT159B1,dfrA23,core,AMR,TRIMETHOPRIM,TRIMETHOPRIM,EXACTX,100.0,100.0,WP_001143450.1,True
CIT159B1,sul1,core,AMR,SULFONAMIDE,SULFONAMIDE,EXACTX,100.0,100.0,WP_000259031.1,True
CIT159B1,qacEdelta1,core,STRESS,QUATERNARY AMMONIUM,QUATERNARY AMMONIUM,ALLELEX,100.0,100.0,WP_000679427.1,True
CIT159B1,aadA1,core,AMR,AMINOGLYCOSIDE,STREPTOMYCIN,EXACTX,100.0,100.0,WP_001209508.1,True
CIT159B1,blaOXA-10,core,AMR,BETA-LACTAM,CEPHALOSPORIN,ALLELEX,100.0,100.0,WP_000846390.1,True
CIT159B1,cmlA5,core,AMR,PHENICOL,CHLORAMPHENICOL,EXACTX,100.0,100.0,WP_012300772.1,True
CIT159B1,arr-2,core,AMR,RIFAMYCIN,RIFAMYCIN,ALLELEX,100.0,100.0,WP_000237816.1,True
CIT159B1,qnrB1,core,AMR,QUINOLONE,QUINOLONE,ALLELEX,100.0,100.0,WP_014386481.1,True
CIT159B1,blaCTX-M-15,core,AMR,BETA-LACTAM,CEPHALOSPORIN,ALLELEX,100.0,100.0,WP_000239590.1,True
CIT159B1,aac(3)-IIe,core,AMR,AMINOGLYCOSIDE,GENTAMICIN,EXACTX,100.0,100.0,WP_000557452.1,True
CIT159B1,catB3,core,AMR,PHENICOL,CHLORAMPHENICOL,PARTIALX,70.0,100.0,WP_000186237.1,False
CIT159B1,blaOXA-1,core,AMR,BETA-LACTAM,CEPHALOSPORIN,ALLELEX,100.0,100.0,WP_001334766.1,True
CIT159B1,aac(6')-Ib-cr5,core,AMR,AMINOGLYCOSIDE/QUINOLONE,AMIKACIN/KANAMYCIN/QUINOLONE/TOBRAMYCIN,ALLELEX,100.0,100.0,WP_063840321.1,True
CIT15EB1,floR,core,AMR,PHENICOL,CHLORAMPHENICOL/FLORFENICOL,EXACTX,100.0,100.0,WP_000214119.1,True
CIT15EB1,tet(A),core,AMR,TETRACYCLINE,TETRACYCLINE,EXACTX,100.0,100.0,WP_000804063.1,True
CIT15EB1,aph(6)-Id,core,AMR,AMINOGLYCOSIDE,STREPTOMYCIN,EXACTX,100.0,100.0,WP_000480968.1,True
CIT15EB1,aph(3'')-Ib,core,AMR,AMINOGLYCOSIDE,STREPTOMYCIN,EXACTX,100.0,100.0,WP_001082319.1,True
CIT15EB1,sul2,core,AMR,SULFONAMIDE,SULFONAMIDE,EXACTX,100.0,100.0,WP_001043260.1,True
CIT15EB1,dfrA23,core,AMR,TRIMETHOPRIM,TRIMETHOPRIM,EXACTX,100.0,100.0,WP_001143450.1,True
CIT15EB1,sul1,core,AMR,SULFONAMIDE,SULFONAMIDE,EXACTX,100.0,100.0,WP_000259031.1,True
CIT15EB1,qacEdelta1,core,STRESS,QUATERNARY AMMONIUM,QUATERNARY AMMONIUM,ALLELEX,100.0,100.0,WP_000679427.1,True
CIT15EB1,aadA1,core,AMR,AMINOGLYCOSIDE,STREPTOMYCIN,EXACTX,100.0,100.0,WP_001209508.1,True
CIT15EB1,blaOXA-10,core,AMR,BETA-LACTAM,CEPHALOSPORIN,ALLELEX,100.0,100.0,WP_000846390.1,True
CIT15EB1,cmlA5,core,AMR,PHENICOL,CHLORAMPHENICOL,EXACTX,100.0,100.0,WP_012300772.1,True
CIT15EB1,arr-2,core,AMR,RIFAMYCIN,RIFAMYCIN,ALLELEX,100.0,100.0,WP_000237816.1,True
CIT15EB1,qnrB1,core,AMR,QUINOLONE,QUINOLONE,ALLELEX,100.0,100.0,WP_014386481.1,True
CIT15EB1,blaCTX-M-15,core,AMR,BETA-LACTAM,CEPHALOSPORIN,ALLELEX,100.0,100.0,WP_000239590.1,True
CIT15EB1,aac(3)-IIe,core,AMR,AMINOGLYCOSIDE,GENTAMICIN,EXACTX,100.0,100.0,WP_000557452.1,True
CIT15EB1,catB3,core,AMR,PHENICOL,CHLORAMPHENICOL,PARTIALX,70.0,100.0,WP_000186237.1,False
CIT15EB1,blaOXA-1,core,AMR,BETA-LACTAM,CEPHALOSPORIN,ALLELEX,100.0,100.0,WP_001334766.1,True
CIT15EB1,aac(6')-Ib-cr5,core,AMR,AMINOGLYCOSIDE/QUINOLONE,AMIKACIN/KANAMYCIN/QUINOLONE/TOBRAMYCIN,ALLELEX,100.0,100.0,WP_063840321.1,True
CIT15FB1,floR,core,AMR,PHENICOL,CHLORAMPHENICOL/FLORFENICOL,EXACTX,100.0,100.0,WP_000214119.1,True
CIT15FB1,tet(A),core,AMR,TETRACYCLINE,TETRACYCLINE,EXACTX,100.0,100.0,WP_000804063.1,True
CIT15FB1,aph(6)-Id,core,AMR,AMINOGLYCOSIDE,STREPTOMYCIN,EXACTX,100.0,100.0,WP_000480968.1,True
CIT15FB1,aph(3'')-Ib,core,AMR,AMINOGLYCOSIDE,STREPTOMYCIN,EXACTX,100.0,100.0,WP_001082319.1,True
CIT15FB1,sul2,core,AMR,SULFONAMIDE,SULFONAMIDE,EXACTX,100.0,100.0,WP_001043260.1,True
CIT15FB1,dfrA23,core,AMR,TRIMETHOPRIM,TRIMETHOPRIM,EXACTX,100.0,100.0,WP_001143450.1,True
CIT15FB1,sul1,core,AMR,SULFONAMIDE,SULFONAMIDE,EXACTX,100.0,100.0,WP_000259031.1,True
CIT15FB1,qacEdelta1,core,STRESS,QUATERNARY AMMONIUM,QUATERNARY AMMONIUM,ALLELEX,100.0,100.0,WP_000679427.1,True
CIT15FB1,aadA1,core,AMR,AMINOGLYCOSIDE,STREPTOMYCIN,EXACTX,100.0,100.0,WP_001209508.1,True
CIT15FB1,blaOXA-10,core,AMR,BETA-LACTAM,CEPHALOSPORIN,ALLELEX,100.0,100.0,WP_000846390.1,True
CIT15FB1,cmlA5,core,AMR,PHENICOL,CHLORAMPHENICOL,EXACTX,100.0,100.0,WP_012300772.1,True
CIT15FB1,arr-2,core,AMR,RIFAMYCIN,RIFAMYCIN,ALLELEX,100.0,100.0,WP_000237816.1,True
CIT15FB1,qnrB1,core,AMR,QUINOLONE,QUINOLONE,ALLELEX,100.0,100.0,WP_014386481.1,True
CIT15FB1,blaCTX-M-15,core,AMR,BETA-LACTAM,CEPHALOSPORIN,ALLELEX,100.0,100.0,WP_000239590.1,True
CIT15FB1,aac(3)-IIe,core,AMR,AMINOGLYCOSIDE,GENTAMICIN,EXACTX,100.0,100.0,WP_000557452.1,True
CIT15FB1,catB3,core,AMR,PHENICOL,CHLORAMPHENICOL,PARTIALX,70.0,100.0,WP_000186237.1,False
CIT15FB1,blaOXA-1,core,AMR,BETA-LACTAM,CEPHALOSPORIN,ALLELEX,100.0,100.0,WP_001334766.1,True
CIT15FB1,aac(6')-Ib-cr5,core,AMR,AMINOGLYCOSIDE/QUINOLONE,AMIKACIN/KANAMYCIN/QUINOLONE/TOBRAMYCIN,ALLELEX,100.0,100.0,WP_063840321.1,True
CIT15FH1,floR,core,AMR,PHENICOL,CHLORAMPHENICOL/FLORFENICOL,EXACTX,100.0,100.0,WP_000214119.1,True
CIT15FH1,tet(A),core,AMR,TETRACYCLINE,TETRACYCLINE,EXACTX,100.0,100.0,WP_000804063.1,True
CIT15FH1,aph(6)-Id,core,AMR,AMINOGLYCOSIDE,STREPTOMYCIN,EXACTX,100.0,100.0,WP_000480968.1,True
CIT15FH1,aph(3'')-Ib,core,AMR,AMINOGLYCOSIDE,STREPTOMYCIN,EXACTX,100.0,100.0,WP_001082319.1,True
CIT15FH1,sul2,core,AMR,SULFONAMIDE,SULFONAMIDE,EXACTX,100.0,100.0,WP_001043260.1,True
CIT15FH1,dfrA23,core,AMR,TRIMETHOPRIM,TRIMETHOPRIM,EXACTX,100.0,100.0,WP_001143450.1,True
CIT15FH1,sul1,core,AMR,SULFONAMIDE,SULFONAMIDE,EXACTX,100.0,100.0,WP_000259031.1,True
CIT15FH1,qacEdelta1,core,STRESS,QUATERNARY AMMONIUM,QUATERNARY AMMONIUM,ALLELEX,100.0,100.0,WP_000679427.1,True
CIT15FH1,aadA1,core,AMR,AMINOGLYCOSIDE,STREPTOMYCIN,EXACTX,100.0,100.0,WP_001209508.1,True
CIT15FH1,blaOXA-10,core,AMR,BETA-LACTAM,CEPHALOSPORIN,ALLELEX,100.0,100.0,WP_000846390.1,True
CIT15FH1,cmlA5,core,AMR,PHENICOL,CHLORAMPHENICOL,EXACTX,100.0,100.0,WP_012300772.1,True
CIT15FH1,arr-2,core,AMR,RIFAMYCIN,RIFAMYCIN,ALLELEX,100.0,100.0,WP_000237816.1,True
CIT15FH1,qnrB1,core,AMR,QUINOLONE,QUINOLONE,ALLELEX,100.0,100.0,WP_014386481.1,True
CIT15FH1,blaCTX-M-15,core,AMR,BETA-LACTAM,CEPHALOSPORIN,ALLELEX,100.0,100.0,WP_000239590.1,True
CIT15FH1,aac(3)-IIe,core,AMR,AMINOGLYCOSIDE,GENTAMICIN,EXACTX,100.0,100.0,WP_000557452.1,True
CIT15FH1,aac(6')-Ib-cr5,core,AMR,AMINOGLYCOSIDE/QUINOLONE,AMIKACIN/KANAMYCIN/QUINOLONE/TOBRAMYCIN,ALLELEX,100.0,100.0,WP_063840321.1,True
CIT15FH1,blaOXA-1,core,AMR,BETA-LACTAM,CEPHALOSPORIN,ALLELEX,100.0,100.0,WP_001334766.1,True
CIT15FH1,catB3,core,AMR,PHENICOL,CHLORAMPHENICOL,PARTIALX,70.0,100.0,WP_000186237.1,False
CIT15GH1,sul2,core,AMR,SULFONAMIDE,SULFONAMIDE,EXACTX,100.0,100.0,WP_001043260.1,True
CIT15GH1,aph(3'')-Ib,core,AMR,AMINOGLYCOSIDE,STREPTOMYCIN,EXACTX,100.0,100.0,WP_001082319.1,True
CIT15GH1,aph(6)-Id,core,AMR,AMINOGLYCOSIDE,STREPTOMYCIN,EXACTX,100.0,100.0,WP_000480968.1,True
CIT15GH1,tet(A),core,AMR,TETRACYCLINE,TETRACYCLINE,EXACTX,100.0,100.0,WP_000804063.1,True
CIT15GH1,floR,core,AMR,PHENICOL,CHLORAMPHENICOL/FLORFENICOL,EXACTX,100.0,100.0,WP_000214119.1,True
CIT15GH1,arr-2,core,AMR,RIFAMYCIN,RIFAMYCIN,ALLELEX,100.0,100.0,WP_000237816.1,True
CIT15GH1,cmlA5,core,AMR,PHENICOL,CHLORAMPHENICOL,EXACTX,100.0,100.0,WP_012300772.1,True
CIT15GH1,blaOXA-10,core,AMR,BETA-LACTAM,CEPHALOSPORIN,ALLELEX,100.0,100.0,WP_000846390.1,True
CIT15GH1,aadA1,core,AMR,AMINOGLYCOSIDE,STREPTOMYCIN,EXACTX,100.0,100.0,WP_001209508.1,True
CIT15GH1,qacEdelta1,core,STRESS,QUATERNARY AMMONIUM,QUATERNARY AMMONIUM,ALLELEX,100.0,100.0,WP_000679427.1,True
CIT15GH1,sul1,core,AMR,SULFONAMIDE,SULFONAMIDE,EXACTX,100.0,100.0,WP_000259031.1,True
CIT15GH1,dfrA23,core,AMR,TRIMETHOPRIM,TRIMETHOPRIM,EXACTX,100.0,100.0,WP_001143450.1,True
CIT15GH1,qnrB1,core,AMR,QUINOLONE,QUINOLONE,ALLELEX,100.0,100.0,WP_014386481.1,True
CIT15GH1,blaCTX-M-15,core,AMR,BETA-LACTAM,CEPHALOSPORIN,ALLELEX,100.0,100.0,WP_000239590.1,True
CIT15GH1,aac(3)-IIe,core,AMR,AMINOGLYCOSIDE,GENTAMICIN,EXACTX,100.0,100.0,WP_000557452.1,True
CIT15GH1,catB3,core,AMR,PHENICOL,CHLORAMPHENICOL,PARTIALX,70.0,100.0,WP_000186237.1,False
CIT15GH1,blaOXA-1,core,AMR,BETA-LACTAM,CEPHALOSPORIN,ALLELEX,100.0,100.0,WP_001334766.1,True
CIT15GH1,aac(6')-Ib-cr5,core,AMR,AMINOGLYCOSIDE/QUINOLONE,AMIKACIN/KANAMYCIN/QUINOLONE/TOBRAMYCIN,ALLELEX,100.0,100.0,WP_063840321.1,True
CIT15GS1,floR,core,AMR,PHENICOL,CHLORAMPHENICOL/FLORFENICOL,EXACTX,100.0,100.0,WP_000214119.1,True
CIT15GS1,tet(A),core,AMR,TETRACYCLINE,TETRACYCLINE,EXACTX,100.0,100.0,WP_000804063.1,True
CIT15GS1,aph(6)-Id,core,AMR,AMINOGLYCOSIDE,STREPTOMYCIN,EXACTX,100.0,100.0,WP_000480968.1,True
CIT15GS1,aph(3'')-Ib,core,AMR,AMINOGLYCOSIDE,STREPTOMYCIN,EXACTX,100.0,100.0,WP_001082319.1,True
CIT15GS1,sul2,core,AMR,SULFONAMIDE,SULFONAMIDE,EXACTX,100.0,100.0,WP_001043260.1,True
CIT15GS1,arr-2,core,AMR,RIFAMYCIN,RIFAMYCIN,ALLELEX,100.0,100.0,WP_000237816.1,True
CIT15GS1,cmlA5,core,AMR,PHENICOL,CHLORAMPHENICOL,EXACTX,100.0,100.0,WP_012300772.1,True
CIT15GS1,blaOXA-10,core,AMR,BETA-LACTAM,CEPHALOSPORIN,ALLELEX,100.0,100.0,WP_000846390.1,True
CIT15GS1,aadA1,core,AMR,AMINOGLYCOSIDE,STREPTOMYCIN,EXACTX,100.0,100.0,WP_001209508.1,True
CIT15GS1,qacEdelta1,core,STRESS,QUATERNARY AMMONIUM,QUATERNARY AMMONIUM,ALLELEX,100.0,100.0,WP_000679427.1,True
CIT15GS1,sul1,core,AMR,SULFONAMIDE,SULFONAMIDE,EXACTX,100.0,100.0,WP_000259031.1,True
CIT15GS1,dfrA23,core,AMR,TRIMETHOPRIM,TRIMETHOPRIM,EXACTX,100.0,100.0,WP_001143450.1,True
CIT15GS1,qnrB1,core,AMR,QUINOLONE,QUINOLONE,ALLELEX,100.0,100.0,WP_014386481.1,True
CIT15GS1,blaCTX-M-15,core,AMR,BETA-LACTAM,CEPHALOSPORIN,ALLELEX,100.0,100.0,WP_000239590.1,True
CIT15GS1,aac(3)-IIe,core,AMR,AMINOGLYCOSIDE,GENTAMICIN,EXACTX,100.0,100.0,WP_000557452.1,True
CIT15GS1,catB3,core,AMR,PHENICOL,CHLORAMPHENICOL,PARTIALX,70.0,100.0,WP_000186237.1,False
CIT15GS1,blaOXA-1,core,AMR,BETA-LACTAM,CEPHALOSPORIN,ALLELEX,100.0,100.0,WP_001334766.1,True
CIT15GS1,aac(6')-Ib-cr5,core,AMR,AMINOGLYCOSIDE/QUINOLONE,AMIKACIN/KANAMYCIN/QUINOLONE/TOBRAMYCIN,ALLELEX,100.0,100.0,WP_063840321.1,True
CIU13XS1,floR,core,AMR,PHENICOL,CHLORAMPHENICOL/FLORFENICOL,EXACTX,100.0,100.0,WP_000214119.1,True
CIU13XS1,tet(A),core,AMR,TETRACYCLINE,TETRACYCLINE,EXACTX,100.0,100.0,WP_000804063.1,True
CIU13XS1,aph(6)-Id,core,AMR,AMINOGLYCOSIDE,STREPTOMYCIN,EXACTX,100.0,100.0,WP_000480968.1,True
CIU13XS1,aph(3'')-Ib,core,AMR,AMINOGLYCOSIDE,STREPTOMYCIN,EXACTX,100.0,100.0,WP_001082319.1,True
CIU13XS1,sul2,core,AMR,SULFONAMIDE,SULFONAMIDE,EXACTX,100.0,100.0,WP_001043260.1,True
CIU13XS1,arr-2,core,AMR,RIFAMYCIN,RIFAMYCIN,ALLELEX,100.0,100.0,WP_000237816.1,True
CIU13XS1,cmlA5,core,AMR,PHENICOL,CHLORAMPHENICOL,EXACTX,100.0,100.0,WP_012300772.1,True
CIU13XS1,blaOXA-10,core,AMR,BETA-LACTAM,CEPHALOSPORIN,ALLELEX,100.0,100.0,WP_000846390.1,True
CIU13XS1,aadA1,core,AMR,AMINOGLYCOSIDE,STREPTOMYCIN,EXACTX,100.0,100.0,WP_001209508.1,True
CIU13XS1,qacEdelta1,core,STRESS,QUATERNARY AMMONIUM,QUATERNARY AMMONIUM,ALLELEX,100.0,100.0,WP_000679427.1,True
CIU13XS1,sul1,core,AMR,SULFONAMIDE,SULFONAMIDE,EXACTX,100.0,100.0,WP_000259031.1,True
CIU13XS1,dfrA23,core,AMR,TRIMETHOPRIM,TRIMETHOPRIM,EXACTX,100.0,100.0,WP_001143450.1,True
CIU13XS1,qnrB1,core,AMR,QUINOLONE,QUINOLONE,ALLELEX,100.0,100.0,WP_014386481.1,True
CIU13XS1,blaCTX-M-15,core,AMR,BETA-LACTAM,CEPHALOSPORIN,ALLELEX,100.0,100.0,WP_000239590.1,True
CIU13XS1,aac(3)-IIe,core,AMR,AMINOGLYCOSIDE,GENTAMICIN,EXACTX,100.0,100.0,WP_000557452.1,True
CIU13XS1,catB3,core,AMR,PHENICOL,CHLORAMPHENICOL,PARTIALX,70.0,100.0,WP_000186237.1,False
CIU13XS1,blaOXA-1,core,AMR,BETA-LACTAM,CEPHALOSPORIN,ALLELEX,100.0,100.0,WP_001334766.1,True
CIU13XS1,aac(6')-Ib-cr5,core,AMR,AMINOGLYCOSIDE/QUINOLONE,AMIKACIN/KANAMYCIN/QUINOLONE/TOBRAMYCIN,ALLELEX,100.0,100.0,WP_063840321.1,True
CIU145B1,sul2,core,AMR,SULFONAMIDE,SULFONAMIDE,EXACTX,100.0,100.0,WP_001043260.1,True
CIU145B1,aph(3'')-Ib,core,AMR,AMINOGLYCOSIDE,STREPTOMYCIN,EXACTX,100.0,100.0,WP_001082319.1,True
CIU145B1,aph(6)-Id,core,AMR,AMINOGLYCOSIDE,STREPTOMYCIN,EXACTX,100.0,100.0,WP_000480968.1,True
CIU145B1,tet(A),core,AMR,TETRACYCLINE,TETRACYCLINE,EXACTX,100.0,100.0,WP_000804063.1,True
CIU145B1,floR,core,AMR,PHENICOL,CHLORAMPHENICOL/FLORFENICOL,EXACTX,100.0,100.0,WP_000214119.1,True
CIU145B1,arr-2,core,AMR,RIFAMYCIN,RIFAMYCIN,ALLELEX,100.0,100.0,WP_000237816.1,True
CIU145B1,cmlA5,core,AMR,PHENICOL,CHLORAMPHENICOL,EXACTX,100.0,100.0,WP_012300772.1,True
CIU145B1,blaOXA-10,core,AMR,BETA-LACTAM,CEPHALOSPORIN,ALLELEX,100.0,100.0,WP_000846390.1,True
CIU145B1,aadA1,core,AMR,AMINOGLYCOSIDE,STREPTOMYCIN,EXACTX,100.0,100.0,WP_001209508.1,True
CIU145B1,qacEdelta1,core,STRESS,QUATERNARY AMMONIUM,QUATERNARY AMMONIUM,ALLELEX,100.0,100.0,WP_000679427.1,True
CIU145B1,sul1,core,AMR,SULFONAMIDE,SULFONAMIDE,EXACTX,100.0,100.0,WP_000259031.1,True
CIU145B1,dfrA23,core,AMR,TRIMETHOPRIM,TRIMETHOPRIM,EXACTX,100.0,100.0,WP_001143450.1,True
CIU145B1,qnrB1,core,AMR,QUINOLONE,QUINOLONE,ALLELEX,100.0,100.0,WP_014386481.1,True
CIU145B1,blaCTX-M-15,core,AMR,BETA-LACTAM,CEPHALOSPORIN,ALLELEX,100.0,100.0,WP_000239590.1,True
CIU145B1,aac(3)-IIe,core,AMR,AMINOGLYCOSIDE,GENTAMICIN,EXACTX,100.0,100.0,WP_000557452.1,True
CIU145B1,catB3,core,AMR,PHENICOL,CHLORAMPHENICOL,PARTIALX,70.0,100.0,WP_000186237.1,False
CIU145B1,blaOXA-1,core,AMR,BETA-LACTAM,CEPHALOSPORIN,ALLELEX,100.0,100.0,WP_001334766.1,True
CIU145B1,aac(6')-Ib-cr5,core,AMR,AMINOGLYCOSIDE/QUINOLONE,AMIKACIN/KANAMYCIN/QUINOLONE/TOBRAMYCIN,ALLELEX,100.0,100.0,WP_063840321.1,True
CIU149H1,floR,core,AMR,PHENICOL,CHLORAMPHENICOL/FLORFENICOL,EXACTX,100.0,100.0,WP_000214119.1,True
CIU149H1,tet(A),core,AMR,TETRACYCLINE,TETRACYCLINE,EXACTX,100.0,100.0,WP_000804063.1,True
CIU149H1,aph(6)-Id,core,AMR,AMINOGLYCOSIDE,STREPTOMYCIN,EXACTX,100.0,100.0,WP_000480968.1,True
CIU149H1,aph(3'')-Ib,core,AMR,AMINOGLYCOSIDE,STREPTOMYCIN,EXACTX,100.0,100.0,WP_001082319.1,True
CIU149H1,sul2,core,AMR,SULFONAMIDE,SULFONAMIDE,EXACTX,100.0,100.0,WP_001043260.1,True
CIU149H1,dfrA23,core,AMR,TRIMETHOPRIM,TRIMETHOPRIM,EXACTX,100.0,100.0,WP_001143450.1,True
CIU149H1,sul1,core,AMR,SULFONAMIDE,SULFONAMIDE,EXACTX,100.0,100.0,WP_000259031.1,True
CIU149H1,qacEdelta1,core,STRESS,QUATERNARY AMMONIUM,QUATERNARY AMMONIUM,ALLELEX,100.0,100.0,WP_000679427.1,True
CIU149H1,aadA1,core,AMR,AMINOGLYCOSIDE,STREPTOMYCIN,EXACTX,100.0,100.0,WP_001209508.1,True
CIU149H1,blaOXA-10,core,AMR,BETA-LACTAM,CEPHALOSPORIN,ALLELEX,100.0,100.0,WP_000846390.1,True
CIU149H1,cmlA5,core,AMR,PHENICOL,CHLORAMPHENICOL,EXACTX,100.0,100.0,WP_012300772.1,True
CIU149H1,arr-2,core,AMR,RIFAMYCIN,RIFAMYCIN,ALLELEX,100.0,100.0,WP_000237816.1,True
CIU149H1,qnrB1,core,AMR,QUINOLONE,QUINOLONE,ALLELEX,100.0,100.0,WP_014386481.1,True
CIU149H1,blaCTX-M-15,core,AMR,BETA-LACTAM,CEPHALOSPORIN,ALLELEX,100.0,100.0,WP_000239590.1,True
CIU149H1,aac(3)-IIe,core,AMR,AMINOGLYCOSIDE,GENTAMICIN,EXACTX,100.0,100.0,WP_000557452.1,True
CIU149H1,aac(6')-Ib-cr5,core,AMR,AMINOGLYCOSIDE/QUINOLONE,AMIKACIN/KANAMYCIN/QUINOLONE/TOBRAMYCIN,ALLELEX,100.0,100.0,WP_063840321.1,True
CIU149H1,blaOXA-1,core,AMR,BETA-LACTAM,CEPHALOSPORIN,ALLELEX,100.0,100.0,WP_001334766.1,True
CIU149H1,catB3,core,AMR,PHENICOL,CHLORAMPHENICOL,PARTIALX,70.0,100.0,WP_000186237.1,False
CIV13PE7,sul2,core,AMR,SULFONAMIDE,SULFONAMIDE,EXACTX,100.0,100.0,WP_001043260.1,True
CIV13PE7,aph(3'')-Ib,core,AMR,AMINOGLYCOSIDE,STREPTOMYCIN,EXACTX,100.0,100.0,WP_001082319.1,True
CIV13PE7,aph(6)-Id,core,AMR,AMINOGLYCOSIDE,STREPTOMYCIN,EXACTX,100.0,100.0,WP_000480968.1,True
CIV13PE7,tet(A),core,AMR,TETRACYCLINE,TETRACYCLINE,EXACTX,100.0,100.0,WP_000804063.1,True
CIV13PE7,floR,core,AMR,PHENICOL,CHLORAMPHENICOL/FLORFENICOL,EXACTX,100.0,100.0,WP_000214119.1,True
CIV13PE7,arr-2,core,AMR,RIFAMYCIN,RIFAMYCIN,ALLELEX,100.0,100.0,WP_000237816.1,True
CIV13PE7,cmlA5,core,AMR,PHENICOL,CHLORAMPHENICOL,EXACTX,100.0,100.0,WP_012300772.1,True
CIV13PE7,blaOXA-10,core,AMR,BETA-LACTAM,CEPHALOSPORIN,ALLELEX,100.0,100.0,WP_000846390.1,True
CIV13PE7,aadA1,core,AMR,AMINOGLYCOSIDE,STREPTOMYCIN,EXACTX,100.0,100.0,WP_001209508.1,True
CIV13PE7,qacEdelta1,core,STRESS,QUATERNARY AMMONIUM,QUATERNARY AMMONIUM,ALLELEX,100.0,100.0,WP_000679427.1,True
CIV13PE7,sul1,core,AMR,SULFONAMIDE,SULFONAMIDE,EXACTX,100.0,100.0,WP_000259031.1,True
CIV13PE7,dfrA23,core,AMR,TRIMETHOPRIM,TRIMETHOPRIM,EXACTX,100.0,100.0,WP_001143450.1,True
CIV13PE7,qnrB1,core,AMR,QUINOLONE,QUINOLONE,ALLELEX,100.0,100.0,WP_014386481.1,True
CIV13PE7,blaCTX-M-15,core,AMR,BETA-LACTAM,CEPHALOSPORIN,ALLELEX,100.0,100.0,WP_000239590.1,True
CIV13PE7,aac(3)-IIe,core,AMR,AMINOGLYCOSIDE,GENTAMICIN,EXACTX,100.0,100.0,WP_000557452.1,True
CIV13PE7,aac(6')-Ib-cr5,core,AMR,AMINOGLYCOSIDE/QUINOLONE,AMIKACIN/KANAMYCIN/QUINOLONE/TOBRAMYCIN,ALLELEX,100.0,100.0,WP_063840321.1,True
CIV13PE7,blaOXA-1,core,AMR,BETA-LACTAM,CEPHALOSPORIN,ALLELEX,100.0,100.0,WP_001334766.1,True
CIV13PE7,catB3,core,AMR,PHENICOL,CHLORAMPHENICOL,PARTIALX,70.0,100.0,WP_000186237.1,False
CIV13RE2,sul2,core,AMR,SULFONAMIDE,SULFONAMIDE,EXACTX,100.0,100.0,WP_001043260.1,True
CIV13RE2,aph(3'')-Ib,core,AMR,AMINOGLYCOSIDE,STREPTOMYCIN,EXACTX,100.0,100.0,WP_001082319.1,True
CIV13RE2,aph(6)-Id,core,AMR,AMINOGLYCOSIDE,STREPTOMYCIN,EXACTX,100.0,100.0,WP_000480968.1,True
CIV13RE2,tet(A),core,AMR,TETRACYCLINE,TETRACYCLINE,EXACTX,100.0,100.0,WP_000804063.1,True
CIV13RE2,floR,core,AMR,PHENICOL,CHLORAMPHENICOL/FLORFENICOL,EXACTX,100.0,100.0,WP_000214119.1,True
CIV13RE2,arr-2,core,AMR,RIFAMYCIN,RIFAMYCIN,ALLELEX,100.0,100.0,WP_000237816.1,True
CIV13RE2,cmlA5,core,AMR,PHENICOL,CHLORAMPHENICOL,EXACTX,100.0,100.0,WP_012300772.1,True
CIV13RE2,blaOXA-10,core,AMR,BETA-LACTAM,CEPHALOSPORIN,ALLELEX,100.0,100.0,WP_000846390.1,True
CIV13RE2,aadA1,core,AMR,AMINOGLYCOSIDE,STREPTOMYCIN,EXACTX,100.0,100.0,WP_001209508.1,True
CIV13RE2,qacEdelta1,core,STRESS,QUATERNARY AMMONIUM,QUATERNARY AMMONIUM,ALLELEX,100.0,100.0,WP_000679427.1,True
CIV13RE2,sul1,core,AMR,SULFONAMIDE,SULFONAMIDE,EXACTX,100.0,100.0,WP_000259031.1,True
CIV13RE2,dfrA23,core,AMR,TRIMETHOPRIM,TRIMETHOPRIM,EXACTX,100.0,100.0,WP_001143450.1,True
CIV13RE2,qnrB1,core,AMR,QUINOLONE,QUINOLONE,ALLELEX,100.0,100.0,WP_014386481.1,True
CIV13RE2,blaCTX-M-15,core,AMR,BETA-LACTAM,CEPHALOSPORIN,ALLELEX,100.0,100.0,WP_000239590.1,True
CIV13RE2,aac(3)-IIe,core,AMR,AMINOGLYCOSIDE,GENTAMICIN,EXACTX,100.0,100.0,WP_000557452.1,True
CIV13RE2,aac(6')-Ib-cr5,core,AMR,AMINOGLYCOSIDE/QUINOLONE,AMIKACIN/KANAMYCIN/QUINOLONE/TOBRAMYCIN,ALLELEX,100.0,100.0,WP_063840321.1,True
CIV13RE2,blaOXA-1,core,AMR,BETA-LACTAM,CEPHALOSPORIN,ALLELEX,100.0,100.0,WP_001334766.1,True
CIV13RE2,catB3,core,AMR,PHENICOL,CHLORAMPHENICOL,PARTIALX,70.0,100.0,WP_000186237.1,False
CIV13UE4,sul2,core,AMR,SULFONAMIDE,SULFONAMIDE,EXACTX,100.0,100.0,WP_001043260.1,True
CIV13UE4,aph(3'')-Ib,core,AMR,AMINOGLYCOSIDE,STREPTOMYCIN,EXACTX,100.0,100.0,WP_001082319.1,True
CIV13UE4,aph(6)-Id,core,AMR,AMINOGLYCOSIDE,STREPTOMYCIN,EXACTX,100.0,100.0,WP_000480968.1,True
CIV13UE4,tet(A),core,AMR,TETRACYCLINE,TETRACYCLINE,EXACTX,100.0,100.0,WP_000804063.1,True
CIV13UE4,floR,core,AMR,PHENICOL,CHLORAMPHENICOL/FLORFENICOL,EXACTX,100.0,100.0,WP_000214119.1,True
CIV13UE4,dfrA23,core,AMR,TRIMETHOPRIM,TRIMETHOPRIM,EXACTX,100.0,100.0,WP_001143450.1,True
CIV13UE4,sul1,core,AMR,SULFONAMIDE,SULFONAMIDE,EXACTX,100.0,100.0,WP_000259031.1,True
CIV13UE4,qacEdelta1,core,STRESS,QUATERNARY AMMONIUM,QUATERNARY AMMONIUM,ALLELEX,100.0,100.0,WP_000679427.1,True
CIV13UE4,aadA1,core,AMR,AMINOGLYCOSIDE,STREPTOMYCIN,EXACTX,100.0,100.0,WP_001209508.1,True
CIV13UE4,blaOXA-10,core,AMR,BETA-LACTAM,CEPHALOSPORIN,ALLELEX,100.0,100.0,WP_000846390.1,True
CIV13UE4,cmlA5,core,AMR,PHENICOL,CHLORAMPHENICOL,EXACTX,100.0,100.0,WP_012300772.1,True
CIV13UE4,arr-2,core,AMR,RIFAMYCIN,RIFAMYCIN,ALLELEX,100.0,100.0,WP_000237816.1,True
CIV13UE4,qnrB1,core,AMR,QUINOLONE,QUINOLONE,ALLELEX,100.0,100.0,WP_014386481.1,True
CIV13UE4,blaCTX-M-15,core,AMR,BETA-LACTAM,CEPHALOSPORIN,ALLELEX,100.0,100.0,WP_000239590.1,True
CIV13UE4,aac(3)-IIe,core,AMR,AMINOGLYCOSIDE,GENTAMICIN,EXACTX,100.0,100.0,WP_000557452.1,True
CIV13UE4,aac(6')-Ib-cr5,core,AMR,AMINOGLYCOSIDE/QUINOLONE,AMIKACIN/KANAMYCIN/QUINOLONE/TOBRAMYCIN,ALLELEX,100.0,100.0,WP_063840321.1,True
CIV13UE4,blaOXA-1,core,AMR,BETA-LACTAM,CEPHALOSPORIN,ALLELEX,100.0,100.0,WP_001334766.1,True
CIV13UE4,catB3,core,AMR,PHENICOL,CHLORAMPHENICOL,PARTIALX,70.0,100.0,WP_000186237.1,False
CIV13VE5,sul2,core,AMR,SULFONAMIDE,SULFONAMIDE,EXACTX,100.0,100.0,WP_001043260.1,True
CIV13VE5,aph(3'')-Ib,core,AMR,AMINOGLYCOSIDE,STREPTOMYCIN,EXACTX,100.0,100.0,WP_001082319.1,True
CIV13VE5,aph(6)-Id,core,AMR,AMINOGLYCOSIDE,STREPTOMYCIN,EXACTX,100.0,100.0,WP_000480968.1,True
CIV13VE5,tet(A),core,AMR,TETRACYCLINE,TETRACYCLINE,EXACTX,100.0,100.0,WP_000804063.1,True
CIV13VE5,floR,core,AMR,PHENICOL,CHLORAMPHENICOL/FLORFENICOL,EXACTX,100.0,100.0,WP_000214119.1,True
CIV13VE5,arr-2,core,AMR,RIFAMYCIN,RIFAMYCIN,ALLELEX,100.0,100.0,WP_000237816.1,True
CIV13VE5,cmlA5,core,AMR,PHENICOL,CHLORAMPHENICOL,EXACTX,100.0,100.0,WP_012300772.1,True
CIV13VE5,blaOXA-10,core,AMR,BETA-LACTAM,CEPHALOSPORIN,ALLELEX,100.0,100.0,WP_000846390.1,True
CIV13VE5,aadA1,core,AMR,AMINOGLYCOSIDE,STREPTOMYCIN,EXACTX,100.0,100.0,WP_001209508.1,True
CIV13VE5,qacEdelta1,core,STRESS,QUATERNARY AMMONIUM,QUATERNARY AMMONIUM,ALLELEX,100.0,100.0,WP_000679427.1,True
CIV13VE5,sul1,core,AMR,SULFONAMIDE,SULFONAMIDE,EXACTX,100.0,100.0,WP_000259031.1,True
CIV13VE5,dfrA23,core,AMR,TRIMETHOPRIM,TRIMETHOPRIM,EXACTX,100.0,100.0,WP_001143450.1,True
CIV13VE5,qnrB1,core,AMR,QUINOLONE,QUINOLONE,ALLELEX,100.0,100.0,WP_014386481.1,True
CIV13VE5,blaCTX-M-15,core,AMR,BETA-LACTAM,CEPHALOSPORIN,ALLELEX,100.0,100.0,WP_000239590.1,True
CIV13VE5,aac(3)-IIe,core,AMR,AMINOGLYCOSIDE,GENTAMICIN,EXACTX,100.0,100.0,WP_000557452.1,True
CIV13VE5,aac(6')-Ib-cr5,core,AMR,AMINOGLYCOSIDE/QUINOLONE,AMIKACIN/KANAMYCIN/QUINOLONE/TOBRAMYCIN,ALLELEX,100.0,100.0,WP_063840321.1,True
CIV13VE5,blaOXA-1,core,AMR,BETA-LACTAM,CEPHALOSPORIN,ALLELEX,100.0,100.0,WP_001334766.1,True
CIV13VE5,catB3,core,AMR,PHENICOL,CHLORAMPHENICOL,PARTIALX,70.0,100.0,WP_000186237.1,False
CIV13XE2,floR,core,AMR,PHENICOL,CHLORAMPHENICOL/FLORFENICOL,EXACTX,100.0,100.0,WP_000214119.1,True
CIV13XE2,tet(A),core,AMR,TETRACYCLINE,TETRACYCLINE,EXACTX,100.0,100.0,WP_000804063.1,True
CIV13XE2,aph(6)-Id,core,AMR,AMINOGLYCOSIDE,STREPTOMYCIN,EXACTX,100.0,100.0,WP_000480968.1,True
CIV13XE2,aph(3'')-Ib,core,AMR,AMINOGLYCOSIDE,STREPTOMYCIN,EXACTX,100.0,100.0,WP_001082319.1,True
CIV13XE2,sul2,core,AMR,SULFONAMIDE,SULFONAMIDE,EXACTX,100.0,100.0,WP_001043260.1,True
CIV13XE2,arr-2,core,AMR,RIFAMYCIN,RIFAMYCIN,ALLELEX,100.0,100.0,WP_000237816.1,True
CIV13XE2,cmlA5,core,AMR,PHENICOL,CHLORAMPHENICOL,EXACTX,100.0,100.0,WP_012300772.1,True
CIV13XE2,blaOXA-10,core,AMR,BETA-LACTAM,CEPHALOSPORIN,ALLELEX,100.0,100.0,WP_000846390.1,True
CIV13XE2,aadA1,core,AMR,AMINOGLYCOSIDE,STREPTOMYCIN,EXACTX,100.0,100.0,WP_001209508.1,True
CIV13XE2,qacEdelta1,core,STRESS,QUATERNARY AMMONIUM,QUATERNARY AMMONIUM,ALLELEX,100.0,100.0,WP_000679427.1,True
CIV13XE2,sul1,core,AMR,SULFONAMIDE,SULFONAMIDE,EXACTX,100.0,100.0,WP_000259031.1,True
CIV13XE2,dfrA23,core,AMR,TRIMETHOPRIM,TRIMETHOPRIM,EXACTX,100.0,100.0,WP_001143450.1,True
CIV13XE2,qnrB1,core,AMR,QUINOLONE,QUINOLONE,ALLELEX,100.0,100.0,WP_014386481.1,True
CIV13XE2,blaCTX-M-15,core,AMR,BETA-LACTAM,CEPHALOSPORIN,ALLELEX,100.0,100.0,WP_000239590.1,True
CIV13XE2,aac(3)-IIe,core,AMR,AMINOGLYCOSIDE,GENTAMICIN,EXACTX,100.0,100.0,WP_000557452.1,True
CIV13XE2,aac(6')-Ib-cr5,core,AMR,AMINOGLYCOSIDE/QUINOLONE,AMIKACIN/KANAMYCIN/QUINOLONE/TOBRAMYCIN,ALLELEX,100.0,100.0,WP_063840321.1,True
CIV13XE2,blaOXA-1,core,AMR,BETA-LACTAM,CEPHALOSPORIN,ALLELEX,100.0,100.0,WP_001334766.1,True
CIV13XE2,catB3,core,AMR,PHENICOL,CHLORAMPHENICOL,PARTIALX,70.0,100.0,WP_000186237.1,False
CIV13XE5,floR,core,AMR,PHENICOL,CHLORAMPHENICOL/FLORFENICOL,EXACTX,100.0,100.0,WP_000214119.1,True
CIV13XE5,tet(A),core,AMR,TETRACYCLINE,TETRACYCLINE,EXACTX,100.0,100.0,WP_000804063.1,True
CIV13XE5,aph(6)-Id,core,AMR,AMINOGLYCOSIDE,STREPTOMYCIN,EXACTX,100.0,100.0,WP_000480968.1,True
CIV13XE5,aph(3'')-Ib,core,AMR,AMINOGLYCOSIDE,STREPTOMYCIN,EXACTX,100.0,100.0,WP_001082319.1,True
CIV13XE5,sul2,core,AMR,SULFONAMIDE,SULFONAMIDE,EXACTX,100.0,100.0,WP_001043260.1,True
CIV13XE5,arr-2,core,AMR,RIFAMYCIN,RIFAMYCIN,ALLELEX,100.0,100.0,WP_000237816.1,True
CIV13XE5,cmlA5,core,AMR,PHENICOL,CHLORAMPHENICOL,EXACTX,100.0,100.0,WP_012300772.1,True
CIV13XE5,blaOXA-10,core,AMR,BETA-LACTAM,CEPHALOSPORIN,ALLELEX,100.0,100.0,WP_000846390.1,True
CIV13XE5,aadA1,core,AMR,AMINOGLYCOSIDE,STREPTOMYCIN,EXACTX,100.0,100.0,WP_001209508.1,True
CIV13XE5,qacEdelta1,core,STRESS,QUATERNARY AMMONIUM,QUATERNARY AMMONIUM,ALLELEX,100.0,100.0,WP_000679427.1,True
CIV13XE5,sul1,core,AMR,SULFONAMIDE,SULFONAMIDE,EXACTX,100.0,100.0,WP_000259031.1,True
CIV13XE5,dfrA23,core,AMR,TRIMETHOPRIM,TRIMETHOPRIM,EXACTX,100.0,100.0,WP_001143450.1,True
CIV13XE5,qnrB1,core,AMR,QUINOLONE,QUINOLONE,ALLELEX,100.0,100.0,WP_014386481.1,True
CIV13XE5,blaCTX-M-15,core,AMR,BETA-LACTAM,CEPHALOSPORIN,ALLELEX,100.0,100.0,WP_000239590.1,True
CIV13XE5,aac(3)-IIe,core,AMR,AMINOGLYCOSIDE,GENTAMICIN,EXACTX,100.0,100.0,WP_000557452.1,True
CIV13XE5,catB3,core,AMR,PHENICOL,CHLORAMPHENICOL,PARTIALX,70.0,100.0,WP_000186237.1,False
CIV13XE5,blaOXA-1,core,AMR,BETA-LACTAM,CEPHALOSPORIN,ALLELEX,100.0,100.0,WP_001334766.1,True
CIV13XE5,aac(6')-Ib-cr5,core,AMR,AMINOGLYCOSIDE/QUINOLONE,AMIKACIN/KANAMYCIN/QUINOLONE/TOBRAMYCIN,ALLELEX,100.0,100.0,WP_063840321.1,True
CIV13XE8,floR,core,AMR,PHENICOL,CHLORAMPHENICOL/FLORFENICOL,EXACTX,100.0,100.0,WP_000214119.1,True
CIV13XE8,tet(A),core,AMR,TETRACYCLINE,TETRACYCLINE,EXACTX,100.0,100.0,WP_000804063.1,True
CIV13XE8,aph(6)-Id,core,AMR,AMINOGLYCOSIDE,STREPTOMYCIN,EXACTX,100.0,100.0,WP_000480968.1,True
CIV13XE8,aph(3'')-Ib,core,AMR,AMINOGLYCOSIDE,STREPTOMYCIN,EXACTX,100.0,100.0,WP_001082319.1,True
CIV13XE8,sul2,core,AMR,SULFONAMIDE,SULFONAMIDE,EXACTX,100.0,100.0,WP_001043260.1,True
CIV13XE8,dfrA23,core,AMR,TRIMETHOPRIM,TRIMETHOPRIM,EXACTX,100.0,100.0,WP_001143450.1,True
CIV13XE8,sul1,core,AMR,SULFONAMIDE,SULFONAMIDE,EXACTX,100.0,100.0,WP_000259031.1,True
CIV13XE8,qacEdelta1,core,STRESS,QUATERNARY AMMONIUM,QUATERNARY AMMONIUM,ALLELEX,100.0,100.0,WP_000679427.1,True
CIV13XE8,aadA1,core,AMR,AMINOGLYCOSIDE,STREPTOMYCIN,EXACTX,100.0,100.0,WP_001209508.1,True
CIV13XE8,blaOXA-10,core,AMR,BETA-LACTAM,CEPHALOSPORIN,ALLELEX,100.0,100.0,WP_000846390.1,True
CIV13XE8,cmlA5,core,AMR,PHENICOL,CHLORAMPHENICOL,EXACTX,100.0,100.0,WP_012300772.1,True
CIV13XE8,arr-2,core,AMR,RIFAMYCIN,RIFAMYCIN,ALLELEX,100.0,100.0,WP_000237816.1,True
CIV13XE8,qnrB1,core,AMR,QUINOLONE,QUINOLONE,ALLELEX,100.0,100.0,WP_014386481.1,True
CIV13XE8,blaCTX-M-15,core,AMR,BETA-LACTAM,CEPHALOSPORIN,ALLELEX,100.0,100.0,WP_000239590.1,True
CIV13XE8,aac(3)-IIe,core,AMR,AMINOGLYCOSIDE,GENTAMICIN,EXACTX,100.0,100.0,WP_000557452.1,True
CIV13XE8,catB3,core,AMR,PHENICOL,CHLORAMPHENICOL,PARTIALX,70.0,100.0,WP_000186237.1,False
CIV13XE8,blaOXA-1,core,AMR,BETA-LACTAM,CEPHALOSPORIN,ALLELEX,100.0,100.0,WP_001334766.1,True
CIV13XE8,aac(6')-Ib-cr5,core,AMR,AMINOGLYCOSIDE/QUINOLONE,AMIKACIN/KANAMYCIN/QUINOLONE/TOBRAMYCIN,ALLELEX,100.0,100.0,WP_063840321.1,True
CIV13XU1,sul2,core,AMR,SULFONAMIDE,SULFONAMIDE,EXACTX,100.0,100.0,WP_001043260.1,True
CIV13XU1,aph(3'')-Ib,core,AMR,AMINOGLYCOSIDE,STREPTOMYCIN,EXACTX,100.0,100.0,WP_001082319.1,True
CIV13XU1,aph(6)-Id,core,AMR,AMINOGLYCOSIDE,STREPTOMYCIN,EXACTX,100.0,100.0,WP_000480968.1,True
CIV13XU1,tet(A),core,AMR,TETRACYCLINE,TETRACYCLINE,EXACTX,100.0,100.0,WP_000804063.1,True
CIV13XU1,floR,core,AMR,PHENICOL,CHLORAMPHENICOL/FLORFENICOL,EXACTX,100.0,100.0,WP_000214119.1,True
CIV13XU1,arr-2,core,AMR,RIFAMYCIN,RIFAMYCIN,ALLELEX,100.0,100.0,WP_000237816.1,True
CIV13XU1,cmlA5,core,AMR,PHENICOL,CHLORAMPHENICOL,EXACTX,100.0,100.0,WP_012300772.1,True
CIV13XU1,blaOXA-10,core,AMR,BETA-LACTAM,CEPHALOSPORIN,ALLELEX,100.0,100.0,WP_000846390.1,True
CIV13XU1,aadA1,core,AMR,AMINOGLYCOSIDE,STREPTOMYCIN,EXACTX,100.0,100.0,WP_001209508.1,True
CIV13XU1,qacEdelta1,core,STRESS,QUATERNARY AMMONIUM,QUATERNARY AMMONIUM,ALLELEX,100.0,100.0,WP_000679427.1,True
CIV13XU1,sul1,core,AMR,SULFONAMIDE,SULFONAMIDE,EXACTX,100.0,100.0,WP_000259031.1,True
CIV13XU1,dfrA23,core,AMR,TRIMETHOPRIM,TRIMETHOPRIM,EXACTX,100.0,100.0,WP_001143450.1,True
CIV13XU1,qnrB1,core,AMR,QUINOLONE,QUINOLONE,ALLELEX,100.0,100.0,WP_014386481.1,True
CIV13XU1,blaCTX-M-15,core,AMR,BETA-LACTAM,CEPHALOSPORIN,ALLELEX,100.0,100.0,WP_000239590.1,True
CIV13XU1,aac(3)-IIe,core,AMR,AMINOGLYCOSIDE,GENTAMICIN,EXACTX,100.0,100.0,WP_000557452.1,True
CIV13XU1,catB3,core,AMR,PHENICOL,CHLORAMPHENICOL,PARTIALX,70.0,100.0,WP_000186237.1,False
CIV13XU1,blaOXA-1,core,AMR,BETA-LACTAM,CEPHALOSPORIN,ALLELEX,100.0,100.0,WP_001334766.1,True
CIV13XU1,aac(6')-Ib-cr5,core,AMR,AMINOGLYCOSIDE/QUINOLONE,AMIKACIN/KANAMYCIN/QUINOLONE/TOBRAMYCIN,ALLELEX,100.0,100.0,WP_063840321.1,True
CIV13YE6,floR,core,AMR,PHENICOL,CHLORAMPHENICOL/FLORFENICOL,EXACTX,100.0,100.0,WP_000214119.1,True
CIV13YE6,tet(A),core,AMR,TETRACYCLINE,TETRACYCLINE,EXACTX,100.0,100.0,WP_000804063.1,True
CIV13YE6,aph(6)-Id,core,AMR,AMINOGLYCOSIDE,STREPTOMYCIN,EXACTX,100.0,100.0,WP_000480968.1,True
CIV13YE6,aph(3'')-Ib,core,AMR,AMINOGLYCOSIDE,STREPTOMYCIN,EXACTX,100.0,100.0,WP_001082319.1,True
CIV13YE6,sul2,core,AMR,SULFONAMIDE,SULFONAMIDE,EXACTX,100.0,100.0,WP_001043260.1,True
CIV13YE6,arr-2,core,AMR,RIFAMYCIN,RIFAMYCIN,ALLELEX,100.0,100.0,WP_000237816.1,True
CIV13YE6,cmlA5,core,AMR,PHENICOL,CHLORAMPHENICOL,EXACTX,100.0,100.0,WP_012300772.1,True
CIV13YE6,blaOXA-10,core,AMR,BETA-LACTAM,CEPHALOSPORIN,ALLELEX,100.0,100.0,WP_000846390.1,True
CIV13YE6,aadA1,core,AMR,AMINOGLYCOSIDE,STREPTOMYCIN,EXACTX,100.0,100.0,WP_001209508.1,True
CIV13YE6,qacEdelta1,core,STRESS,QUATERNARY AMMONIUM,QUATERNARY AMMONIUM,ALLELEX,100.0,100.0,WP_000679427.1,True
CIV13YE6,sul1,core,AMR,SULFONAMIDE,SULFONAMIDE,EXACTX,100.0,100.0,WP_000259031.1,True
CIV13YE6,dfrA23,core,AMR,TRIMETHOPRIM,TRIMETHOPRIM,EXACTX,100.0,100.0,WP_001143450.1,True
CIV13YE6,qnrB1,core,AMR,QUINOLONE,QUINOLONE,ALLELEX,100.0,100.0,WP_014386481.1,True
CIV13YE6,blaCTX-M-15,core,AMR,BETA-LACTAM,CEPHALOSPORIN,ALLELEX,100.0,100.0,WP_000239590.1,True
CIV13YE6,aac(3)-IIe,core,AMR,AMINOGLYCOSIDE,GENTAMICIN,EXACTX,100.0,100.0,WP_000557452.1,True
CIV13YE6,aac(6')-Ib-cr5,core,AMR,AMINOGLYCOSIDE/QUINOLONE,AMIKACIN/KANAMYCIN/QUINOLONE/TOBRAMYCIN,ALLELEX,100.0,100.0,WP_063840321.1,True
CIV13YE6,blaOXA-1,core,AMR,BETA-LACTAM,CEPHALOSPORIN,ALLELEX,100.0,100.0,WP_001334766.1,True
CIV13YE6,catB3,core,AMR,PHENICOL,CHLORAMPHENICOL,PARTIALX,70.0,100.0,WP_000186237.1,False
CIV13YE8,floR,core,AMR,PHENICOL,CHLORAMPHENICOL/FLORFENICOL,EXACTX,100.0,100.0,WP_000214119.1,True
CIV13YE8,tet(A),core,AMR,TETRACYCLINE,TETRACYCLINE,EXACTX,100.0,100.0,WP_000804063.1,True
CIV13YE8,aph(6)-Id,core,AMR,AMINOGLYCOSIDE,STREPTOMYCIN,EXACTX,100.0,100.0,WP_000480968.1,True
CIV13YE8,aph(3'')-Ib,core,AMR,AMINOGLYCOSIDE,STREPTOMYCIN,EXACTX,100.0,100.0,WP_001082319.1,True
CIV13YE8,sul2,core,AMR,SULFONAMIDE,SULFONAMIDE,EXACTX,100.0,100.0,WP_001043260.1,True
CIV13YE8,dfrA23,core,AMR,TRIMETHOPRIM,TRIMETHOPRIM,EXACTX,100.0,100.0,WP_001143450.1,True
CIV13YE8,sul1,core,AMR,SULFONAMIDE,SULFONAMIDE,EXACTX,100.0,100.0,WP_000259031.1,True
CIV13YE8,qacEdelta1,core,STRESS,QUATERNARY AMMONIUM,QUATERNARY AMMONIUM,ALLELEX,100.0,100.0,WP_000679427.1,True
CIV13YE8,aadA1,core,AMR,AMINOGLYCOSIDE,STREPTOMYCIN,EXACTX,100.0,100.0,WP_001209508.1,True
CIV13YE8,blaOXA-10,core,AMR,BETA-LACTAM,CEPHALOSPORIN,ALLELEX,100.0,100.0,WP_000846390.1,True
CIV13YE8,cmlA5,core,AMR,PHENICOL,CHLORAMPHENICOL,EXACTX,100.0,100.0,WP_012300772.1,True
CIV13YE8,arr-2,core,AMR,RIFAMYCIN,RIFAMYCIN,ALLELEX,100.0,100.0,WP_000237816.1,True
CIV13YE8,qnrB1,core,AMR,QUINOLONE,QUINOLONE,ALLELEX,100.0,100.0,WP_014386481.1,True
CIV13YE8,blaCTX-M-15,core,AMR,BETA-LACTAM,CEPHALOSPORIN,ALLELEX,100.0,100.0,WP_000239590.1,True
CIV13YE8,aac(3)-IIe,core,AMR,AMINOGLYCOSIDE,GENTAMICIN,EXACTX,100.0,100.0,WP_000557452.1,True
CIV13YE8,catB3,core,AMR,PHENICOL,CHLORAMPHENICOL,PARTIALX,70.0,100.0,WP_000186237.1,False
CIV13YE8,blaOXA-1,core,AMR,BETA-LACTAM,CEPHALOSPORIN,ALLELEX,100.0,100.0,WP_001334766.1,True
CIV13YE8,aac(6')-Ib-cr5,core,AMR,AMINOGLYCOSIDE/QUINOLONE,AMIKACIN/KANAMYCIN/QUINOLONE/TOBRAMYCIN,ALLELEX,100.0,100.0,WP_063840321.1,True
CIV140E1,floR,core,AMR,PHENICOL,CHLORAMPHENICOL/FLORFENICOL,EXACTX,100.0,100.0,WP_000214119.1,True
CIV140E1,tet(A),core,AMR,TETRACYCLINE,TETRACYCLINE,EXACTX,100.0,100.0,WP_000804063.1,True
CIV140E1,aph(6)-Id,core,AMR,AMINOGLYCOSIDE,STREPTOMYCIN,EXACTX,100.0,100.0,WP_000480968.1,True
CIV140E1,aph(3'')-Ib,core,AMR,AMINOGLYCOSIDE,STREPTOMYCIN,EXACTX,100.0,100.0,WP_001082319.1,True
CIV140E1,sul2,core,AMR,SULFONAMIDE,SULFONAMIDE,EXACTX,100.0,100.0,WP_001043260.1,True
CIV140E1,arr-2,core,AMR,RIFAMYCIN,RIFAMYCIN,ALLELEX,100.0,100.0,WP_000237816.1,True
CIV140E1,cmlA5,core,AMR,PHENICOL,CHLORAMPHENICOL,EXACTX,100.0,100.0,WP_012300772.1,True
CIV140E1,blaOXA-10,core,AMR,BETA-LACTAM,CEPHALOSPORIN,ALLELEX,100.0,100.0,WP_000846390.1,True
CIV140E1,aadA1,core,AMR,AMINOGLYCOSIDE,STREPTOMYCIN,EXACTX,100.0,100.0,WP_001209508.1,True
CIV140E1,qacEdelta1,core,STRESS,QUATERNARY AMMONIUM,QUATERNARY AMMONIUM,ALLELEX,100.0,100.0,WP_000679427.1,True
CIV140E1,sul1,core,AMR,SULFONAMIDE,SULFONAMIDE,EXACTX,100.0,100.0,WP_000259031.1,True
CIV140E1,dfrA23,core,AMR,TRIMETHOPRIM,TRIMETHOPRIM,EXACTX,100.0,100.0,WP_001143450.1,True
CIV140E1,qnrB1,core,AMR,QUINOLONE,QUINOLONE,ALLELEX,100.0,100.0,WP_014386481.1,True
CIV140E1,blaCTX-M-15,core,AMR,BETA-LACTAM,CEPHALOSPORIN,ALLELEX,100.0,100.0,WP_000239590.1,True
CIV140E1,aac(3)-IIe,core,AMR,AMINOGLYCOSIDE,GENTAMICIN,EXACTX,100.0,100.0,WP_000557452.1,True
CIV140E1,catB3,core,AMR,PHENICOL,CHLORAMPHENICOL,PARTIALX,70.0,100.0,WP_000186237.1,False
CIV140E1,blaOXA-1,core,AMR,BETA-LACTAM,CEPHALOSPORIN,ALLELEX,100.0,100.0,WP_001334766.1,True
CIV140E1,aac(6')-Ib-cr5,core,AMR,AMINOGLYCOSIDE/QUINOLONE,AMIKACIN/KANAMYCIN/QUINOLONE/TOBRAMYCIN,ALLELEX,100.0,100.0,WP_063840321.1,True
CIV140E4,sul2,core,AMR,SULFONAMIDE,SULFONAMIDE,EXACTX,100.0,100.0,WP_001043260.1,True
CIV140E4,aph(3'')-Ib,core,AMR,AMINOGLYCOSIDE,STREPTOMYCIN,EXACTX,100.0,100.0,WP_001082319.1,True
CIV140E4,aph(6)-Id,core,AMR,AMINOGLYCOSIDE,STREPTOMYCIN,EXACTX,100.0,100.0,WP_000480968.1,True
CIV140E4,tet(A),core,AMR,TETRACYCLINE,TETRACYCLINE,EXACTX,100.0,100.0,WP_000804063.1,True
CIV140E4,floR,core,AMR,PHENICOL,CHLORAMPHENICOL/FLORFENICOL,EXACTX,100.0,100.0,WP_000214119.1,True
CIV140E4,arr-2,core,AMR,RIFAMYCIN,RIFAMYCIN,ALLELEX,100.0,100.0,WP_000237816.1,True
CIV140E4,cmlA5,core,AMR,PHENICOL,CHLORAMPHENICOL,EXACTX,100.0,100.0,WP_012300772.1,True
CIV140E4,blaOXA-10,core,AMR,BETA-LACTAM,CEPHALOSPORIN,ALLELEX,100.0,100.0,WP_000846390.1,True
CIV140E4,aadA1,core,AMR,AMINOGLYCOSIDE,STREPTOMYCIN,EXACTX,100.0,100.0,WP_001209508.1,True
CIV140E4,qacEdelta1,core,STRESS,QUATERNARY AMMONIUM,QUATERNARY AMMONIUM,ALLELEX,100.0,100.0,WP_000679427.1,True
CIV140E4,sul1,core,AMR,SULFONAMIDE,SULFONAMIDE,PARTIAL_CONTIG_ENDX,69.89,100.0,WP_000259031.1,False
CIV140E4,qnrB1,core,AMR,QUINOLONE,QUINOLONE,ALLELEX,100.0,100.0,WP_014386481.1,True
CIV140E4,dfrA23,core,AMR,TRIMETHOPRIM,TRIMETHOPRIM,EXACTX,100.0,100.0,WP_001143450.1,True
CIV140E4,blaCTX-M-15,core,AMR,BETA-LACTAM,CEPHALOSPORIN,ALLELEX,100.0,100.0,WP_000239590.1,True
CIV140E4,aac(3)-IIe,core,AMR,AMINOGLYCOSIDE,GENTAMICIN,EXACTX,100.0,100.0,WP_000557452.1,True
CIV140E4,catB3,core,AMR,PHENICOL,CHLORAMPHENICOL,PARTIALX,70.0,100.0,WP_000186237.1,False
CIV140E4,blaOXA-1,core,AMR,BETA-LACTAM,CEPHALOSPORIN,ALLELEX,100.0,100.0,WP_001334766.1,True
CIV140E4,aac(6')-Ib-cr5,core,AMR,AMINOGLYCOSIDE/QUINOLONE,AMIKACIN/KANAMYCIN/QUINOLONE/TOBRAMYCIN,ALLELEX,100.0,100.0,WP_063840321.1,True
CIV140E6,sul2,core,AMR,SULFONAMIDE,SULFONAMIDE,EXACTX,100.0,100.0,WP_001043260.1,True
CIV140E6,aph(3'')-Ib,core,AMR,AMINOGLYCOSIDE,STREPTOMYCIN,EXACTX,100.0,100.0,WP_001082319.1,True
CIV140E6,aph(6)-Id,core,AMR,AMINOGLYCOSIDE,STREPTOMYCIN,EXACTX,100.0,100.0,WP_000480968.1,True
CIV140E6,tet(A),core,AMR,TETRACYCLINE,TETRACYCLINE,EXACTX,100.0,100.0,WP_000804063.1,True
CIV140E6,floR,core,AMR,PHENICOL,CHLORAMPHENICOL/FLORFENICOL,EXACTX,100.0,100.0,WP_000214119.1,True
CIV140E6,dfrA23,core,AMR,TRIMETHOPRIM,TRIMETHOPRIM,EXACTX,100.0,100.0,WP_001143450.1,True
CIV140E6,sul1,core,AMR,SULFONAMIDE,SULFONAMIDE,EXACTX,100.0,100.0,WP_000259031.1,True
CIV140E6,qacEdelta1,core,STRESS,QUATERNARY AMMONIUM,QUATERNARY AMMONIUM,ALLELEX,100.0,100.0,WP_000679427.1,True
CIV140E6,aadA1,core,AMR,AMINOGLYCOSIDE,STREPTOMYCIN,EXACTX,100.0,100.0,WP_001209508.1,True
CIV140E6,blaOXA-10,core,AMR,BETA-LACTAM,CEPHALOSPORIN,ALLELEX,100.0,100.0,WP_000846390.1,True
CIV140E6,cmlA5,core,AMR,PHENICOL,CHLORAMPHENICOL,EXACTX,100.0,100.0,WP_012300772.1,True
CIV140E6,arr-2,core,AMR,RIFAMYCIN,RIFAMYCIN,ALLELEX,100.0,100.0,WP_000237816.1,True
CIV140E6,qnrB1,core,AMR,QUINOLONE,QUINOLONE,ALLELEX,100.0,100.0,WP_014386481.1,True
CIV140E6,blaCTX-M-15,core,AMR,BETA-LACTAM,CEPHALOSPORIN,ALLELEX,100.0,100.0,WP_000239590.1,True
CIV140E6,aac(3)-IIe,core,AMR,AMINOGLYCOSIDE,GENTAMICIN,EXACTX,100.0,100.0,WP_000557452.1,True
CIV140E6,catB3,core,AMR,PHENICOL,CHLORAMPHENICOL,PARTIALX,70.0,100.0,WP_000186237.1,False
CIV140E6,blaOXA-1,core,AMR,BETA-LACTAM,CEPHALOSPORIN,ALLELEX,100.0,100.0,WP_001334766.1,True
CIV140E6,aac(6')-Ib-cr5,core,AMR,AMINOGLYCOSIDE/QUINOLONE,AMIKACIN/KANAMYCIN/QUINOLONE/TOBRAMYCIN,ALLELEX,100.0,100.0,WP_063840321.1,True
CIV140E7,floR,core,AMR,PHENICOL,CHLORAMPHENICOL/FLORFENICOL,EXACTX,100.0,100.0,WP_000214119.1,True
CIV140E7,tet(A),core,AMR,TETRACYCLINE,TETRACYCLINE,EXACTX,100.0,100.0,WP_000804063.1,True
CIV140E7,aph(6)-Id,core,AMR,AMINOGLYCOSIDE,STREPTOMYCIN,EXACTX,100.0,100.0,WP_000480968.1,True
CIV140E7,aph(3'')-Ib,core,AMR,AMINOGLYCOSIDE,STREPTOMYCIN,EXACTX,100.0,100.0,WP_001082319.1,True
CIV140E7,sul2,core,AMR,SULFONAMIDE,SULFONAMIDE,EXACTX,100.0,100.0,WP_001043260.1,True
CIV140E7,arr-2,core,AMR,RIFAMYCIN,RIFAMYCIN,ALLELEX,100.0,100.0,WP_000237816.1,True
CIV140E7,cmlA5,core,AMR,PHENICOL,CHLORAMPHENICOL,EXACTX,100.0,100.0,WP_012300772.1,True
CIV140E7,blaOXA-10,core,AMR,BETA-LACTAM,CEPHALOSPORIN,ALLELEX,100.0,100.0,WP_000846390.1,True
CIV140E7,aadA1,core,AMR,AMINOGLYCOSIDE,STREPTOMYCIN,EXACTX,100.0,100.0,WP_001209508.1,True
CIV140E7,qacEdelta1,core,STRESS,QUATERNARY AMMONIUM,QUATERNARY AMMONIUM,ALLELEX,100.0,100.0,WP_000679427.1,True
CIV140E7,sul1,core,AMR,SULFONAMIDE,SULFONAMIDE,EXACTX,100.0,100.0,WP_000259031.1,True
CIV140E7,dfrA23,core,AMR,TRIMETHOPRIM,TRIMETHOPRIM,EXACTX,100.0,100.0,WP_001143450.1,True
CIV140E7,qnrB1,core,AMR,QUINOLONE,QUINOLONE,ALLELEX,100.0,100.0,WP_014386481.1,True
CIV140E7,blaCTX-M-15,core,AMR,BETA-LACTAM,CEPHALOSPORIN,ALLELEX,100.0,100.0,WP_000239590.1,True
CIV140E7,aac(3)-IIe,core,AMR,AMINOGLYCOSIDE,GENTAMICIN,EXACTX,100.0,100.0,WP_000557452.1,True
CIV140E7,aac(6')-Ib-cr5,core,AMR,AMINOGLYCOSIDE/QUINOLONE,AMIKACIN/KANAMYCIN/QUINOLONE/TOBRAMYCIN,ALLELEX,100.0,100.0,WP_063840321.1,True
CIV140E7,blaOXA-1,core,AMR,BETA-LACTAM,CEPHALOSPORIN,ALLELEX,100.0,100.0,WP_001334766.1,True
CIV140E7,catB3,core,AMR,PHENICOL,CHLORAMPHENICOL,PARTIALX,70.0,100.0,WP_000186237.1,False
CIV140U1,sul2,core,AMR,SULFONAMIDE,SULFONAMIDE,EXACTX,100.0,100.0,WP_001043260.1,True
CIV140U1,aph(3'')-Ib,core,AMR,AMINOGLYCOSIDE,STREPTOMYCIN,EXACTX,100.0,100.0,WP_001082319.1,True
CIV140U1,aph(6)-Id,core,AMR,AMINOGLYCOSIDE,STREPTOMYCIN,EXACTX,100.0,100.0,WP_000480968.1,True
CIV140U1,tet(A),core,AMR,TETRACYCLINE,TETRACYCLINE,EXACTX,100.0,100.0,WP_000804063.1,True
CIV140U1,floR,core,AMR,PHENICOL,CHLORAMPHENICOL/FLORFENICOL,EXACTX,100.0,100.0,WP_000214119.1,True
CIV140U1,arr-2,core,AMR,RIFAMYCIN,RIFAMYCIN,ALLELEX,100.0,100.0,WP_000237816.1,True
CIV140U1,cmlA5,core,AMR,PHENICOL,CHLORAMPHENICOL,EXACTX,100.0,100.0,WP_012300772.1,True
CIV140U1,blaOXA-10,core,AMR,BETA-LACTAM,CEPHALOSPORIN,ALLELEX,100.0,100.0,WP_000846390.1,True
CIV140U1,aadA1,core,AMR,AMINOGLYCOSIDE,STREPTOMYCIN,EXACTX,100.0,100.0,WP_001209508.1,True
CIV140U1,qacEdelta1,core,STRESS,QUATERNARY AMMONIUM,QUATERNARY AMMONIUM,ALLELEX,100.0,100.0,WP_000679427.1,True
CIV140U1,sul1,core,AMR,SULFONAMIDE,SULFONAMIDE,EXACTX,100.0,100.0,WP_000259031.1,True
CIV140U1,dfrA23,core,AMR,TRIMETHOPRIM,TRIMETHOPRIM,EXACTX,100.0,100.0,WP_001143450.1,True
CIV140U1,qnrB1,core,AMR,QUINOLONE,QUINOLONE,ALLELEX,100.0,100.0,WP_014386481.1,True
CIV140U1,blaCTX-M-15,core,AMR,BETA-LACTAM,CEPHALOSPORIN,ALLELEX,100.0,100.0,WP_000239590.1,True
CIV140U1,aac(3)-IIe,core,AMR,AMINOGLYCOSIDE,GENTAMICIN,EXACTX,100.0,100.0,WP_000557452.1,True
CIV140U1,catB3,core,AMR,PHENICOL,CHLORAMPHENICOL,PARTIALX,70.0,100.0,WP_000186237.1,False
CIV140U1,blaOXA-1,core,AMR,BETA-LACTAM,CEPHALOSPORIN,ALLELEX,100.0,100.0,WP_001334766.1,True
CIV140U1,aac(6')-Ib-cr5,core,AMR,AMINOGLYCOSIDE/QUINOLONE,AMIKACIN/KANAMYCIN/QUINOLONE/TOBRAMYCIN,ALLELEX,100.0,100.0,WP_063840321.1,True
CIV141E6,sul2,core,AMR,SULFONAMIDE,SULFONAMIDE,EXACTX,100.0,100.0,WP_001043260.1,True
CIV141E6,aph(3'')-Ib,core,AMR,AMINOGLYCOSIDE,STREPTOMYCIN,EXACTX,100.0,100.0,WP_001082319.1,True
CIV141E6,aph(6)-Id,core,AMR,AMINOGLYCOSIDE,STREPTOMYCIN,EXACTX,100.0,100.0,WP_000480968.1,True
CIV141E6,tet(A),core,AMR,TETRACYCLINE,TETRACYCLINE,EXACTX,100.0,100.0,WP_000804063.1,True
CIV141E6,floR,core,AMR,PHENICOL,CHLORAMPHENICOL/FLORFENICOL,EXACTX,100.0,100.0,WP_000214119.1,True
CIV141E6,arr-2,core,AMR,RIFAMYCIN,RIFAMYCIN,ALLELEX,100.0,100.0,WP_000237816.1,True
CIV141E6,cmlA5,core,AMR,PHENICOL,CHLORAMPHENICOL,EXACTX,100.0,100.0,WP_012300772.1,True
CIV141E6,blaOXA-10,core,AMR,BETA-LACTAM,CEPHALOSPORIN,ALLELEX,100.0,100.0,WP_000846390.1,True
CIV141E6,aadA1,core,AMR,AMINOGLYCOSIDE,STREPTOMYCIN,EXACTX,100.0,100.0,WP_001209508.1,True
CIV141E6,qacEdelta1,core,STRESS,QUATERNARY AMMONIUM,QUATERNARY AMMONIUM,ALLELEX,100.0,100.0,WP_000679427.1,True
CIV141E6,sul1,core,AMR,SULFONAMIDE,SULFONAMIDE,EXACTX,100.0,100.0,WP_000259031.1,True
CIV141E6,dfrA23,core,AMR,TRIMETHOPRIM,TRIMETHOPRIM,EXACTX,100.0,100.0,WP_001143450.1,True
CIV141E6,qnrB1,core,AMR,QUINOLONE,QUINOLONE,ALLELEX,100.0,100.0,WP_014386481.1,True
CIV141E6,blaCTX-M-15,core,AMR,BETA-LACTAM,CEPHALOSPORIN,ALLELEX,100.0,100.0,WP_000239590.1,True
CIV141E6,aac(3)-IIe,core,AMR,AMINOGLYCOSIDE,GENTAMICIN,EXACTX,100.0,100.0,WP_000557452.1,True
CIV141E6,aac(6')-Ib-cr5,core,AMR,AMINOGLYCOSIDE/QUINOLONE,AMIKACIN/KANAMYCIN/QUINOLONE/TOBRAMYCIN,ALLELEX,100.0,100.0,WP_063840321.1,True
CIV141E6,blaOXA-1,core,AMR,BETA-LACTAM,CEPHALOSPORIN,ALLELEX,100.0,100.0,WP_001334766.1,True
CIV141E6,catB3,core,AMR,PHENICOL,CHLORAMPHENICOL,PARTIALX,70.0,100.0,WP_000186237.1,False
CIV142E6,floR,core,AMR,PHENICOL,CHLORAMPHENICOL/FLORFENICOL,EXACTX,100.0,100.0,WP_000214119.1,True
CIV142E6,tet(A),core,AMR,TETRACYCLINE,TETRACYCLINE,EXACTX,100.0,100.0,WP_000804063.1,True
CIV142E6,aph(6)-Id,core,AMR,AMINOGLYCOSIDE,STREPTOMYCIN,EXACTX,100.0,100.0,WP_000480968.1,True
CIV142E6,aph(3'')-Ib,core,AMR,AMINOGLYCOSIDE,STREPTOMYCIN,EXACTX,100.0,100.0,WP_001082319.1,True
CIV142E6,sul2,core,AMR,SULFONAMIDE,SULFONAMIDE,EXACTX,100.0,100.0,WP_001043260.1,True
CIV142E6,qnrB1,core,AMR,QUINOLONE,QUINOLONE,ALLELEX,100.0,100.0,WP_014386481.1,True
CIV142E6,sul1,core,AMR,SULFONAMIDE,SULFONAMIDE,PARTIAL_CONTIG_ENDX,75.27,100.0,WP_000259031.1,False
CIV142E6,qacEdelta1,core,STRESS,QUATERNARY AMMONIUM,QUATERNARY AMMONIUM,ALLELEX,100.0,100.0,WP_000679427.1,True
CIV142E6,aadA1,core,AMR,AMINOGLYCOSIDE,STREPTOMYCIN,EXACTX,100.0,100.0,WP_001209508.1,True
CIV142E6,blaOXA-10,core,AMR,BETA-LACTAM,CEPHALOSPORIN,ALLELEX,100.0,100.0,WP_000846390.1,True
CIV142E6,cmlA5,core,AMR,PHENICOL,CHLORAMPHENICOL,EXACTX,100.0,100.0,WP_012300772.1,True
CIV142E6,arr-2,core,AMR,RIFAMYCIN,RIFAMYCIN,ALLELEX,100.0,100.0,WP_000237816.1,True
CIV142E6,dfrA23,core,AMR,TRIMETHOPRIM,TRIMETHOPRIM,EXACTX,100.0,100.0,WP_001143450.1,True
CIV142E6,blaCTX-M-15,core,AMR,BETA-LACTAM,CEPHALOSPORIN,ALLELEX,100.0,100.0,WP_000239590.1,True
CIV142E6,aac(3)-IIe,core,AMR,AMINOGLYCOSIDE,GENTAMICIN,EXACTX,100.0,100.0,WP_000557452.1,True
CIV142E6,aac(6')-Ib-cr5,core,AMR,AMINOGLYCOSIDE/QUINOLONE,AMIKACIN/KANAMYCIN/QUINOLONE/TOBRAMYCIN,ALLELEX,100.0,100.0,WP_063840321.1,True
CIV142E6,blaOXA-1,core,AMR,BETA-LACTAM,CEPHALOSPORIN,ALLELEX,100.0,100.0,WP_001334766.1,True
CIV142E6,catB3,core,AMR,PHENICOL,CHLORAMPHENICOL,PARTIALX,70.0,100.0,WP_000186237.1,False
CIV143E2,floR,core,AMR,PHENICOL,CHLORAMPHENICOL/FLORFENICOL,EXACTX,100.0,100.0,WP_000214119.1,True
CIV143E2,tet(A),core,AMR,TETRACYCLINE,TETRACYCLINE,EXACTX,100.0,100.0,WP_000804063.1,True
CIV143E2,aph(6)-Id,core,AMR,AMINOGLYCOSIDE,STREPTOMYCIN,EXACTX,100.0,100.0,WP_000480968.1,True
CIV143E2,aph(3'')-Ib,core,AMR,AMINOGLYCOSIDE,STREPTOMYCIN,EXACTX,100.0,100.0,WP_001082319.1,True
CIV143E2,sul2,core,AMR,SULFONAMIDE,SULFONAMIDE,EXACTX,100.0,100.0,WP_001043260.1,True
CIV143E2,arr-2,core,AMR,RIFAMYCIN,RIFAMYCIN,ALLELEX,100.0,100.0,WP_000237816.1,True
CIV143E2,cmlA5,core,AMR,PHENICOL,CHLORAMPHENICOL,EXACTX,100.0,100.0,WP_012300772.1,True
CIV143E2,blaOXA-10,core,AMR,BETA-LACTAM,CEPHALOSPORIN,ALLELEX,100.0,100.0,WP_000846390.1,True
CIV143E2,aadA1,core,AMR,AMINOGLYCOSIDE,STREPTOMYCIN,EXACTX,100.0,100.0,WP_001209508.1,True
CIV143E2,qacEdelta1,core,STRESS,QUATERNARY AMMONIUM,QUATERNARY AMMONIUM,ALLELEX,100.0,100.0,WP_000679427.1,True
CIV143E2,sul1,core,AMR,SULFONAMIDE,SULFONAMIDE,EXACTX,100.0,100.0,WP_000259031.1,True
CIV143E2,dfrA23,core,AMR,TRIMETHOPRIM,TRIMETHOPRIM,EXACTX,100.0,100.0,WP_001143450.1,True
CIV143E2,qnrB1,core,AMR,QUINOLONE,QUINOLONE,ALLELEX,100.0,100.0,WP_014386481.1,True
CIV143E2,blaCTX-M-15,core,AMR,BETA-LACTAM,CEPHALOSPORIN,ALLELEX,100.0,100.0,WP_000239590.1,True
CIV143E2,aac(3)-IIe,core,AMR,AMINOGLYCOSIDE,GENTAMICIN,EXACTX,100.0,100.0,WP_000557452.1,True
CIV143E2,aac(6')-Ib-cr5,core,AMR,AMINOGLYCOSIDE/QUINOLONE,AMIKACIN/KANAMYCIN/QUINOLONE/TOBRAMYCIN,ALLELEX,100.0,100.0,WP_063840321.1,True
CIV143E2,blaOXA-1,core,AMR,BETA-LACTAM,CEPHALOSPORIN,ALLELEX,100.0,100.0,WP_001334766.1,True
CIV143E2,catB3,core,AMR,PHENICOL,CHLORAMPHENICOL,PARTIALX,70.0,100.0,WP_000186237.1,False
CIV143E4,tet(A),core,AMR,TETRACYCLINE,TETRACYCLINE,EXACTX,100.0,100.0,WP_000804063.1,True
CIV143E4,aph(6)-Id,core,AMR,AMINOGLYCOSIDE,STREPTOMYCIN,EXACTX,100.0,100.0,WP_000480968.1,True
CIV143E4,aph(3'')-Ib,core,AMR,AMINOGLYCOSIDE,STREPTOMYCIN,EXACTX,100.0,100.0,WP_001082319.1,True
CIV143E4,sul2,core,AMR,SULFONAMIDE,SULFONAMIDE,EXACTX,100.0,100.0,WP_001043260.1,True
CIV143E4,arr-2,core,AMR,RIFAMYCIN,RIFAMYCIN,ALLELEX,100.0,100.0,WP_000237816.1,True
CIV143E4,cmlA5,core,AMR,PHENICOL,CHLORAMPHENICOL,EXACTX,100.0,100.0,WP_012300772.1,True
CIV143E4,blaOXA-10,core,AMR,BETA-LACTAM,CEPHALOSPORIN,ALLELEX,100.0,100.0,WP_000846390.1,True
CIV143E4,aadA1,core,AMR,AMINOGLYCOSIDE,STREPTOMYCIN,EXACTX,100.0,100.0,WP_001209508.1,True
CIV143E4,qacEdelta1,core,STRESS,QUATERNARY AMMONIUM,QUATERNARY AMMONIUM,ALLELEX,100.0,100.0,WP_000679427.1,True
CIV143E4,sul1,core,AMR,SULFONAMIDE,SULFONAMIDE,EXACTX,100.0,100.0,WP_000259031.1,True
CIV143E4,dfrA23,core,AMR,TRIMETHOPRIM,TRIMETHOPRIM,EXACTX,100.0,100.0,WP_001143450.1,True
CIV143E4,floR,core,AMR,PHENICOL,CHLORAMPHENICOL/FLORFENICOL,EXACTX,100.0,100.0,WP_000214119.1,True
CIV143E4,qnrB1,core,AMR,QUINOLONE,QUINOLONE,ALLELEX,100.0,100.0,WP_014386481.1,True
CIV143E4,blaCTX-M-15,core,AMR,BETA-LACTAM,CEPHALOSPORIN,ALLELEX,100.0,100.0,WP_000239590.1,True
CIV143E4,aac(3)-IIe,core,AMR,AMINOGLYCOSIDE,GENTAMICIN,EXACTX,100.0,100.0,WP_000557452.1,True
CIV143E4,catB3,core,AMR,PHENICOL,CHLORAMPHENICOL,PARTIALX,70.0,100.0,WP_000186237.1,False
CIV143E4,blaOXA-1,core,AMR,BETA-LACTAM,CEPHALOSPORIN,ALLELEX,100.0,100.0,WP_001334766.1,True
CIV143E4,aac(6')-Ib-cr5,core,AMR,AMINOGLYCOSIDE/QUINOLONE,AMIKACIN/KANAMYCIN/QUINOLONE/TOBRAMYCIN,ALLELEX,100.0,100.0,WP_063840321.1,True
CIV143E9,floR,core,AMR,PHENICOL,CHLORAMPHENICOL/FLORFENICOL,EXACTX,100.0,100.0,WP_000214119.1,True
CIV143E9,tet(A),core,AMR,TETRACYCLINE,TETRACYCLINE,EXACTX,100.0,100.0,WP_000804063.1,True
CIV143E9,aph(6)-Id,core,AMR,AMINOGLYCOSIDE,STREPTOMYCIN,EXACTX,100.0,100.0,WP_000480968.1,True
CIV143E9,aph(3'')-Ib,core,AMR,AMINOGLYCOSIDE,STREPTOMYCIN,EXACTX,100.0,100.0,WP_001082319.1,True
CIV143E9,sul2,core,AMR,SULFONAMIDE,SULFONAMIDE,EXACTX,100.0,100.0,WP_001043260.1,True
CIV143E9,dfrA23,core,AMR,TRIMETHOPRIM,TRIMETHOPRIM,EXACTX,100.0,100.0,WP_001143450.1,True
CIV143E9,sul1,core,AMR,SULFONAMIDE,SULFONAMIDE,EXACTX,100.0,100.0,WP_000259031.1,True
CIV143E9,qacEdelta1,core,STRESS,QUATERNARY AMMONIUM,QUATERNARY AMMONIUM,ALLELEX,100.0,100.0,WP_000679427.1,True
CIV143E9,aadA1,core,AMR,AMINOGLYCOSIDE,STREPTOMYCIN,EXACTX,100.0,100.0,WP_001209508.1,True
CIV143E9,blaOXA-10,core,AMR,BETA-LACTAM,CEPHALOSPORIN,ALLELEX,100.0,100.0,WP_000846390.1,True
CIV143E9,cmlA5,core,AMR,PHENICOL,CHLORAMPHENICOL,EXACTX,100.0,100.0,WP_012300772.1,True
CIV143E9,arr-2,core,AMR,RIFAMYCIN,RIFAMYCIN,ALLELEX,100.0,100.0,WP_000237816.1,True
CIV143E9,qnrB1,core,AMR,QUINOLONE,QUINOLONE,ALLELEX,100.0,100.0,WP_014386481.1,True
CIV143E9,blaCTX-M-15,core,AMR,BETA-LACTAM,CEPHALOSPORIN,ALLELEX,100.0,100.0,WP_000239590.1,True
CIV143E9,aac(3)-IIe,core,AMR,AMINOGLYCOSIDE,GENTAMICIN,EXACTX,100.0,100.0,WP_000557452.1,True
CIV143E9,aac(6')-Ib-cr5,core,AMR,AMINOGLYCOSIDE/QUINOLONE,AMIKACIN/KANAMYCIN/QUINOLONE/TOBRAMYCIN,ALLELEX,100.0,100.0,WP_063840321.1,True
CIV143E9,blaOXA-1,core,AMR,BETA-LACTAM,CEPHALOSPORIN,ALLELEX,100.0,100.0,WP_001334766.1,True
CIV143E9,catB3,core,AMR,PHENICOL,CHLORAMPHENICOL,PARTIALX,70.0,100.0,WP_000186237.1,False
CIV143U1,dfrA23,core,AMR,TRIMETHOPRIM,TRIMETHOPRIM,EXACTX,100.0,100.0,WP_001143450.1,True
CIV143U1,sul1,core,AMR,SULFONAMIDE,SULFONAMIDE,EXACTX,100.0,100.0,WP_000259031.1,True
CIV143U1,qacEdelta1,core,STRESS,QUATERNARY AMMONIUM,QUATERNARY AMMONIUM,ALLELEX,100.0,100.0,WP_000679427.1,True
CIV143U1,aadA1,core,AMR,AMINOGLYCOSIDE,STREPTOMYCIN,EXACTX,100.0,100.0,WP_001209508.1,True
CIV143U1,blaOXA-10,core,AMR,BETA-LACTAM,CEPHALOSPORIN,ALLELEX,100.0,100.0,WP_000846390.1,True
CIV143U1,cmlA5,core,AMR,PHENICOL,CHLORAMPHENICOL,EXACTX,100.0,100.0,WP_012300772.1,True
CIV143U1,arr-2,core,AMR,RIFAMYCIN,RIFAMYCIN,ALLELEX,100.0,100.0,WP_000237816.1,True
CIV143U1,sul2,core,AMR,SULFONAMIDE,SULFONAMIDE,EXACTX,100.0,100.0,WP_001043260.1,True
CIV143U1,aph(3'')-Ib,core,AMR,AMINOGLYCOSIDE,STREPTOMYCIN,EXACTX,100.0,100.0,WP_001082319.1,True
CIV143U1,aph(6)-Id,core,AMR,AMINOGLYCOSIDE,STREPTOMYCIN,EXACTX,100.0,100.0,WP_000480968.1,True
CIV143U1,tet(A),core,AMR,TETRACYCLINE,TETRACYCLINE,EXACTX,100.0,100.0,WP_000804063.1,True
CIV143U1,floR,core,AMR,PHENICOL,CHLORAMPHENICOL/FLORFENICOL,EXACTX,100.0,100.0,WP_000214119.1,True
CIV143U1,qnrB1,core,AMR,QUINOLONE,QUINOLONE,ALLELEX,100.0,100.0,WP_014386481.1,True
CIV143U1,blaCTX-M-15,core,AMR,BETA-LACTAM,CEPHALOSPORIN,ALLELEX,100.0,100.0,WP_000239590.1,True
CIV143U1,aac(3)-IIe,core,AMR,AMINOGLYCOSIDE,GENTAMICIN,EXACTX,100.0,100.0,WP_000557452.1,True
CIV143U1,aac(6')-Ib-cr5,core,AMR,AMINOGLYCOSIDE/QUINOLONE,AMIKACIN/KANAMYCIN/QUINOLONE/TOBRAMYCIN,ALLELEX,100.0,100.0,WP_063840321.1,True
CIV143U1,blaOXA-1,core,AMR,BETA-LACTAM,CEPHALOSPORIN,ALLELEX,100.0,100.0,WP_001334766.1,True
CIV143U1,catB3,core,AMR,PHENICOL,CHLORAMPHENICOL,PARTIALX,70.0,100.0,WP_000186237.1,False
CIV144E6,floR,core,AMR,PHENICOL,CHLORAMPHENICOL/FLORFENICOL,EXACTX,100.0,100.0,WP_000214119.1,True
CIV144E6,tet(A),core,AMR,TETRACYCLINE,TETRACYCLINE,EXACTX,100.0,100.0,WP_000804063.1,True
CIV144E6,aph(6)-Id,core,AMR,AMINOGLYCOSIDE,STREPTOMYCIN,EXACTX,100.0,100.0,WP_000480968.1,True
CIV144E6,aph(3'')-Ib,core,AMR,AMINOGLYCOSIDE,STREPTOMYCIN,EXACTX,100.0,100.0,WP_001082319.1,True
CIV144E6,sul2,core,AMR,SULFONAMIDE,SULFONAMIDE,EXACTX,100.0,100.0,WP_001043260.1,True
CIV144E6,arr-2,core,AMR,RIFAMYCIN,RIFAMYCIN,ALLELEX,100.0,100.0,WP_000237816.1,True
CIV144E6,cmlA5,core,AMR,PHENICOL,CHLORAMPHENICOL,EXACTX,100.0,100.0,WP_012300772.1,True
CIV144E6,blaOXA-10,core,AMR,BETA-LACTAM,CEPHALOSPORIN,ALLELEX,100.0,100.0,WP_000846390.1,True
CIV144E6,aadA1,core,AMR,AMINOGLYCOSIDE,STREPTOMYCIN,EXACTX,100.0,100.0,WP_001209508.1,True
CIV144E6,qacEdelta1,core,STRESS,QUATERNARY AMMONIUM,QUATERNARY AMMONIUM,ALLELEX,100.0,100.0,WP_000679427.1,True
CIV144E6,sul1,core,AMR,SULFONAMIDE,SULFONAMIDE,EXACTX,100.0,100.0,WP_000259031.1,True
CIV144E6,dfrA23,core,AMR,TRIMETHOPRIM,TRIMETHOPRIM,EXACTX,100.0,100.0,WP_001143450.1,True
CIV144E6,qnrB1,core,AMR,QUINOLONE,QUINOLONE,ALLELEX,100.0,100.0,WP_014386481.1,True
CIV144E6,blaCTX-M-15,core,AMR,BETA-LACTAM,CEPHALOSPORIN,ALLELEX,100.0,100.0,WP_000239590.1,True
CIV144E6,aac(3)-IIe,core,AMR,AMINOGLYCOSIDE,GENTAMICIN,EXACTX,100.0,100.0,WP_000557452.1,True
CIV144E6,catB3,core,AMR,PHENICOL,CHLORAMPHENICOL,PARTIALX,70.0,100.0,WP_000186237.1,False
CIV144E6,blaOXA-1,core,AMR,BETA-LACTAM,CEPHALOSPORIN,ALLELEX,100.0,100.0,WP_001334766.1,True
CIV144E6,aac(6')-Ib-cr5,core,AMR,AMINOGLYCOSIDE/QUINOLONE,AMIKACIN/KANAMYCIN/QUINOLONE/TOBRAMYCIN,ALLELEX,100.0,100.0,WP_063840321.1,True
CIV144U1,floR,core,AMR,PHENICOL,CHLORAMPHENICOL/FLORFENICOL,EXACTX,100.0,100.0,WP_000214119.1,True
CIV144U1,tet(A),core,AMR,TETRACYCLINE,TETRACYCLINE,EXACTX,100.0,100.0,WP_000804063.1,True
CIV144U1,aph(6)-Id,core,AMR,AMINOGLYCOSIDE,STREPTOMYCIN,EXACTX,100.0,100.0,WP_000480968.1,True
CIV144U1,aph(3'')-Ib,core,AMR,AMINOGLYCOSIDE,STREPTOMYCIN,EXACTX,100.0,100.0,WP_001082319.1,True
CIV144U1,sul2,core,AMR,SULFONAMIDE,SULFONAMIDE,EXACTX,100.0,100.0,WP_001043260.1,True
CIV144U1,arr-2,core,AMR,RIFAMYCIN,RIFAMYCIN,ALLELEX,100.0,100.0,WP_000237816.1,True
CIV144U1,cmlA5,core,AMR,PHENICOL,CHLORAMPHENICOL,EXACTX,100.0,100.0,WP_012300772.1,True
CIV144U1,blaOXA-10,core,AMR,BETA-LACTAM,CEPHALOSPORIN,ALLELEX,100.0,100.0,WP_000846390.1,True
CIV144U1,aadA1,core,AMR,AMINOGLYCOSIDE,STREPTOMYCIN,EXACTX,100.0,100.0,WP_001209508.1,True
CIV144U1,qacEdelta1,core,STRESS,QUATERNARY AMMONIUM,QUATERNARY AMMONIUM,ALLELEX,100.0,100.0,WP_000679427.1,True
CIV144U1,sul1,core,AMR,SULFONAMIDE,SULFONAMIDE,EXACTX,100.0,100.0,WP_000259031.1,True
CIV144U1,dfrA23,core,AMR,TRIMETHOPRIM,TRIMETHOPRIM,EXACTX,100.0,100.0,WP_001143450.1,True
CIV144U1,qnrB1,core,AMR,QUINOLONE,QUINOLONE,ALLELEX,100.0,100.0,WP_014386481.1,True
CIV144U1,blaCTX-M-15,core,AMR,BETA-LACTAM,CEPHALOSPORIN,ALLELEX,100.0,100.0,WP_000239590.1,True
CIV144U1,aac(3)-IIe,core,AMR,AMINOGLYCOSIDE,GENTAMICIN,EXACTX,100.0,100.0,WP_000557452.1,True
CIV144U1,catB3,core,AMR,PHENICOL,CHLORAMPHENICOL,PARTIALX,70.0,100.0,WP_000186237.1,False
CIV144U1,blaOXA-1,core,AMR,BETA-LACTAM,CEPHALOSPORIN,ALLELEX,100.0,100.0,WP_001334766.1,True
CIV144U1,aac(6')-Ib-cr5,core,AMR,AMINOGLYCOSIDE/QUINOLONE,AMIKACIN/KANAMYCIN/QUINOLONE/TOBRAMYCIN,ALLELEX,100.0,100.0,WP_063840321.1,True
CIV146E8,floR,core,AMR,PHENICOL,CHLORAMPHENICOL/FLORFENICOL,EXACTX,100.0,100.0,WP_000214119.1,True
CIV146E8,qnrB1,core,AMR,QUINOLONE,QUINOLONE,ALLELEX,100.0,100.0,WP_014386481.1,True
CIV146E8,arr-2,core,AMR,RIFAMYCIN,RIFAMYCIN,ALLELEX,100.0,100.0,WP_000237816.1,True
CIV146E8,cmlA5,core,AMR,PHENICOL,CHLORAMPHENICOL,EXACTX,100.0,100.0,WP_012300772.1,True
CIV146E8,blaOXA-10,core,AMR,BETA-LACTAM,CEPHALOSPORIN,ALLELEX,100.0,100.0,WP_000846390.1,True
CIV146E8,aadA1,core,AMR,AMINOGLYCOSIDE,STREPTOMYCIN,EXACTX,100.0,100.0,WP_001209508.1,True
CIV146E8,qacEdelta1,core,STRESS,QUATERNARY AMMONIUM,QUATERNARY AMMONIUM,ALLELEX,100.0,100.0,WP_000679427.1,True
CIV146E8,sul1,core,AMR,SULFONAMIDE,SULFONAMIDE,PARTIAL_CONTIG_ENDX,66.67,100.0,WP_000259031.1,False
CIV146E8,dfrA23,core,AMR,TRIMETHOPRIM,TRIMETHOPRIM,EXACTX,100.0,100.0,WP_001143450.1,True
CIV146E8,blaCTX-M-15,core,AMR,BETA-LACTAM,CEPHALOSPORIN,ALLELEX,100.0,100.0,WP_000239590.1,True
CIV146E8,aac(3)-IIe,core,AMR,AMINOGLYCOSIDE,GENTAMICIN,EXACTX,100.0,100.0,WP_000557452.1,True
CIV146E8,tet(A),core,AMR,TETRACYCLINE,TETRACYCLINE,EXACTX,100.0,100.0,WP_000804063.1,True
CIV146E8,aac(6')-Ib-cr5,core,AMR,AMINOGLYCOSIDE/QUINOLONE,AMIKACIN/KANAMYCIN/QUINOLONE/TOBRAMYCIN,ALLELEX,100.0,100.0,WP_063840321.1,True
CIV146E8,blaOXA-1,core,AMR,BETA-LACTAM,CEPHALOSPORIN,ALLELEX,100.0,100.0,WP_001334766.1,True
CIV146E8,catB3,core,AMR,PHENICOL,CHLORAMPHENICOL,PARTIALX,70.0,99.32,WP_000186237.1,False
CIV146E8,sul2,core,AMR,SULFONAMIDE,SULFONAMIDE,EXACTX,100.0,100.0,WP_001043260.1,True
CIV146E8,aph(3'')-Ib,core,AMR,AMINOGLYCOSIDE,STREPTOMYCIN,EXACTX,100.0,100.0,WP_001082319.1,True
CIV146E8,aph(6)-Id,core,AMR,AMINOGLYCOSIDE,STREPTOMYCIN,EXACTX,100.0,100.0,WP_000480968.1,True
CIV147E3,floR,core,AMR,PHENICOL,CHLORAMPHENICOL/FLORFENICOL,EXACTX,100.0,100.0,WP_000214119.1,True
CIV147E3,tet(A),core,AMR,TETRACYCLINE,TETRACYCLINE,EXACTX,100.0,100.0,WP_000804063.1,True
CIV147E3,aph(6)-Id,core,AMR,AMINOGLYCOSIDE,STREPTOMYCIN,EXACTX,100.0,100.0,WP_000480968.1,True
CIV147E3,aph(3'')-Ib,core,AMR,AMINOGLYCOSIDE,STREPTOMYCIN,EXACTX,100.0,100.0,WP_001082319.1,True
CIV147E3,sul2,core,AMR,SULFONAMIDE,SULFONAMIDE,EXACTX,100.0,100.0,WP_001043260.1,True
CIV147E3,arr-2,core,AMR,RIFAMYCIN,RIFAMYCIN,ALLELEX,100.0,100.0,WP_000237816.1,True
CIV147E3,cmlA5,core,AMR,PHENICOL,CHLORAMPHENICOL,EXACTX,100.0,100.0,WP_012300772.1,True
CIV147E3,blaOXA-10,core,AMR,BETA-LACTAM,CEPHALOSPORIN,ALLELEX,100.0,100.0,WP_000846390.1,True
CIV147E3,aadA1,core,AMR,AMINOGLYCOSIDE,STREPTOMYCIN,EXACTX,100.0,100.0,WP_001209508.1,True
CIV147E3,qacEdelta1,core,STRESS,QUATERNARY AMMONIUM,QUATERNARY AMMONIUM,ALLELEX,100.0,100.0,WP_000679427.1,True
CIV147E3,sul1,core,AMR,SULFONAMIDE,SULFONAMIDE,EXACTX,100.0,100.0,WP_000259031.1,True
CIV147E3,dfrA23,core,AMR,TRIMETHOPRIM,TRIMETHOPRIM,EXACTX,100.0,100.0,WP_001143450.1,True
CIV147E3,qnrB1,core,AMR,QUINOLONE,QUINOLONE,ALLELEX,100.0,100.0,WP_014386481.1,True
CIV147E3,blaCTX-M-15,core,AMR,BETA-LACTAM,CEPHALOSPORIN,ALLELEX,100.0,100.0,WP_000239590.1,True
CIV147E3,aac(3)-IIe,core,AMR,AMINOGLYCOSIDE,GENTAMICIN,EXACTX,100.0,100.0,WP_000557452.1,True
CIV147E3,catB3,core,AMR,PHENICOL,CHLORAMPHENICOL,PARTIALX,70.0,100.0,WP_000186237.1,False
CIV147E3,blaOXA-1,core,AMR,BETA-LACTAM,CEPHALOSPORIN,ALLELEX,100.0,100.0,WP_001334766.1,True
CIV147E3,aac(6')-Ib-cr5,core,AMR,AMINOGLYCOSIDE/QUINOLONE,AMIKACIN/KANAMYCIN/QUINOLONE/TOBRAMYCIN,ALLELEX,100.0,100.0,WP_063840321.1,True
CLL3JA,arr-2,core,AMR,RIFAMYCIN,RIFAMYCIN,ALLELEX,100.0,100.0,WP_000237816.1,True
CLL3JA,cmlA5,core,AMR,PHENICOL,CHLORAMPHENICOL,EXACTX,100.0,100.0,WP_012300772.1,True
CLL3JA,blaOXA-10,core,AMR,BETA-LACTAM,CEPHALOSPORIN,ALLELEX,100.0,100.0,WP_000846390.1,True
CLL3JA,aadA1,core,AMR,AMINOGLYCOSIDE,STREPTOMYCIN,EXACTX,100.0,100.0,WP_001209508.1,True
CLL3JA,qacEdelta1,core,STRESS,QUATERNARY AMMONIUM,QUATERNARY AMMONIUM,ALLELEX,100.0,100.0,WP_000679427.1,True
CLL3JA,sul1,core,AMR,SULFONAMIDE,SULFONAMIDE,EXACTX,100.0,100.0,WP_000259031.1,True
CLL3JA,dfrA23,core,AMR,TRIMETHOPRIM,TRIMETHOPRIM,EXACTX,100.0,100.0,WP_001143450.1,True
CLL3JA,qnrB1,core,AMR,QUINOLONE,QUINOLONE,ALLELEX,100.0,100.0,WP_014386481.1,True
CLL3JA,floR,core,AMR,PHENICOL,CHLORAMPHENICOL/FLORFENICOL,EXACTX,100.0,100.0,WP_000214119.1,True
CLL3JA,blaCTX-M-15,core,AMR,BETA-LACTAM,CEPHALOSPORIN,ALLELEX,100.0,100.0,WP_000239590.1,True
CLL3JA,aac(3)-IIe,core,AMR,AMINOGLYCOSIDE,GENTAMICIN,EXACTX,100.0,100.0,WP_000557452.1,True
CLL3JA,aac(6')-Ib-cr5,core,AMR,AMINOGLYCOSIDE/QUINOLONE,AMIKACIN/KANAMYCIN/QUINOLONE/TOBRAMYCIN,ALLELEX,100.0,100.0,WP_063840321.1,True
CLL3JA,blaOXA-1,core,AMR,BETA-LACTAM,CEPHALOSPORIN,ALLELEX,100.0,100.0,WP_001334766.1,True
CLL3JA,catB3,core,AMR,PHENICOL,CHLORAMPHENICOL,PARTIALX,70.0,100.0,WP_000186237.1,False
CLL3JA,tet(A),core,AMR,TETRACYCLINE,TETRACYCLINE,PARTIAL_CONTIG_ENDX,52.13,100.0,WP_000804063.1,False
CLL3JA,sul2,core,AMR,SULFONAMIDE,SULFONAMIDE,EXACTX,100.0,100.0,WP_001043260.1,True
CLL3JA,aph(3'')-Ib,core,AMR,AMINOGLYCOSIDE,STREPTOMYCIN,EXACTX,100.0,100.0,WP_001082319.1,True
CLL3JA,aph(6)-Id,core,AMR,AMINOGLYCOSIDE,STREPTOMYCIN,EXACTX,100.0,100.0,WP_000480968.1,True
CLL6CH,arr-2,core,AMR,RIFAMYCIN,RIFAMYCIN,ALLELEX,100.0,100.0,WP_000237816.1,True
CLL6CH,cmlA5,core,AMR,PHENICOL,CHLORAMPHENICOL,EXACTX,100.0,100.0,WP_012300772.1,True
CLL6CH,blaOXA-10,core,AMR,BETA-LACTAM,CEPHALOSPORIN,ALLELEX,100.0,100.0,WP_000846390.1,True
CLL6CH,aadA1,core,AMR,AMINOGLYCOSIDE,STREPTOMYCIN,EXACTX,100.0,100.0,WP_001209508.1,True
CLL6CH,qacEdelta1,core,STRESS,QUATERNARY AMMONIUM,QUATERNARY AMMONIUM,ALLELEX,100.0,100.0,WP_000679427.1,True
CLL6CH,sul1,core,AMR,SULFONAMIDE,SULFONAMIDE,EXACTX,100.0,100.0,WP_000259031.1,True
CLL6CH,dfrA23,core,AMR,TRIMETHOPRIM,TRIMETHOPRIM,EXACTX,100.0,100.0,WP_001143450.1,True
CLL6CH,floR,core,AMR,PHENICOL,CHLORAMPHENICOL/FLORFENICOL,EXACTX,100.0,100.0,WP_000214119.1,True
CLL6CH,tet(A),core,AMR,TETRACYCLINE,TETRACYCLINE,EXACTX,100.0,100.0,WP_000804063.1,True
CLL6CH,aph(6)-Id,core,AMR,AMINOGLYCOSIDE,STREPTOMYCIN,EXACTX,100.0,100.0,WP_000480968.1,True
CLL6CH,aph(3'')-Ib,core,AMR,AMINOGLYCOSIDE,STREPTOMYCIN,EXACTX,100.0,100.0,WP_001082319.1,True
CLL6CH,sul2,core,AMR,SULFONAMIDE,SULFONAMIDE,PARTIAL_CONTIG_ENDX,58.67,100.0,WP_001043260.1,False
CLL6CH,qnrB1,core,AMR,QUINOLONE,QUINOLONE,ALLELEX,100.0,100.0,WP_014386481.1,True
CLL6CH,blaCTX-M-15,core,AMR,BETA-LACTAM,CEPHALOSPORIN,ALLELEX,100.0,100.0,WP_000239590.1,True
CLL6CH,aac(3)-IIe,core,AMR,AMINOGLYCOSIDE,GENTAMICIN,EXACTX,100.0,100.0,WP_000557452.1,True
CLL6CH,aac(6')-Ib-cr5,core,AMR,AMINOGLYCOSIDE/QUINOLONE,AMIKACIN/KANAMYCIN/QUINOLONE/TOBRAMYCIN,ALLELEX,100.0,100.0,WP_063840321.1,True
CLL6CH,blaOXA-1,core,AMR,BETA-LACTAM,CEPHALOSPORIN,ALLELEX,100.0,100.0,WP_001334766.1,True
CLL6CH,catB3,core,AMR,PHENICOL,CHLORAMPHENICOL,PARTIALX,70.0,100.0,WP_000186237.1,False
CNS1F3,arr-2,core,AMR,RIFAMYCIN,RIFAMYCIN,ALLELEX,100.0,100.0,WP_000237816.1,True
CNS1F3,cmlA5,core,AMR,PHENICOL,CHLORAMPHENICOL,EXACTX,100.0,100.0,WP_012300772.1,True
CNS1F3,blaOXA-10,core,AMR,BETA-LACTAM,CEPHALOSPORIN,ALLELEX,100.0,100.0,WP_000846390.1,True
CNS1F3,aadA1,core,AMR,AMINOGLYCOSIDE,STREPTOMYCIN,EXACTX,100.0,100.0,WP_001209508.1,True
CNS1F3,qacEdelta1,core,STRESS,QUATERNARY AMMONIUM,QUATERNARY AMMONIUM,ALLELEX,100.0,100.0,WP_000679427.1,True
CNS1F3,sul1,core,AMR,SULFONAMIDE,SULFONAMIDE,EXACTX,100.0,100.0,WP_000259031.1,True
CNS1F3,dfrA23,core,AMR,TRIMETHOPRIM,TRIMETHOPRIM,EXACTX,100.0,100.0,WP_001143450.1,True
CNS1F3,qnrB1,core,AMR,QUINOLONE,QUINOLONE,ALLELEX,100.0,100.0,WP_014386481.1,True
CNS1F3,blaCTX-M-15,core,AMR,BETA-LACTAM,CEPHALOSPORIN,ALLELEX,100.0,100.0,WP_000239590.1,True
CNS1F3,aac(3)-IIe,core,AMR,AMINOGLYCOSIDE,GENTAMICIN,EXACTX,100.0,100.0,WP_000557452.1,True
CNS1F3,aac(6')-Ib-cr5,core,AMR,AMINOGLYCOSIDE/QUINOLONE,AMIKACIN/KANAMYCIN/QUINOLONE/TOBRAMYCIN,ALLELEX,100.0,100.0,WP_063840321.1,True
CNS1F3,blaOXA-1,core,AMR,BETA-LACTAM,CEPHALOSPORIN,ALLELEX,100.0,100.0,WP_001334766.1,True
CNS1F3,catB3,core,AMR,PHENICOL,CHLORAMPHENICOL,PARTIALX,70.0,100.0,WP_000186237.1,False
CNS1F3,sul2,core,AMR,SULFONAMIDE,SULFONAMIDE,EXACTX,100.0,100.0,WP_001043260.1,True
CNS1F3,aph(3'')-Ib,core,AMR,AMINOGLYCOSIDE,STREPTOMYCIN,EXACTX,100.0,100.0,WP_001082319.1,True
CNS1F3,aph(6)-Id,core,AMR,AMINOGLYCOSIDE,STREPTOMYCIN,EXACTX,100.0,100.0,WP_000480968.1,True
CNS1F3,tet(A),core,AMR,TETRACYCLINE,TETRACYCLINE,EXACTX,100.0,100.0,WP_000804063.1,True
CNS1F3,floR,core,AMR,PHENICOL,CHLORAMPHENICOL/FLORFENICOL,EXACTX,100.0,100.0,WP_000214119.1,True
CNS4NS,sul2,core,AMR,SULFONAMIDE,SULFONAMIDE,EXACTX,100.0,100.0,WP_001043260.1,True
CNS4NS,aph(3'')-Ib,core,AMR,AMINOGLYCOSIDE,STREPTOMYCIN,EXACTX,100.0,100.0,WP_001082319.1,True
CNS4NS,aph(6)-Id,core,AMR,AMINOGLYCOSIDE,STREPTOMYCIN,EXACTX,100.0,100.0,WP_000480968.1,True
CNS4NS,arr-2,core,AMR,RIFAMYCIN,RIFAMYCIN,ALLELEX,100.0,100.0,WP_000237816.1,True
CNS4NS,cmlA5,core,AMR,PHENICOL,CHLORAMPHENICOL,EXACTX,100.0,100.0,WP_012300772.1,True
CNS4NS,blaOXA-10,core,AMR,BETA-LACTAM,CEPHALOSPORIN,ALLELEX,100.0,100.0,WP_000846390.1,True
CNS4NS,aadA1,core,AMR,AMINOGLYCOSIDE,STREPTOMYCIN,EXACTX,100.0,100.0,WP_001209508.1,True
CNS4NS,qacEdelta1,core,STRESS,QUATERNARY AMMONIUM,QUATERNARY AMMONIUM,ALLELEX,100.0,100.0,WP_000679427.1,True
CNS4NS,sul1,core,AMR,SULFONAMIDE,SULFONAMIDE,BLASTX,100.0,99.64,WP_000259031.1,True
CNS4NS,dfrA23,core,AMR,TRIMETHOPRIM,TRIMETHOPRIM,EXACTX,100.0,100.0,WP_001143450.1,True
CNS4NS,qnrB1,core,AMR,QUINOLONE,QUINOLONE,ALLELEX,100.0,100.0,WP_014386481.1,True
CNS4NS,blaCTX-M-15,core,AMR,BETA-LACTAM,CEPHALOSPORIN,ALLELEX,100.0,100.0,WP_000239590.1,True
CNS4NS,floR,core,AMR,PHENICOL,CHLORAMPHENICOL/FLORFENICOL,EXACTX,100.0,100.0,WP_000214119.1,True
CNS4NS,aac(3)-IIe,core,AMR,AMINOGLYCOSIDE,GENTAMICIN,EXACTX,100.0,100.0,WP_000557452.1,True
CNS4NS,catB3,core,AMR,PHENICOL,CHLORAMPHENICOL,PARTIALX,70.0,100.0,WP_000186237.1,False
CNS4NS,blaOXA-1,core,AMR,BETA-LACTAM,CEPHALOSPORIN,ALLELEX,100.0,100.0,WP_001334766.1,True
CNS4NS,aac(6')-Ib-cr5,core,AMR,AMINOGLYCOSIDE/QUINOLONE,AMIKACIN/KANAMYCIN/QUINOLONE/TOBRAMYCIN,ALLELEX,100.0,100.0,WP_063840321.1,True
CNS6QU,floR,core,AMR,PHENICOL,CHLORAMPHENICOL/FLORFENICOL,EXACTX,100.0,100.0,WP_000214119.1,True
CNS6QU,tet(A),core,AMR,TETRACYCLINE,TETRACYCLINE,EXACTX,100.0,100.0,WP_000804063.1,True
CNS6QU,aph(6)-Id,core,AMR,AMINOGLYCOSIDE,STREPTOMYCIN,EXACTX,100.0,100.0,WP_000480968.1,True
CNS6QU,aph(3'')-Ib,core,AMR,AMINOGLYCOSIDE,STREPTOMYCIN,EXACTX,100.0,100.0,WP_001082319.1,True
CNS6QU,sul2,core,AMR,SULFONAMIDE,SULFONAMIDE,EXACTX,100.0,100.0,WP_001043260.1,True
CNS6QU,dfrA23,core,AMR,TRIMETHOPRIM,TRIMETHOPRIM,EXACTX,100.0,100.0,WP_001143450.1,True
CNS6QU,sul1,core,AMR,SULFONAMIDE,SULFONAMIDE,EXACTX,100.0,100.0,WP_000259031.1,True
CNS6QU,qacEdelta1,core,STRESS,QUATERNARY AMMONIUM,QUATERNARY AMMONIUM,ALLELEX,100.0,100.0,WP_000679427.1,True
CNS6QU,aadA1,core,AMR,AMINOGLYCOSIDE,STREPTOMYCIN,EXACTX,100.0,100.0,WP_001209508.1,True
CNS6QU,blaOXA-10,core,AMR,BETA-LACTAM,CEPHALOSPORIN,ALLELEX,100.0,100.0,WP_000846390.1,True
CNS6QU,cmlA5,core,AMR,PHENICOL,CHLORAMPHENICOL,EXACTX,100.0,100.0,WP_012300772.1,True
CNS6QU,arr-2,core,AMR,RIFAMYCIN,RIFAMYCIN,ALLELEX,100.0,100.0,WP_000237816.1,True
CNS6QU,qnrB1,core,AMR,QUINOLONE,QUINOLONE,ALLELEX,100.0,100.0,WP_014386481.1,True
CNS6QU,blaCTX-M-15,core,AMR,BETA-LACTAM,CEPHALOSPORIN,ALLELEX,100.0,100.0,WP_000239590.1,True
CNS6QU,aac(3)-IIe,core,AMR,AMINOGLYCOSIDE,GENTAMICIN,EXACTX,100.0,100.0,WP_000557452.1,True
CNS6QU,catB3,core,AMR,PHENICOL,CHLORAMPHENICOL,PARTIALX,70.0,100.0,WP_000186237.1,False
CNS6QU,blaOXA-1,core,AMR,BETA-LACTAM,CEPHALOSPORIN,ALLELEX,100.0,100.0,WP_001334766.1,True
CNS6QU,aac(6')-Ib-cr5,core,AMR,AMINOGLYCOSIDE/QUINOLONE,AMIKACIN/KANAMYCIN/QUINOLONE/TOBRAMYCIN,ALLELEX,100.0,100.0,WP_063840321.1,True
CNS7YP,sul2,core,AMR,SULFONAMIDE,SULFONAMIDE,EXACTX,100.0,100.0,WP_001043260.1,True
CNS7YP,aph(3'')-Ib,core,AMR,AMINOGLYCOSIDE,STREPTOMYCIN,EXACTX,100.0,100.0,WP_001082319.1,True
CNS7YP,aph(6)-Id,core,AMR,AMINOGLYCOSIDE,STREPTOMYCIN,EXACTX,100.0,100.0,WP_000480968.1,True
CNS7YP,tet(A),core,AMR,TETRACYCLINE,TETRACYCLINE,EXACTX,100.0,100.0,WP_000804063.1,True
CNS7YP,floR,core,AMR,PHENICOL,CHLORAMPHENICOL/FLORFENICOL,EXACTX,100.0,100.0,WP_000214119.1,True
CNS7YP,dfrA23,core,AMR,TRIMETHOPRIM,TRIMETHOPRIM,EXACTX,100.0,100.0,WP_001143450.1,True
CNS7YP,sul1,core,AMR,SULFONAMIDE,SULFONAMIDE,EXACTX,100.0,100.0,WP_000259031.1,True
CNS7YP,qacEdelta1,core,STRESS,QUATERNARY AMMONIUM,QUATERNARY AMMONIUM,ALLELEX,100.0,100.0,WP_000679427.1,True
CNS7YP,aadA1,core,AMR,AMINOGLYCOSIDE,STREPTOMYCIN,EXACTX,100.0,100.0,WP_001209508.1,True
CNS7YP,blaOXA-10,core,AMR,BETA-LACTAM,CEPHALOSPORIN,ALLELEX,100.0,100.0,WP_000846390.1,True
CNS7YP,cmlA5,core,AMR,PHENICOL,CHLORAMPHENICOL,EXACTX,100.0,100.0,WP_012300772.1,True
CNS7YP,arr-2,core,AMR,RIFAMYCIN,RIFAMYCIN,ALLELEX,100.0,100.0,WP_000237816.1,True
CNS7YP,qnrB1,core,AMR,QUINOLONE,QUINOLONE,ALLELEX,100.0,100.0,WP_014386481.1,True
CNS7YP,blaCTX-M-15,core,AMR,BETA-LACTAM,CEPHALOSPORIN,ALLELEX,100.0,100.0,WP_000239590.1,True
CNS7YP,aac(3)-IIe,core,AMR,AMINOGLYCOSIDE,GENTAMICIN,EXACTX,100.0,100.0,WP_000557452.1,True
CNS7YP,catB3,core,AMR,PHENICOL,CHLORAMPHENICOL,PARTIALX,70.0,100.0,WP_000186237.1,False
CNS7YP,blaOXA-1,core,AMR,BETA-LACTAM,CEPHALOSPORIN,ALLELEX,100.0,100.0,WP_001334766.1,True
CNS7YP,aac(6')-Ib-cr5,core,AMR,AMINOGLYCOSIDE/QUINOLONE,AMIKACIN/KANAMYCIN/QUINOLONE/TOBRAMYCIN,ALLELEX,100.0,100.0,WP_063840321.1,True
CNSDXZ,floR,core,AMR,PHENICOL,CHLORAMPHENICOL/FLORFENICOL,EXACTX,100.0,100.0,WP_000214119.1,True
CNSDXZ,tet(A),core,AMR,TETRACYCLINE,TETRACYCLINE,EXACTX,100.0,100.0,WP_000804063.1,True
CNSDXZ,aph(6)-Id,core,AMR,AMINOGLYCOSIDE,STREPTOMYCIN,EXACTX,100.0,100.0,WP_000480968.1,True
CNSDXZ,aph(3'')-Ib,core,AMR,AMINOGLYCOSIDE,STREPTOMYCIN,EXACTX,100.0,100.0,WP_001082319.1,True
CNSDXZ,sul2,core,AMR,SULFONAMIDE,SULFONAMIDE,EXACTX,100.0,100.0,WP_001043260.1,True
CNSDXZ,arr-2,core,AMR,RIFAMYCIN,RIFAMYCIN,ALLELEX,100.0,100.0,WP_000237816.1,True
CNSDXZ,cmlA5,core,AMR,PHENICOL,CHLORAMPHENICOL,EXACTX,100.0,100.0,WP_012300772.1,True
CNSDXZ,blaOXA-10,core,AMR,BETA-LACTAM,CEPHALOSPORIN,ALLELEX,100.0,100.0,WP_000846390.1,True
CNSDXZ,aadA1,core,AMR,AMINOGLYCOSIDE,STREPTOMYCIN,EXACTX,100.0,100.0,WP_001209508.1,True
CNSDXZ,qacEdelta1,core,STRESS,QUATERNARY AMMONIUM,QUATERNARY AMMONIUM,ALLELEX,100.0,100.0,WP_000679427.1,True
CNSDXZ,sul1,core,AMR,SULFONAMIDE,SULFONAMIDE,EXACTX,100.0,100.0,WP_000259031.1,True
CNSDXZ,dfrA23,core,AMR,TRIMETHOPRIM,TRIMETHOPRIM,EXACTX,100.0,100.0,WP_001143450.1,True
CNSDXZ,qnrB1,core,AMR,QUINOLONE,QUINOLONE,ALLELEX,100.0,100.0,WP_014386481.1,True
CNSDXZ,blaCTX-M-15,core,AMR,BETA-LACTAM,CEPHALOSPORIN,ALLELEX,100.0,100.0,WP_000239590.1,True
CNSDXZ,aac(3)-IIe,core,AMR,AMINOGLYCOSIDE,GENTAMICIN,EXACTX,100.0,100.0,WP_000557452.1,True
CNSDXZ,aac(6')-Ib-cr5,core,AMR,AMINOGLYCOSIDE/QUINOLONE,AMIKACIN/KANAMYCIN/QUINOLONE/TOBRAMYCIN,ALLELEX,100.0,100.0,WP_063840321.1,True
CNSDXZ,blaOXA-1,core,AMR,BETA-LACTAM,CEPHALOSPORIN,ALLELEX,100.0,100.0,WP_001334766.1,True
CNSDXZ,catB3,core,AMR,PHENICOL,CHLORAMPHENICOL,PARTIALX,70.0,100.0,WP_000186237.1,False
CNSFP4,dfrA23,core,AMR,TRIMETHOPRIM,TRIMETHOPRIM,EXACTX,100.0,100.0,WP_001143450.1,True
CNSFP4,sul1,core,AMR,SULFONAMIDE,SULFONAMIDE,EXACTX,100.0,100.0,WP_000259031.1,True
CNSFP4,qacEdelta1,core,STRESS,QUATERNARY AMMONIUM,QUATERNARY AMMONIUM,ALLELEX,100.0,100.0,WP_000679427.1,True
CNSFP4,aadA1,core,AMR,AMINOGLYCOSIDE,STREPTOMYCIN,EXACTX,100.0,100.0,WP_001209508.1,True
CNSFP4,blaOXA-10,core,AMR,BETA-LACTAM,CEPHALOSPORIN,ALLELEX,100.0,100.0,WP_000846390.1,True
CNSFP4,cmlA5,core,AMR,PHENICOL,CHLORAMPHENICOL,EXACTX,100.0,100.0,WP_012300772.1,True
CNSFP4,arr-2,core,AMR,RIFAMYCIN,RIFAMYCIN,ALLELEX,100.0,100.0,WP_000237816.1,True
CNSFP4,aph(6)-Id,core,AMR,AMINOGLYCOSIDE,STREPTOMYCIN,EXACTX,100.0,100.0,WP_000480968.1,True
CNSFP4,aph(3'')-Ib,core,AMR,AMINOGLYCOSIDE,STREPTOMYCIN,EXACTX,100.0,100.0,WP_001082319.1,True
CNSFP4,sul2,core,AMR,SULFONAMIDE,SULFONAMIDE,EXACTX,100.0,100.0,WP_001043260.1,True
CNSFP4,blaCTX-M,core,AMR,BETA-LACTAM,CEPHALOSPORIN,BLASTX,100.0,99.66,WP_000239590.1,True
CNSFP4,aac(6')-Ib-cr5,core,AMR,AMINOGLYCOSIDE/QUINOLONE,AMIKACIN/KANAMYCIN/QUINOLONE/TOBRAMYCIN,ALLELEX,100.0,100.0,WP_063840321.1,True
CNSFP4,blaOXA-1,core,AMR,BETA-LACTAM,CEPHALOSPORIN,ALLELEX,100.0,100.0,WP_001334766.1,True
CNSFP4,floR,core,AMR,PHENICOL,CHLORAMPHENICOL/FLORFENICOL,EXACTX,100.0,100.0,WP_000214119.1,True
CNSFP4,tet(A),core,AMR,TETRACYCLINE,TETRACYCLINE,EXACTX,100.0,100.0,WP_000804063.1,True
CNSFP4,aac(3)-IIe,core,AMR,AMINOGLYCOSIDE,GENTAMICIN,PARTIAL_CONTIG_ENDX,55.24,100.0,WP_000557452.1,False
CNSKFP,dfrA23,core,AMR,TRIMETHOPRIM,TRIMETHOPRIM,EXACTX,100.0,100.0,WP_001143450.1,True
CNSKFP,sul1,core,AMR,SULFONAMIDE,SULFONAMIDE,EXACTX,100.0,100.0,WP_000259031.1,True
CNSKFP,qacEdelta1,core,STRESS,QUATERNARY AMMONIUM,QUATERNARY AMMONIUM,ALLELEX,100.0,100.0,WP_000679427.1,True
CNSKFP,aadA1,core,AMR,AMINOGLYCOSIDE,STREPTOMYCIN,EXACTX,100.0,100.0,WP_001209508.1,True
CNSKFP,blaOXA-10,core,AMR,BETA-LACTAM,CEPHALOSPORIN,ALLELEX,100.0,100.0,WP_000846390.1,True
CNSKFP,cmlA5,core,AMR,PHENICOL,CHLORAMPHENICOL,EXACTX,100.0,100.0,WP_012300772.1,True
CNSKFP,arr-2,core,AMR,RIFAMYCIN,RIFAMYCIN,ALLELEX,100.0,100.0,WP_000237816.1,True
CNSKFP,qnrB1,core,AMR,QUINOLONE,QUINOLONE,ALLELEX,100.0,100.0,WP_014386481.1,True
CNSKFP,blaCTX-M-15,core,AMR,BETA-LACTAM,CEPHALOSPORIN,ALLELEX,100.0,100.0,WP_000239590.1,True
CNSKFP,aph(6)-Id,core,AMR,AMINOGLYCOSIDE,STREPTOMYCIN,EXACTX,100.0,100.0,WP_000480968.1,True
CNSKFP,aph(3'')-Ib,core,AMR,AMINOGLYCOSIDE,STREPTOMYCIN,EXACTX,100.0,100.0,WP_001082319.1,True
CNSKFP,aac(3)-IIe,core,AMR,AMINOGLYCOSIDE,GENTAMICIN,EXACTX,100.0,100.0,WP_000557452.1,True
CNSKFP,floR,core,AMR,PHENICOL,CHLORAMPHENICOL/FLORFENICOL,EXACTX,100.0,100.0,WP_000214119.1,True
CNSKFP,tet(A),core,AMR,TETRACYCLINE,TETRACYCLINE,PARTIAL_CONTIG_ENDX,59.65,100.0,WP_000804063.1,False
CNSLL4,sul2,core,AMR,SULFONAMIDE,SULFONAMIDE,EXACTX,100.0,100.0,WP_001043260.1,True
CNSLL4,aph(3'')-Ib,core,AMR,AMINOGLYCOSIDE,STREPTOMYCIN,EXACTX,100.0,100.0,WP_001082319.1,True
CNSLL4,aph(6)-Id,core,AMR,AMINOGLYCOSIDE,STREPTOMYCIN,EXACTX,100.0,100.0,WP_000480968.1,True
CNSLL4,tet(A),core,AMR,TETRACYCLINE,TETRACYCLINE,BLASTX,100.0,99.25,WP_000804063.1,True
CNSLL4,arr-2,core,AMR,RIFAMYCIN,RIFAMYCIN,ALLELEX,100.0,100.0,WP_000237816.1,True
CNSLL4,cmlA5,core,AMR,PHENICOL,CHLORAMPHENICOL,EXACTX,100.0,100.0,WP_012300772.1,True
CNSLL4,blaOXA-10,core,AMR,BETA-LACTAM,CEPHALOSPORIN,ALLELEX,100.0,100.0,WP_000846390.1,True
CNSLL4,aadA1,core,AMR,AMINOGLYCOSIDE,STREPTOMYCIN,EXACTX,100.0,100.0,WP_001209508.1,True
CNSLL4,qacEdelta1,core,STRESS,QUATERNARY AMMONIUM,QUATERNARY AMMONIUM,ALLELEX,100.0,100.0,WP_000679427.1,True
CNSLL4,sul1,core,AMR,SULFONAMIDE,SULFONAMIDE,EXACTX,100.0,100.0,WP_000259031.1,True
CNSLL4,dfrA23,core,AMR,TRIMETHOPRIM,TRIMETHOPRIM,EXACTX,100.0,100.0,WP_001143450.1,True
CNSLL4,qnrB1,core,AMR,QUINOLONE,QUINOLONE,ALLELEX,100.0,100.0,WP_014386481.1,True
CNSLL4,blaCTX-M-15,core,AMR,BETA-LACTAM,CEPHALOSPORIN,ALLELEX,100.0,100.0,WP_000239590.1,True
CNSLL4,floR,core,AMR,PHENICOL,CHLORAMPHENICOL/FLORFENICOL,EXACTX,100.0,100.0,WP_000214119.1,True
CNSLL4,aac(3)-IIe,core,AMR,AMINOGLYCOSIDE,GENTAMICIN,EXACTX,100.0,100.0,WP_000557452.1,True
CNSNZ2,dfrA23,core,AMR,TRIMETHOPRIM,TRIMETHOPRIM,EXACTX,100.0,100.0,WP_001143450.1,True
CNSNZ2,sul1,core,AMR,SULFONAMIDE,SULFONAMIDE,EXACTX,100.0,100.0,WP_000259031.1,True
CNSNZ2,qacEdelta1,core,STRESS,QUATERNARY AMMONIUM,QUATERNARY AMMONIUM,ALLELEX,100.0,100.0,WP_000679427.1,True
CNSNZ2,aadA1,core,AMR,AMINOGLYCOSIDE,STREPTOMYCIN,EXACTX,100.0,100.0,WP_001209508.1,True
CNSNZ2,blaOXA-10,core,AMR,BETA-LACTAM,CEPHALOSPORIN,ALLELEX,100.0,100.0,WP_000846390.1,True
CNSNZ2,cmlA5,core,AMR,PHENICOL,CHLORAMPHENICOL,EXACTX,100.0,100.0,WP_012300772.1,True
CNSNZ2,arr-2,core,AMR,RIFAMYCIN,RIFAMYCIN,ALLELEX,100.0,100.0,WP_000237816.1,True
CNSNZ2,qnrB1,core,AMR,QUINOLONE,QUINOLONE,ALLELEX,100.0,100.0,WP_014386481.1,True
CNSNZ2,blaCTX-M-15,core,AMR,BETA-LACTAM,CEPHALOSPORIN,ALLELEX,100.0,100.0,WP_000239590.1,True
CNSNZ2,aac(3)-IIe,core,AMR,AMINOGLYCOSIDE,GENTAMICIN,EXACTX,100.0,100.0,WP_000557452.1,True
CNSNZ2,floR,core,AMR,PHENICOL,CHLORAMPHENICOL/FLORFENICOL,EXACTX,100.0,100.0,WP_000214119.1,True
CNSNZ2,sul2,core,AMR,SULFONAMIDE,SULFONAMIDE,EXACTX,100.0,100.0,WP_001043260.1,True
CNSNZ2,aph(3'')-Ib,core,AMR,AMINOGLYCOSIDE,STREPTOMYCIN,EXACTX,100.0,100.0,WP_001082319.1,True
CNSNZ2,aph(6)-Id,core,AMR,AMINOGLYCOSIDE,STREPTOMYCIN,EXACTX,100.0,100.0,WP_000480968.1,True
CNSNZ2,tet(A),core,AMR,TETRACYCLINE,TETRACYCLINE,EXACTX,100.0,100.0,WP_000804063.1,True
CNSP0U,sul2,core,AMR,SULFONAMIDE,SULFONAMIDE,EXACTX,100.0,100.0,WP_001043260.1,True
CNSP0U,aph(3'')-Ib,core,AMR,AMINOGLYCOSIDE,STREPTOMYCIN,EXACTX,100.0,100.0,WP_001082319.1,True
CNSP0U,aph(6)-Id,core,AMR,AMINOGLYCOSIDE,STREPTOMYCIN,EXACTX,100.0,100.0,WP_000480968.1,True
CNSP0U,tet(A),core,AMR,TETRACYCLINE,TETRACYCLINE,EXACTX,100.0,100.0,WP_000804063.1,True
CNSP0U,floR,core,AMR,PHENICOL,CHLORAMPHENICOL/FLORFENICOL,EXACTX,100.0,100.0,WP_000214119.1,True
CNSP0U,dfrA23,core,AMR,TRIMETHOPRIM,TRIMETHOPRIM,EXACTX,100.0,100.0,WP_001143450.1,True
CNSP0U,sul1,core,AMR,SULFONAMIDE,SULFONAMIDE,EXACTX,100.0,100.0,WP_000259031.1,True
CNSP0U,qacEdelta1,core,STRESS,QUATERNARY AMMONIUM,QUATERNARY AMMONIUM,ALLELEX,100.0,100.0,WP_000679427.1,True
CNSP0U,aadA1,core,AMR,AMINOGLYCOSIDE,STREPTOMYCIN,EXACTX,100.0,100.0,WP_001209508.1,True
CNSP0U,blaOXA-10,core,AMR,BETA-LACTAM,CEPHALOSPORIN,ALLELEX,100.0,100.0,WP_000846390.1,True
CNSP0U,cmlA5,core,AMR,PHENICOL,CHLORAMPHENICOL,EXACTX,100.0,100.0,WP_012300772.1,True
CNSP0U,arr-2,core,AMR,RIFAMYCIN,RIFAMYCIN,ALLELEX,100.0,100.0,WP_000237816.1,True
CNSP0U,qnrB1,core,AMR,QUINOLONE,QUINOLONE,ALLELEX,100.0,100.0,WP_014386481.1,True
CNSP0U,blaCTX-M-15,core,AMR,BETA-LACTAM,CEPHALOSPORIN,ALLELEX,100.0,100.0,WP_000239590.1,True
CNSP0U,aac(3)-IIe,core,AMR,AMINOGLYCOSIDE,GENTAMICIN,EXACTX,100.0,100.0,WP_000557452.1,True
ERR10026000,aph(6)-Id,core,AMR,AMINOGLYCOSIDE,STREPTOMYCIN,EXACTX,100.0,100.0,WP_000480968.1,True
ERR10026000,aph(3'')-Ib,core,AMR,AMINOGLYCOSIDE,STREPTOMYCIN,EXACTX,100.0,100.0,WP_001082319.1,True
ERR10026000,sul2,core,AMR,SULFONAMIDE,SULFONAMIDE,EXACTX,100.0,100.0,WP_001043260.1,True
ERR10026000,qnrB1,core,AMR,QUINOLONE,QUINOLONE,ALLELEX,100.0,100.0,WP_014386481.1,True
ERR10026000,aac(3)-IId,core,AMR,AMINOGLYCOSIDE,GENTAMICIN,EXACTX,100.0,100.0,WP_000557454.1,True
ERR10026000,blaSCO-1,core,AMR,BETA-LACTAM,BETA-LACTAM,ALLELEX,100.0,100.0,WP_004197546.1,True
ERR10026000,dfrA23,core,AMR,TRIMETHOPRIM,TRIMETHOPRIM,EXACTX,100.0,100.0,WP_001143450.1,True
ERR10026000,mph(A),core,AMR,MACROLIDE,AZITHROMYCIN/ERYTHROMYCIN/SPIRAMYCIN/TELITHROMYCIN,EXACTX,100.0,100.0,WP_000219391.1,True
ERR10026000,aadA1,core,AMR,AMINOGLYCOSIDE,STREPTOMYCIN,EXACTX,100.0,100.0,WP_001209508.1,True
ERR10026000,blaOXA-10,core,AMR,BETA-LACTAM,CEPHALOSPORIN,ALLELEX,100.0,100.0,WP_000846390.1,True
ERR10026000,cmlA5,core,AMR,PHENICOL,CHLORAMPHENICOL,EXACTX,100.0,100.0,WP_012300772.1,True
ERR10026000,arr-2,core,AMR,RIFAMYCIN,RIFAMYCIN,ALLELEX,100.0,100.0,WP_000237816.1,True
ERR10026000,blaCTX-M-15,core,AMR,BETA-LACTAM,CEPHALOSPORIN,ALLELEX,100.0,100.0,WP_000239590.1,True
ERR10026000,catB3,core,AMR,PHENICOL,CHLORAMPHENICOL,PARTIALX,70.0,100.0,WP_000186237.1,False
ERR10026000,blaOXA-1,core,AMR,BETA-LACTAM,CEPHALOSPORIN,ALLELEX,100.0,100.0,WP_001334766.1,True
ERR10026000,aac(6')-Ib-cr5,core,AMR,AMINOGLYCOSIDE/QUINOLONE,AMIKACIN/KANAMYCIN/QUINOLONE/TOBRAMYCIN,ALLELEX,100.0,100.0,WP_063840321.1,True
ERR10026000,aadA2,core,AMR,AMINOGLYCOSIDE,STREPTOMYCIN,EXACTX,100.0,100.0,WP_001206356.1,True
ERR10026000,dfrA12,core,AMR,TRIMETHOPRIM,TRIMETHOPRIM,EXACTX,100.0,100.0,WP_001083725.1,True
ERR10026000,sul1,core,AMR,SULFONAMIDE,SULFONAMIDE,EXACTX,100.0,100.0,WP_000259031.1,True
ERR10026000,qacEdelta1,core,STRESS,QUATERNARY AMMONIUM,QUATERNARY AMMONIUM,ALLELEX,100.0,100.0,WP_000679427.1,True
ERR10026000,blaTEM-1,core,AMR,BETA-LACTAM,BETA-LACTAM,ALLELEX,100.0,100.0,WP_000027057.1,True
ERR10087012,sul2,core,AMR,SULFONAMIDE,SULFONAMIDE,EXACTX,100.0,100.0,WP_001043260.1,True
ERR10087012,aph(3'')-Ib,core,AMR,AMINOGLYCOSIDE,STREPTOMYCIN,EXACTX,100.0,100.0,WP_001082319.1,True
ERR10087012,aph(6)-Id,core,AMR,AMINOGLYCOSIDE,STREPTOMYCIN,EXACTX,100.0,100.0,WP_000480968.1,True
ERR10087012,qnrB1,core,AMR,QUINOLONE,QUINOLONE,ALLELEX,100.0,100.0,WP_014386481.1,True
ERR10087012,aac(3)-IId,core,AMR,AMINOGLYCOSIDE,GENTAMICIN,EXACTX,100.0,100.0,WP_000557454.1,True
ERR10087012,dfrA23,core,AMR,TRIMETHOPRIM,TRIMETHOPRIM,EXACTX,100.0,100.0,WP_001143450.1,True
ERR10087012,blaSCO-1,core,AMR,BETA-LACTAM,BETA-LACTAM,ALLELEX,100.0,100.0,WP_004197546.1,True
ERR10087012,mph(A),core,AMR,MACROLIDE,AZITHROMYCIN/ERYTHROMYCIN/SPIRAMYCIN/TELITHROMYCIN,EXACTX,100.0,100.0,WP_000219391.1,True
ERR10087012,arr-2,core,AMR,RIFAMYCIN,RIFAMYCIN,ALLELEX,100.0,100.0,WP_000237816.1,True
ERR10087012,cmlA5,core,AMR,PHENICOL,CHLORAMPHENICOL,EXACTX,100.0,100.0,WP_012300772.1,True
ERR10087012,blaOXA-10,core,AMR,BETA-LACTAM,CEPHALOSPORIN,ALLELEX,100.0,100.0,WP_000846390.1,True
ERR10087012,aadA1,core,AMR,AMINOGLYCOSIDE,STREPTOMYCIN,EXACTX,100.0,100.0,WP_001209508.1,True
ERR10087012,blaCTX-M-15,core,AMR,BETA-LACTAM,CEPHALOSPORIN,ALLELEX,100.0,100.0,WP_000239590.1,True
ERR10087012,aac(6')-Ib-cr5,core,AMR,AMINOGLYCOSIDE/QUINOLONE,AMIKACIN/KANAMYCIN/QUINOLONE/TOBRAMYCIN,ALLELEX,100.0,100.0,WP_063840321.1,True
ERR10087012,blaOXA-1,core,AMR,BETA-LACTAM,CEPHALOSPORIN,ALLELEX,100.0,100.0,WP_001334766.1,True
ERR10087012,catB3,core,AMR,PHENICOL,CHLORAMPHENICOL,PARTIALX,70.0,100.0,WP_000186237.1,False
ERR10087012,dfrA12,core,AMR,TRIMETHOPRIM,TRIMETHOPRIM,EXACTX,100.0,100.0,WP_001083725.1,True
ERR10087012,aadA2,core,AMR,AMINOGLYCOSIDE,STREPTOMYCIN,EXACTX,100.0,100.0,WP_001206356.1,True
ERR10087012,qacEdelta1,core,STRESS,QUATERNARY AMMONIUM,QUATERNARY AMMONIUM,ALLELEX,100.0,100.0,WP_000679427.1,True
ERR10087012,sul1,core,AMR,SULFONAMIDE,SULFONAMIDE,EXACTX,100.0,100.0,WP_000259031.1,True
ERR10087012,blaTEM-1,core,AMR,BETA-LACTAM,BETA-LACTAM,ALLELEX,100.0,100.0,WP_000027057.1,True
ERR10087013,qnrB1,core,AMR,QUINOLONE,QUINOLONE,ALLELEX,100.0,100.0,WP_014386481.1,True
ERR10087013,sul2,core,AMR,SULFONAMIDE,SULFONAMIDE,EXACTX,100.0,100.0,WP_001043260.1,True
ERR10087013,aph(3'')-Ib,core,AMR,AMINOGLYCOSIDE,STREPTOMYCIN,EXACTX,100.0,100.0,WP_001082319.1,True
ERR10087013,aph(6)-Id,core,AMR,AMINOGLYCOSIDE,STREPTOMYCIN,EXACTX,100.0,100.0,WP_000480968.1,True
ERR10087013,aac(3)-IId,core,AMR,AMINOGLYCOSIDE,GENTAMICIN,EXACTX,100.0,100.0,WP_000557454.1,True
ERR10087013,blaSCO-1,core,AMR,BETA-LACTAM,BETA-LACTAM,ALLELEX,100.0,100.0,WP_004197546.1,True
ERR10087013,dfrA23,core,AMR,TRIMETHOPRIM,TRIMETHOPRIM,EXACTX,100.0,100.0,WP_001143450.1,True
ERR10087013,arr-2,core,AMR,RIFAMYCIN,RIFAMYCIN,ALLELEX,100.0,100.0,WP_000237816.1,True
ERR10087013,cmlA5,core,AMR,PHENICOL,CHLORAMPHENICOL,EXACTX,100.0,100.0,WP_012300772.1,True
ERR10087013,blaOXA-10,core,AMR,BETA-LACTAM,CEPHALOSPORIN,ALLELEX,100.0,100.0,WP_000846390.1,True
ERR10087013,aadA1,core,AMR,AMINOGLYCOSIDE,STREPTOMYCIN,EXACTX,100.0,100.0,WP_001209508.1,True
ERR10087013,mph(A),core,AMR,MACROLIDE,AZITHROMYCIN/ERYTHROMYCIN/SPIRAMYCIN/TELITHROMYCIN,EXACTX,100.0,100.0,WP_000219391.1,True
ERR10087013,blaCTX-M-15,core,AMR,BETA-LACTAM,CEPHALOSPORIN,ALLELEX,100.0,100.0,WP_000239590.1,True
ERR10087013,catB3,core,AMR,PHENICOL,CHLORAMPHENICOL,PARTIALX,70.0,100.0,WP_000186237.1,False
ERR10087013,blaOXA-1,core,AMR,BETA-LACTAM,CEPHALOSPORIN,ALLELEX,100.0,100.0,WP_001334766.1,True
ERR10087013,aac(6')-Ib-cr5,core,AMR,AMINOGLYCOSIDE/QUINOLONE,AMIKACIN/KANAMYCIN/QUINOLONE/TOBRAMYCIN,ALLELEX,100.0,100.0,WP_063840321.1,True
ERR10087013,dfrA12,core,AMR,TRIMETHOPRIM,TRIMETHOPRIM,EXACTX,100.0,100.0,WP_001083725.1,True
ERR10087013,aadA2,core,AMR,AMINOGLYCOSIDE,STREPTOMYCIN,EXACTX,100.0,100.0,WP_001206356.1,True
ERR10087013,qacEdelta1,core,STRESS,QUATERNARY AMMONIUM,QUATERNARY AMMONIUM,ALLELEX,100.0,100.0,WP_000679427.1,True
ERR10087013,sul1,core,AMR,SULFONAMIDE,SULFONAMIDE,EXACTX,100.0,100.0,WP_000259031.1,True
ERR10087013,blaTEM-1,core,AMR,BETA-LACTAM,BETA-LACTAM,ALLELEX,100.0,100.0,WP_000027057.1,True
ERR10088101,sul2,core,AMR,SULFONAMIDE,SULFONAMIDE,EXACTX,100.0,100.0,WP_001043260.1,True
ERR10088101,aph(3'')-Ib,core,AMR,AMINOGLYCOSIDE,STREPTOMYCIN,EXACTX,100.0,100.0,WP_001082319.1,True
ERR10088101,aph(6)-Id,core,AMR,AMINOGLYCOSIDE,STREPTOMYCIN,EXACTX,100.0,100.0,WP_000480968.1,True
ERR10088101,qnrB1,core,AMR,QUINOLONE,QUINOLONE,ALLELEX,100.0,100.0,WP_014386481.1,True
ERR10088101,aac(3)-IId,core,AMR,AMINOGLYCOSIDE,GENTAMICIN,EXACTX,100.0,100.0,WP_000557454.1,True
ERR10088101,dfrA23,core,AMR,TRIMETHOPRIM,TRIMETHOPRIM,EXACTX,100.0,100.0,WP_001143450.1,True
ERR10088101,blaSCO-1,core,AMR,BETA-LACTAM,BETA-LACTAM,ALLELEX,100.0,100.0,WP_004197546.1,True
ERR10088101,arr-2,core,AMR,RIFAMYCIN,RIFAMYCIN,ALLELEX,100.0,100.0,WP_000237816.1,True
ERR10088101,cmlA5,core,AMR,PHENICOL,CHLORAMPHENICOL,EXACTX,100.0,100.0,WP_012300772.1,True
ERR10088101,blaOXA-10,core,AMR,BETA-LACTAM,CEPHALOSPORIN,ALLELEX,100.0,100.0,WP_000846390.1,True
ERR10088101,aadA1,core,AMR,AMINOGLYCOSIDE,STREPTOMYCIN,EXACTX,100.0,100.0,WP_001209508.1,True
ERR10088101,mph(A),core,AMR,MACROLIDE,AZITHROMYCIN/ERYTHROMYCIN/SPIRAMYCIN/TELITHROMYCIN,EXACTX,100.0,100.0,WP_000219391.1,True
ERR10088101,blaCTX-M-15,core,AMR,BETA-LACTAM,CEPHALOSPORIN,ALLELEX,100.0,100.0,WP_000239590.1,True
ERR10088101,aac(6')-Ib-cr5,core,AMR,AMINOGLYCOSIDE/QUINOLONE,AMIKACIN/KANAMYCIN/QUINOLONE/TOBRAMYCIN,ALLELEX,100.0,100.0,WP_063840321.1,True
ERR10088101,blaOXA-1,core,AMR,BETA-LACTAM,CEPHALOSPORIN,ALLELEX,100.0,100.0,WP_001334766.1,True
ERR10088101,catB3,core,AMR,PHENICOL,CHLORAMPHENICOL,PARTIALX,70.0,100.0,WP_000186237.1,False
ERR10088101,aadA2,core,AMR,AMINOGLYCOSIDE,STREPTOMYCIN,EXACTX,100.0,100.0,WP_001206356.1,True
ERR10088101,dfrA12,core,AMR,TRIMETHOPRIM,TRIMETHOPRIM,EXACTX,100.0,100.0,WP_001083725.1,True
ERR10088101,qacEdelta1,core,STRESS,QUATERNARY AMMONIUM,QUATERNARY AMMONIUM,ALLELEX,100.0,100.0,WP_000679427.1,True
ERR10088101,sul1,core,AMR,SULFONAMIDE,SULFONAMIDE,EXACTX,100.0,100.0,WP_000259031.1,True
ERR10088101,blaTEM-1,core,AMR,BETA-LACTAM,BETA-LACTAM,ALLELEX,100.0,100.0,WP_000027057.1,True
ERR10088102,aph(6)-Id,core,AMR,AMINOGLYCOSIDE,STREPTOMYCIN,EXACTX,100.0,100.0,WP_000480968.1,True
ERR10088102,aph(3'')-Ib,core,AMR,AMINOGLYCOSIDE,STREPTOMYCIN,EXACTX,100.0,100.0,WP_001082319.1,True
ERR10088102,sul2,core,AMR,SULFONAMIDE,SULFONAMIDE,EXACTX,100.0,100.0,WP_001043260.1,True
ERR10088102,qnrB1,core,AMR,QUINOLONE,QUINOLONE,ALLELEX,100.0,100.0,WP_014386481.1,True
ERR10088102,aac(3)-IId,core,AMR,AMINOGLYCOSIDE,GENTAMICIN,EXACTX,100.0,100.0,WP_000557454.1,True
ERR10088102,dfrA23,core,AMR,TRIMETHOPRIM,TRIMETHOPRIM,EXACTX,100.0,100.0,WP_001143450.1,True
ERR10088102,blaSCO-1,core,AMR,BETA-LACTAM,BETA-LACTAM,ALLELEX,100.0,100.0,WP_004197546.1,True
ERR10088102,aadA1,core,AMR,AMINOGLYCOSIDE,STREPTOMYCIN,EXACTX,100.0,100.0,WP_001209508.1,True
ERR10088102,blaOXA-10,core,AMR,BETA-LACTAM,CEPHALOSPORIN,ALLELEX,100.0,100.0,WP_000846390.1,True
ERR10088102,cmlA5,core,AMR,PHENICOL,CHLORAMPHENICOL,EXACTX,100.0,100.0,WP_012300772.1,True
ERR10088102,arr-2,core,AMR,RIFAMYCIN,RIFAMYCIN,ALLELEX,100.0,100.0,WP_000237816.1,True
ERR10088102,mph(A),core,AMR,MACROLIDE,AZITHROMYCIN/ERYTHROMYCIN/SPIRAMYCIN/TELITHROMYCIN,EXACTX,100.0,100.0,WP_000219391.1,True
ERR10088102,blaCTX-M-15,core,AMR,BETA-LACTAM,CEPHALOSPORIN,ALLELEX,100.0,100.0,WP_000239590.1,True
ERR10088102,catB3,core,AMR,PHENICOL,CHLORAMPHENICOL,PARTIALX,70.0,100.0,WP_000186237.1,False
ERR10088102,blaOXA-1,core,AMR,BETA-LACTAM,CEPHALOSPORIN,ALLELEX,100.0,100.0,WP_001334766.1,True
ERR10088102,aac(6')-Ib-cr5,core,AMR,AMINOGLYCOSIDE/QUINOLONE,AMIKACIN/KANAMYCIN/QUINOLONE/TOBRAMYCIN,ALLELEX,100.0,100.0,WP_063840321.1,True
ERR10088102,dfrA12,core,AMR,TRIMETHOPRIM,TRIMETHOPRIM,EXACTX,100.0,100.0,WP_001083725.1,True
ERR10088102,aadA2,core,AMR,AMINOGLYCOSIDE,STREPTOMYCIN,EXACTX,100.0,100.0,WP_001206356.1,True
ERR10088102,sul1,core,AMR,SULFONAMIDE,SULFONAMIDE,EXACTX,100.0,100.0,WP_000259031.1,True
ERR10088102,qacEdelta1,core,STRESS,QUATERNARY AMMONIUM,QUATERNARY AMMONIUM,ALLELEX,100.0,100.0,WP_000679427.1,True
ERR10088102,blaTEM-1,core,AMR,BETA-LACTAM,BETA-LACTAM,ALLELEX,100.0,100.0,WP_000027057.1,True
ERR10088104,aph(6)-Id,core,AMR,AMINOGLYCOSIDE,STREPTOMYCIN,EXACTX,100.0,100.0,WP_000480968.1,True
ERR10088104,aph(3'')-Ib,core,AMR,AMINOGLYCOSIDE,STREPTOMYCIN,EXACTX,100.0,100.0,WP_001082319.1,True
ERR10088104,sul2,core,AMR,SULFONAMIDE,SULFONAMIDE,EXACTX,100.0,100.0,WP_001043260.1,True
ERR10088104,qnrB1,core,AMR,QUINOLONE,QUINOLONE,ALLELEX,100.0,100.0,WP_014386481.1,True
ERR10088104,aac(3)-IId,core,AMR,AMINOGLYCOSIDE,GENTAMICIN,EXACTX,100.0,100.0,WP_000557454.1,True
ERR10088104,dfrA23,core,AMR,TRIMETHOPRIM,TRIMETHOPRIM,EXACTX,100.0,100.0,WP_001143450.1,True
ERR10088104,blaSCO-1,core,AMR,BETA-LACTAM,BETA-LACTAM,ALLELEX,100.0,100.0,WP_004197546.1,True
ERR10088104,arr-2,core,AMR,RIFAMYCIN,RIFAMYCIN,ALLELEX,100.0,100.0,WP_000237816.1,True
ERR10088104,cmlA5,core,AMR,PHENICOL,CHLORAMPHENICOL,EXACTX,100.0,100.0,WP_012300772.1,True
ERR10088104,blaOXA-10,core,AMR,BETA-LACTAM,CEPHALOSPORIN,ALLELEX,100.0,100.0,WP_000846390.1,True
ERR10088104,aadA1,core,AMR,AMINOGLYCOSIDE,STREPTOMYCIN,EXACTX,100.0,100.0,WP_001209508.1,True
ERR10088104,mph(A),core,AMR,MACROLIDE,AZITHROMYCIN/ERYTHROMYCIN/SPIRAMYCIN/TELITHROMYCIN,EXACTX,100.0,100.0,WP_000219391.1,True
ERR10088104,blaCTX-M-15,core,AMR,BETA-LACTAM,CEPHALOSPORIN,ALLELEX,100.0,100.0,WP_000239590.1,True
ERR10088104,aac(6')-Ib-cr5,core,AMR,AMINOGLYCOSIDE/QUINOLONE,AMIKACIN/KANAMYCIN/QUINOLONE/TOBRAMYCIN,ALLELEX,100.0,100.0,WP_063840321.1,True
ERR10088104,blaOXA-1,core,AMR,BETA-LACTAM,CEPHALOSPORIN,ALLELEX,100.0,100.0,WP_001334766.1,True
ERR10088104,catB3,core,AMR,PHENICOL,CHLORAMPHENICOL,PARTIALX,70.0,100.0,WP_000186237.1,False
ERR10088104,dfrA12,core,AMR,TRIMETHOPRIM,TRIMETHOPRIM,EXACTX,100.0,100.0,WP_001083725.1,True
ERR10088104,aadA2,core,AMR,AMINOGLYCOSIDE,STREPTOMYCIN,EXACTX,100.0,100.0,WP_001206356.1,True
ERR10088104,qacEdelta1,core,STRESS,QUATERNARY AMMONIUM,QUATERNARY AMMONIUM,ALLELEX,100.0,100.0,WP_000679427.1,True
ERR10088104,sul1,core,AMR,SULFONAMIDE,SULFONAMIDE,EXACTX,100.0,100.0,WP_000259031.1,True
ERR10088104,blaTEM-1,core,AMR,BETA-LACTAM,BETA-LACTAM,ALLELEX,100.0,100.0,WP_000027057.1,True
ERR10088105,aph(6)-Id,core,AMR,AMINOGLYCOSIDE,STREPTOMYCIN,EXACTX,100.0,100.0,WP_000480968.1,True
ERR10088105,aph(3'')-Ib,core,AMR,AMINOGLYCOSIDE,STREPTOMYCIN,EXACTX,100.0,100.0,WP_001082319.1,True
ERR10088105,sul2,core,AMR,SULFONAMIDE,SULFONAMIDE,EXACTX,100.0,100.0,WP_001043260.1,True
ERR10088105,qnrB1,core,AMR,QUINOLONE,QUINOLONE,ALLELEX,100.0,100.0,WP_014386481.1,True
ERR10088105,aac(3)-IId,core,AMR,AMINOGLYCOSIDE,GENTAMICIN,EXACTX,100.0,100.0,WP_000557454.1,True
ERR10088105,blaSCO-1,core,AMR,BETA-LACTAM,BETA-LACTAM,ALLELEX,100.0,100.0,WP_004197546.1,True
ERR10088105,dfrA23,core,AMR,TRIMETHOPRIM,TRIMETHOPRIM,EXACTX,100.0,100.0,WP_001143450.1,True
ERR10088105,aadA1,core,AMR,AMINOGLYCOSIDE,STREPTOMYCIN,EXACTX,100.0,100.0,WP_001209508.1,True
ERR10088105,blaOXA-10,core,AMR,BETA-LACTAM,CEPHALOSPORIN,ALLELEX,100.0,100.0,WP_000846390.1,True
ERR10088105,cmlA5,core,AMR,PHENICOL,CHLORAMPHENICOL,EXACTX,100.0,100.0,WP_012300772.1,True
ERR10088105,arr-2,core,AMR,RIFAMYCIN,RIFAMYCIN,ALLELEX,100.0,100.0,WP_000237816.1,True
ERR10088105,mph(A),core,AMR,MACROLIDE,AZITHROMYCIN/ERYTHROMYCIN/SPIRAMYCIN/TELITHROMYCIN,EXACTX,100.0,100.0,WP_000219391.1,True
ERR10088105,blaCTX-M-15,core,AMR,BETA-LACTAM,CEPHALOSPORIN,ALLELEX,100.0,100.0,WP_000239590.1,True
ERR10088105,catB3,core,AMR,PHENICOL,CHLORAMPHENICOL,PARTIALX,70.0,100.0,WP_000186237.1,False
ERR10088105,blaOXA-1,core,AMR,BETA-LACTAM,CEPHALOSPORIN,ALLELEX,100.0,100.0,WP_001334766.1,True
ERR10088105,aac(6')-Ib-cr5,core,AMR,AMINOGLYCOSIDE/QUINOLONE,AMIKACIN/KANAMYCIN/QUINOLONE/TOBRAMYCIN,ALLELEX,100.0,100.0,WP_063840321.1,True
ERR10088105,dfrA12,core,AMR,TRIMETHOPRIM,TRIMETHOPRIM,EXACTX,100.0,100.0,WP_001083725.1,True
ERR10088105,aadA2,core,AMR,AMINOGLYCOSIDE,STREPTOMYCIN,EXACTX,100.0,100.0,WP_001206356.1,True
ERR10088105,sul1,core,AMR,SULFONAMIDE,SULFONAMIDE,EXACTX,100.0,100.0,WP_000259031.1,True
ERR10088105,qacEdelta1,core,STRESS,QUATERNARY AMMONIUM,QUATERNARY AMMONIUM,ALLELEX,100.0,100.0,WP_000679427.1,True
ERR10088105,blaTEM-1,core,AMR,BETA-LACTAM,BETA-LACTAM,ALLELEX,100.0,100.0,WP_000027057.1,True
ERR10109255,sul2,core,AMR,SULFONAMIDE,SULFONAMIDE,EXACTX,100.0,100.0,WP_001043260.1,True
ERR10109255,aph(3'')-Ib,core,AMR,AMINOGLYCOSIDE,STREPTOMYCIN,EXACTX,100.0,100.0,WP_001082319.1,True
ERR10109255,aph(6)-Id,core,AMR,AMINOGLYCOSIDE,STREPTOMYCIN,EXACTX,100.0,100.0,WP_000480968.1,True
ERR10109255,blaTEM,core,AMR,BETA-LACTAM,BETA-LACTAM,PARTIAL_CONTIG_ENDX,76.57,100.0,WP_000027057.1,False
ERR10109255,aac(3)-IId,core,AMR,AMINOGLYCOSIDE,GENTAMICIN,EXACTX,100.0,100.0,WP_000557454.1,True
ERR10109255,qnrB1,core,AMR,QUINOLONE,QUINOLONE,ALLELEX,100.0,100.0,WP_014386481.1,True
ERR10109255,dfrA23,core,AMR,TRIMETHOPRIM,TRIMETHOPRIM,EXACTX,100.0,100.0,WP_001143450.1,True
ERR10109255,blaSCO-1,core,AMR,BETA-LACTAM,BETA-LACTAM,ALLELEX,100.0,100.0,WP_004197546.1,True
ERR10109255,arr-2,core,AMR,RIFAMYCIN,RIFAMYCIN,ALLELEX,100.0,100.0,WP_000237816.1,True
ERR10109255,cmlA5,core,AMR,PHENICOL,CHLORAMPHENICOL,EXACTX,100.0,100.0,WP_012300772.1,True
ERR10109255,blaOXA-10,core,AMR,BETA-LACTAM,CEPHALOSPORIN,ALLELEX,100.0,100.0,WP_000846390.1,True
ERR10109255,aadA1,core,AMR,AMINOGLYCOSIDE,STREPTOMYCIN,EXACTX,100.0,100.0,WP_001209508.1,True
ERR10109255,mph(A),core,AMR,MACROLIDE,AZITHROMYCIN/ERYTHROMYCIN/SPIRAMYCIN/TELITHROMYCIN,EXACTX,100.0,100.0,WP_000219391.1,True
ERR10109255,blaCTX-M-15,core,AMR,BETA-LACTAM,CEPHALOSPORIN,ALLELEX,100.0,100.0,WP_000239590.1,True
ERR10109255,aac(6')-Ib-cr5,core,AMR,AMINOGLYCOSIDE/QUINOLONE,AMIKACIN/KANAMYCIN/QUINOLONE/TOBRAMYCIN,ALLELEX,100.0,100.0,WP_063840321.1,True
ERR10109255,blaOXA-1,core,AMR,BETA-LACTAM,CEPHALOSPORIN,ALLELEX,100.0,100.0,WP_001334766.1,True
ERR10109255,catB3,core,AMR,PHENICOL,CHLORAMPHENICOL,PARTIALX,70.0,100.0,WP_000186237.1,False
ERR10109255,dfrA12,core,AMR,TRIMETHOPRIM,TRIMETHOPRIM,EXACTX,100.0,100.0,WP_001083725.1,True
ERR10109255,aadA2,core,AMR,AMINOGLYCOSIDE,STREPTOMYCIN,EXACTX,100.0,100.0,WP_001206356.1,True
ERR10109255,qacEdelta1,core,STRESS,QUATERNARY AMMONIUM,QUATERNARY AMMONIUM,ALLELEX,100.0,100.0,WP_000679427.1,True
ERR10109255,sul1,core,AMR,SULFONAMIDE,SULFONAMIDE,EXACTX,100.0,100.0,WP_000259031.1,True
ERR10109274,qnrB1,core,AMR,QUINOLONE,QUINOLONE,ALLELEX,100.0,100.0,WP_014386481.1,True
ERR10109274,aph(6)-Id,core,AMR,AMINOGLYCOSIDE,STREPTOMYCIN,EXACTX,100.0,100.0,WP_000480968.1,True
ERR10109274,aph(3'')-Ib,core,AMR,AMINOGLYCOSIDE,STREPTOMYCIN,EXACTX,100.0,100.0,WP_001082319.1,True
ERR10109274,sul2,core,AMR,SULFONAMIDE,SULFONAMIDE,EXACTX,100.0,100.0,WP_001043260.1,True
ERR10109274,aac(3)-IId,core,AMR,AMINOGLYCOSIDE,GENTAMICIN,EXACTX,100.0,100.0,WP_000557454.1,True
ERR10109274,blaSCO-1,core,AMR,BETA-LACTAM,BETA-LACTAM,ALLELEX,100.0,100.0,WP_004197546.1,True
ERR10109274,dfrA23,core,AMR,TRIMETHOPRIM,TRIMETHOPRIM,EXACTX,100.0,100.0,WP_001143450.1,True
ERR10109274,arr-2,core,AMR,RIFAMYCIN,RIFAMYCIN,ALLELEX,100.0,100.0,WP_000237816.1,True
ERR10109274,cmlA5,core,AMR,PHENICOL,CHLORAMPHENICOL,EXACTX,100.0,100.0,WP_012300772.1,True
ERR10109274,blaOXA-10,core,AMR,BETA-LACTAM,CEPHALOSPORIN,ALLELEX,100.0,100.0,WP_000846390.1,True
ERR10109274,aadA1,core,AMR,AMINOGLYCOSIDE,STREPTOMYCIN,EXACTX,100.0,100.0,WP_001209508.1,True
ERR10109274,blaCTX-M-15,core,AMR,BETA-LACTAM,CEPHALOSPORIN,ALLELEX,100.0,100.0,WP_000239590.1,True
ERR10109274,catB3,core,AMR,PHENICOL,CHLORAMPHENICOL,PARTIALX,70.0,100.0,WP_000186237.1,False
ERR10109274,blaOXA-1,core,AMR,BETA-LACTAM,CEPHALOSPORIN,ALLELEX,100.0,100.0,WP_001334766.1,True
ERR10109274,aac(6')-Ib-cr5,core,AMR,AMINOGLYCOSIDE/QUINOLONE,AMIKACIN/KANAMYCIN/QUINOLONE/TOBRAMYCIN,ALLELEX,100.0,100.0,WP_063840321.1,True
ERR10109274,dfrA12,core,AMR,TRIMETHOPRIM,TRIMETHOPRIM,EXACTX,100.0,100.0,WP_001083725.1,True
ERR10109274,aadA2,core,AMR,AMINOGLYCOSIDE,STREPTOMYCIN,EXACTX,100.0,100.0,WP_001206356.1,True
ERR10109274,qacEdelta1,core,STRESS,QUATERNARY AMMONIUM,QUATERNARY AMMONIUM,ALLELEX,100.0,100.0,WP_000679427.1,True
ERR10109274,sul1,core,AMR,SULFONAMIDE,SULFONAMIDE,EXACTX,100.0,100.0,WP_000259031.1,True
ERR10109274,blaTEM-1,core,AMR,BETA-LACTAM,BETA-LACTAM,ALLELEX,100.0,100.0,WP_000027057.1,True
ERR10109274,mph(A),core,AMR,MACROLIDE,AZITHROMYCIN/ERYTHROMYCIN/SPIRAMYCIN/TELITHROMYCIN,BLASTX,98.01,100.0,WP_000219391.1,True
ERR10109275,sul2,core,AMR,SULFONAMIDE,SULFONAMIDE,EXACTX,100.0,100.0,WP_001043260.1,True
ERR10109275,aph(3'')-Ib,core,AMR,AMINOGLYCOSIDE,STREPTOMYCIN,EXACTX,100.0,100.0,WP_001082319.1,True
ERR10109275,aph(6)-Id,core,AMR,AMINOGLYCOSIDE,STREPTOMYCIN,EXACTX,100.0,100.0,WP_000480968.1,True
ERR10109275,blaCTX-M-15,core,AMR,BETA-LACTAM,CEPHALOSPORIN,ALLELEX,100.0,100.0,WP_000239590.1,True
ERR10109275,qnrB1,core,AMR,QUINOLONE,QUINOLONE,ALLELEX,100.0,100.0,WP_014386481.1,True
ERR10109275,aac(3)-IId,core,AMR,AMINOGLYCOSIDE,GENTAMICIN,EXACTX,100.0,100.0,WP_000557454.1,True
ERR10109275,aadA1,core,AMR,AMINOGLYCOSIDE,STREPTOMYCIN,PARTIAL_CONTIG_ENDX,75.29,99.49,WP_001209508.1,False
ERR10109275,blaOXA-10,core,AMR,BETA-LACTAM,CEPHALOSPORIN,ALLELEX,100.0,100.0,WP_000846390.1,True
ERR10109275,cmlA5,core,AMR,PHENICOL,CHLORAMPHENICOL,EXACTX,100.0,100.0,WP_012300772.1,True
ERR10109275,arr-2,core,AMR,RIFAMYCIN,RIFAMYCIN,ALLELEX,100.0,100.0,WP_000237816.1,True
ERR10109275,blaSCO-1,core,AMR,BETA-LACTAM,BETA-LACTAM,ALLELEX,100.0,100.0,WP_004197546.1,True
ERR10109275,dfrA23,core,AMR,TRIMETHOPRIM,TRIMETHOPRIM,EXACTX,100.0,100.0,WP_001143450.1,True
ERR10109275,mph(A),core,AMR,MACROLIDE,AZITHROMYCIN/ERYTHROMYCIN/SPIRAMYCIN/TELITHROMYCIN,EXACTX,100.0,100.0,WP_000219391.1,True
ERR10109275,catB3,core,AMR,PHENICOL,CHLORAMPHENICOL,PARTIALX,70.0,100.0,WP_000186237.1,False
ERR10109275,blaOXA-1,core,AMR,BETA-LACTAM,CEPHALOSPORIN,ALLELEX,100.0,100.0,WP_001334766.1,True
ERR10109275,aac(6')-Ib-cr5,core,AMR,AMINOGLYCOSIDE/QUINOLONE,AMIKACIN/KANAMYCIN/QUINOLONE/TOBRAMYCIN,ALLELEX,100.0,100.0,WP_063840321.1,True
ERR10109275,qacEdelta1,core,STRESS,QUATERNARY AMMONIUM,QUATERNARY AMMONIUM,ALLELEX,100.0,100.0,WP_000679427.1,True
ERR10109275,sul1,core,AMR,SULFONAMIDE,SULFONAMIDE,EXACTX,100.0,100.0,WP_000259031.1,True
ERR10109275,dfrA12,core,AMR,TRIMETHOPRIM,TRIMETHOPRIM,EXACTX,100.0,100.0,WP_001083725.1,True
ERR10109275,aadA2,core,AMR,AMINOGLYCOSIDE,STREPTOMYCIN,PARTIAL_CONTIG_ENDX,75.29,100.0,WP_001206356.1,False
ERR10109275,blaTEM-1,core,AMR,BETA-LACTAM,BETA-LACTAM,ALLELEX,100.0,100.0,WP_000027057.1,True
ERR10109276,sul2,core,AMR,SULFONAMIDE,SULFONAMIDE,EXACTX,100.0,100.0,WP_001043260.1,True
ERR10109276,aph(3'')-Ib,core,AMR,AMINOGLYCOSIDE,STREPTOMYCIN,EXACTX,100.0,100.0,WP_001082319.1,True
ERR10109276,aph(6)-Id,core,AMR,AMINOGLYCOSIDE,STREPTOMYCIN,EXACTX,100.0,100.0,WP_000480968.1,True
ERR10109276,dfrA23,core,AMR,TRIMETHOPRIM,TRIMETHOPRIM,EXACTX,100.0,100.0,WP_001143450.1,True
ERR10109276,sul1,core,AMR,SULFONAMIDE,SULFONAMIDE,EXACTX,100.0,100.0,WP_000259031.1,True
ERR10109276,qacEdelta1,core,STRESS,QUATERNARY AMMONIUM,QUATERNARY AMMONIUM,ALLELEX,100.0,100.0,WP_000679427.1,True
ERR10109276,aadA1,core,AMR,AMINOGLYCOSIDE,STREPTOMYCIN,EXACTX,100.0,100.0,WP_001209508.1,True
ERR10109276,blaOXA-10,core,AMR,BETA-LACTAM,CEPHALOSPORIN,ALLELEX,100.0,100.0,WP_000846390.1,True
ERR10109276,cmlA5,core,AMR,PHENICOL,CHLORAMPHENICOL,EXACTX,100.0,100.0,WP_012300772.1,True
ERR10109276,arr-2,core,AMR,RIFAMYCIN,RIFAMYCIN,ALLELEX,100.0,100.0,WP_000237816.1,True
ERR10109276,qnrB1,core,AMR,QUINOLONE,QUINOLONE,ALLELEX,100.0,100.0,WP_014386481.1,True
ERR10109276,aac(3)-IId,core,AMR,AMINOGLYCOSIDE,GENTAMICIN,EXACTX,100.0,100.0,WP_000557454.1,True
ERR10109276,blaSCO-1,core,AMR,BETA-LACTAM,BETA-LACTAM,ALLELEX,100.0,100.0,WP_004197546.1,True
ERR10109276,mph(A),core,AMR,MACROLIDE,AZITHROMYCIN/ERYTHROMYCIN/SPIRAMYCIN/TELITHROMYCIN,EXACTX,100.0,100.0,WP_000219391.1,True
ERR10109276,blaCTX-M-15,core,AMR,BETA-LACTAM,CEPHALOSPORIN,ALLELEX,100.0,100.0,WP_000239590.1,True
ERR10109276,aadA2,core,AMR,AMINOGLYCOSIDE,STREPTOMYCIN,EXACTX,100.0,100.0,WP_001206356.1,True
ERR10109276,dfrA12,core,AMR,TRIMETHOPRIM,TRIMETHOPRIM,EXACTX,100.0,100.0,WP_001083725.1,True
ERR10109276,blaTEM-1,core,AMR,BETA-LACTAM,BETA-LACTAM,ALLELEX,100.0,100.0,WP_000027057.1,True
ERR10109277,qnrB1,core,AMR,QUINOLONE,QUINOLONE,ALLELEX,100.0,100.0,WP_014386481.1,True
ERR10109277,sul2,core,AMR,SULFONAMIDE,SULFONAMIDE,EXACTX,100.0,100.0,WP_001043260.1,True
ERR10109277,aph(3'')-Ib,core,AMR,AMINOGLYCOSIDE,STREPTOMYCIN,EXACTX,100.0,100.0,WP_001082319.1,True
ERR10109277,aph(6)-Id,core,AMR,AMINOGLYCOSIDE,STREPTOMYCIN,EXACTX,100.0,100.0,WP_000480968.1,True
ERR10109277,aac(3)-IId,core,AMR,AMINOGLYCOSIDE,GENTAMICIN,EXACTX,100.0,100.0,WP_000557454.1,True
ERR10109277,blaSCO-1,core,AMR,BETA-LACTAM,BETA-LACTAM,ALLELEX,100.0,100.0,WP_004197546.1,True
ERR10109277,dfrA23,core,AMR,TRIMETHOPRIM,TRIMETHOPRIM,EXACTX,100.0,100.0,WP_001143450.1,True
ERR10109277,aadA1,core,AMR,AMINOGLYCOSIDE,STREPTOMYCIN,EXACTX,100.0,100.0,WP_001209508.1,True
ERR10109277,blaOXA-10,core,AMR,BETA-LACTAM,CEPHALOSPORIN,ALLELEX,100.0,100.0,WP_000846390.1,True
ERR10109277,cmlA5,core,AMR,PHENICOL,CHLORAMPHENICOL,EXACTX,100.0,100.0,WP_012300772.1,True
ERR10109277,arr-2,core,AMR,RIFAMYCIN,RIFAMYCIN,ALLELEX,100.0,100.0,WP_000237816.1,True
ERR10109277,mph(A),core,AMR,MACROLIDE,AZITHROMYCIN/ERYTHROMYCIN/SPIRAMYCIN/TELITHROMYCIN,EXACTX,100.0,100.0,WP_000219391.1,True
ERR10109277,blaCTX-M-15,core,AMR,BETA-LACTAM,CEPHALOSPORIN,ALLELEX,100.0,100.0,WP_000239590.1,True
ERR10109277,aac(6')-Ib-cr5,core,AMR,AMINOGLYCOSIDE/QUINOLONE,AMIKACIN/KANAMYCIN/QUINOLONE/TOBRAMYCIN,ALLELEX,100.0,100.0,WP_063840321.1,True
ERR10109277,blaOXA-1,core,AMR,BETA-LACTAM,CEPHALOSPORIN,ALLELEX,100.0,100.0,WP_001334766.1,True
ERR10109277,catB3,core,AMR,PHENICOL,CHLORAMPHENICOL,PARTIALX,70.0,100.0,WP_000186237.1,False
ERR10109277,dfrA12,core,AMR,TRIMETHOPRIM,TRIMETHOPRIM,EXACTX,100.0,100.0,WP_001083725.1,True
ERR10109277,aadA2,core,AMR,AMINOGLYCOSIDE,STREPTOMYCIN,EXACTX,100.0,100.0,WP_001206356.1,True
ERR10109277,sul1,core,AMR,SULFONAMIDE,SULFONAMIDE,EXACTX,100.0,100.0,WP_000259031.1,True
ERR10109277,qacEdelta1,core,STRESS,QUATERNARY AMMONIUM,QUATERNARY AMMONIUM,ALLELEX,100.0,100.0,WP_000679427.1,True
ERR10109277,blaTEM-1,core,AMR,BETA-LACTAM,BETA-LACTAM,ALLELEX,100.0,100.0,WP_000027057.1,True
ERR10113269,blaCTX-M-15,core,AMR,BETA-LACTAM,CEPHALOSPORIN,ALLELEX,100.0,100.0,WP_000239590.1,True
ERR10113269,sul2,core,AMR,SULFONAMIDE,SULFONAMIDE,EXACTX,100.0,100.0,WP_001043260.1,True
ERR10113269,aph(3'')-Ib,core,AMR,AMINOGLYCOSIDE,STREPTOMYCIN,EXACTX,100.0,100.0,WP_001082319.1,True
ERR10113269,aph(6)-Id,core,AMR,AMINOGLYCOSIDE,STREPTOMYCIN,EXACTX,100.0,100.0,WP_000480968.1,True
ERR10113269,tet(A),core,AMR,TETRACYCLINE,TETRACYCLINE,EXACTX,100.0,100.0,WP_000804063.1,True
ERR10113269,floR,core,AMR,PHENICOL,CHLORAMPHENICOL/FLORFENICOL,EXACTX,100.0,100.0,WP_000214119.1,True
ERR10113269,qnrB1,core,AMR,QUINOLONE,QUINOLONE,ALLELEX,100.0,100.0,WP_014386481.1,True
ERR10113269,tet(A),core,AMR,TETRACYCLINE,TETRACYCLINE,EXACTX,100.0,100.0,WP_031942321.1,True
ERR10113269,mph(A),core,AMR,MACROLIDE,AZITHROMYCIN/ERYTHROMYCIN/SPIRAMYCIN/TELITHROMYCIN,EXACTX,100.0,100.0,WP_000219391.1,True
ERR10113269,dfrA14,core,AMR,TRIMETHOPRIM,TRIMETHOPRIM,EXACTX,100.0,100.0,WP_004201280.1,True
ERR10113269,aac(3)-IIe,core,AMR,AMINOGLYCOSIDE,GENTAMICIN,EXACTX,100.0,100.0,WP_000557452.1,True
ERR10113269,catB3,core,AMR,PHENICOL,CHLORAMPHENICOL,PARTIALX,70.0,100.0,WP_000186237.1,False
ERR10113269,blaOXA-1,core,AMR,BETA-LACTAM,CEPHALOSPORIN,ALLELEX,100.0,100.0,WP_001334766.1,True
ERR10113269,aac(6')-Ib-cr5,core,AMR,AMINOGLYCOSIDE/QUINOLONE,AMIKACIN/KANAMYCIN/QUINOLONE/TOBRAMYCIN,ALLELEX,100.0,100.0,WP_063840321.1,True
ERR10117717,arr-2,core,AMR,RIFAMYCIN,RIFAMYCIN,ALLELEX,100.0,100.0,WP_000237816.1,True
ERR10117717,cmlA5,core,AMR,PHENICOL,CHLORAMPHENICOL,EXACTX,100.0,100.0,WP_012300772.1,True
ERR10117717,blaOXA-10,core,AMR,BETA-LACTAM,CEPHALOSPORIN,ALLELEX,100.0,100.0,WP_000846390.1,True
ERR10117717,aadA1,core,AMR,AMINOGLYCOSIDE,STREPTOMYCIN,EXACTX,100.0,100.0,WP_001209508.1,True
ERR10117717,qacEdelta1,core,STRESS,QUATERNARY AMMONIUM,QUATERNARY AMMONIUM,ALLELEX,100.0,100.0,WP_000679427.1,True
ERR10117717,sul1,core,AMR,SULFONAMIDE,SULFONAMIDE,EXACTX,100.0,100.0,WP_000259031.1,True
ERR10117717,dfrA23,core,AMR,TRIMETHOPRIM,TRIMETHOPRIM,EXACTX,100.0,100.0,WP_001143450.1,True
ERR10117717,blaTEM-1,core,AMR,BETA-LACTAM,BETA-LACTAM,ALLELEX,100.0,100.0,WP_000027057.1,True
ERR10117717,aph(6)-Id,core,AMR,AMINOGLYCOSIDE,STREPTOMYCIN,EXACTX,100.0,100.0,WP_000480968.1,True
ERR10117717,aph(3'')-Ib,core,AMR,AMINOGLYCOSIDE,STREPTOMYCIN,EXACTX,100.0,100.0,WP_001082319.1,True
ERR10117717,sul2,core,AMR,SULFONAMIDE,SULFONAMIDE,EXACTX,100.0,100.0,WP_001043260.1,True
ERR10117717,qnrB1,core,AMR,QUINOLONE,QUINOLONE,ALLELEX,100.0,100.0,WP_014386481.1,True
ERR10117717,blaCTX-M-15,core,AMR,BETA-LACTAM,CEPHALOSPORIN,ALLELEX,100.0,100.0,WP_000239590.1,True
ERR10117717,blaSCO-1,core,AMR,BETA-LACTAM,BETA-LACTAM,ALLELEX,100.0,100.0,WP_004197546.1,True
ERR10117717,aac(6')-Ib-cr5,core,AMR,AMINOGLYCOSIDE/QUINOLONE,AMIKACIN/KANAMYCIN/QUINOLONE/TOBRAMYCIN,ALLELEX,100.0,100.0,WP_063840321.1,True
ERR10117717,blaOXA-1,core,AMR,BETA-LACTAM,CEPHALOSPORIN,ALLELEX,100.0,100.0,WP_001334766.1,True
ERR10117717,catB3,core,AMR,PHENICOL,CHLORAMPHENICOL,PARTIALX,70.0,100.0,WP_000186237.1,False
ERR10123158,dfrA23,core,AMR,TRIMETHOPRIM,TRIMETHOPRIM,EXACTX,100.0,100.0,WP_001143450.1,True
ERR10123158,sul1,core,AMR,SULFONAMIDE,SULFONAMIDE,EXACTX,100.0,100.0,WP_000259031.1,True
ERR10123158,qacEdelta1,core,STRESS,QUATERNARY AMMONIUM,QUATERNARY AMMONIUM,ALLELEX,100.0,100.0,WP_000679427.1,True
ERR10123158,aadA1,core,AMR,AMINOGLYCOSIDE,STREPTOMYCIN,EXACTX,100.0,100.0,WP_001209508.1,True
ERR10123158,blaOXA-10,core,AMR,BETA-LACTAM,CEPHALOSPORIN,ALLELEX,100.0,100.0,WP_000846390.1,True
ERR10123158,cmlA5,core,AMR,PHENICOL,CHLORAMPHENICOL,EXACTX,100.0,100.0,WP_012300772.1,True
ERR10123158,arr-2,core,AMR,RIFAMYCIN,RIFAMYCIN,ALLELEX,100.0,100.0,WP_000237816.1,True
ERR10123158,sul2,core,AMR,SULFONAMIDE,SULFONAMIDE,EXACTX,100.0,100.0,WP_001043260.1,True
ERR10123158,aph(3'')-Ib,core,AMR,AMINOGLYCOSIDE,STREPTOMYCIN,EXACTX,100.0,100.0,WP_001082319.1,True
ERR10123158,aph(6)-Id,core,AMR,AMINOGLYCOSIDE,STREPTOMYCIN,EXACTX,100.0,100.0,WP_000480968.1,True
ERR10123158,blaTEM-1,core,AMR,BETA-LACTAM,BETA-LACTAM,ALLELEX,100.0,100.0,WP_000027057.1,True
ERR10123158,qnrB1,core,AMR,QUINOLONE,QUINOLONE,ALLELEX,100.0,100.0,WP_014386481.1,True
ERR10123158,blaCTX-M-15,core,AMR,BETA-LACTAM,CEPHALOSPORIN,ALLELEX,100.0,100.0,WP_000239590.1,True
ERR10123158,blaSCO-1,core,AMR,BETA-LACTAM,BETA-LACTAM,ALLELEX,100.0,100.0,WP_004197546.1,True
ERR10123158,aac(6')-Ib-cr5,core,AMR,AMINOGLYCOSIDE/QUINOLONE,AMIKACIN/KANAMYCIN/QUINOLONE/TOBRAMYCIN,ALLELEX,100.0,100.0,WP_063840321.1,True
ERR10123158,blaOXA-1,core,AMR,BETA-LACTAM,CEPHALOSPORIN,ALLELEX,100.0,100.0,WP_001334766.1,True
ERR10123158,catB3,core,AMR,PHENICOL,CHLORAMPHENICOL,PARTIALX,70.0,100.0,WP_000186237.1,False
ERR10123167,aph(6)-Id,core,AMR,AMINOGLYCOSIDE,STREPTOMYCIN,EXACTX,100.0,100.0,WP_000480968.1,True
ERR10123167,aph(3'')-Ib,core,AMR,AMINOGLYCOSIDE,STREPTOMYCIN,EXACTX,100.0,100.0,WP_001082319.1,True
ERR10123167,sul2,core,AMR,SULFONAMIDE,SULFONAMIDE,EXACTX,100.0,100.0,WP_001043260.1,True
ERR10123167,qnrB1,core,AMR,QUINOLONE,QUINOLONE,ALLELEX,100.0,100.0,WP_014386481.1,True
ERR10123167,aac(3)-IId,core,AMR,AMINOGLYCOSIDE,GENTAMICIN,EXACTX,100.0,100.0,WP_000557454.1,True
ERR10123167,dfrA23,core,AMR,TRIMETHOPRIM,TRIMETHOPRIM,EXACTX,100.0,100.0,WP_001143450.1,True
ERR10123167,blaSCO-1,core,AMR,BETA-LACTAM,BETA-LACTAM,ALLELEX,100.0,100.0,WP_004197546.1,True
ERR10123167,arr-2,core,AMR,RIFAMYCIN,RIFAMYCIN,ALLELEX,100.0,100.0,WP_000237816.1,True
ERR10123167,cmlA5,core,AMR,PHENICOL,CHLORAMPHENICOL,EXACTX,100.0,100.0,WP_012300772.1,True
ERR10123167,blaOXA-10,core,AMR,BETA-LACTAM,CEPHALOSPORIN,ALLELEX,100.0,100.0,WP_000846390.1,True
ERR10123167,aadA1,core,AMR,AMINOGLYCOSIDE,STREPTOMYCIN,EXACTX,100.0,100.0,WP_001209508.1,True
ERR10123167,mph(A),core,AMR,MACROLIDE,AZITHROMYCIN/ERYTHROMYCIN/SPIRAMYCIN/TELITHROMYCIN,EXACTX,100.0,100.0,WP_000219391.1,True
ERR10123167,blaCTX-M-15,core,AMR,BETA-LACTAM,CEPHALOSPORIN,ALLELEX,100.0,100.0,WP_000239590.1,True
ERR10123167,catB3,core,AMR,PHENICOL,CHLORAMPHENICOL,PARTIALX,70.0,100.0,WP_000186237.1,False
ERR10123167,blaOXA-1,core,AMR,BETA-LACTAM,CEPHALOSPORIN,ALLELEX,100.0,100.0,WP_001334766.1,True
ERR10123167,aac(6')-Ib-cr5,core,AMR,AMINOGLYCOSIDE/QUINOLONE,AMIKACIN/KANAMYCIN/QUINOLONE/TOBRAMYCIN,ALLELEX,100.0,100.0,WP_063840321.1,True
ERR10123167,aadA2,core,AMR,AMINOGLYCOSIDE,STREPTOMYCIN,EXACTX,100.0,100.0,WP_001206356.1,True
ERR10123167,dfrA12,core,AMR,TRIMETHOPRIM,TRIMETHOPRIM,EXACTX,100.0,100.0,WP_001083725.1,True
ERR10123167,qacEdelta1,core,STRESS,QUATERNARY AMMONIUM,QUATERNARY AMMONIUM,ALLELEX,100.0,100.0,WP_000679427.1,True
ERR10123167,sul1,core,AMR,SULFONAMIDE,SULFONAMIDE,EXACTX,100.0,100.0,WP_000259031.1,True
ERR10123167,blaTEM-1,core,AMR,BETA-LACTAM,BETA-LACTAM,ALLELEX,100.0,100.0,WP_000027057.1,True
ERR10123168,aph(6)-Id,core,AMR,AMINOGLYCOSIDE,STREPTOMYCIN,EXACTX,100.0,100.0,WP_000480968.1,True
ERR10123168,aph(3'')-Ib,core,AMR,AMINOGLYCOSIDE,STREPTOMYCIN,EXACTX,100.0,100.0,WP_001082319.1,True
ERR10123168,sul2,core,AMR,SULFONAMIDE,SULFONAMIDE,EXACTX,100.0,100.0,WP_001043260.1,True
ERR10123168,qnrB1,core,AMR,QUINOLONE,QUINOLONE,ALLELEX,100.0,100.0,WP_014386481.1,True
ERR10123168,aac(3)-IId,core,AMR,AMINOGLYCOSIDE,GENTAMICIN,EXACTX,100.0,100.0,WP_000557454.1,True
ERR10123168,dfrA23,core,AMR,TRIMETHOPRIM,TRIMETHOPRIM,EXACTX,100.0,100.0,WP_001143450.1,True
ERR10123168,blaSCO-1,core,AMR,BETA-LACTAM,BETA-LACTAM,ALLELEX,100.0,100.0,WP_004197546.1,True
ERR10123168,aadA1,core,AMR,AMINOGLYCOSIDE,STREPTOMYCIN,EXACTX,100.0,100.0,WP_001209508.1,True
ERR10123168,blaOXA-10,core,AMR,BETA-LACTAM,CEPHALOSPORIN,ALLELEX,100.0,100.0,WP_000846390.1,True
ERR10123168,cmlA5,core,AMR,PHENICOL,CHLORAMPHENICOL,EXACTX,100.0,100.0,WP_012300772.1,True
ERR10123168,arr-2,core,AMR,RIFAMYCIN,RIFAMYCIN,ALLELEX,100.0,100.0,WP_000237816.1,True
ERR10123168,mph(A),core,AMR,MACROLIDE,AZITHROMYCIN/ERYTHROMYCIN/SPIRAMYCIN/TELITHROMYCIN,EXACTX,100.0,100.0,WP_000219391.1,True
ERR10123168,blaCTX-M-15,core,AMR,BETA-LACTAM,CEPHALOSPORIN,ALLELEX,100.0,100.0,WP_000239590.1,True
ERR10123168,catB3,core,AMR,PHENICOL,CHLORAMPHENICOL,PARTIALX,70.0,100.0,WP_000186237.1,False
ERR10123168,blaOXA-1,core,AMR,BETA-LACTAM,CEPHALOSPORIN,ALLELEX,100.0,100.0,WP_001334766.1,True
ERR10123168,aac(6')-Ib-cr5,core,AMR,AMINOGLYCOSIDE/QUINOLONE,AMIKACIN/KANAMYCIN/QUINOLONE/TOBRAMYCIN,ALLELEX,100.0,100.0,WP_063840321.1,True
ERR10123168,aadA2,core,AMR,AMINOGLYCOSIDE,STREPTOMYCIN,EXACTX,100.0,100.0,WP_001206356.1,True
ERR10123168,dfrA12,core,AMR,TRIMETHOPRIM,TRIMETHOPRIM,EXACTX,100.0,100.0,WP_001083725.1,True
ERR10123168,sul1,core,AMR,SULFONAMIDE,SULFONAMIDE,EXACTX,100.0,100.0,WP_000259031.1,True
ERR10123168,qacEdelta1,core,STRESS,QUATERNARY AMMONIUM,QUATERNARY AMMONIUM,ALLELEX,100.0,100.0,WP_000679427.1,True
ERR10123168,blaTEM-1,core,AMR,BETA-LACTAM,BETA-LACTAM,ALLELEX,100.0,100.0,WP_000027057.1,True
ERR10125140,qnrB1,core,AMR,QUINOLONE,QUINOLONE,ALLELEX,100.0,100.0,WP_014386481.1,True
ERR10125140,sul2,core,AMR,SULFONAMIDE,SULFONAMIDE,EXACTX,100.0,100.0,WP_001043260.1,True
ERR10125140,aph(3'')-Ib,core,AMR,AMINOGLYCOSIDE,STREPTOMYCIN,EXACTX,100.0,100.0,WP_001082319.1,True
ERR10125140,aph(6)-Id,core,AMR,AMINOGLYCOSIDE,STREPTOMYCIN,EXACTX,100.0,100.0,WP_000480968.1,True
ERR10125140,aac(3)-IId,core,AMR,AMINOGLYCOSIDE,GENTAMICIN,EXACTX,100.0,100.0,WP_000557454.1,True
ERR10125140,blaSCO-1,core,AMR,BETA-LACTAM,BETA-LACTAM,ALLELEX,100.0,100.0,WP_004197546.1,True
ERR10125140,dfrA23,core,AMR,TRIMETHOPRIM,TRIMETHOPRIM,EXACTX,100.0,100.0,WP_001143450.1,True
ERR10125140,arr-2,core,AMR,RIFAMYCIN,RIFAMYCIN,ALLELEX,100.0,100.0,WP_000237816.1,True
ERR10125140,cmlA5,core,AMR,PHENICOL,CHLORAMPHENICOL,EXACTX,100.0,100.0,WP_012300772.1,True
ERR10125140,blaOXA-10,core,AMR,BETA-LACTAM,CEPHALOSPORIN,ALLELEX,100.0,100.0,WP_000846390.1,True
ERR10125140,aadA1,core,AMR,AMINOGLYCOSIDE,STREPTOMYCIN,EXACTX,100.0,100.0,WP_001209508.1,True
ERR10125140,mph(A),core,AMR,MACROLIDE,AZITHROMYCIN/ERYTHROMYCIN/SPIRAMYCIN/TELITHROMYCIN,EXACTX,100.0,100.0,WP_000219391.1,True
ERR10125140,blaCTX-M-15,core,AMR,BETA-LACTAM,CEPHALOSPORIN,ALLELEX,100.0,100.0,WP_000239590.1,True
ERR10125140,dfrA12,core,AMR,TRIMETHOPRIM,TRIMETHOPRIM,EXACTX,100.0,100.0,WP_001083725.1,True
ERR10125140,aadA2,core,AMR,AMINOGLYCOSIDE,STREPTOMYCIN,EXACTX,100.0,100.0,WP_001206356.1,True
ERR10125140,qacEdelta1,core,STRESS,QUATERNARY AMMONIUM,QUATERNARY AMMONIUM,ALLELEX,100.0,100.0,WP_000679427.1,True
ERR10125140,sul1,core,AMR,SULFONAMIDE,SULFONAMIDE,EXACTX,100.0,100.0,WP_000259031.1,True
ERR10125140,blaTEM-1,core,AMR,BETA-LACTAM,BETA-LACTAM,ALLELEX,100.0,100.0,WP_000027057.1,True
ERR10176866,sul2,core,AMR,SULFONAMIDE,SULFONAMIDE,EXACTX,100.0,100.0,WP_001043260.1,True
ERR10176866,aph(3'')-Ib,core,AMR,AMINOGLYCOSIDE,STREPTOMYCIN,EXACTX,100.0,100.0,WP_001082319.1,True
ERR10176866,aph(6)-Id,core,AMR,AMINOGLYCOSIDE,STREPTOMYCIN,EXACTX,100.0,100.0,WP_000480968.1,True
ERR10176866,qnrB1,core,AMR,QUINOLONE,QUINOLONE,ALLELEX,100.0,100.0,WP_014386481.1,True
ERR10176866,aac(3)-IId,core,AMR,AMINOGLYCOSIDE,GENTAMICIN,EXACTX,100.0,100.0,WP_000557454.1,True
ERR10176866,dfrA23,core,AMR,TRIMETHOPRIM,TRIMETHOPRIM,EXACTX,100.0,100.0,WP_001143450.1,True
ERR10176866,blaSCO-1,core,AMR,BETA-LACTAM,BETA-LACTAM,ALLELEX,100.0,100.0,WP_004197546.1,True
ERR10176866,aadA1,core,AMR,AMINOGLYCOSIDE,STREPTOMYCIN,EXACTX,100.0,100.0,WP_001209508.1,True
ERR10176866,blaOXA-10,core,AMR,BETA-LACTAM,CEPHALOSPORIN,ALLELEX,100.0,100.0,WP_000846390.1,True
ERR10176866,cmlA5,core,AMR,PHENICOL,CHLORAMPHENICOL,EXACTX,100.0,100.0,WP_012300772.1,True
ERR10176866,arr-2,core,AMR,RIFAMYCIN,RIFAMYCIN,ALLELEX,100.0,100.0,WP_000237816.1,True
ERR10176866,mph(A),core,AMR,MACROLIDE,AZITHROMYCIN/ERYTHROMYCIN/SPIRAMYCIN/TELITHROMYCIN,EXACTX,100.0,100.0,WP_000219391.1,True
ERR10176866,blaCTX-M-15,core,AMR,BETA-LACTAM,CEPHALOSPORIN,ALLELEX,100.0,100.0,WP_000239590.1,True
ERR10176866,catB3,core,AMR,PHENICOL,CHLORAMPHENICOL,PARTIALX,70.0,100.0,WP_000186237.1,False
ERR10176866,blaOXA-1,core,AMR,BETA-LACTAM,CEPHALOSPORIN,ALLELEX,100.0,100.0,WP_001334766.1,True
ERR10176866,aac(6')-Ib-cr5,core,AMR,AMINOGLYCOSIDE/QUINOLONE,AMIKACIN/KANAMYCIN/QUINOLONE/TOBRAMYCIN,ALLELEX,100.0,100.0,WP_063840321.1,True
ERR10176866,aadA2,core,AMR,AMINOGLYCOSIDE,STREPTOMYCIN,EXACTX,100.0,100.0,WP_001206356.1,True
ERR10176866,dfrA12,core,AMR,TRIMETHOPRIM,TRIMETHOPRIM,EXACTX,100.0,100.0,WP_001083725.1,True
ERR10176866,sul1,core,AMR,SULFONAMIDE,SULFONAMIDE,EXACTX,100.0,100.0,WP_000259031.1,True
ERR10176866,qacEdelta1,core,STRESS,QUATERNARY AMMONIUM,QUATERNARY AMMONIUM,ALLELEX,100.0,100.0,WP_000679427.1,True
ERR10176866,blaTEM-1,core,AMR,BETA-LACTAM,BETA-LACTAM,ALLELEX,100.0,100.0,WP_000027057.1,True
ERR10176869,floR,core,AMR,PHENICOL,CHLORAMPHENICOL/FLORFENICOL,EXACTX,100.0,100.0,WP_000214119.1,True
ERR10176869,tet(A),core,AMR,TETRACYCLINE,TETRACYCLINE,EXACTX,100.0,100.0,WP_000804063.1,True
ERR10176869,aph(6)-Id,core,AMR,AMINOGLYCOSIDE,STREPTOMYCIN,EXACTX,100.0,100.0,WP_000480968.1,True
ERR10176869,aph(3'')-Ib,core,AMR,AMINOGLYCOSIDE,STREPTOMYCIN,EXACTX,100.0,100.0,WP_001082319.1,True
ERR10176869,sul2,core,AMR,SULFONAMIDE,SULFONAMIDE,EXACTX,100.0,100.0,WP_001043260.1,True
ERR10176869,dfrA14,core,AMR,TRIMETHOPRIM,TRIMETHOPRIM,EXACTX,100.0,100.0,WP_004201280.1,True
ERR10176869,qnrB1,core,AMR,QUINOLONE,QUINOLONE,ALLELEX,100.0,100.0,WP_014386481.1,True
ERR10176869,dfrA23,core,AMR,TRIMETHOPRIM,TRIMETHOPRIM,EXACTX,100.0,100.0,WP_001143450.1,True
ERR10176869,sul1,core,AMR,SULFONAMIDE,SULFONAMIDE,EXACTX,100.0,100.0,WP_000259031.1,True
ERR10176869,qacEdelta1,core,STRESS,QUATERNARY AMMONIUM,QUATERNARY AMMONIUM,ALLELEX,100.0,100.0,WP_000679427.1,True
ERR10176869,blaSCO-1,core,AMR,BETA-LACTAM,BETA-LACTAM,ALLELEX,100.0,100.0,WP_004197546.1,True
ERR10176869,tet(A),core,AMR,TETRACYCLINE,TETRACYCLINE,EXACTX,100.0,100.0,WP_031942321.1,True
ERR10176869,blaCTX-M-15,core,AMR,BETA-LACTAM,CEPHALOSPORIN,ALLELEX,100.0,100.0,WP_000239590.1,True
ERR10176869,mph(A),core,AMR,MACROLIDE,AZITHROMYCIN/ERYTHROMYCIN/SPIRAMYCIN/TELITHROMYCIN,EXACTX,100.0,100.0,WP_000219391.1,True
ERR10176869,arr-2,core,AMR,RIFAMYCIN,RIFAMYCIN,ALLELEX,100.0,100.0,WP_000237816.1,True
ERR10176869,cmlA5,core,AMR,PHENICOL,CHLORAMPHENICOL,EXACTX,100.0,100.0,WP_012300772.1,True
ERR10176869,blaOXA-10,core,AMR,BETA-LACTAM,CEPHALOSPORIN,ALLELEX,100.0,100.0,WP_000846390.1,True
ERR10176869,catB3,core,AMR,PHENICOL,CHLORAMPHENICOL,PARTIALX,70.0,100.0,WP_000186237.1,False
ERR10176869,blaOXA-1,core,AMR,BETA-LACTAM,CEPHALOSPORIN,ALLELEX,100.0,100.0,WP_001334766.1,True
ERR10176869,aac(6')-Ib-cr5,core,AMR,AMINOGLYCOSIDE/QUINOLONE,AMIKACIN/KANAMYCIN/QUINOLONE/TOBRAMYCIN,ALLELEX,100.0,100.0,WP_063840321.1,True
ERR10176869,catA1,core,AMR,PHENICOL,CHLORAMPHENICOL,BLASTX,99.09,100.0,WP_000412211.1,True
ERR10176869,aadA1,core,AMR,AMINOGLYCOSIDE,STREPTOMYCIN,BLASTX,98.1,100.0,WP_001206316.1,True
ERR10176870,blaCTX-M-15,core,AMR,BETA-LACTAM,CEPHALOSPORIN,ALLELEX,100.0,100.0,WP_000239590.1,True
ERR10176870,blaTEM-1,core,AMR,BETA-LACTAM,BETA-LACTAM,ALLELEX,100.0,100.0,WP_000027057.1,True
ERR10176870,aph(6)-Id,core,AMR,AMINOGLYCOSIDE,STREPTOMYCIN,EXACTX,100.0,100.0,WP_000480968.1,True
ERR10176870,aph(3'')-Ib,core,AMR,AMINOGLYCOSIDE,STREPTOMYCIN,EXACTX,100.0,100.0,WP_001082319.1,True
ERR10176870,sul2,core,AMR,SULFONAMIDE,SULFONAMIDE,EXACTX,100.0,100.0,WP_001043260.1,True
ERR10176870,tet(A),core,AMR,TETRACYCLINE,TETRACYCLINE,EXACTX,100.0,100.0,WP_031942321.1,True
ERR10176870,mph(A),core,AMR,MACROLIDE,AZITHROMYCIN/ERYTHROMYCIN/SPIRAMYCIN/TELITHROMYCIN,EXACTX,100.0,100.0,WP_000219391.1,True
ERR10176870,aac(3)-IIe,core,AMR,AMINOGLYCOSIDE,GENTAMICIN,EXACTX,100.0,100.0,WP_000557452.1,True
ERR10176870,catB3,core,AMR,PHENICOL,CHLORAMPHENICOL,PARTIALX,70.0,100.0,WP_000186237.1,False
ERR10176870,blaOXA-1,core,AMR,BETA-LACTAM,CEPHALOSPORIN,ALLELEX,100.0,100.0,WP_001334766.1,True
ERR10176870,aac(6')-Ib-cr5,core,AMR,AMINOGLYCOSIDE/QUINOLONE,AMIKACIN/KANAMYCIN/QUINOLONE/TOBRAMYCIN,ALLELEX,100.0,100.0,WP_063840321.1,True
ERR10176870,qnrB1,core,AMR,QUINOLONE,QUINOLONE,ALLELEX,100.0,100.0,WP_014386481.1,True
ERR10176870,dfrA14,core,AMR,TRIMETHOPRIM,TRIMETHOPRIM,EXACTX,100.0,100.0,WP_004201280.1,True
ERR10176872,aph(6)-Id,core,AMR,AMINOGLYCOSIDE,STREPTOMYCIN,EXACTX,100.0,100.0,WP_000480968.1,True
ERR10176872,aph(3'')-Ib,core,AMR,AMINOGLYCOSIDE,STREPTOMYCIN,EXACTX,100.0,100.0,WP_001082319.1,True
ERR10176872,sul2,core,AMR,SULFONAMIDE,SULFONAMIDE,EXACTX,100.0,100.0,WP_001043260.1,True
ERR10176872,dfrA23,core,AMR,TRIMETHOPRIM,TRIMETHOPRIM,EXACTX,100.0,100.0,WP_001143450.1,True
ERR10176872,qnrB1,core,AMR,QUINOLONE,QUINOLONE,ALLELEX,100.0,100.0,WP_014386481.1,True
ERR10176872,aac(3)-IId,core,AMR,AMINOGLYCOSIDE,GENTAMICIN,EXACTX,100.0,100.0,WP_000557454.1,True
ERR10176872,blaSCO-1,core,AMR,BETA-LACTAM,BETA-LACTAM,ALLELEX,100.0,100.0,WP_004197546.1,True
ERR10176872,aadA1,core,AMR,AMINOGLYCOSIDE,STREPTOMYCIN,EXACTX,100.0,100.0,WP_001209508.1,True
ERR10176872,blaOXA-10,core,AMR,BETA-LACTAM,CEPHALOSPORIN,ALLELEX,100.0,100.0,WP_000846390.1,True
ERR10176872,cmlA5,core,AMR,PHENICOL,CHLORAMPHENICOL,EXACTX,100.0,100.0,WP_012300772.1,True
ERR10176872,arr-2,core,AMR,RIFAMYCIN,RIFAMYCIN,ALLELEX,100.0,100.0,WP_000237816.1,True
ERR10176872,mph(A),core,AMR,MACROLIDE,AZITHROMYCIN/ERYTHROMYCIN/SPIRAMYCIN/TELITHROMYCIN,EXACTX,100.0,100.0,WP_000219391.1,True
ERR10176872,blaCTX-M-15,core,AMR,BETA-LACTAM,CEPHALOSPORIN,ALLELEX,100.0,100.0,WP_000239590.1,True
ERR10176872,catB3,core,AMR,PHENICOL,CHLORAMPHENICOL,PARTIALX,70.0,100.0,WP_000186237.1,False
ERR10176872,blaOXA-1,core,AMR,BETA-LACTAM,CEPHALOSPORIN,ALLELEX,100.0,100.0,WP_001334766.1,True
ERR10176872,aac(6')-Ib-cr5,core,AMR,AMINOGLYCOSIDE/QUINOLONE,AMIKACIN/KANAMYCIN/QUINOLONE/TOBRAMYCIN,ALLELEX,100.0,100.0,WP_063840321.1,True
ERR10176872,dfrA12,core,AMR,TRIMETHOPRIM,TRIMETHOPRIM,EXACTX,100.0,100.0,WP_001083725.1,True
ERR10176872,aadA2,core,AMR,AMINOGLYCOSIDE,STREPTOMYCIN,EXACTX,100.0,100.0,WP_001206356.1,True
ERR10176872,qacEdelta1,core,STRESS,QUATERNARY AMMONIUM,QUATERNARY AMMONIUM,ALLELEX,100.0,100.0,WP_000679427.1,True
ERR10176872,sul1,core,AMR,SULFONAMIDE,SULFONAMIDE,EXACTX,100.0,100.0,WP_000259031.1,True
ERR10176872,blaTEM-1,core,AMR,BETA-LACTAM,BETA-LACTAM,ALLELEX,100.0,100.0,WP_000027057.1,True
ERR10368770,aadA1,core,AMR,AMINOGLYCOSIDE,STREPTOMYCIN,EXACTX,100.0,100.0,WP_001206316.1,True
ERR10368770,aac(3)-VIa,core,AMR,AMINOGLYCOSIDE,GENTAMICIN,BLASTX,100.0,98.66,WP_000131886.1,True
ERR10368770,qacEdelta1,core,STRESS,QUATERNARY AMMONIUM,QUATERNARY AMMONIUM,ALLELEX,100.0,100.0,WP_000679427.1,True
ERR10368770,sul1,core,AMR,SULFONAMIDE,SULFONAMIDE,EXACTX,100.0,100.0,WP_000259031.1,True
ERR10368770,blaCTX-M-2,core,AMR,BETA-LACTAM,CEPHALOSPORIN,ALLELEX,100.0,100.0,WP_025368620.1,True
ERR10368770,qacEdelta1,core,STRESS,QUATERNARY AMMONIUM,QUATERNARY AMMONIUM,ALLELEX,100.0,100.0,WP_000679427.1,True
ERR10368770,sul1,core,AMR,SULFONAMIDE,SULFONAMIDE,EXACTX,100.0,100.0,WP_000259031.1,True
ERR10368770,qnrB19,core,AMR,QUINOLONE,QUINOLONE,ALLELEX,100.0,100.0,WP_012954666.1,True
ERR10438737,sul2,core,AMR,SULFONAMIDE,SULFONAMIDE,EXACTX,100.0,100.0,WP_001043260.1,True
ERR10438737,aph(3'')-Ib,core,AMR,AMINOGLYCOSIDE,STREPTOMYCIN,EXACTX,100.0,100.0,WP_001082319.1,True
ERR10438737,aph(6)-Id,core,AMR,AMINOGLYCOSIDE,STREPTOMYCIN,EXACTX,100.0,100.0,WP_000480968.1,True
ERR10438737,tet(A),core,AMR,TETRACYCLINE,TETRACYCLINE,EXACTX,100.0,100.0,WP_000804063.1,True
ERR10438737,floR,core,AMR,PHENICOL,CHLORAMPHENICOL/FLORFENICOL,EXACTX,100.0,100.0,WP_000214119.1,True
ERR10438737,dfrA23,core,AMR,TRIMETHOPRIM,TRIMETHOPRIM,EXACTX,100.0,100.0,WP_001143450.1,True
ERR10438737,sul1,core,AMR,SULFONAMIDE,SULFONAMIDE,EXACTX,100.0,100.0,WP_000259031.1,True
ERR10438737,qacEdelta1,core,STRESS,QUATERNARY AMMONIUM,QUATERNARY AMMONIUM,ALLELEX,100.0,100.0,WP_000679427.1,True
ERR10438737,aadA1,core,AMR,AMINOGLYCOSIDE,STREPTOMYCIN,EXACTX,100.0,100.0,WP_001209508.1,True
ERR10438737,blaOXA-10,core,AMR,BETA-LACTAM,CEPHALOSPORIN,ALLELEX,100.0,100.0,WP_000846390.1,True
ERR10438737,cmlA5,core,AMR,PHENICOL,CHLORAMPHENICOL,EXACTX,100.0,100.0,WP_012300772.1,True
ERR10438737,arr-2,core,AMR,RIFAMYCIN,RIFAMYCIN,ALLELEX,100.0,100.0,WP_000237816.1,True
ERR10438737,qnrB1,core,AMR,QUINOLONE,QUINOLONE,ALLELEX,100.0,100.0,WP_014386481.1,True
ERR10438737,blaCTX-M-15,core,AMR,BETA-LACTAM,CEPHALOSPORIN,ALLELEX,100.0,100.0,WP_000239590.1,True
ERR10438737,aac(3)-IIe,core,AMR,AMINOGLYCOSIDE,GENTAMICIN,EXACTX,100.0,100.0,WP_000557452.1,True
ERR10460483,aph(6)-Id,core,AMR,AMINOGLYCOSIDE,STREPTOMYCIN,EXACTX,100.0,100.0,WP_000480968.1,True
ERR10460483,aph(3'')-Ib,core,AMR,AMINOGLYCOSIDE,STREPTOMYCIN,EXACTX,100.0,100.0,WP_001082319.1,True
ERR10460483,sul2,core,AMR,SULFONAMIDE,SULFONAMIDE,EXACTX,100.0,100.0,WP_001043260.1,True
ERR10460483,dfrA12,core,AMR,TRIMETHOPRIM,TRIMETHOPRIM,EXACTX,100.0,100.0,WP_001083725.1,True
ERR10460483,aadA2,core,AMR,AMINOGLYCOSIDE,STREPTOMYCIN,EXACTX,100.0,100.0,WP_001206356.1,True
ERR10460483,qacEdelta1,core,STRESS,QUATERNARY AMMONIUM,QUATERNARY AMMONIUM,ALLELEX,100.0,100.0,WP_000679427.1,True
ERR10460483,sul1,core,AMR,SULFONAMIDE,SULFONAMIDE,EXACTX,100.0,100.0,WP_000259031.1,True
ERR10460483,aac(3)-IId,core,AMR,AMINOGLYCOSIDE,GENTAMICIN,EXACTX,100.0,100.0,WP_000557454.1,True
ERR10460483,blaSCO-1,core,AMR,BETA-LACTAM,BETA-LACTAM,ALLELEX,100.0,100.0,WP_004197546.1,True
ERR10460483,mph(A),core,AMR,MACROLIDE,AZITHROMYCIN/ERYTHROMYCIN/SPIRAMYCIN/TELITHROMYCIN,EXACTX,100.0,100.0,WP_000219391.1,True
ERR10460483,blaCTX-M-15,core,AMR,BETA-LACTAM,CEPHALOSPORIN,ALLELEX,100.0,100.0,WP_000239590.1,True
ERR10460483,aac(6')-Ib-cr5,core,AMR,AMINOGLYCOSIDE/QUINOLONE,AMIKACIN/KANAMYCIN/QUINOLONE/TOBRAMYCIN,ALLELEX,100.0,100.0,WP_063840321.1,True
ERR10460483,blaOXA-1,core,AMR,BETA-LACTAM,CEPHALOSPORIN,ALLELEX,100.0,100.0,WP_001334766.1,True
ERR10460483,catB3,core,AMR,PHENICOL,CHLORAMPHENICOL,PARTIALX,70.0,100.0,WP_000186237.1,False
ERR10460483,blaTEM-1,core,AMR,BETA-LACTAM,BETA-LACTAM,ALLELEX,100.0,100.0,WP_000027057.1,True
ERR10460687,sul2,core,AMR,SULFONAMIDE,SULFONAMIDE,EXACTX,100.0,100.0,WP_001043260.1,True
ERR10460687,aph(3'')-Ib,core,AMR,AMINOGLYCOSIDE,STREPTOMYCIN,EXACTX,100.0,100.0,WP_001082319.1,True
ERR10460687,aph(6)-Id,core,AMR,AMINOGLYCOSIDE,STREPTOMYCIN,EXACTX,100.0,100.0,WP_000480968.1,True
ERR10460687,qnrB1,core,AMR,QUINOLONE,QUINOLONE,ALLELEX,100.0,100.0,WP_014386481.1,True
ERR10460687,aac(3)-IId,core,AMR,AMINOGLYCOSIDE,GENTAMICIN,EXACTX,100.0,100.0,WP_000557454.1,True
ERR10460687,dfrA23,core,AMR,TRIMETHOPRIM,TRIMETHOPRIM,EXACTX,100.0,100.0,WP_001143450.1,True
ERR10460687,blaSCO-1,core,AMR,BETA-LACTAM,BETA-LACTAM,ALLELEX,100.0,100.0,WP_004197546.1,True
ERR10460687,arr-2,core,AMR,RIFAMYCIN,RIFAMYCIN,ALLELEX,100.0,100.0,WP_000237816.1,True
ERR10460687,cmlA5,core,AMR,PHENICOL,CHLORAMPHENICOL,EXACTX,100.0,100.0,WP_012300772.1,True
ERR10460687,blaOXA-10,core,AMR,BETA-LACTAM,CEPHALOSPORIN,ALLELEX,100.0,100.0,WP_000846390.1,True
ERR10460687,aadA1,core,AMR,AMINOGLYCOSIDE,STREPTOMYCIN,EXACTX,100.0,100.0,WP_001209508.1,True
ERR10460687,mph(A),core,AMR,MACROLIDE,AZITHROMYCIN/ERYTHROMYCIN/SPIRAMYCIN/TELITHROMYCIN,EXACTX,100.0,100.0,WP_000219391.1,True
ERR10460687,blaCTX-M-15,core,AMR,BETA-LACTAM,CEPHALOSPORIN,ALLELEX,100.0,100.0,WP_000239590.1,True
ERR10460687,catB3,core,AMR,PHENICOL,CHLORAMPHENICOL,PARTIALX,70.0,100.0,WP_000186237.1,False
ERR10460687,blaOXA-1,core,AMR,BETA-LACTAM,CEPHALOSPORIN,ALLELEX,100.0,100.0,WP_001334766.1,True
ERR10460687,aac(6')-Ib-cr5,core,AMR,AMINOGLYCOSIDE/QUINOLONE,AMIKACIN/KANAMYCIN/QUINOLONE/TOBRAMYCIN,ALLELEX,100.0,100.0,WP_063840321.1,True
ERR10460687,dfrA12,core,AMR,TRIMETHOPRIM,TRIMETHOPRIM,EXACTX,100.0,100.0,WP_001083725.1,True
ERR10460687,aadA2,core,AMR,AMINOGLYCOSIDE,STREPTOMYCIN,EXACTX,100.0,100.0,WP_001206356.1,True
ERR10460687,qacEdelta1,core,STRESS,QUATERNARY AMMONIUM,QUATERNARY AMMONIUM,ALLELEX,100.0,100.0,WP_000679427.1,True
ERR10460687,sul1,core,AMR,SULFONAMIDE,SULFONAMIDE,EXACTX,100.0,100.0,WP_000259031.1,True
ERR10460687,blaTEM-1,core,AMR,BETA-LACTAM,BETA-LACTAM,ALLELEX,100.0,100.0,WP_000027057.1,True
ERR10460765,aph(6)-Id,core,AMR,AMINOGLYCOSIDE,STREPTOMYCIN,EXACTX,100.0,100.0,WP_000480968.1,True
ERR10460765,aph(3'')-Ib,core,AMR,AMINOGLYCOSIDE,STREPTOMYCIN,EXACTX,100.0,100.0,WP_001082319.1,True
ERR10460765,sul2,core,AMR,SULFONAMIDE,SULFONAMIDE,EXACTX,100.0,100.0,WP_001043260.1,True
ERR10460765,dfrA23,core,AMR,TRIMETHOPRIM,TRIMETHOPRIM,EXACTX,100.0,100.0,WP_001143450.1,True
ERR10460765,qnrB1,core,AMR,QUINOLONE,QUINOLONE,ALLELEX,100.0,100.0,WP_014386481.1,True
ERR10460765,aac(3)-IId,core,AMR,AMINOGLYCOSIDE,GENTAMICIN,EXACTX,100.0,100.0,WP_000557454.1,True
ERR10460765,blaSCO-1,core,AMR,BETA-LACTAM,BETA-LACTAM,ALLELEX,100.0,100.0,WP_004197546.1,True
ERR10460765,arr-2,core,AMR,RIFAMYCIN,RIFAMYCIN,ALLELEX,100.0,100.0,WP_000237816.1,True
ERR10460765,cmlA5,core,AMR,PHENICOL,CHLORAMPHENICOL,EXACTX,100.0,100.0,WP_012300772.1,True
ERR10460765,blaOXA-10,core,AMR,BETA-LACTAM,CEPHALOSPORIN,ALLELEX,100.0,100.0,WP_000846390.1,True
ERR10460765,aadA1,core,AMR,AMINOGLYCOSIDE,STREPTOMYCIN,EXACTX,100.0,100.0,WP_001209508.1,True
ERR10460765,mph(A),core,AMR,MACROLIDE,AZITHROMYCIN/ERYTHROMYCIN/SPIRAMYCIN/TELITHROMYCIN,EXACTX,100.0,100.0,WP_000219391.1,True
ERR10460765,blaCTX-M-15,core,AMR,BETA-LACTAM,CEPHALOSPORIN,ALLELEX,100.0,100.0,WP_000239590.1,True
ERR10460765,aac(6')-Ib-cr5,core,AMR,AMINOGLYCOSIDE/QUINOLONE,AMIKACIN/KANAMYCIN/QUINOLONE/TOBRAMYCIN,ALLELEX,100.0,100.0,WP_063840321.1,True
ERR10460765,blaOXA-1,core,AMR,BETA-LACTAM,CEPHALOSPORIN,ALLELEX,100.0,100.0,WP_001334766.1,True
ERR10460765,catB3,core,AMR,PHENICOL,CHLORAMPHENICOL,PARTIALX,70.0,100.0,WP_000186237.1,False
ERR10460765,dfrA12,core,AMR,TRIMETHOPRIM,TRIMETHOPRIM,EXACTX,100.0,100.0,WP_001083725.1,True
ERR10460765,aadA2,core,AMR,AMINOGLYCOSIDE,STREPTOMYCIN,EXACTX,100.0,100.0,WP_001206356.1,True
ERR10460765,qacEdelta1,core,STRESS,QUATERNARY AMMONIUM,QUATERNARY AMMONIUM,ALLELEX,100.0,100.0,WP_000679427.1,True
ERR10460765,sul1,core,AMR,SULFONAMIDE,SULFONAMIDE,EXACTX,100.0,100.0,WP_000259031.1,True
ERR10460765,blaTEM-1,core,AMR,BETA-LACTAM,BETA-LACTAM,ALLELEX,100.0,100.0,WP_000027057.1,True
ERR10460856,sul2,core,AMR,SULFONAMIDE,SULFONAMIDE,EXACTX,100.0,100.0,WP_001043260.1,True
ERR10460856,aph(3'')-Ib,core,AMR,AMINOGLYCOSIDE,STREPTOMYCIN,EXACTX,100.0,100.0,WP_001082319.1,True
ERR10460856,aph(6)-Id,core,AMR,AMINOGLYCOSIDE,STREPTOMYCIN,EXACTX,100.0,100.0,WP_000480968.1,True
ERR10460856,blaTEM-1,core,AMR,BETA-LACTAM,BETA-LACTAM,ALLELEX,100.0,100.0,WP_000027057.1,True
ERR10460856,blaCTX-M-15,core,AMR,BETA-LACTAM,CEPHALOSPORIN,ALLELEX,100.0,100.0,WP_000239590.1,True
ERR10460856,tet(A),core,AMR,TETRACYCLINE,TETRACYCLINE,EXACTX,100.0,100.0,WP_031942321.1,True
ERR10460856,mph(A),core,AMR,MACROLIDE,AZITHROMYCIN/ERYTHROMYCIN/SPIRAMYCIN/TELITHROMYCIN,EXACTX,100.0,100.0,WP_000219391.1,True
ERR10460856,aac(3)-IIe,core,AMR,AMINOGLYCOSIDE,GENTAMICIN,EXACTX,100.0,100.0,WP_000557452.1,True
ERR10460856,catB3,core,AMR,PHENICOL,CHLORAMPHENICOL,PARTIALX,70.0,100.0,WP_000186237.1,False
ERR10460856,blaOXA-1,core,AMR,BETA-LACTAM,CEPHALOSPORIN,ALLELEX,100.0,100.0,WP_001334766.1,True
ERR10460856,aac(6')-Ib-cr5,core,AMR,AMINOGLYCOSIDE/QUINOLONE,AMIKACIN/KANAMYCIN/QUINOLONE/TOBRAMYCIN,ALLELEX,100.0,100.0,WP_063840321.1,True
ERR10460856,qnrB1,core,AMR,QUINOLONE,QUINOLONE,ALLELEX,100.0,100.0,WP_014386481.1,True
ERR10460856,dfrA14,core,AMR,TRIMETHOPRIM,TRIMETHOPRIM,EXACTX,100.0,100.0,WP_004201280.1,True
ERR10460875,aph(6)-Id,core,AMR,AMINOGLYCOSIDE,STREPTOMYCIN,EXACTX,100.0,100.0,WP_000480968.1,True
ERR10460875,aph(3'')-Ib,core,AMR,AMINOGLYCOSIDE,STREPTOMYCIN,EXACTX,100.0,100.0,WP_001082319.1,True
ERR10460875,sul2,core,AMR,SULFONAMIDE,SULFONAMIDE,EXACTX,100.0,100.0,WP_001043260.1,True
ERR10460875,qnrB1,core,AMR,QUINOLONE,QUINOLONE,ALLELEX,100.0,100.0,WP_014386481.1,True
ERR10460875,aac(3)-IId,core,AMR,AMINOGLYCOSIDE,GENTAMICIN,EXACTX,100.0,100.0,WP_000557454.1,True
ERR10460875,dfrA23,core,AMR,TRIMETHOPRIM,TRIMETHOPRIM,EXACTX,100.0,100.0,WP_001143450.1,True
ERR10460875,blaSCO-1,core,AMR,BETA-LACTAM,BETA-LACTAM,ALLELEX,100.0,100.0,WP_004197546.1,True
ERR10460875,aadA1,core,AMR,AMINOGLYCOSIDE,STREPTOMYCIN,EXACTX,100.0,100.0,WP_001209508.1,True
ERR10460875,blaOXA-10,core,AMR,BETA-LACTAM,CEPHALOSPORIN,ALLELEX,100.0,100.0,WP_000846390.1,True
ERR10460875,cmlA5,core,AMR,PHENICOL,CHLORAMPHENICOL,EXACTX,100.0,100.0,WP_012300772.1,True
ERR10460875,arr-2,core,AMR,RIFAMYCIN,RIFAMYCIN,ALLELEX,100.0,100.0,WP_000237816.1,True
ERR10460875,mph(A),core,AMR,MACROLIDE,AZITHROMYCIN/ERYTHROMYCIN/SPIRAMYCIN/TELITHROMYCIN,EXACTX,100.0,100.0,WP_000219391.1,True
ERR10460875,blaCTX-M-15,core,AMR,BETA-LACTAM,CEPHALOSPORIN,ALLELEX,100.0,100.0,WP_000239590.1,True
ERR10460875,aac(6')-Ib-cr5,core,AMR,AMINOGLYCOSIDE/QUINOLONE,AMIKACIN/KANAMYCIN/QUINOLONE/TOBRAMYCIN,ALLELEX,100.0,100.0,WP_063840321.1,True
ERR10460875,blaOXA-1,core,AMR,BETA-LACTAM,CEPHALOSPORIN,ALLELEX,100.0,100.0,WP_001334766.1,True
ERR10460875,catB3,core,AMR,PHENICOL,CHLORAMPHENICOL,PARTIALX,70.0,100.0,WP_000186237.1,False
ERR10460875,dfrA12,core,AMR,TRIMETHOPRIM,TRIMETHOPRIM,EXACTX,100.0,100.0,WP_001083725.1,True
ERR10460875,aadA2,core,AMR,AMINOGLYCOSIDE,STREPTOMYCIN,EXACTX,100.0,100.0,WP_001206356.1,True
ERR10460875,sul1,core,AMR,SULFONAMIDE,SULFONAMIDE,EXACTX,100.0,100.0,WP_000259031.1,True
ERR10460875,qacEdelta1,core,STRESS,QUATERNARY AMMONIUM,QUATERNARY AMMONIUM,ALLELEX,100.0,100.0,WP_000679427.1,True
ERR10460875,blaTEM-1,core,AMR,BETA-LACTAM,BETA-LACTAM,ALLELEX,100.0,100.0,WP_000027057.1,True
ERR10460887,blaTEM-1,core,AMR,BETA-LACTAM,BETA-LACTAM,ALLELEX,100.0,100.0,WP_000027057.1,True
ERR10460887,aph(6)-Id,core,AMR,AMINOGLYCOSIDE,STREPTOMYCIN,EXACTX,100.0,100.0,WP_000480968.1,True
ERR10460887,aph(3'')-Ib,core,AMR,AMINOGLYCOSIDE,STREPTOMYCIN,EXACTX,100.0,100.0,WP_001082319.1,True
ERR10460887,sul2,core,AMR,SULFONAMIDE,SULFONAMIDE,EXACTX,100.0,100.0,WP_001043260.1,True
ERR10460887,dfrA23,core,AMR,TRIMETHOPRIM,TRIMETHOPRIM,EXACTX,100.0,100.0,WP_001143450.1,True
ERR10460887,sul1,core,AMR,SULFONAMIDE,SULFONAMIDE,EXACTX,100.0,100.0,WP_000259031.1,True
ERR10460887,qacEdelta1,core,STRESS,QUATERNARY AMMONIUM,QUATERNARY AMMONIUM,ALLELEX,100.0,100.0,WP_000679427.1,True
ERR10460887,aadA1,core,AMR,AMINOGLYCOSIDE,STREPTOMYCIN,EXACTX,100.0,100.0,WP_001209508.1,True
ERR10460887,blaOXA-10,core,AMR,BETA-LACTAM,CEPHALOSPORIN,ALLELEX,100.0,100.0,WP_000846390.1,True
ERR10460887,cmlA5,core,AMR,PHENICOL,CHLORAMPHENICOL,EXACTX,100.0,100.0,WP_012300772.1,True
ERR10460887,arr-2,core,AMR,RIFAMYCIN,RIFAMYCIN,ALLELEX,100.0,100.0,WP_000237816.1,True
ERR10460887,blaSCO-1,core,AMR,BETA-LACTAM,BETA-LACTAM,ALLELEX,100.0,100.0,WP_004197546.1,True
ERR10460887,blaCTX-M-15,core,AMR,BETA-LACTAM,CEPHALOSPORIN,ALLELEX,100.0,100.0,WP_000239590.1,True
ERR10460887,catB3,core,AMR,PHENICOL,CHLORAMPHENICOL,PARTIALX,70.0,100.0,WP_000186237.1,False
ERR10460887,blaOXA-1,core,AMR,BETA-LACTAM,CEPHALOSPORIN,ALLELEX,100.0,100.0,WP_001334766.1,True
ERR10460887,aac(6')-Ib-cr5,core,AMR,AMINOGLYCOSIDE/QUINOLONE,AMIKACIN/KANAMYCIN/QUINOLONE/TOBRAMYCIN,ALLELEX,100.0,100.0,WP_063840321.1,True
ERR10460902,sul2,core,AMR,SULFONAMIDE,SULFONAMIDE,EXACTX,100.0,100.0,WP_001043260.1,True
ERR10460902,aph(3'')-Ib,core,AMR,AMINOGLYCOSIDE,STREPTOMYCIN,EXACTX,100.0,100.0,WP_001082319.1,True
ERR10460902,aph(6)-Id,core,AMR,AMINOGLYCOSIDE,STREPTOMYCIN,EXACTX,100.0,100.0,WP_000480968.1,True
ERR10460902,blaTEM-1,core,AMR,BETA-LACTAM,BETA-LACTAM,ALLELEX,100.0,100.0,WP_000027057.1,True
ERR10460902,blaCTX-M-15,core,AMR,BETA-LACTAM,CEPHALOSPORIN,ALLELEX,100.0,100.0,WP_000239590.1,True
ERR10460902,tet(A),core,AMR,TETRACYCLINE,TETRACYCLINE,EXACTX,100.0,100.0,WP_031942321.1,True
ERR10460902,mph(A),core,AMR,MACROLIDE,AZITHROMYCIN/ERYTHROMYCIN/SPIRAMYCIN/TELITHROMYCIN,EXACTX,100.0,100.0,WP_000219391.1,True
ERR10460902,aac(3)-IIe,core,AMR,AMINOGLYCOSIDE,GENTAMICIN,EXACTX,100.0,100.0,WP_000557452.1,True
ERR10460902,catB3,core,AMR,PHENICOL,CHLORAMPHENICOL,PARTIALX,70.0,100.0,WP_000186237.1,False
ERR10460902,blaOXA-1,core,AMR,BETA-LACTAM,CEPHALOSPORIN,ALLELEX,100.0,100.0,WP_001334766.1,True
ERR10460902,aac(6')-Ib-cr5,core,AMR,AMINOGLYCOSIDE/QUINOLONE,AMIKACIN/KANAMYCIN/QUINOLONE/TOBRAMYCIN,ALLELEX,100.0,100.0,WP_063840321.1,True
ERR10460902,qnrB1,core,AMR,QUINOLONE,QUINOLONE,ALLELEX,100.0,100.0,WP_014386481.1,True
ERR10460902,dfrA14,core,AMR,TRIMETHOPRIM,TRIMETHOPRIM,EXACTX,100.0,100.0,WP_004201280.1,True
ERR10880116,blaCTX-M-15,core,AMR,BETA-LACTAM,CEPHALOSPORIN,ALLELEX,100.0,100.0,WP_000239590.1,True
ERR10880116,tet(A),core,AMR,TETRACYCLINE,TETRACYCLINE,EXACTX,100.0,100.0,WP_000804063.1,True
ERR10880116,aph(6)-Id,core,AMR,AMINOGLYCOSIDE,STREPTOMYCIN,EXACTX,100.0,100.0,WP_000480968.1,True
ERR10880116,aph(3'')-Ib,core,AMR,AMINOGLYCOSIDE,STREPTOMYCIN,EXACTX,100.0,100.0,WP_001082319.1,True
ERR10880116,sul2,core,AMR,SULFONAMIDE,SULFONAMIDE,EXACTX,100.0,100.0,WP_001043260.1,True
ERR10880116,arr-2,core,AMR,RIFAMYCIN,RIFAMYCIN,ALLELEX,100.0,100.0,WP_000237816.1,True
ERR10880116,cmlA5,core,AMR,PHENICOL,CHLORAMPHENICOL,EXACTX,100.0,100.0,WP_012300772.1,True
ERR10880116,blaOXA-10,core,AMR,BETA-LACTAM,CEPHALOSPORIN,ALLELEX,100.0,100.0,WP_000846390.1,True
ERR10880116,aadA1,core,AMR,AMINOGLYCOSIDE,STREPTOMYCIN,EXACTX,100.0,100.0,WP_001209508.1,True
ERR10880116,qacEdelta1,core,STRESS,QUATERNARY AMMONIUM,QUATERNARY AMMONIUM,ALLELEX,100.0,100.0,WP_000679427.1,True
ERR10880116,sul1,core,AMR,SULFONAMIDE,SULFONAMIDE,EXACTX,100.0,100.0,WP_000259031.1,True
ERR10880116,dfrA23,core,AMR,TRIMETHOPRIM,TRIMETHOPRIM,EXACTX,100.0,100.0,WP_001143450.1,True
ERR10880116,qnrB1,core,AMR,QUINOLONE,QUINOLONE,ALLELEX,100.0,100.0,WP_014386481.1,True
ERR10880116,aac(3)-IIe,core,AMR,AMINOGLYCOSIDE,GENTAMICIN,EXACTX,100.0,100.0,WP_000557452.1,True
ERR10880116,catB3,core,AMR,PHENICOL,CHLORAMPHENICOL,PARTIALX,70.0,100.0,WP_000186237.1,False
ERR10880116,blaOXA-1,core,AMR,BETA-LACTAM,CEPHALOSPORIN,ALLELEX,100.0,100.0,WP_001334766.1,True
ERR10880116,aac(6')-Ib-cr5,core,AMR,AMINOGLYCOSIDE/QUINOLONE,AMIKACIN/KANAMYCIN/QUINOLONE/TOBRAMYCIN,ALLELEX,100.0,100.0,WP_063840321.1,True
ERR10880156,blaTEM-1,core,AMR,BETA-LACTAM,BETA-LACTAM,ALLELEX,100.0,100.0,WP_000027057.1,True
ERR10880156,aph(6)-Id,core,AMR,AMINOGLYCOSIDE,STREPTOMYCIN,EXACTX,100.0,100.0,WP_000480968.1,True
ERR10880156,aph(3'')-Ib,core,AMR,AMINOGLYCOSIDE,STREPTOMYCIN,EXACTX,100.0,100.0,WP_001082319.1,True
ERR10880156,sul2,core,AMR,SULFONAMIDE,SULFONAMIDE,EXACTX,100.0,100.0,WP_001043260.1,True
ERR10880156,dfrA23,core,AMR,TRIMETHOPRIM,TRIMETHOPRIM,EXACTX,100.0,100.0,WP_001143450.1,True
ERR10880156,sul1,core,AMR,SULFONAMIDE,SULFONAMIDE,EXACTX,100.0,100.0,WP_000259031.1,True
ERR10880156,qacEdelta1,core,STRESS,QUATERNARY AMMONIUM,QUATERNARY AMMONIUM,ALLELEX,100.0,100.0,WP_000679427.1,True
ERR10880156,aadA1,core,AMR,AMINOGLYCOSIDE,STREPTOMYCIN,EXACTX,100.0,100.0,WP_001209508.1,True
ERR10880156,blaOXA-10,core,AMR,BETA-LACTAM,CEPHALOSPORIN,ALLELEX,100.0,100.0,WP_000846390.1,True
ERR10880156,cmlA5,core,AMR,PHENICOL,CHLORAMPHENICOL,EXACTX,100.0,100.0,WP_012300772.1,True
ERR10880156,arr-2,core,AMR,RIFAMYCIN,RIFAMYCIN,ALLELEX,100.0,100.0,WP_000237816.1,True
ERR10880156,blaSCO-1,core,AMR,BETA-LACTAM,BETA-LACTAM,ALLELEX,100.0,100.0,WP_004197546.1,True
ERR10880156,blaCTX-M-15,core,AMR,BETA-LACTAM,CEPHALOSPORIN,ALLELEX,100.0,100.0,WP_000239590.1,True
ERR10880156,catB3,core,AMR,PHENICOL,CHLORAMPHENICOL,PARTIALX,70.0,100.0,WP_000186237.1,False
ERR10880156,blaOXA-1,core,AMR,BETA-LACTAM,CEPHALOSPORIN,ALLELEX,100.0,100.0,WP_001334766.1,True
ERR10880156,aac(6')-Ib-cr5,core,AMR,AMINOGLYCOSIDE/QUINOLONE,AMIKACIN/KANAMYCIN/QUINOLONE/TOBRAMYCIN,ALLELEX,100.0,100.0,WP_063840321.1,True
ERR10880157,sul2,core,AMR,SULFONAMIDE,SULFONAMIDE,EXACTX,100.0,100.0,WP_001043260.1,True
ERR10880157,aph(3'')-Ib,core,AMR,AMINOGLYCOSIDE,STREPTOMYCIN,EXACTX,100.0,100.0,WP_001082319.1,True
ERR10880157,aph(6)-Id,core,AMR,AMINOGLYCOSIDE,STREPTOMYCIN,EXACTX,100.0,100.0,WP_000480968.1,True
ERR10880157,tet(A),core,AMR,TETRACYCLINE,TETRACYCLINE,EXACTX,100.0,100.0,WP_000804063.1,True
ERR10880157,floR,core,AMR,PHENICOL,CHLORAMPHENICOL/FLORFENICOL,EXACTX,100.0,100.0,WP_000214119.1,True
ERR10880157,dfrA14,core,AMR,TRIMETHOPRIM,TRIMETHOPRIM,EXACTX,100.0,100.0,WP_004201280.1,True
ERR10880157,qnrB1,core,AMR,QUINOLONE,QUINOLONE,ALLELEX,100.0,100.0,WP_014386481.1,True
ERR10880157,qacEdelta1,core,STRESS,QUATERNARY AMMONIUM,QUATERNARY AMMONIUM,ALLELEX,100.0,100.0,WP_000679427.1,True
ERR10880157,sul1,core,AMR,SULFONAMIDE,SULFONAMIDE,EXACTX,100.0,100.0,WP_000259031.1,True
ERR10880157,dfrA23,core,AMR,TRIMETHOPRIM,TRIMETHOPRIM,EXACTX,100.0,100.0,WP_001143450.1,True
ERR10880157,blaSCO-1,core,AMR,BETA-LACTAM,BETA-LACTAM,ALLELEX,100.0,100.0,WP_004197546.1,True
ERR10880157,tet(A),core,AMR,TETRACYCLINE,TETRACYCLINE,EXACTX,100.0,100.0,WP_031942321.1,True
ERR10880157,blaCTX-M-15,core,AMR,BETA-LACTAM,CEPHALOSPORIN,ALLELEX,100.0,100.0,WP_000239590.1,True
ERR10880157,arr-2,core,AMR,RIFAMYCIN,RIFAMYCIN,ALLELEX,100.0,100.0,WP_000237816.1,True
ERR10880157,cmlA5,core,AMR,PHENICOL,CHLORAMPHENICOL,EXACTX,100.0,100.0,WP_012300772.1,True
ERR10880157,blaOXA-10,core,AMR,BETA-LACTAM,CEPHALOSPORIN,ALLELEX,100.0,100.0,WP_000846390.1,True
ERR10880157,catB3,core,AMR,PHENICOL,CHLORAMPHENICOL,PARTIALX,70.0,100.0,WP_000186237.1,False
ERR10880157,blaOXA-1,core,AMR,BETA-LACTAM,CEPHALOSPORIN,ALLELEX,100.0,100.0,WP_001334766.1,True
ERR10880157,aac(6')-Ib-cr5,core,AMR,AMINOGLYCOSIDE/QUINOLONE,AMIKACIN/KANAMYCIN/QUINOLONE/TOBRAMYCIN,ALLELEX,100.0,100.0,WP_063840321.1,True
ERR10880157,catA1,core,AMR,PHENICOL,CHLORAMPHENICOL,BLASTX,99.09,100.0,WP_000412211.1,True
ERR10880157,aadA1,core,AMR,AMINOGLYCOSIDE,STREPTOMYCIN,BLASTX,98.1,100.0,WP_001206316.1,True
ERR10880181,aph(6)-Id,core,AMR,AMINOGLYCOSIDE,STREPTOMYCIN,EXACTX,100.0,100.0,WP_000480968.1,True
ERR10880181,aph(3'')-Ib,core,AMR,AMINOGLYCOSIDE,STREPTOMYCIN,EXACTX,100.0,100.0,WP_001082319.1,True
ERR10880181,sul2,core,AMR,SULFONAMIDE,SULFONAMIDE,EXACTX,100.0,100.0,WP_001043260.1,True
ERR10880181,qnrB1,core,AMR,QUINOLONE,QUINOLONE,ALLELEX,100.0,100.0,WP_014386481.1,True
ERR10880181,aac(3)-IId,core,AMR,AMINOGLYCOSIDE,GENTAMICIN,EXACTX,100.0,100.0,WP_000557454.1,True
ERR10880181,dfrA23,core,AMR,TRIMETHOPRIM,TRIMETHOPRIM,EXACTX,100.0,100.0,WP_001143450.1,True
ERR10880181,blaSCO-1,core,AMR,BETA-LACTAM,BETA-LACTAM,ALLELEX,100.0,100.0,WP_004197546.1,True
ERR10880181,arr-2,core,AMR,RIFAMYCIN,RIFAMYCIN,ALLELEX,100.0,100.0,WP_000237816.1,True
ERR10880181,cmlA5,core,AMR,PHENICOL,CHLORAMPHENICOL,EXACTX,100.0,100.0,WP_012300772.1,True
ERR10880181,blaOXA-10,core,AMR,BETA-LACTAM,CEPHALOSPORIN,ALLELEX,100.0,100.0,WP_000846390.1,True
ERR10880181,aadA1,core,AMR,AMINOGLYCOSIDE,STREPTOMYCIN,EXACTX,100.0,100.0,WP_001209508.1,True
ERR10880181,mph(A),core,AMR,MACROLIDE,AZITHROMYCIN/ERYTHROMYCIN/SPIRAMYCIN/TELITHROMYCIN,EXACTX,100.0,100.0,WP_000219391.1,True
ERR10880181,blaCTX-M-15,core,AMR,BETA-LACTAM,CEPHALOSPORIN,ALLELEX,100.0,100.0,WP_000239590.1,True
ERR10880181,catB3,core,AMR,PHENICOL,CHLORAMPHENICOL,PARTIALX,70.0,100.0,WP_000186237.1,False
ERR10880181,blaOXA-1,core,AMR,BETA-LACTAM,CEPHALOSPORIN,ALLELEX,100.0,100.0,WP_001334766.1,True
ERR10880181,aac(6')-Ib-cr5,core,AMR,AMINOGLYCOSIDE/QUINOLONE,AMIKACIN/KANAMYCIN/QUINOLONE/TOBRAMYCIN,ALLELEX,100.0,100.0,WP_063840321.1,True
ERR10880181,dfrA12,core,AMR,TRIMETHOPRIM,TRIMETHOPRIM,EXACTX,100.0,100.0,WP_001083725.1,True
ERR10880181,aadA2,core,AMR,AMINOGLYCOSIDE,STREPTOMYCIN,EXACTX,100.0,100.0,WP_001206356.1,True
ERR10880181,qacEdelta1,core,STRESS,QUATERNARY AMMONIUM,QUATERNARY AMMONIUM,ALLELEX,100.0,100.0,WP_000679427.1,True
ERR10880181,sul1,core,AMR,SULFONAMIDE,SULFONAMIDE,EXACTX,100.0,100.0,WP_000259031.1,True
ERR10880181,blaTEM-1,core,AMR,BETA-LACTAM,BETA-LACTAM,ALLELEX,100.0,100.0,WP_000027057.1,True
ERR10880183,dfrA23,core,AMR,TRIMETHOPRIM,TRIMETHOPRIM,EXACTX,100.0,100.0,WP_001143450.1,True
ERR10880183,sul1,core,AMR,SULFONAMIDE,SULFONAMIDE,EXACTX,100.0,100.0,WP_000259031.1,True
ERR10880183,qacEdelta1,core,STRESS,QUATERNARY AMMONIUM,QUATERNARY AMMONIUM,ALLELEX,100.0,100.0,WP_000679427.1,True
ERR10880183,aadA1,core,AMR,AMINOGLYCOSIDE,STREPTOMYCIN,EXACTX,100.0,100.0,WP_001209508.1,True
ERR10880183,blaOXA-10,core,AMR,BETA-LACTAM,CEPHALOSPORIN,ALLELEX,100.0,100.0,WP_000846390.1,True
ERR10880183,cmlA5,core,AMR,PHENICOL,CHLORAMPHENICOL,EXACTX,100.0,100.0,WP_012300772.1,True
ERR10880183,arr-2,core,AMR,RIFAMYCIN,RIFAMYCIN,ALLELEX,100.0,100.0,WP_000237816.1,True
ERR10880183,blaTEM-1,core,AMR,BETA-LACTAM,BETA-LACTAM,ALLELEX,100.0,100.0,WP_000027057.1,True
ERR10880183,aph(6)-Id,core,AMR,AMINOGLYCOSIDE,STREPTOMYCIN,EXACTX,100.0,100.0,WP_000480968.1,True
ERR10880183,aph(3'')-Ib,core,AMR,AMINOGLYCOSIDE,STREPTOMYCIN,EXACTX,100.0,100.0,WP_001082319.1,True
ERR10880183,sul2,core,AMR,SULFONAMIDE,SULFONAMIDE,EXACTX,100.0,100.0,WP_001043260.1,True
ERR10880183,qnrB1,core,AMR,QUINOLONE,QUINOLONE,ALLELEX,100.0,100.0,WP_014386481.1,True
ERR10880183,blaSCO-1,core,AMR,BETA-LACTAM,BETA-LACTAM,ALLELEX,100.0,100.0,WP_004197546.1,True
ERR10880183,blaCTX-M-15,core,AMR,BETA-LACTAM,CEPHALOSPORIN,ALLELEX,100.0,100.0,WP_000239590.1,True
ERR10880183,catB3,core,AMR,PHENICOL,CHLORAMPHENICOL,PARTIALX,70.0,100.0,WP_000186237.1,False
ERR10880183,blaOXA-1,core,AMR,BETA-LACTAM,CEPHALOSPORIN,ALLELEX,100.0,100.0,WP_001334766.1,True
ERR10880183,aac(6')-Ib-cr5,core,AMR,AMINOGLYCOSIDE/QUINOLONE,AMIKACIN/KANAMYCIN/QUINOLONE/TOBRAMYCIN,ALLELEX,100.0,100.0,WP_063840321.1,True
ERR10880230,sul2,core,AMR,SULFONAMIDE,SULFONAMIDE,EXACTX,100.0,100.0,WP_001043260.1,True
ERR10880230,aph(3'')-Ib,core,AMR,AMINOGLYCOSIDE,STREPTOMYCIN,EXACTX,100.0,100.0,WP_001082319.1,True
ERR10880230,aph(6)-Id,core,AMR,AMINOGLYCOSIDE,STREPTOMYCIN,EXACTX,100.0,100.0,WP_000480968.1,True
ERR10880230,tet(A),core,AMR,TETRACYCLINE,TETRACYCLINE,EXACTX,100.0,100.0,WP_000804063.1,True
ERR10880230,floR,core,AMR,PHENICOL,CHLORAMPHENICOL/FLORFENICOL,EXACTX,100.0,100.0,WP_000214119.1,True
ERR10880230,dfrA14,core,AMR,TRIMETHOPRIM,TRIMETHOPRIM,EXACTX,100.0,100.0,WP_004201280.1,True
ERR10880230,qnrB1,core,AMR,QUINOLONE,QUINOLONE,ALLELEX,100.0,100.0,WP_014386481.1,True
ERR10880230,qacEdelta1,core,STRESS,QUATERNARY AMMONIUM,QUATERNARY AMMONIUM,ALLELEX,100.0,100.0,WP_000679427.1,True
ERR10880230,sul1,core,AMR,SULFONAMIDE,SULFONAMIDE,EXACTX,100.0,100.0,WP_000259031.1,True
ERR10880230,dfrA23,core,AMR,TRIMETHOPRIM,TRIMETHOPRIM,EXACTX,100.0,100.0,WP_001143450.1,True
ERR10880230,blaSCO-1,core,AMR,BETA-LACTAM,BETA-LACTAM,ALLELEX,100.0,100.0,WP_004197546.1,True
ERR10880230,tet(A),core,AMR,TETRACYCLINE,TETRACYCLINE,EXACTX,100.0,100.0,WP_031942321.1,True
ERR10880230,blaCTX-M-15,core,AMR,BETA-LACTAM,CEPHALOSPORIN,ALLELEX,100.0,100.0,WP_000239590.1,True
ERR10880230,mph(A),core,AMR,MACROLIDE,AZITHROMYCIN/ERYTHROMYCIN/SPIRAMYCIN/TELITHROMYCIN,EXACTX,100.0,100.0,WP_000219391.1,True
ERR10880230,arr-2,core,AMR,RIFAMYCIN,RIFAMYCIN,ALLELEX,100.0,100.0,WP_000237816.1,True
ERR10880230,cmlA5,core,AMR,PHENICOL,CHLORAMPHENICOL,EXACTX,100.0,100.0,WP_012300772.1,True
ERR10880230,blaOXA-10,core,AMR,BETA-LACTAM,CEPHALOSPORIN,ALLELEX,100.0,100.0,WP_000846390.1,True
ERR10880230,aac(6')-Ib-cr5,core,AMR,AMINOGLYCOSIDE/QUINOLONE,AMIKACIN/KANAMYCIN/QUINOLONE/TOBRAMYCIN,ALLELEX,100.0,100.0,WP_063840321.1,True
ERR10880230,blaOXA-1,core,AMR,BETA-LACTAM,CEPHALOSPORIN,ALLELEX,100.0,100.0,WP_001334766.1,True
ERR10880230,catB3,core,AMR,PHENICOL,CHLORAMPHENICOL,PARTIALX,70.0,100.0,WP_000186237.1,False
ERR10880230,catA1,core,AMR,PHENICOL,CHLORAMPHENICOL,BLASTX,99.09,100.0,WP_000412211.1,True
ERR10880230,aadA1,core,AMR,AMINOGLYCOSIDE,STREPTOMYCIN,BLASTX,98.1,100.0,WP_001206316.1,True
ERR10880311,qnrB1,core,AMR,QUINOLONE,QUINOLONE,ALLELEX,100.0,100.0,WP_014386481.1,True
ERR10880311,arr-2,core,AMR,RIFAMYCIN,RIFAMYCIN,ALLELEX,100.0,100.0,WP_000237816.1,True
ERR10880311,cmlA5,core,AMR,PHENICOL,CHLORAMPHENICOL,EXACTX,100.0,100.0,WP_012300772.1,True
ERR10880311,blaOXA-10,core,AMR,BETA-LACTAM,CEPHALOSPORIN,ALLELEX,100.0,100.0,WP_000846390.1,True
ERR10880311,aadA1,core,AMR,AMINOGLYCOSIDE,STREPTOMYCIN,EXACTX,100.0,100.0,WP_001209508.1,True
ERR10880311,qacEdelta1,core,STRESS,QUATERNARY AMMONIUM,QUATERNARY AMMONIUM,ALLELEX,100.0,100.0,WP_000679427.1,True
ERR10880311,sul1,core,AMR,SULFONAMIDE,SULFONAMIDE,EXACTX,100.0,100.0,WP_000259031.1,True
ERR10880311,dfrA23,core,AMR,TRIMETHOPRIM,TRIMETHOPRIM,EXACTX,100.0,100.0,WP_001143450.1,True
ERR10880311,sul2,core,AMR,SULFONAMIDE,SULFONAMIDE,EXACTX,100.0,100.0,WP_001043260.1,True
ERR10880311,aph(3'')-Ib,core,AMR,AMINOGLYCOSIDE,STREPTOMYCIN,EXACTX,100.0,100.0,WP_001082319.1,True
ERR10880311,aph(6)-Id,core,AMR,AMINOGLYCOSIDE,STREPTOMYCIN,EXACTX,100.0,100.0,WP_000480968.1,True
ERR10880311,blaTEM-1,core,AMR,BETA-LACTAM,BETA-LACTAM,ALLELEX,100.0,100.0,WP_000027057.1,True
ERR10880311,blaSCO-1,core,AMR,BETA-LACTAM,BETA-LACTAM,ALLELEX,100.0,100.0,WP_004197546.1,True
ERR10880311,blaCTX-M-15,core,AMR,BETA-LACTAM,CEPHALOSPORIN,ALLELEX,100.0,100.0,WP_000239590.1,True
ERR10880311,catB3,core,AMR,PHENICOL,CHLORAMPHENICOL,PARTIALX,70.0,100.0,WP_000186237.1,False
ERR10880311,blaOXA-1,core,AMR,BETA-LACTAM,CEPHALOSPORIN,ALLELEX,100.0,100.0,WP_001334766.1,True
ERR10880311,aac(6')-Ib-cr5,core,AMR,AMINOGLYCOSIDE/QUINOLONE,AMIKACIN/KANAMYCIN/QUINOLONE/TOBRAMYCIN,ALLELEX,100.0,100.0,WP_063840321.1,True
ERR10880335,blaTEM-1,core,AMR,BETA-LACTAM,BETA-LACTAM,ALLELEX,100.0,100.0,WP_000027057.1,True
ERR10880335,aph(6)-Id,core,AMR,AMINOGLYCOSIDE,STREPTOMYCIN,EXACTX,100.0,100.0,WP_000480968.1,True
ERR10880335,aph(3'')-Ib,core,AMR,AMINOGLYCOSIDE,STREPTOMYCIN,EXACTX,100.0,100.0,WP_001082319.1,True
ERR10880335,sul2,core,AMR,SULFONAMIDE,SULFONAMIDE,EXACTX,100.0,100.0,WP_001043260.1,True
ERR10880335,dfrA23,core,AMR,TRIMETHOPRIM,TRIMETHOPRIM,EXACTX,100.0,100.0,WP_001143450.1,True
ERR10880335,sul1,core,AMR,SULFONAMIDE,SULFONAMIDE,EXACTX,100.0,100.0,WP_000259031.1,True
ERR10880335,qacEdelta1,core,STRESS,QUATERNARY AMMONIUM,QUATERNARY AMMONIUM,ALLELEX,100.0,100.0,WP_000679427.1,True
ERR10880335,aadA1,core,AMR,AMINOGLYCOSIDE,STREPTOMYCIN,EXACTX,100.0,100.0,WP_001209508.1,True
ERR10880335,blaOXA-10,core,AMR,BETA-LACTAM,CEPHALOSPORIN,ALLELEX,100.0,100.0,WP_000846390.1,True
ERR10880335,cmlA5,core,AMR,PHENICOL,CHLORAMPHENICOL,EXACTX,100.0,100.0,WP_012300772.1,True
ERR10880335,arr-2,core,AMR,RIFAMYCIN,RIFAMYCIN,ALLELEX,100.0,100.0,WP_000237816.1,True
ERR10880335,blaSCO-1,core,AMR,BETA-LACTAM,BETA-LACTAM,ALLELEX,100.0,100.0,WP_004197546.1,True
ERR10880335,blaCTX-M-15,core,AMR,BETA-LACTAM,CEPHALOSPORIN,ALLELEX,100.0,100.0,WP_000239590.1,True
ERR10880335,catB3,core,AMR,PHENICOL,CHLORAMPHENICOL,PARTIALX,70.0,100.0,WP_000186237.1,False
ERR10880335,blaOXA-1,core,AMR,BETA-LACTAM,CEPHALOSPORIN,ALLELEX,100.0,100.0,WP_001334766.1,True
ERR10880335,aac(6')-Ib-cr5,core,AMR,AMINOGLYCOSIDE/QUINOLONE,AMIKACIN/KANAMYCIN/QUINOLONE/TOBRAMYCIN,ALLELEX,100.0,100.0,WP_063840321.1,True
ERR10880377,sul2,core,AMR,SULFONAMIDE,SULFONAMIDE,EXACTX,100.0,100.0,WP_001043260.1,True
ERR10880377,aph(3'')-Ib,core,AMR,AMINOGLYCOSIDE,STREPTOMYCIN,EXACTX,100.0,100.0,WP_001082319.1,True
ERR10880377,aph(6)-Id,core,AMR,AMINOGLYCOSIDE,STREPTOMYCIN,EXACTX,100.0,100.0,WP_000480968.1,True
ERR10880377,blaTEM-1,core,AMR,BETA-LACTAM,BETA-LACTAM,ALLELEX,100.0,100.0,WP_000027057.1,True
ERR10880377,arr-2,core,AMR,RIFAMYCIN,RIFAMYCIN,ALLELEX,100.0,100.0,WP_000237816.1,True
ERR10880377,cmlA5,core,AMR,PHENICOL,CHLORAMPHENICOL,EXACTX,100.0,100.0,WP_012300772.1,True
ERR10880377,blaOXA-10,core,AMR,BETA-LACTAM,CEPHALOSPORIN,ALLELEX,100.0,100.0,WP_000846390.1,True
ERR10880377,aadA1,core,AMR,AMINOGLYCOSIDE,STREPTOMYCIN,EXACTX,100.0,100.0,WP_001209508.1,True
ERR10880377,qacEdelta1,core,STRESS,QUATERNARY AMMONIUM,QUATERNARY AMMONIUM,ALLELEX,100.0,100.0,WP_000679427.1,True
ERR10880377,sul1,core,AMR,SULFONAMIDE,SULFONAMIDE,EXACTX,100.0,100.0,WP_000259031.1,True
ERR10880377,dfrA23,core,AMR,TRIMETHOPRIM,TRIMETHOPRIM,EXACTX,100.0,100.0,WP_001143450.1,True
ERR10880377,blaSCO-1,core,AMR,BETA-LACTAM,BETA-LACTAM,ALLELEX,100.0,100.0,WP_004197546.1,True
ERR10880377,blaCTX-M-15,core,AMR,BETA-LACTAM,CEPHALOSPORIN,ALLELEX,100.0,100.0,WP_000239590.1,True
ERR10880377,aac(6')-Ib-cr5,core,AMR,AMINOGLYCOSIDE/QUINOLONE,AMIKACIN/KANAMYCIN/QUINOLONE/TOBRAMYCIN,ALLELEX,100.0,100.0,WP_063840321.1,True
ERR10880377,blaOXA-1,core,AMR,BETA-LACTAM,CEPHALOSPORIN,ALLELEX,100.0,100.0,WP_001334766.1,True
ERR10880377,catB3,core,AMR,PHENICOL,CHLORAMPHENICOL,PARTIALX,70.0,100.0,WP_000186237.1,False
ERR10880424,dfrA23,core,AMR,TRIMETHOPRIM,TRIMETHOPRIM,EXACTX,100.0,100.0,WP_001143450.1,True
ERR10880424,sul1,core,AMR,SULFONAMIDE,SULFONAMIDE,EXACTX,100.0,100.0,WP_000259031.1,True
ERR10880424,qacEdelta1,core,STRESS,QUATERNARY AMMONIUM,QUATERNARY AMMONIUM,ALLELEX,100.0,100.0,WP_000679427.1,True
ERR10880424,aadA1,core,AMR,AMINOGLYCOSIDE,STREPTOMYCIN,EXACTX,100.0,100.0,WP_001209508.1,True
ERR10880424,blaOXA-10,core,AMR,BETA-LACTAM,CEPHALOSPORIN,ALLELEX,100.0,100.0,WP_000846390.1,True
ERR10880424,cmlA5,core,AMR,PHENICOL,CHLORAMPHENICOL,EXACTX,100.0,100.0,WP_012300772.1,True
ERR10880424,arr-2,core,AMR,RIFAMYCIN,RIFAMYCIN,ALLELEX,100.0,100.0,WP_000237816.1,True
ERR10880424,sul2,core,AMR,SULFONAMIDE,SULFONAMIDE,EXACTX,100.0,100.0,WP_001043260.1,True
ERR10880424,aph(3'')-Ib,core,AMR,AMINOGLYCOSIDE,STREPTOMYCIN,EXACTX,100.0,100.0,WP_001082319.1,True
ERR10880424,aph(6)-Id,core,AMR,AMINOGLYCOSIDE,STREPTOMYCIN,EXACTX,100.0,100.0,WP_000480968.1,True
ERR10880424,blaTEM-1,core,AMR,BETA-LACTAM,BETA-LACTAM,ALLELEX,100.0,100.0,WP_000027057.1,True
ERR10880424,qnrB1,core,AMR,QUINOLONE,QUINOLONE,ALLELEX,100.0,100.0,WP_014386481.1,True
ERR10880424,blaCTX-M-15,core,AMR,BETA-LACTAM,CEPHALOSPORIN,ALLELEX,100.0,100.0,WP_000239590.1,True
ERR10880424,blaSCO-1,core,AMR,BETA-LACTAM,BETA-LACTAM,ALLELEX,100.0,100.0,WP_004197546.1,True
ERR10880424,aac(6')-Ib-cr5,core,AMR,AMINOGLYCOSIDE/QUINOLONE,AMIKACIN/KANAMYCIN/QUINOLONE/TOBRAMYCIN,ALLELEX,100.0,100.0,WP_063840321.1,True
ERR10880424,blaOXA-1,core,AMR,BETA-LACTAM,CEPHALOSPORIN,ALLELEX,100.0,100.0,WP_001334766.1,True
ERR10880424,catB3,core,AMR,PHENICOL,CHLORAMPHENICOL,PARTIALX,70.0,100.0,WP_000186237.1,False
ERR10949303,aph(6)-Id,core,AMR,AMINOGLYCOSIDE,STREPTOMYCIN,EXACTX,100.0,100.0,WP_000480968.1,True
ERR10949303,aph(3'')-Ib,core,AMR,AMINOGLYCOSIDE,STREPTOMYCIN,EXACTX,100.0,100.0,WP_001082319.1,True
ERR10949303,sul2,core,AMR,SULFONAMIDE,SULFONAMIDE,EXACTX,100.0,100.0,WP_001043260.1,True
ERR10949303,qnrB1,core,AMR,QUINOLONE,QUINOLONE,ALLELEX,100.0,100.0,WP_014386481.1,True
ERR10949303,aac(3)-IId,core,AMR,AMINOGLYCOSIDE,GENTAMICIN,EXACTX,100.0,100.0,WP_000557454.1,True
ERR10949303,blaSCO-1,core,AMR,BETA-LACTAM,BETA-LACTAM,ALLELEX,100.0,100.0,WP_004197546.1,True
ERR10949303,dfrA23,core,AMR,TRIMETHOPRIM,TRIMETHOPRIM,EXACTX,100.0,100.0,WP_001143450.1,True
ERR10949303,arr-2,core,AMR,RIFAMYCIN,RIFAMYCIN,ALLELEX,100.0,100.0,WP_000237816.1,True
ERR10949303,cmlA5,core,AMR,PHENICOL,CHLORAMPHENICOL,EXACTX,100.0,100.0,WP_012300772.1,True
ERR10949303,blaOXA-10,core,AMR,BETA-LACTAM,CEPHALOSPORIN,ALLELEX,100.0,100.0,WP_000846390.1,True
ERR10949303,aadA1,core,AMR,AMINOGLYCOSIDE,STREPTOMYCIN,EXACTX,100.0,100.0,WP_001209508.1,True
ERR10949303,mph(A),core,AMR,MACROLIDE,AZITHROMYCIN/ERYTHROMYCIN/SPIRAMYCIN/TELITHROMYCIN,EXACTX,100.0,100.0,WP_000219391.1,True
ERR10949303,blaCTX-M-15,core,AMR,BETA-LACTAM,CEPHALOSPORIN,ALLELEX,100.0,100.0,WP_000239590.1,True
ERR10949303,catB3,core,AMR,PHENICOL,CHLORAMPHENICOL,PARTIALX,70.0,100.0,WP_000186237.1,False
ERR10949303,blaOXA-1,core,AMR,BETA-LACTAM,CEPHALOSPORIN,ALLELEX,100.0,100.0,WP_001334766.1,True
ERR10949303,aac(6')-Ib-cr5,core,AMR,AMINOGLYCOSIDE/QUINOLONE,AMIKACIN/KANAMYCIN/QUINOLONE/TOBRAMYCIN,ALLELEX,100.0,100.0,WP_063840321.1,True
ERR10949303,aadA2,core,AMR,AMINOGLYCOSIDE,STREPTOMYCIN,EXACTX,100.0,100.0,WP_001206356.1,True
ERR10949303,dfrA12,core,AMR,TRIMETHOPRIM,TRIMETHOPRIM,EXACTX,100.0,100.0,WP_001083725.1,True
ERR10949303,sul1,core,AMR,SULFONAMIDE,SULFONAMIDE,EXACTX,100.0,100.0,WP_000259031.1,True
ERR10949303,qacEdelta1,core,STRESS,QUATERNARY AMMONIUM,QUATERNARY AMMONIUM,ALLELEX,100.0,100.0,WP_000679427.1,True
ERR10949303,blaTEM-1,core,AMR,BETA-LACTAM,BETA-LACTAM,ALLELEX,100.0,100.0,WP_000027057.1,True
ERR10949310,sul2,core,AMR,SULFONAMIDE,SULFONAMIDE,EXACTX,100.0,100.0,WP_001043260.1,True
ERR10949310,aph(3'')-Ib,core,AMR,AMINOGLYCOSIDE,STREPTOMYCIN,EXACTX,100.0,100.0,WP_001082319.1,True
ERR10949310,aph(6)-Id,core,AMR,AMINOGLYCOSIDE,STREPTOMYCIN,EXACTX,100.0,100.0,WP_000480968.1,True
ERR10949310,qnrB1,core,AMR,QUINOLONE,QUINOLONE,ALLELEX,100.0,100.0,WP_014386481.1,True
ERR10949310,aac(3)-IId,core,AMR,AMINOGLYCOSIDE,GENTAMICIN,EXACTX,100.0,100.0,WP_000557454.1,True
ERR10949310,dfrA23,core,AMR,TRIMETHOPRIM,TRIMETHOPRIM,EXACTX,100.0,100.0,WP_001143450.1,True
ERR10949310,blaSCO-1,core,AMR,BETA-LACTAM,BETA-LACTAM,ALLELEX,100.0,100.0,WP_004197546.1,True
ERR10949310,aadA1,core,AMR,AMINOGLYCOSIDE,STREPTOMYCIN,EXACTX,100.0,100.0,WP_001209508.1,True
ERR10949310,blaOXA-10,core,AMR,BETA-LACTAM,CEPHALOSPORIN,ALLELEX,100.0,100.0,WP_000846390.1,True
ERR10949310,cmlA5,core,AMR,PHENICOL,CHLORAMPHENICOL,EXACTX,100.0,100.0,WP_012300772.1,True
ERR10949310,arr-2,core,AMR,RIFAMYCIN,RIFAMYCIN,ALLELEX,100.0,100.0,WP_000237816.1,True
ERR10949310,mph(A),core,AMR,MACROLIDE,AZITHROMYCIN/ERYTHROMYCIN/SPIRAMYCIN/TELITHROMYCIN,EXACTX,100.0,100.0,WP_000219391.1,True
ERR10949310,blaCTX-M-15,core,AMR,BETA-LACTAM,CEPHALOSPORIN,ALLELEX,100.0,100.0,WP_000239590.1,True
ERR10949310,catB3,core,AMR,PHENICOL,CHLORAMPHENICOL,PARTIALX,70.0,100.0,WP_000186237.1,False
ERR10949310,blaOXA-1,core,AMR,BETA-LACTAM,CEPHALOSPORIN,ALLELEX,100.0,100.0,WP_001334766.1,True
ERR10949310,aac(6')-Ib-cr5,core,AMR,AMINOGLYCOSIDE/QUINOLONE,AMIKACIN/KANAMYCIN/QUINOLONE/TOBRAMYCIN,ALLELEX,100.0,100.0,WP_063840321.1,True
ERR10949310,dfrA12,core,AMR,TRIMETHOPRIM,TRIMETHOPRIM,EXACTX,100.0,100.0,WP_001083725.1,True
ERR10949310,aadA2,core,AMR,AMINOGLYCOSIDE,STREPTOMYCIN,EXACTX,100.0,100.0,WP_001206356.1,True
ERR10949310,sul1,core,AMR,SULFONAMIDE,SULFONAMIDE,EXACTX,100.0,100.0,WP_000259031.1,True
ERR10949310,qacEdelta1,core,STRESS,QUATERNARY AMMONIUM,QUATERNARY AMMONIUM,ALLELEX,100.0,100.0,WP_000679427.1,True
ERR10949310,blaTEM-1,core,AMR,BETA-LACTAM,BETA-LACTAM,ALLELEX,100.0,100.0,WP_000027057.1,True
ERR11201827,aph(6)-Id,core,AMR,AMINOGLYCOSIDE,STREPTOMYCIN,EXACTX,100.0,100.0,WP_000480968.1,True
ERR11201827,aph(3'')-Ib,core,AMR,AMINOGLYCOSIDE,STREPTOMYCIN,EXACTX,100.0,100.0,WP_001082319.1,True
ERR11201827,sul2,core,AMR,SULFONAMIDE,SULFONAMIDE,EXACTX,100.0,100.0,WP_001043260.1,True
ERR11201827,qnrB1,core,AMR,QUINOLONE,QUINOLONE,ALLELEX,100.0,100.0,WP_014386481.1,True
ERR11201827,aac(3)-IId,core,AMR,AMINOGLYCOSIDE,GENTAMICIN,EXACTX,100.0,100.0,WP_000557454.1,True
ERR11201827,dfrA23,core,AMR,TRIMETHOPRIM,TRIMETHOPRIM,EXACTX,100.0,100.0,WP_001143450.1,True
ERR11201827,blaSCO-1,core,AMR,BETA-LACTAM,BETA-LACTAM,ALLELEX,100.0,100.0,WP_004197546.1,True
ERR11201827,arr-2,core,AMR,RIFAMYCIN,RIFAMYCIN,ALLELEX,100.0,100.0,WP_000237816.1,True
ERR11201827,cmlA5,core,AMR,PHENICOL,CHLORAMPHENICOL,EXACTX,100.0,100.0,WP_012300772.1,True
ERR11201827,blaOXA-10,core,AMR,BETA-LACTAM,CEPHALOSPORIN,ALLELEX,100.0,100.0,WP_000846390.1,True
ERR11201827,aadA1,core,AMR,AMINOGLYCOSIDE,STREPTOMYCIN,EXACTX,100.0,100.0,WP_001209508.1,True
ERR11201827,mph(A),core,AMR,MACROLIDE,AZITHROMYCIN/ERYTHROMYCIN/SPIRAMYCIN/TELITHROMYCIN,EXACTX,100.0,100.0,WP_000219391.1,True
ERR11201827,blaCTX-M-15,core,AMR,BETA-LACTAM,CEPHALOSPORIN,ALLELEX,100.0,100.0,WP_000239590.1,True
ERR11201827,catB3,core,AMR,PHENICOL,CHLORAMPHENICOL,PARTIALX,70.0,100.0,WP_000186237.1,False
ERR11201827,blaOXA-1,core,AMR,BETA-LACTAM,CEPHALOSPORIN,ALLELEX,100.0,100.0,WP_001334766.1,True
ERR11201827,aac(6')-Ib-cr5,core,AMR,AMINOGLYCOSIDE/QUINOLONE,AMIKACIN/KANAMYCIN/QUINOLONE/TOBRAMYCIN,ALLELEX,100.0,100.0,WP_063840321.1,True
ERR11201827,dfrA12,core,AMR,TRIMETHOPRIM,TRIMETHOPRIM,EXACTX,100.0,100.0,WP_001083725.1,True
ERR11201827,aadA2,core,AMR,AMINOGLYCOSIDE,STREPTOMYCIN,EXACTX,100.0,100.0,WP_001206356.1,True
ERR11201827,qacEdelta1,core,STRESS,QUATERNARY AMMONIUM,QUATERNARY AMMONIUM,ALLELEX,100.0,100.0,WP_000679427.1,True
ERR11201827,sul1,core,AMR,SULFONAMIDE,SULFONAMIDE,EXACTX,100.0,100.0,WP_000259031.1,True
ERR11201827,blaTEM-1,core,AMR,BETA-LACTAM,BETA-LACTAM,ALLELEX,100.0,100.0,WP_000027057.1,True
ERR11219800,blaCTX-M-15,core,AMR,BETA-LACTAM,CEPHALOSPORIN,ALLELEX,100.0,100.0,WP_000239590.1,True
ERR11219800,sul2,core,AMR,SULFONAMIDE,SULFONAMIDE,EXACTX,100.0,100.0,WP_001043260.1,True
ERR11219800,aph(3'')-Ib,core,AMR,AMINOGLYCOSIDE,STREPTOMYCIN,EXACTX,100.0,100.0,WP_001082319.1,True
ERR11219800,aph(6)-Id,core,AMR,AMINOGLYCOSIDE,STREPTOMYCIN,EXACTX,100.0,100.0,WP_000480968.1,True
ERR11219800,tet(A),core,AMR,TETRACYCLINE,TETRACYCLINE,EXACTX,100.0,100.0,WP_000804063.1,True
ERR11219800,floR,core,AMR,PHENICOL,CHLORAMPHENICOL/FLORFENICOL,EXACTX,100.0,100.0,WP_000214119.1,True
ERR11219800,arr-2,core,AMR,RIFAMYCIN,RIFAMYCIN,ALLELEX,100.0,100.0,WP_000237816.1,True
ERR11219800,cmlA5,core,AMR,PHENICOL,CHLORAMPHENICOL,EXACTX,100.0,100.0,WP_012300772.1,True
ERR11219800,blaOXA-10,core,AMR,BETA-LACTAM,CEPHALOSPORIN,ALLELEX,100.0,100.0,WP_000846390.1,True
ERR11219800,aadA1,core,AMR,AMINOGLYCOSIDE,STREPTOMYCIN,EXACTX,100.0,100.0,WP_001209508.1,True
ERR11219800,qacEdelta1,core,STRESS,QUATERNARY AMMONIUM,QUATERNARY AMMONIUM,ALLELEX,100.0,100.0,WP_000679427.1,True
ERR11219800,sul1,core,AMR,SULFONAMIDE,SULFONAMIDE,EXACTX,100.0,100.0,WP_000259031.1,True
ERR11219800,dfrA23,core,AMR,TRIMETHOPRIM,TRIMETHOPRIM,EXACTX,100.0,100.0,WP_001143450.1,True
ERR11219800,dfrA14,core,AMR,TRIMETHOPRIM,TRIMETHOPRIM,EXACTX,100.0,100.0,WP_004201280.1,True
ERR11219800,qnrB1,core,AMR,QUINOLONE,QUINOLONE,ALLELEX,100.0,100.0,WP_014386481.1,True
ERR11219800,tet(A),core,AMR,TETRACYCLINE,TETRACYCLINE,EXACTX,100.0,100.0,WP_031942321.1,True
ERR11219800,mph(A),core,AMR,MACROLIDE,AZITHROMYCIN/ERYTHROMYCIN/SPIRAMYCIN/TELITHROMYCIN,EXACTX,100.0,100.0,WP_000219391.1,True
ERR11219800,aac(3)-IIe,core,AMR,AMINOGLYCOSIDE,GENTAMICIN,EXACTX,100.0,100.0,WP_000557452.1,True
ERR11219800,aac(6')-Ib-cr5,core,AMR,AMINOGLYCOSIDE/QUINOLONE,AMIKACIN/KANAMYCIN/QUINOLONE/TOBRAMYCIN,ALLELEX,100.0,100.0,WP_063840321.1,True
ERR11219800,blaOXA-1,core,AMR,BETA-LACTAM,CEPHALOSPORIN,ALLELEX,100.0,100.0,WP_001334766.1,True
ERR11219800,catB3,core,AMR,PHENICOL,CHLORAMPHENICOL,PARTIALX,70.0,100.0,WP_000186237.1,False
ERR11219811,qnrB1,core,AMR,QUINOLONE,QUINOLONE,ALLELEX,100.0,100.0,WP_014386481.1,True
ERR11219811,aph(6)-Id,core,AMR,AMINOGLYCOSIDE,STREPTOMYCIN,EXACTX,100.0,100.0,WP_000480968.1,True
ERR11219811,aph(3'')-Ib,core,AMR,AMINOGLYCOSIDE,STREPTOMYCIN,EXACTX,100.0,100.0,WP_001082319.1,True
ERR11219811,sul2,core,AMR,SULFONAMIDE,SULFONAMIDE,EXACTX,100.0,100.0,WP_001043260.1,True
ERR11219811,aac(3)-IId,core,AMR,AMINOGLYCOSIDE,GENTAMICIN,EXACTX,100.0,100.0,WP_000557454.1,True
ERR11219811,dfrA23,core,AMR,TRIMETHOPRIM,TRIMETHOPRIM,EXACTX,100.0,100.0,WP_001143450.1,True
ERR11219811,blaSCO-1,core,AMR,BETA-LACTAM,BETA-LACTAM,ALLELEX,100.0,100.0,WP_004197546.1,True
ERR11219811,aadA1,core,AMR,AMINOGLYCOSIDE,STREPTOMYCIN,EXACTX,100.0,100.0,WP_001209508.1,True
ERR11219811,blaOXA-10,core,AMR,BETA-LACTAM,CEPHALOSPORIN,ALLELEX,100.0,100.0,WP_000846390.1,True
ERR11219811,cmlA5,core,AMR,PHENICOL,CHLORAMPHENICOL,EXACTX,100.0,100.0,WP_012300772.1,True
ERR11219811,arr-2,core,AMR,RIFAMYCIN,RIFAMYCIN,ALLELEX,100.0,100.0,WP_000237816.1,True
ERR11219811,mph(A),core,AMR,MACROLIDE,AZITHROMYCIN/ERYTHROMYCIN/SPIRAMYCIN/TELITHROMYCIN,EXACTX,100.0,100.0,WP_000219391.1,True
ERR11219811,blaCTX-M-15,core,AMR,BETA-LACTAM,CEPHALOSPORIN,ALLELEX,100.0,100.0,WP_000239590.1,True
ERR11219811,catB3,core,AMR,PHENICOL,CHLORAMPHENICOL,PARTIALX,70.0,100.0,WP_000186237.1,False
ERR11219811,blaOXA-1,core,AMR,BETA-LACTAM,CEPHALOSPORIN,ALLELEX,100.0,100.0,WP_001334766.1,True
ERR11219811,aac(6')-Ib-cr5,core,AMR,AMINOGLYCOSIDE/QUINOLONE,AMIKACIN/KANAMYCIN/QUINOLONE/TOBRAMYCIN,ALLELEX,100.0,100.0,WP_063840321.1,True
ERR11219811,aadA2,core,AMR,AMINOGLYCOSIDE,STREPTOMYCIN,EXACTX,100.0,100.0,WP_001206356.1,True
ERR11219811,dfrA12,core,AMR,TRIMETHOPRIM,TRIMETHOPRIM,EXACTX,100.0,100.0,WP_001083725.1,True
ERR11219811,sul1,core,AMR,SULFONAMIDE,SULFONAMIDE,EXACTX,100.0,100.0,WP_000259031.1,True
ERR11219811,qacEdelta1,core,STRESS,QUATERNARY AMMONIUM,QUATERNARY AMMONIUM,ALLELEX,100.0,100.0,WP_000679427.1,True
ERR11219811,blaTEM-1,core,AMR,BETA-LACTAM,BETA-LACTAM,ALLELEX,100.0,100.0,WP_000027057.1,True
ERR11420238,qnrB1,core,AMR,QUINOLONE,QUINOLONE,ALLELEX,100.0,100.0,WP_014386481.1,True
ERR11420238,aph(6)-Id,core,AMR,AMINOGLYCOSIDE,STREPTOMYCIN,EXACTX,100.0,100.0,WP_000480968.1,True
ERR11420238,aph(3'')-Ib,core,AMR,AMINOGLYCOSIDE,STREPTOMYCIN,EXACTX,100.0,100.0,WP_001082319.1,True
ERR11420238,sul2,core,AMR,SULFONAMIDE,SULFONAMIDE,EXACTX,100.0,100.0,WP_001043260.1,True
ERR11420238,aac(3)-IId,core,AMR,AMINOGLYCOSIDE,GENTAMICIN,EXACTX,100.0,100.0,WP_000557454.1,True
ERR11420238,dfrA23,core,AMR,TRIMETHOPRIM,TRIMETHOPRIM,EXACTX,100.0,100.0,WP_001143450.1,True
ERR11420238,blaSCO-1,core,AMR,BETA-LACTAM,BETA-LACTAM,ALLELEX,100.0,100.0,WP_004197546.1,True
ERR11420238,aadA1,core,AMR,AMINOGLYCOSIDE,STREPTOMYCIN,EXACTX,100.0,100.0,WP_001209508.1,True
ERR11420238,blaOXA-10,core,AMR,BETA-LACTAM,CEPHALOSPORIN,ALLELEX,100.0,100.0,WP_000846390.1,True
ERR11420238,cmlA5,core,AMR,PHENICOL,CHLORAMPHENICOL,EXACTX,100.0,100.0,WP_012300772.1,True
ERR11420238,arr-2,core,AMR,RIFAMYCIN,RIFAMYCIN,ALLELEX,100.0,100.0,WP_000237816.1,True
ERR11420238,mph(A),core,AMR,MACROLIDE,AZITHROMYCIN/ERYTHROMYCIN/SPIRAMYCIN/TELITHROMYCIN,EXACTX,100.0,100.0,WP_000219391.1,True
ERR11420238,blaCTX-M-15,core,AMR,BETA-LACTAM,CEPHALOSPORIN,ALLELEX,100.0,100.0,WP_000239590.1,True
ERR11420238,catB3,core,AMR,PHENICOL,CHLORAMPHENICOL,PARTIALX,70.0,100.0,WP_000186237.1,False
ERR11420238,blaOXA-1,core,AMR,BETA-LACTAM,CEPHALOSPORIN,ALLELEX,100.0,100.0,WP_001334766.1,True
ERR11420238,aac(6')-Ib-cr5,core,AMR,AMINOGLYCOSIDE/QUINOLONE,AMIKACIN/KANAMYCIN/QUINOLONE/TOBRAMYCIN,ALLELEX,100.0,100.0,WP_063840321.1,True
ERR11420238,aadA2,core,AMR,AMINOGLYCOSIDE,STREPTOMYCIN,EXACTX,100.0,100.0,WP_001206356.1,True
ERR11420238,dfrA12,core,AMR,TRIMETHOPRIM,TRIMETHOPRIM,EXACTX,100.0,100.0,WP_001083725.1,True
ERR11420238,sul1,core,AMR,SULFONAMIDE,SULFONAMIDE,EXACTX,100.0,100.0,WP_000259031.1,True
ERR11420238,qacEdelta1,core,STRESS,QUATERNARY AMMONIUM,QUATERNARY AMMONIUM,ALLELEX,100.0,100.0,WP_000679427.1,True
ERR11420238,blaTEM-1,core,AMR,BETA-LACTAM,BETA-LACTAM,ALLELEX,100.0,100.0,WP_000027057.1,True
ERR11437918,qnrB1,core,AMR,QUINOLONE,QUINOLONE,ALLELEX,100.0,100.0,WP_014386481.1,True
ERR11437918,sul2,core,AMR,SULFONAMIDE,SULFONAMIDE,EXACTX,100.0,100.0,WP_001043260.1,True
ERR11437918,aph(3'')-Ib,core,AMR,AMINOGLYCOSIDE,STREPTOMYCIN,EXACTX,100.0,100.0,WP_001082319.1,True
ERR11437918,aph(6)-Id,core,AMR,AMINOGLYCOSIDE,STREPTOMYCIN,EXACTX,100.0,100.0,WP_000480968.1,True
ERR11437918,aac(3)-IId,core,AMR,AMINOGLYCOSIDE,GENTAMICIN,EXACTX,100.0,100.0,WP_000557454.1,True
ERR11437918,dfrA23,core,AMR,TRIMETHOPRIM,TRIMETHOPRIM,EXACTX,100.0,100.0,WP_001143450.1,True
ERR11437918,blaSCO-1,core,AMR,BETA-LACTAM,BETA-LACTAM,ALLELEX,100.0,100.0,WP_004197546.1,True
ERR11437918,aadA1,core,AMR,AMINOGLYCOSIDE,STREPTOMYCIN,EXACTX,100.0,100.0,WP_001209508.1,True
ERR11437918,blaOXA-10,core,AMR,BETA-LACTAM,CEPHALOSPORIN,ALLELEX,100.0,100.0,WP_000846390.1,True
ERR11437918,cmlA5,core,AMR,PHENICOL,CHLORAMPHENICOL,EXACTX,100.0,100.0,WP_012300772.1,True
ERR11437918,arr-2,core,AMR,RIFAMYCIN,RIFAMYCIN,ALLELEX,100.0,100.0,WP_000237816.1,True
ERR11437918,mph(A),core,AMR,MACROLIDE,AZITHROMYCIN/ERYTHROMYCIN/SPIRAMYCIN/TELITHROMYCIN,EXACTX,100.0,100.0,WP_000219391.1,True
ERR11437918,blaCTX-M-15,core,AMR,BETA-LACTAM,CEPHALOSPORIN,ALLELEX,100.0,100.0,WP_000239590.1,True
ERR11437918,catB3,core,AMR,PHENICOL,CHLORAMPHENICOL,PARTIALX,70.0,100.0,WP_000186237.1,False
ERR11437918,blaOXA-1,core,AMR,BETA-LACTAM,CEPHALOSPORIN,ALLELEX,100.0,100.0,WP_001334766.1,True
ERR11437918,aac(6')-Ib-cr5,core,AMR,AMINOGLYCOSIDE/QUINOLONE,AMIKACIN/KANAMYCIN/QUINOLONE/TOBRAMYCIN,ALLELEX,100.0,100.0,WP_063840321.1,True
ERR11437918,dfrA12,core,AMR,TRIMETHOPRIM,TRIMETHOPRIM,EXACTX,100.0,100.0,WP_001083725.1,True
ERR11437918,aadA2,core,AMR,AMINOGLYCOSIDE,STREPTOMYCIN,EXACTX,100.0,100.0,WP_001206356.1,True
ERR11437918,sul1,core,AMR,SULFONAMIDE,SULFONAMIDE,EXACTX,100.0,100.0,WP_000259031.1,True
ERR11437918,qacEdelta1,core,STRESS,QUATERNARY AMMONIUM,QUATERNARY AMMONIUM,ALLELEX,100.0,100.0,WP_000679427.1,True
ERR11437918,blaTEM-1,core,AMR,BETA-LACTAM,BETA-LACTAM,ALLELEX,100.0,100.0,WP_000027057.1,True
ERR11453719,blaCTX-M-15,core,AMR,BETA-LACTAM,CEPHALOSPORIN,ALLELEX,100.0,100.0,WP_000239590.1,True
ERR11453719,sul2,core,AMR,SULFONAMIDE,SULFONAMIDE,EXACTX,100.0,100.0,WP_001043260.1,True
ERR11453719,aph(3'')-Ib,core,AMR,AMINOGLYCOSIDE,STREPTOMYCIN,EXACTX,100.0,100.0,WP_001082319.1,True
ERR11453719,aph(6)-Id,core,AMR,AMINOGLYCOSIDE,STREPTOMYCIN,EXACTX,100.0,100.0,WP_000480968.1,True
ERR11453719,tet(A),core,AMR,TETRACYCLINE,TETRACYCLINE,EXACTX,100.0,100.0,WP_000804063.1,True
ERR11453719,floR,core,AMR,PHENICOL,CHLORAMPHENICOL/FLORFENICOL,EXACTX,100.0,100.0,WP_000214119.1,True
ERR11453719,dfrA14,core,AMR,TRIMETHOPRIM,TRIMETHOPRIM,EXACTX,100.0,100.0,WP_004201280.1,True
ERR11453719,qnrB1,core,AMR,QUINOLONE,QUINOLONE,ALLELEX,100.0,100.0,WP_014386481.1,True
ERR11453719,dfrA23,core,AMR,TRIMETHOPRIM,TRIMETHOPRIM,EXACTX,100.0,100.0,WP_001143450.1,True
ERR11453719,sul1,core,AMR,SULFONAMIDE,SULFONAMIDE,EXACTX,100.0,100.0,WP_000259031.1,True
ERR11453719,qacEdelta1,core,STRESS,QUATERNARY AMMONIUM,QUATERNARY AMMONIUM,ALLELEX,100.0,100.0,WP_000679427.1,True
ERR11453719,blaSCO-1,core,AMR,BETA-LACTAM,BETA-LACTAM,ALLELEX,100.0,100.0,WP_004197546.1,True
ERR11453719,tet(A),core,AMR,TETRACYCLINE,TETRACYCLINE,EXACTX,100.0,100.0,WP_031942321.1,True
ERR11453719,blaOXA-10,core,AMR,BETA-LACTAM,CEPHALOSPORIN,ALLELEX,100.0,100.0,WP_000846390.1,True
ERR11453719,cmlA5,core,AMR,PHENICOL,CHLORAMPHENICOL,EXACTX,100.0,100.0,WP_012300772.1,True
ERR11453719,arr-2,core,AMR,RIFAMYCIN,RIFAMYCIN,ALLELEX,100.0,100.0,WP_000237816.1,True
ERR11453719,aac(6')-Ib-cr5,core,AMR,AMINOGLYCOSIDE/QUINOLONE,AMIKACIN/KANAMYCIN/QUINOLONE/TOBRAMYCIN,ALLELEX,100.0,100.0,WP_063840321.1,True
ERR11453719,blaOXA-1,core,AMR,BETA-LACTAM,CEPHALOSPORIN,ALLELEX,100.0,100.0,WP_001334766.1,True
ERR11453719,catB3,core,AMR,PHENICOL,CHLORAMPHENICOL,PARTIALX,70.0,100.0,WP_000186237.1,False
ERR11453719,catA1,core,AMR,PHENICOL,CHLORAMPHENICOL,BLASTX,99.09,100.0,WP_000412211.1,True
ERR11453719,aadA1,core,AMR,AMINOGLYCOSIDE,STREPTOMYCIN,BLASTX,98.1,100.0,WP_001206316.1,True
ERR11455881,dfrA23,core,AMR,TRIMETHOPRIM,TRIMETHOPRIM,EXACTX,100.0,100.0,WP_001143450.1,True
ERR11455881,sul1,core,AMR,SULFONAMIDE,SULFONAMIDE,EXACTX,100.0,100.0,WP_000259031.1,True
ERR11455881,qacEdelta1,core,STRESS,QUATERNARY AMMONIUM,QUATERNARY AMMONIUM,ALLELEX,100.0,100.0,WP_000679427.1,True
ERR11455881,aadA1,core,AMR,AMINOGLYCOSIDE,STREPTOMYCIN,EXACTX,100.0,100.0,WP_001209508.1,True
ERR11455881,blaOXA-10,core,AMR,BETA-LACTAM,CEPHALOSPORIN,ALLELEX,100.0,100.0,WP_000846390.1,True
ERR11455881,cmlA5,core,AMR,PHENICOL,CHLORAMPHENICOL,EXACTX,100.0,100.0,WP_012300772.1,True
ERR11455881,arr-2,core,AMR,RIFAMYCIN,RIFAMYCIN,ALLELEX,100.0,100.0,WP_000237816.1,True
ERR11455881,blaTEM-1,core,AMR,BETA-LACTAM,BETA-LACTAM,ALLELEX,100.0,100.0,WP_000027057.1,True
ERR11455881,aph(6)-Id,core,AMR,AMINOGLYCOSIDE,STREPTOMYCIN,EXACTX,100.0,100.0,WP_000480968.1,True
ERR11455881,aph(3'')-Ib,core,AMR,AMINOGLYCOSIDE,STREPTOMYCIN,EXACTX,100.0,100.0,WP_001082319.1,True
ERR11455881,sul2,core,AMR,SULFONAMIDE,SULFONAMIDE,EXACTX,100.0,100.0,WP_001043260.1,True
ERR11455881,qnrB1,core,AMR,QUINOLONE,QUINOLONE,ALLELEX,100.0,100.0,WP_014386481.1,True
ERR11455881,blaCTX-M-15,core,AMR,BETA-LACTAM,CEPHALOSPORIN,ALLELEX,100.0,100.0,WP_000239590.1,True
ERR11455881,blaSCO-1,core,AMR,BETA-LACTAM,BETA-LACTAM,ALLELEX,100.0,100.0,WP_004197546.1,True
ERR11455881,catB3,core,AMR,PHENICOL,CHLORAMPHENICOL,PARTIALX,70.0,100.0,WP_000186237.1,False
ERR11455881,blaOXA-1,core,AMR,BETA-LACTAM,CEPHALOSPORIN,ALLELEX,100.0,100.0,WP_001334766.1,True
ERR11455881,aac(6')-Ib-cr5,core,AMR,AMINOGLYCOSIDE/QUINOLONE,AMIKACIN/KANAMYCIN/QUINOLONE/TOBRAMYCIN,ALLELEX,100.0,100.0,WP_063840321.1,True
ERR11502778,blaCTX-M-15,core,AMR,BETA-LACTAM,CEPHALOSPORIN,ALLELEX,100.0,100.0,WP_000239590.1,True
ERR11502778,aac(3)-IId,core,AMR,AMINOGLYCOSIDE,GENTAMICIN,EXACTX,100.0,100.0,WP_000557454.1,True
ERR11502778,blaTEM-1,core,AMR,BETA-LACTAM,BETA-LACTAM,ALLELEX,100.0,100.0,WP_000027057.1,True
ERR11502778,sul2,core,AMR,SULFONAMIDE,SULFONAMIDE,EXACTX,100.0,100.0,WP_001043260.1,True
ERR11502778,aph(3'')-Ib,core,AMR,AMINOGLYCOSIDE,STREPTOMYCIN,EXACTX,100.0,100.0,WP_001082319.1,True
ERR11502778,aph(6)-Id,core,AMR,AMINOGLYCOSIDE,STREPTOMYCIN,EXACTX,100.0,100.0,WP_000480968.1,True
ERR11502778,tet(A),core,AMR,TETRACYCLINE,TETRACYCLINE,EXACTX,100.0,100.0,WP_000804063.1,True
ERR11502778,floR,core,AMR,PHENICOL,CHLORAMPHENICOL/FLORFENICOL,EXACTX,100.0,100.0,WP_000214119.1,True
ERR11502778,armA,core,AMR,AMINOGLYCOSIDE,GENTAMICIN,EXACTX,100.0,100.0,WP_000359986.1,True
ERR11502778,msr(E),core,AMR,MACROLIDE/STREPTOGRAMIN,AZITHROMYCIN/ERYTHROMYCIN/STREPTOGRAMIN,EXACTX,100.0,100.0,WP_000052512.1,True
ERR11502778,mph(E),core,AMR,MACROLIDE,ERYTHROMYCIN,EXACTX,100.0,100.0,WP_000155092.1,True
ERR11502778,dfrA14,core,AMR,TRIMETHOPRIM,TRIMETHOPRIM,EXACTX,100.0,100.0,WP_004201280.1,True
ERR11502778,qnrB1,core,AMR,QUINOLONE,QUINOLONE,ALLELEX,100.0,100.0,WP_014386481.1,True
ERR11502778,aadA1,core,AMR,AMINOGLYCOSIDE,STREPTOMYCIN,EXACTX,100.0,100.0,WP_001209508.1,True
ERR11502778,blaOXA-10,core,AMR,BETA-LACTAM,CEPHALOSPORIN,ALLELEX,100.0,100.0,WP_000846390.1,True
ERR11502778,cmlA5,core,AMR,PHENICOL,CHLORAMPHENICOL,EXACTX,100.0,100.0,WP_012300772.1,True
ERR11502778,arr-2,core,AMR,RIFAMYCIN,RIFAMYCIN,ALLELEX,100.0,100.0,WP_000237816.1,True
ERR11502778,blaDHA,core,AMR,BETA-LACTAM,CEPHALOSPORIN,PARTIALX,69.92,100.0,WP_004236386.1,False
ERR11502778,ble,core,AMR,BLEOMYCIN,BLEOMYCIN,EXACTX,100.0,100.0,WP_004201167.1,True
ERR11502778,blaNDM-1,core,AMR,BETA-LACTAM,CARBAPENEM,ALLELEX,100.0,100.0,WP_004201164.1,True
ERR11502778,tet(A),core,AMR,TETRACYCLINE,TETRACYCLINE,EXACTX,100.0,100.0,WP_031942321.1,True
ERR11502778,mph(A),core,AMR,MACROLIDE,AZITHROMYCIN/ERYTHROMYCIN/SPIRAMYCIN/TELITHROMYCIN,EXACTX,100.0,100.0,WP_000219391.1,True
ERR11502778,qacE,core,STRESS,QUATERNARY AMMONIUM,QUATERNARY AMMONIUM,PARTIAL_CONTIG_ENDX,79.13,100.0,WP_000679427.1,False
ERR11502778,sul1,core,AMR,SULFONAMIDE,SULFONAMIDE,EXACTX,100.0,100.0,WP_000259031.1,True
ERR11502778,dfrA23,core,AMR,TRIMETHOPRIM,TRIMETHOPRIM,EXACTX,100.0,100.0,WP_001143450.1,True
ERR11502778,catB3,core,AMR,PHENICOL,CHLORAMPHENICOL,PARTIALX,70.0,100.0,WP_000186237.1,False
ERR11502778,blaOXA-1,core,AMR,BETA-LACTAM,CEPHALOSPORIN,ALLELEX,100.0,100.0,WP_001334766.1,True
ERR11502778,aac(6')-Ib-cr5,core,AMR,AMINOGLYCOSIDE/QUINOLONE,AMIKACIN/KANAMYCIN/QUINOLONE/TOBRAMYCIN,ALLELEX,100.0,100.0,WP_063840321.1,True
ERR11747320,sul2,core,AMR,SULFONAMIDE,SULFONAMIDE,EXACTX,100.0,100.0,WP_001043260.1,True
ERR11747320,aph(3'')-Ib,core,AMR,AMINOGLYCOSIDE,STREPTOMYCIN,EXACTX,100.0,100.0,WP_001082319.1,True
ERR11747320,aph(6)-Id,core,AMR,AMINOGLYCOSIDE,STREPTOMYCIN,EXACTX,100.0,100.0,WP_000480968.1,True
ERR11747320,dfrA23,core,AMR,TRIMETHOPRIM,TRIMETHOPRIM,EXACTX,100.0,100.0,WP_001143450.1,True
ERR11747320,sul1,core,AMR,SULFONAMIDE,SULFONAMIDE,EXACTX,100.0,100.0,WP_000259031.1,True
ERR11747320,qacEdelta1,core,STRESS,QUATERNARY AMMONIUM,QUATERNARY AMMONIUM,ALLELEX,100.0,100.0,WP_000679427.1,True
ERR11747320,aadA1,core,AMR,AMINOGLYCOSIDE,STREPTOMYCIN,EXACTX,100.0,100.0,WP_001209508.1,True
ERR11747320,blaOXA-10,core,AMR,BETA-LACTAM,CEPHALOSPORIN,ALLELEX,100.0,100.0,WP_000846390.1,True
ERR11747320,cmlA5,core,AMR,PHENICOL,CHLORAMPHENICOL,EXACTX,100.0,100.0,WP_012300772.1,True
ERR11747320,arr-2,core,AMR,RIFAMYCIN,RIFAMYCIN,ALLELEX,100.0,100.0,WP_000237816.1,True
ERR11747320,qnrB1,core,AMR,QUINOLONE,QUINOLONE,ALLELEX,100.0,100.0,WP_014386481.1,True
ERR11747320,blaCTX-M-15,core,AMR,BETA-LACTAM,CEPHALOSPORIN,ALLELEX,100.0,100.0,WP_000239590.1,True
ERR11747320,tet(A),core,AMR,TETRACYCLINE,TETRACYCLINE,EXACTX,100.0,100.0,WP_031942321.1,True
ERR11747320,mph(A),core,AMR,MACROLIDE,AZITHROMYCIN/ERYTHROMYCIN/SPIRAMYCIN/TELITHROMYCIN,EXACTX,100.0,100.0,WP_000219391.1,True
ERR11747320,aac(3)-IIe,core,AMR,AMINOGLYCOSIDE,GENTAMICIN,EXACTX,100.0,100.0,WP_000557452.1,True
ERR11747320,catB3,core,AMR,PHENICOL,CHLORAMPHENICOL,PARTIALX,70.0,100.0,WP_000186237.1,False
ERR11747320,blaOXA-1,core,AMR,BETA-LACTAM,CEPHALOSPORIN,ALLELEX,100.0,100.0,WP_001334766.1,True
ERR11747320,aac(6')-Ib-cr5,core,AMR,AMINOGLYCOSIDE/QUINOLONE,AMIKACIN/KANAMYCIN/QUINOLONE/TOBRAMYCIN,ALLELEX,100.0,100.0,WP_063840321.1,True
ERR11747320,blaTEM-1,core,AMR,BETA-LACTAM,BETA-LACTAM,ALLELEX,100.0,100.0,WP_000027057.1,True
ERR11747320,dfrA14,core,AMR,TRIMETHOPRIM,TRIMETHOPRIM,EXACTX,100.0,100.0,WP_004201280.1,True
ERR11747325,blaCTX-M-15,core,AMR,BETA-LACTAM,CEPHALOSPORIN,ALLELEX,100.0,100.0,WP_000239590.1,True
ERR11747325,aac(3)-IId,core,AMR,AMINOGLYCOSIDE,GENTAMICIN,EXACTX,100.0,100.0,WP_000557454.1,True
ERR11747325,blaTEM-1,core,AMR,BETA-LACTAM,BETA-LACTAM,ALLELEX,100.0,100.0,WP_000027057.1,True
ERR11747325,floR,core,AMR,PHENICOL,CHLORAMPHENICOL/FLORFENICOL,EXACTX,100.0,100.0,WP_000214119.1,True
ERR11747325,tet(A),core,AMR,TETRACYCLINE,TETRACYCLINE,EXACTX,100.0,100.0,WP_000804063.1,True
ERR11747325,aph(6)-Id,core,AMR,AMINOGLYCOSIDE,STREPTOMYCIN,EXACTX,100.0,100.0,WP_000480968.1,True
ERR11747325,aph(3'')-Ib,core,AMR,AMINOGLYCOSIDE,STREPTOMYCIN,EXACTX,100.0,100.0,WP_001082319.1,True
ERR11747325,sul2,core,AMR,SULFONAMIDE,SULFONAMIDE,EXACTX,100.0,100.0,WP_001043260.1,True
ERR11747325,armA,core,AMR,AMINOGLYCOSIDE,GENTAMICIN,EXACTX,100.0,100.0,WP_000359986.1,True
ERR11747325,msr(E),core,AMR,MACROLIDE/STREPTOGRAMIN,AZITHROMYCIN/ERYTHROMYCIN/STREPTOGRAMIN,EXACTX,100.0,100.0,WP_000052512.1,True
ERR11747325,mph(E),core,AMR,MACROLIDE,ERYTHROMYCIN,EXACTX,100.0,100.0,WP_000155092.1,True
ERR11747325,dfrA14,core,AMR,TRIMETHOPRIM,TRIMETHOPRIM,EXACTX,100.0,100.0,WP_004201280.1,True
ERR11747325,qnrB1,core,AMR,QUINOLONE,QUINOLONE,ALLELEX,100.0,100.0,WP_014386481.1,True
ERR11747325,aadA1,core,AMR,AMINOGLYCOSIDE,STREPTOMYCIN,EXACTX,100.0,100.0,WP_001209508.1,True
ERR11747325,blaOXA-10,core,AMR,BETA-LACTAM,CEPHALOSPORIN,ALLELEX,100.0,100.0,WP_000846390.1,True
ERR11747325,cmlA5,core,AMR,PHENICOL,CHLORAMPHENICOL,EXACTX,100.0,100.0,WP_012300772.1,True
ERR11747325,arr-2,core,AMR,RIFAMYCIN,RIFAMYCIN,ALLELEX,100.0,100.0,WP_000237816.1,True
ERR11747325,blaNDM-1,core,AMR,BETA-LACTAM,CARBAPENEM,ALLELEX,100.0,100.0,WP_004201164.1,True
ERR11747325,ble,core,AMR,BLEOMYCIN,BLEOMYCIN,EXACTX,100.0,100.0,WP_004201167.1,True
ERR11747325,blaDHA,core,AMR,BETA-LACTAM,CEPHALOSPORIN,PARTIALX,69.92,100.0,WP_004236386.1,False
ERR11747325,tet(A),core,AMR,TETRACYCLINE,TETRACYCLINE,EXACTX,100.0,100.0,WP_031942321.1,True
ERR11747325,mph(A),core,AMR,MACROLIDE,AZITHROMYCIN/ERYTHROMYCIN/SPIRAMYCIN/TELITHROMYCIN,EXACTX,100.0,100.0,WP_000219391.1,True
ERR11747325,qacE,core,STRESS,QUATERNARY AMMONIUM,QUATERNARY AMMONIUM,PARTIAL_CONTIG_ENDX,79.13,100.0,WP_000679427.1,False
ERR11747325,sul1,core,AMR,SULFONAMIDE,SULFONAMIDE,EXACTX,100.0,100.0,WP_000259031.1,True
ERR11747325,dfrA23,core,AMR,TRIMETHOPRIM,TRIMETHOPRIM,EXACTX,100.0,100.0,WP_001143450.1,True
ERR11747325,aac(6')-Ib-cr5,core,AMR,AMINOGLYCOSIDE/QUINOLONE,AMIKACIN/KANAMYCIN/QUINOLONE/TOBRAMYCIN,ALLELEX,100.0,100.0,WP_063840321.1,True
ERR11747325,blaOXA-1,core,AMR,BETA-LACTAM,CEPHALOSPORIN,ALLELEX,100.0,100.0,WP_001334766.1,True
ERR11747325,catB3,core,AMR,PHENICOL,CHLORAMPHENICOL,PARTIALX,70.0,100.0,WP_000186237.1,False
ERR11807704,aph(6)-Id,core,AMR,AMINOGLYCOSIDE,STREPTOMYCIN,EXACTX,100.0,100.0,WP_000480968.1,True
ERR11807704,aph(3'')-Ib,core,AMR,AMINOGLYCOSIDE,STREPTOMYCIN,EXACTX,100.0,100.0,WP_001082319.1,True
ERR11807704,sul2,core,AMR,SULFONAMIDE,SULFONAMIDE,EXACTX,100.0,100.0,WP_001043260.1,True
ERR11807704,qnrB1,core,AMR,QUINOLONE,QUINOLONE,ALLELEX,100.0,100.0,WP_014386481.1,True
ERR11807704,aac(3)-IId,core,AMR,AMINOGLYCOSIDE,GENTAMICIN,EXACTX,100.0,100.0,WP_000557454.1,True
ERR11807704,blaSCO-1,core,AMR,BETA-LACTAM,BETA-LACTAM,ALLELEX,100.0,100.0,WP_004197546.1,True
ERR11807704,dfrA23,core,AMR,TRIMETHOPRIM,TRIMETHOPRIM,EXACTX,100.0,100.0,WP_001143450.1,True
ERR11807704,arr-2,core,AMR,RIFAMYCIN,RIFAMYCIN,ALLELEX,100.0,100.0,WP_000237816.1,True
ERR11807704,cmlA5,core,AMR,PHENICOL,CHLORAMPHENICOL,EXACTX,100.0,100.0,WP_012300772.1,True
ERR11807704,blaOXA-10,core,AMR,BETA-LACTAM,CEPHALOSPORIN,ALLELEX,100.0,100.0,WP_000846390.1,True
ERR11807704,aadA1,core,AMR,AMINOGLYCOSIDE,STREPTOMYCIN,EXACTX,100.0,100.0,WP_001209508.1,True
ERR11807704,mph(A),core,AMR,MACROLIDE,AZITHROMYCIN/ERYTHROMYCIN/SPIRAMYCIN/TELITHROMYCIN,EXACTX,100.0,100.0,WP_000219391.1,True
ERR11807704,blaCTX-M-15,core,AMR,BETA-LACTAM,CEPHALOSPORIN,ALLELEX,100.0,100.0,WP_000239590.1,True
ERR11807704,aadA2,core,AMR,AMINOGLYCOSIDE,STREPTOMYCIN,EXACTX,100.0,100.0,WP_001206356.1,True
ERR11807704,dfrA12,core,AMR,TRIMETHOPRIM,TRIMETHOPRIM,EXACTX,100.0,100.0,WP_001083725.1,True
ERR11807704,qacEdelta1,core,STRESS,QUATERNARY AMMONIUM,QUATERNARY AMMONIUM,ALLELEX,100.0,100.0,WP_000679427.1,True
ERR11807704,sul1,core,AMR,SULFONAMIDE,SULFONAMIDE,EXACTX,100.0,100.0,WP_000259031.1,True
ERR11807704,blaTEM-1,core,AMR,BETA-LACTAM,BETA-LACTAM,ALLELEX,100.0,100.0,WP_000027057.1,True
ERR11807709,qnrB1,core,AMR,QUINOLONE,QUINOLONE,ALLELEX,100.0,100.0,WP_014386481.1,True
ERR11807709,aph(6)-Id,core,AMR,AMINOGLYCOSIDE,STREPTOMYCIN,EXACTX,100.0,100.0,WP_000480968.1,True
ERR11807709,aph(3'')-Ib,core,AMR,AMINOGLYCOSIDE,STREPTOMYCIN,EXACTX,100.0,100.0,WP_001082319.1,True
ERR11807709,sul2,core,AMR,SULFONAMIDE,SULFONAMIDE,EXACTX,100.0,100.0,WP_001043260.1,True
ERR11807709,aac(3)-IId,core,AMR,AMINOGLYCOSIDE,GENTAMICIN,EXACTX,100.0,100.0,WP_000557454.1,True
ERR11807709,dfrA23,core,AMR,TRIMETHOPRIM,TRIMETHOPRIM,EXACTX,100.0,100.0,WP_001143450.1,True
ERR11807709,blaSCO-1,core,AMR,BETA-LACTAM,BETA-LACTAM,ALLELEX,100.0,100.0,WP_004197546.1,True
ERR11807709,aadA1,core,AMR,AMINOGLYCOSIDE,STREPTOMYCIN,EXACTX,100.0,100.0,WP_001209508.1,True
ERR11807709,blaOXA-10,core,AMR,BETA-LACTAM,CEPHALOSPORIN,ALLELEX,100.0,100.0,WP_000846390.1,True
ERR11807709,cmlA5,core,AMR,PHENICOL,CHLORAMPHENICOL,EXACTX,100.0,100.0,WP_012300772.1,True
ERR11807709,arr-2,core,AMR,RIFAMYCIN,RIFAMYCIN,ALLELEX,100.0,100.0,WP_000237816.1,True
ERR11807709,mph(A),core,AMR,MACROLIDE,AZITHROMYCIN/ERYTHROMYCIN/SPIRAMYCIN/TELITHROMYCIN,EXACTX,100.0,100.0,WP_000219391.1,True
ERR11807709,blaCTX-M-15,core,AMR,BETA-LACTAM,CEPHALOSPORIN,ALLELEX,100.0,100.0,WP_000239590.1,True
ERR11807709,catB3,core,AMR,PHENICOL,CHLORAMPHENICOL,PARTIALX,70.0,100.0,WP_000186237.1,False
ERR11807709,blaOXA-1,core,AMR,BETA-LACTAM,CEPHALOSPORIN,ALLELEX,100.0,100.0,WP_001334766.1,True
ERR11807709,aac(6')-Ib-cr5,core,AMR,AMINOGLYCOSIDE/QUINOLONE,AMIKACIN/KANAMYCIN/QUINOLONE/TOBRAMYCIN,ALLELEX,100.0,100.0,WP_063840321.1,True
ERR11807709,dfrA12,core,AMR,TRIMETHOPRIM,TRIMETHOPRIM,EXACTX,100.0,100.0,WP_001083725.1,True
ERR11807709,aadA2,core,AMR,AMINOGLYCOSIDE,STREPTOMYCIN,EXACTX,100.0,100.0,WP_001206356.1,True
ERR11807709,sul1,core,AMR,SULFONAMIDE,SULFONAMIDE,EXACTX,100.0,100.0,WP_000259031.1,True
ERR11807709,qacEdelta1,core,STRESS,QUATERNARY AMMONIUM,QUATERNARY AMMONIUM,ALLELEX,100.0,100.0,WP_000679427.1,True
ERR11807709,blaTEM-1,core,AMR,BETA-LACTAM,BETA-LACTAM,ALLELEX,100.0,100.0,WP_000027057.1,True
ERR11810274,aph(6)-Id,core,AMR,AMINOGLYCOSIDE,STREPTOMYCIN,EXACTX,100.0,100.0,WP_000480968.1,True
ERR11810274,aph(3'')-Ib,core,AMR,AMINOGLYCOSIDE,STREPTOMYCIN,EXACTX,100.0,100.0,WP_001082319.1,True
ERR11810274,sul2,core,AMR,SULFONAMIDE,SULFONAMIDE,EXACTX,100.0,100.0,WP_001043260.1,True
ERR11810274,qnrB1,core,AMR,QUINOLONE,QUINOLONE,ALLELEX,100.0,100.0,WP_014386481.1,True
ERR11810274,aac(3)-IId,core,AMR,AMINOGLYCOSIDE,GENTAMICIN,EXACTX,100.0,100.0,WP_000557454.1,True
ERR11810274,dfrA23,core,AMR,TRIMETHOPRIM,TRIMETHOPRIM,EXACTX,100.0,100.0,WP_001143450.1,True
ERR11810274,blaSCO-1,core,AMR,BETA-LACTAM,BETA-LACTAM,ALLELEX,100.0,100.0,WP_004197546.1,True
ERR11810274,mph(A),core,AMR,MACROLIDE,AZITHROMYCIN/ERYTHROMYCIN/SPIRAMYCIN/TELITHROMYCIN,EXACTX,100.0,100.0,WP_000219391.1,True
ERR11810274,arr-2,core,AMR,RIFAMYCIN,RIFAMYCIN,ALLELEX,100.0,100.0,WP_000237816.1,True
ERR11810274,cmlA5,core,AMR,PHENICOL,CHLORAMPHENICOL,EXACTX,100.0,100.0,WP_012300772.1,True
ERR11810274,blaOXA-10,core,AMR,BETA-LACTAM,CEPHALOSPORIN,ALLELEX,100.0,100.0,WP_000846390.1,True
ERR11810274,aadA1,core,AMR,AMINOGLYCOSIDE,STREPTOMYCIN,EXACTX,100.0,100.0,WP_001209508.1,True
ERR11810274,blaCTX-M-15,core,AMR,BETA-LACTAM,CEPHALOSPORIN,ALLELEX,100.0,100.0,WP_000239590.1,True
ERR11810274,catB3,core,AMR,PHENICOL,CHLORAMPHENICOL,PARTIALX,70.0,100.0,WP_000186237.1,False
ERR11810274,blaOXA-1,core,AMR,BETA-LACTAM,CEPHALOSPORIN,ALLELEX,100.0,100.0,WP_001334766.1,True
ERR11810274,aac(6')-Ib-cr5,core,AMR,AMINOGLYCOSIDE/QUINOLONE,AMIKACIN/KANAMYCIN/QUINOLONE/TOBRAMYCIN,ALLELEX,100.0,100.0,WP_063840321.1,True
ERR11810274,dfrA12,core,AMR,TRIMETHOPRIM,TRIMETHOPRIM,EXACTX,100.0,100.0,WP_001083725.1,True
ERR11810274,aadA2,core,AMR,AMINOGLYCOSIDE,STREPTOMYCIN,EXACTX,100.0,100.0,WP_001206356.1,True
ERR11810274,qacEdelta1,core,STRESS,QUATERNARY AMMONIUM,QUATERNARY AMMONIUM,ALLELEX,100.0,100.0,WP_000679427.1,True
ERR11810274,sul1,core,AMR,SULFONAMIDE,SULFONAMIDE,EXACTX,100.0,100.0,WP_000259031.1,True
ERR11810274,blaTEM-1,core,AMR,BETA-LACTAM,BETA-LACTAM,ALLELEX,100.0,100.0,WP_000027057.1,True
ERR11872767,floR,core,AMR,PHENICOL,CHLORAMPHENICOL/FLORFENICOL,EXACTX,100.0,100.0,WP_000214119.1,True
ERR11872767,tet(A),core,AMR,TETRACYCLINE,TETRACYCLINE,EXACTX,100.0,100.0,WP_000804063.1,True
ERR11872767,aph(6)-Id,core,AMR,AMINOGLYCOSIDE,STREPTOMYCIN,EXACTX,100.0,100.0,WP_000480968.1,True
ERR11872767,aph(3'')-Ib,core,AMR,AMINOGLYCOSIDE,STREPTOMYCIN,EXACTX,100.0,100.0,WP_001082319.1,True
ERR11872767,sul2,core,AMR,SULFONAMIDE,SULFONAMIDE,EXACTX,100.0,100.0,WP_001043260.1,True
ERR11872767,qnrB1,core,AMR,QUINOLONE,QUINOLONE,ALLELEX,100.0,100.0,WP_014386481.1,True
ERR11872767,qacEdelta1,core,STRESS,QUATERNARY AMMONIUM,QUATERNARY AMMONIUM,ALLELEX,100.0,100.0,WP_000679427.1,True
ERR11872767,sul1,core,AMR,SULFONAMIDE,SULFONAMIDE,EXACTX,100.0,100.0,WP_000259031.1,True
ERR11872767,dfrA23,core,AMR,TRIMETHOPRIM,TRIMETHOPRIM,EXACTX,100.0,100.0,WP_001143450.1,True
ERR11872767,dfrA14,core,AMR,TRIMETHOPRIM,TRIMETHOPRIM,EXACTX,100.0,100.0,WP_004201280.1,True
ERR11872767,mph(A),core,AMR,MACROLIDE,AZITHROMYCIN/ERYTHROMYCIN/SPIRAMYCIN/TELITHROMYCIN,EXACTX,100.0,100.0,WP_000219391.1,True
ERR11872767,blaSCO-1,core,AMR,BETA-LACTAM,BETA-LACTAM,ALLELEX,100.0,100.0,WP_004197546.1,True
ERR11872767,blaCTX-M-15,core,AMR,BETA-LACTAM,CEPHALOSPORIN,ALLELEX,100.0,100.0,WP_000239590.1,True
ERR11872767,arr-2,core,AMR,RIFAMYCIN,RIFAMYCIN,ALLELEX,100.0,100.0,WP_000237816.1,True
ERR11872767,cmlA5,core,AMR,PHENICOL,CHLORAMPHENICOL,EXACTX,100.0,100.0,WP_012300772.1,True
ERR11872767,blaOXA-10,core,AMR,BETA-LACTAM,CEPHALOSPORIN,ALLELEX,100.0,100.0,WP_000846390.1,True
ERR11872767,aac(6')-Ib-cr5,core,AMR,AMINOGLYCOSIDE/QUINOLONE,AMIKACIN/KANAMYCIN/QUINOLONE/TOBRAMYCIN,ALLELEX,100.0,100.0,WP_063840321.1,True
ERR11872767,blaOXA-1,core,AMR,BETA-LACTAM,CEPHALOSPORIN,ALLELEX,100.0,100.0,WP_001334766.1,True
ERR11872767,catB3,core,AMR,PHENICOL,CHLORAMPHENICOL,PARTIALX,70.0,100.0,WP_000186237.1,False
ERR11872767,catA1,core,AMR,PHENICOL,CHLORAMPHENICOL,BLASTX,99.09,100.0,WP_000412211.1,True
ERR11872767,aadA1,core,AMR,AMINOGLYCOSIDE,STREPTOMYCIN,BLASTX,98.1,100.0,WP_001206316.1,True
ERR11896635,aph(6)-Id,core,AMR,AMINOGLYCOSIDE,STREPTOMYCIN,EXACTX,100.0,100.0,WP_000480968.1,True
ERR11896635,aph(3'')-Ib,core,AMR,AMINOGLYCOSIDE,STREPTOMYCIN,EXACTX,100.0,100.0,WP_001082319.1,True
ERR11896635,sul2,core,AMR,SULFONAMIDE,SULFONAMIDE,EXACTX,100.0,100.0,WP_001043260.1,True
ERR11896635,qnrB1,core,AMR,QUINOLONE,QUINOLONE,ALLELEX,100.0,100.0,WP_014386481.1,True
ERR11896635,aac(3)-IId,core,AMR,AMINOGLYCOSIDE,GENTAMICIN,EXACTX,100.0,100.0,WP_000557454.1,True
ERR11896635,dfrA23,core,AMR,TRIMETHOPRIM,TRIMETHOPRIM,EXACTX,100.0,100.0,WP_001143450.1,True
ERR11896635,blaSCO-1,core,AMR,BETA-LACTAM,BETA-LACTAM,ALLELEX,100.0,100.0,WP_004197546.1,True
ERR11896635,aadA1,core,AMR,AMINOGLYCOSIDE,STREPTOMYCIN,EXACTX,100.0,100.0,WP_001209508.1,True
ERR11896635,blaOXA-10,core,AMR,BETA-LACTAM,CEPHALOSPORIN,ALLELEX,100.0,100.0,WP_000846390.1,True
ERR11896635,cmlA5,core,AMR,PHENICOL,CHLORAMPHENICOL,EXACTX,100.0,100.0,WP_012300772.1,True
ERR11896635,arr-2,core,AMR,RIFAMYCIN,RIFAMYCIN,ALLELEX,100.0,100.0,WP_000237816.1,True
ERR11896635,mph(A),core,AMR,MACROLIDE,AZITHROMYCIN/ERYTHROMYCIN/SPIRAMYCIN/TELITHROMYCIN,EXACTX,100.0,100.0,WP_000219391.1,True
ERR11896635,blaCTX-M-15,core,AMR,BETA-LACTAM,CEPHALOSPORIN,ALLELEX,100.0,100.0,WP_000239590.1,True
ERR11896635,catB3,core,AMR,PHENICOL,CHLORAMPHENICOL,PARTIALX,70.0,100.0,WP_000186237.1,False
ERR11896635,blaOXA-1,core,AMR,BETA-LACTAM,CEPHALOSPORIN,ALLELEX,100.0,100.0,WP_001334766.1,True
ERR11896635,aac(6')-Ib-cr5,core,AMR,AMINOGLYCOSIDE/QUINOLONE,AMIKACIN/KANAMYCIN/QUINOLONE/TOBRAMYCIN,ALLELEX,100.0,100.0,WP_063840321.1,True
ERR11896635,dfrA12,core,AMR,TRIMETHOPRIM,TRIMETHOPRIM,EXACTX,100.0,100.0,WP_001083725.1,True
ERR11896635,aadA2,core,AMR,AMINOGLYCOSIDE,STREPTOMYCIN,EXACTX,100.0,100.0,WP_001206356.1,True
ERR11896635,sul1,core,AMR,SULFONAMIDE,SULFONAMIDE,EXACTX,100.0,100.0,WP_000259031.1,True
ERR11896635,qacEdelta1,core,STRESS,QUATERNARY AMMONIUM,QUATERNARY AMMONIUM,ALLELEX,100.0,100.0,WP_000679427.1,True
ERR11896635,blaTEM-1,core,AMR,BETA-LACTAM,BETA-LACTAM,ALLELEX,100.0,100.0,WP_000027057.1,True
ERR12067314,blaCTX-M-15,core,AMR,BETA-LACTAM,CEPHALOSPORIN,ALLELEX,100.0,100.0,WP_000239590.1,True
ERR12067314,sul2,core,AMR,SULFONAMIDE,SULFONAMIDE,EXACTX,100.0,100.0,WP_001043260.1,True
ERR12067314,aph(3'')-Ib,core,AMR,AMINOGLYCOSIDE,STREPTOMYCIN,EXACTX,100.0,100.0,WP_001082319.1,True
ERR12067314,aph(6)-Id,core,AMR,AMINOGLYCOSIDE,STREPTOMYCIN,EXACTX,100.0,100.0,WP_000480968.1,True
ERR12067314,tet(A),core,AMR,TETRACYCLINE,TETRACYCLINE,EXACTX,100.0,100.0,WP_000804063.1,True
ERR12067314,floR,core,AMR,PHENICOL,CHLORAMPHENICOL/FLORFENICOL,EXACTX,100.0,100.0,WP_000214119.1,True
ERR12067314,arr-2,core,AMR,RIFAMYCIN,RIFAMYCIN,ALLELEX,100.0,100.0,WP_000237816.1,True
ERR12067314,cmlA5,core,AMR,PHENICOL,CHLORAMPHENICOL,EXACTX,100.0,100.0,WP_012300772.1,True
ERR12067314,blaOXA-10,core,AMR,BETA-LACTAM,CEPHALOSPORIN,ALLELEX,100.0,100.0,WP_000846390.1,True
ERR12067314,aadA1,core,AMR,AMINOGLYCOSIDE,STREPTOMYCIN,EXACTX,100.0,100.0,WP_001209508.1,True
ERR12067314,qacEdelta1,core,STRESS,QUATERNARY AMMONIUM,QUATERNARY AMMONIUM,ALLELEX,100.0,100.0,WP_000679427.1,True
ERR12067314,sul1,core,AMR,SULFONAMIDE,SULFONAMIDE,EXACTX,100.0,100.0,WP_000259031.1,True
ERR12067314,dfrA23,core,AMR,TRIMETHOPRIM,TRIMETHOPRIM,EXACTX,100.0,100.0,WP_001143450.1,True
ERR12067314,dfrA14,core,AMR,TRIMETHOPRIM,TRIMETHOPRIM,EXACTX,100.0,100.0,WP_004201280.1,True
ERR12067314,qnrB1,core,AMR,QUINOLONE,QUINOLONE,ALLELEX,100.0,100.0,WP_014386481.1,True
ERR12067314,tet(A),core,AMR,TETRACYCLINE,TETRACYCLINE,EXACTX,100.0,100.0,WP_031942321.1,True
ERR12067314,mph(A),core,AMR,MACROLIDE,AZITHROMYCIN/ERYTHROMYCIN/SPIRAMYCIN/TELITHROMYCIN,EXACTX,100.0,100.0,WP_000219391.1,True
ERR12067314,aac(3)-IIe,core,AMR,AMINOGLYCOSIDE,GENTAMICIN,EXACTX,100.0,100.0,WP_000557452.1,True
ERR12067314,catB3,core,AMR,PHENICOL,CHLORAMPHENICOL,PARTIALX,70.0,100.0,WP_000186237.1,False
ERR12067314,blaOXA-1,core,AMR,BETA-LACTAM,CEPHALOSPORIN,ALLELEX,100.0,100.0,WP_001334766.1,True
ERR12067314,aac(6')-Ib-cr5,core,AMR,AMINOGLYCOSIDE/QUINOLONE,AMIKACIN/KANAMYCIN/QUINOLONE/TOBRAMYCIN,ALLELEX,100.0,100.0,WP_063840321.1,True
ERR12067334,arr-2,core,AMR,RIFAMYCIN,RIFAMYCIN,ALLELEX,100.0,100.0,WP_000237816.1,True
ERR12067334,cmlA5,core,AMR,PHENICOL,CHLORAMPHENICOL,EXACTX,100.0,100.0,WP_012300772.1,True
ERR12067334,blaOXA-10,core,AMR,BETA-LACTAM,CEPHALOSPORIN,ALLELEX,100.0,100.0,WP_000846390.1,True
ERR12067334,aadA1,core,AMR,AMINOGLYCOSIDE,STREPTOMYCIN,EXACTX,100.0,100.0,WP_001209508.1,True
ERR12067334,qacEdelta1,core,STRESS,QUATERNARY AMMONIUM,QUATERNARY AMMONIUM,ALLELEX,100.0,100.0,WP_000679427.1,True
ERR12067334,sul1,core,AMR,SULFONAMIDE,SULFONAMIDE,EXACTX,100.0,100.0,WP_000259031.1,True
ERR12067334,dfrA23,core,AMR,TRIMETHOPRIM,TRIMETHOPRIM,EXACTX,100.0,100.0,WP_001143450.1,True
ERR12067334,blaTEM-1,core,AMR,BETA-LACTAM,BETA-LACTAM,ALLELEX,100.0,100.0,WP_000027057.1,True
ERR12067334,aph(6)-Id,core,AMR,AMINOGLYCOSIDE,STREPTOMYCIN,EXACTX,100.0,100.0,WP_000480968.1,True
ERR12067334,aph(3'')-Ib,core,AMR,AMINOGLYCOSIDE,STREPTOMYCIN,EXACTX,100.0,100.0,WP_001082319.1,True
ERR12067334,sul2,core,AMR,SULFONAMIDE,SULFONAMIDE,EXACTX,100.0,100.0,WP_001043260.1,True
ERR12067334,qnrB1,core,AMR,QUINOLONE,QUINOLONE,ALLELEX,100.0,100.0,WP_014386481.1,True
ERR12067334,blaCTX-M-15,core,AMR,BETA-LACTAM,CEPHALOSPORIN,ALLELEX,100.0,100.0,WP_000239590.1,True
ERR12067334,blaSCO-1,core,AMR,BETA-LACTAM,BETA-LACTAM,ALLELEX,100.0,100.0,WP_004197546.1,True
ERR12067334,aac(6')-Ib-cr5,core,AMR,AMINOGLYCOSIDE/QUINOLONE,AMIKACIN/KANAMYCIN/QUINOLONE/TOBRAMYCIN,ALLELEX,100.0,100.0,WP_063840321.1,True
ERR12067334,blaOXA-1,core,AMR,BETA-LACTAM,CEPHALOSPORIN,ALLELEX,100.0,100.0,WP_001334766.1,True
ERR12067334,catB3,core,AMR,PHENICOL,CHLORAMPHENICOL,PARTIALX,70.0,100.0,WP_000186237.1,False
ERR12067371,blaCTX-M-15,core,AMR,BETA-LACTAM,CEPHALOSPORIN,ALLELEX,100.0,100.0,WP_000239590.1,True
ERR12067371,tet(A),core,AMR,TETRACYCLINE,TETRACYCLINE,EXACTX,100.0,100.0,WP_000804063.1,True
ERR12067371,floR,core,AMR,PHENICOL,CHLORAMPHENICOL/FLORFENICOL,EXACTX,100.0,100.0,WP_000214119.1,True
ERR12067371,dfrA14,core,AMR,TRIMETHOPRIM,TRIMETHOPRIM,EXACTX,100.0,100.0,WP_004201280.1,True
ERR12067371,qnrB1,core,AMR,QUINOLONE,QUINOLONE,ALLELEX,100.0,100.0,WP_014386481.1,True
ERR12067371,dfrA23,core,AMR,TRIMETHOPRIM,TRIMETHOPRIM,EXACTX,100.0,100.0,WP_001143450.1,True
ERR12067371,sul1,core,AMR,SULFONAMIDE,SULFONAMIDE,EXACTX,100.0,100.0,WP_000259031.1,True
ERR12067371,qacEdelta1,core,STRESS,QUATERNARY AMMONIUM,QUATERNARY AMMONIUM,ALLELEX,100.0,100.0,WP_000679427.1,True
ERR12067371,tet(A),core,AMR,TETRACYCLINE,TETRACYCLINE,EXACTX,100.0,100.0,WP_031942321.1,True
ERR12067371,mph(A),core,AMR,MACROLIDE,AZITHROMYCIN/ERYTHROMYCIN/SPIRAMYCIN/TELITHROMYCIN,EXACTX,100.0,100.0,WP_000219391.1,True
ERR12067371,arr-2,core,AMR,RIFAMYCIN,RIFAMYCIN,ALLELEX,100.0,100.0,WP_000237816.1,True
ERR12067371,cmlA5,core,AMR,PHENICOL,CHLORAMPHENICOL,EXACTX,100.0,100.0,WP_012300772.1,True
ERR12067371,blaOXA-10,core,AMR,BETA-LACTAM,CEPHALOSPORIN,ALLELEX,100.0,100.0,WP_000846390.1,True
ERR12067371,aac(3)-IIe,core,AMR,AMINOGLYCOSIDE,GENTAMICIN,EXACTX,100.0,100.0,WP_000557452.1,True
ERR12067371,catB3,core,AMR,PHENICOL,CHLORAMPHENICOL,PARTIALX,70.0,100.0,WP_000186237.1,False
ERR12067371,blaOXA-1,core,AMR,BETA-LACTAM,CEPHALOSPORIN,ALLELEX,100.0,100.0,WP_001334766.1,True
ERR12067371,aac(6')-Ib-cr5,core,AMR,AMINOGLYCOSIDE/QUINOLONE,AMIKACIN/KANAMYCIN/QUINOLONE/TOBRAMYCIN,ALLELEX,100.0,100.0,WP_063840321.1,True
ERR12067371,blaTEM-1,core,AMR,BETA-LACTAM,BETA-LACTAM,ALLELEX,100.0,100.0,WP_000027057.1,True
ERR12067371,aph(3'')-Ib,core,AMR,AMINOGLYCOSIDE,STREPTOMYCIN,PARTIAL_CONTIG_ENDX,88.76,100.0,WP_001082319.1,True
ERR12067371,sul2,core,AMR,SULFONAMIDE,SULFONAMIDE,EXACTX,100.0,100.0,WP_001043260.1,True
ERR12067371,aph(6)-Id,core,AMR,AMINOGLYCOSIDE,STREPTOMYCIN,EXACTX,100.0,100.0,WP_000480968.1,True
ERR12067371,catA1,core,AMR,PHENICOL,CHLORAMPHENICOL,BLASTX,99.09,100.0,WP_000412211.1,True
ERR12067371,aadA1,core,AMR,AMINOGLYCOSIDE,STREPTOMYCIN,BLASTX,98.1,100.0,WP_001206316.1,True
ERR12078572,aph(6)-Id,core,AMR,AMINOGLYCOSIDE,STREPTOMYCIN,EXACTX,100.0,100.0,WP_000480968.1,True
ERR12078572,aph(3'')-Ib,core,AMR,AMINOGLYCOSIDE,STREPTOMYCIN,EXACTX,100.0,100.0,WP_001082319.1,True
ERR12078572,sul2,core,AMR,SULFONAMIDE,SULFONAMIDE,EXACTX,100.0,100.0,WP_001043260.1,True
ERR12078572,arr-2,core,AMR,RIFAMYCIN,RIFAMYCIN,ALLELEX,100.0,100.0,WP_000237816.1,True
ERR12078572,cmlA5,core,AMR,PHENICOL,CHLORAMPHENICOL,EXACTX,100.0,100.0,WP_012300772.1,True
ERR12078572,blaOXA-10,core,AMR,BETA-LACTAM,CEPHALOSPORIN,ALLELEX,100.0,100.0,WP_000846390.1,True
ERR12078572,aadA1,core,AMR,AMINOGLYCOSIDE,STREPTOMYCIN,EXACTX,100.0,100.0,WP_001209508.1,True
ERR12078572,qacEdelta1,core,STRESS,QUATERNARY AMMONIUM,QUATERNARY AMMONIUM,ALLELEX,100.0,100.0,WP_000679427.1,True
ERR12078572,sul1,core,AMR,SULFONAMIDE,SULFONAMIDE,EXACTX,100.0,100.0,WP_000259031.1,True
ERR12078572,dfrA23,core,AMR,TRIMETHOPRIM,TRIMETHOPRIM,EXACTX,100.0,100.0,WP_001143450.1,True
ERR12078572,qnrB1,core,AMR,QUINOLONE,QUINOLONE,ALLELEX,100.0,100.0,WP_014386481.1,True
ERR12078572,blaCTX-M-15,core,AMR,BETA-LACTAM,CEPHALOSPORIN,ALLELEX,100.0,100.0,WP_000239590.1,True
ERR12078572,tet(A),core,AMR,TETRACYCLINE,TETRACYCLINE,EXACTX,100.0,100.0,WP_031942321.1,True
ERR12078572,mph(A),core,AMR,MACROLIDE,AZITHROMYCIN/ERYTHROMYCIN/SPIRAMYCIN/TELITHROMYCIN,EXACTX,100.0,100.0,WP_000219391.1,True
ERR12078572,aac(3)-IIe,core,AMR,AMINOGLYCOSIDE,GENTAMICIN,EXACTX,100.0,100.0,WP_000557452.1,True
ERR12078572,catB3,core,AMR,PHENICOL,CHLORAMPHENICOL,PARTIALX,70.0,100.0,WP_000186237.1,False
ERR12078572,blaOXA-1,core,AMR,BETA-LACTAM,CEPHALOSPORIN,ALLELEX,100.0,100.0,WP_001334766.1,True
ERR12078572,aac(6')-Ib-cr5,core,AMR,AMINOGLYCOSIDE/QUINOLONE,AMIKACIN/KANAMYCIN/QUINOLONE/TOBRAMYCIN,ALLELEX,100.0,100.0,WP_063840321.1,True
ERR12078572,blaTEM,core,AMR,BETA-LACTAM,BETA-LACTAM,PARTIAL_CONTIG_ENDX,79.02,100.0,WP_000027057.1,False
ERR12078572,dfrA14,core,AMR,TRIMETHOPRIM,TRIMETHOPRIM,EXACTX,100.0,100.0,WP_004201280.1,True
ERR12078573,aph(6)-Id,core,AMR,AMINOGLYCOSIDE,STREPTOMYCIN,EXACTX,100.0,100.0,WP_000480968.1,True
ERR12078573,aph(3'')-Ib,core,AMR,AMINOGLYCOSIDE,STREPTOMYCIN,EXACTX,100.0,100.0,WP_001082319.1,True
ERR12078573,sul2,core,AMR,SULFONAMIDE,SULFONAMIDE,EXACTX,100.0,100.0,WP_001043260.1,True
ERR12078573,qnrB1,core,AMR,QUINOLONE,QUINOLONE,ALLELEX,100.0,100.0,WP_014386481.1,True
ERR12078573,aac(3)-IId,core,AMR,AMINOGLYCOSIDE,GENTAMICIN,EXACTX,100.0,100.0,WP_000557454.1,True
ERR12078573,dfrA23,core,AMR,TRIMETHOPRIM,TRIMETHOPRIM,EXACTX,100.0,100.0,WP_001143450.1,True
ERR12078573,blaSCO-1,core,AMR,BETA-LACTAM,BETA-LACTAM,ALLELEX,100.0,100.0,WP_004197546.1,True
ERR12078573,arr-2,core,AMR,RIFAMYCIN,RIFAMYCIN,ALLELEX,100.0,100.0,WP_000237816.1,True
ERR12078573,cmlA5,core,AMR,PHENICOL,CHLORAMPHENICOL,EXACTX,100.0,100.0,WP_012300772.1,True
ERR12078573,blaOXA-10,core,AMR,BETA-LACTAM,CEPHALOSPORIN,ALLELEX,100.0,100.0,WP_000846390.1,True
ERR12078573,aadA1,core,AMR,AMINOGLYCOSIDE,STREPTOMYCIN,EXACTX,100.0,100.0,WP_001209508.1,True
ERR12078573,mph(A),core,AMR,MACROLIDE,AZITHROMYCIN/ERYTHROMYCIN/SPIRAMYCIN/TELITHROMYCIN,EXACTX,100.0,100.0,WP_000219391.1,True
ERR12078573,blaCTX-M-15,core,AMR,BETA-LACTAM,CEPHALOSPORIN,ALLELEX,100.0,100.0,WP_000239590.1,True
ERR12078573,aac(6')-Ib-cr5,core,AMR,AMINOGLYCOSIDE/QUINOLONE,AMIKACIN/KANAMYCIN/QUINOLONE/TOBRAMYCIN,ALLELEX,100.0,100.0,WP_063840321.1,True
ERR12078573,blaOXA-1,core,AMR,BETA-LACTAM,CEPHALOSPORIN,ALLELEX,100.0,100.0,WP_001334766.1,True
ERR12078573,catB3,core,AMR,PHENICOL,CHLORAMPHENICOL,PARTIALX,70.0,100.0,WP_000186237.1,False
ERR12078573,dfrA12,core,AMR,TRIMETHOPRIM,TRIMETHOPRIM,EXACTX,100.0,100.0,WP_001083725.1,True
ERR12078573,aadA2,core,AMR,AMINOGLYCOSIDE,STREPTOMYCIN,EXACTX,100.0,100.0,WP_001206356.1,True
ERR12078573,qacEdelta1,core,STRESS,QUATERNARY AMMONIUM,QUATERNARY AMMONIUM,ALLELEX,100.0,100.0,WP_000679427.1,True
ERR12078573,sul1,core,AMR,SULFONAMIDE,SULFONAMIDE,EXACTX,100.0,100.0,WP_000259031.1,True
ERR12078573,blaTEM-1,core,AMR,BETA-LACTAM,BETA-LACTAM,ALLELEX,100.0,100.0,WP_000027057.1,True
ERR12080226,floR,core,AMR,PHENICOL,CHLORAMPHENICOL/FLORFENICOL,EXACTX,100.0,100.0,WP_000214119.1,True
ERR12080226,tet(A),core,AMR,TETRACYCLINE,TETRACYCLINE,EXACTX,100.0,100.0,WP_000804063.1,True
ERR12080226,aph(6)-Id,core,AMR,AMINOGLYCOSIDE,STREPTOMYCIN,EXACTX,100.0,100.0,WP_000480968.1,True
ERR12080226,aph(3'')-Ib,core,AMR,AMINOGLYCOSIDE,STREPTOMYCIN,EXACTX,100.0,100.0,WP_001082319.1,True
ERR12080226,sul2,core,AMR,SULFONAMIDE,SULFONAMIDE,EXACTX,100.0,100.0,WP_001043260.1,True
ERR12080226,dfrA14,core,AMR,TRIMETHOPRIM,TRIMETHOPRIM,EXACTX,100.0,100.0,WP_004201280.1,True
ERR12080226,tet(A),core,AMR,TETRACYCLINE,TETRACYCLINE,EXACTX,100.0,100.0,WP_031942321.1,True
ERR12091513,qnrB1,core,AMR,QUINOLONE,QUINOLONE,ALLELEX,100.0,100.0,WP_014386481.1,True
ERR12091513,aph(6)-Id,core,AMR,AMINOGLYCOSIDE,STREPTOMYCIN,EXACTX,100.0,100.0,WP_000480968.1,True
ERR12091513,aph(3'')-Ib,core,AMR,AMINOGLYCOSIDE,STREPTOMYCIN,EXACTX,100.0,100.0,WP_001082319.1,True
ERR12091513,sul2,core,AMR,SULFONAMIDE,SULFONAMIDE,EXACTX,100.0,100.0,WP_001043260.1,True
ERR12091513,aac(3)-IId,core,AMR,AMINOGLYCOSIDE,GENTAMICIN,EXACTX,100.0,100.0,WP_000557454.1,True
ERR12091513,dfrA23,core,AMR,TRIMETHOPRIM,TRIMETHOPRIM,EXACTX,100.0,100.0,WP_001143450.1,True
ERR12091513,blaSCO-1,core,AMR,BETA-LACTAM,BETA-LACTAM,ALLELEX,100.0,100.0,WP_004197546.1,True
ERR12091513,arr-2,core,AMR,RIFAMYCIN,RIFAMYCIN,ALLELEX,100.0,100.0,WP_000237816.1,True
ERR12091513,cmlA5,core,AMR,PHENICOL,CHLORAMPHENICOL,EXACTX,100.0,100.0,WP_012300772.1,True
ERR12091513,blaOXA-10,core,AMR,BETA-LACTAM,CEPHALOSPORIN,ALLELEX,100.0,100.0,WP_000846390.1,True
ERR12091513,aadA1,core,AMR,AMINOGLYCOSIDE,STREPTOMYCIN,EXACTX,100.0,100.0,WP_001209508.1,True
ERR12091513,mph(A),core,AMR,MACROLIDE,AZITHROMYCIN/ERYTHROMYCIN/SPIRAMYCIN/TELITHROMYCIN,EXACTX,100.0,100.0,WP_000219391.1,True
ERR12091513,blaCTX-M-15,core,AMR,BETA-LACTAM,CEPHALOSPORIN,ALLELEX,100.0,100.0,WP_000239590.1,True
ERR12091513,catB3,core,AMR,PHENICOL,CHLORAMPHENICOL,PARTIALX,70.0,100.0,WP_000186237.1,False
ERR12091513,blaOXA-1,core,AMR,BETA-LACTAM,CEPHALOSPORIN,ALLELEX,100.0,100.0,WP_001334766.1,True
ERR12091513,aac(6')-Ib-cr5,core,AMR,AMINOGLYCOSIDE/QUINOLONE,AMIKACIN/KANAMYCIN/QUINOLONE/TOBRAMYCIN,ALLELEX,100.0,100.0,WP_063840321.1,True
ERR12091513,aadA2,core,AMR,AMINOGLYCOSIDE,STREPTOMYCIN,EXACTX,100.0,100.0,WP_001206356.1,True
ERR12091513,dfrA12,core,AMR,TRIMETHOPRIM,TRIMETHOPRIM,EXACTX,100.0,100.0,WP_001083725.1,True
ERR12091513,qacEdelta1,core,STRESS,QUATERNARY AMMONIUM,QUATERNARY AMMONIUM,ALLELEX,100.0,100.0,WP_000679427.1,True
ERR12091513,sul1,core,AMR,SULFONAMIDE,SULFONAMIDE,EXACTX,100.0,100.0,WP_000259031.1,True
ERR12091513,blaTEM-1,core,AMR,BETA-LACTAM,BETA-LACTAM,ALLELEX,100.0,100.0,WP_000027057.1,True
ERR12142619,blaCTX-M-15,core,AMR,BETA-LACTAM,CEPHALOSPORIN,ALLELEX,100.0,100.0,WP_000239590.1,True
ERR12142619,sul2,core,AMR,SULFONAMIDE,SULFONAMIDE,EXACTX,100.0,100.0,WP_001043260.1,True
ERR12142619,aph(3'')-Ib,core,AMR,AMINOGLYCOSIDE,STREPTOMYCIN,EXACTX,100.0,100.0,WP_001082319.1,True
ERR12142619,aph(6)-Id,core,AMR,AMINOGLYCOSIDE,STREPTOMYCIN,EXACTX,100.0,100.0,WP_000480968.1,True
ERR12142619,tet(A),core,AMR,TETRACYCLINE,TETRACYCLINE,EXACTX,100.0,100.0,WP_000804063.1,True
ERR12142619,floR,core,AMR,PHENICOL,CHLORAMPHENICOL/FLORFENICOL,EXACTX,100.0,100.0,WP_000214119.1,True
ERR12142619,dfrA23,core,AMR,TRIMETHOPRIM,TRIMETHOPRIM,EXACTX,100.0,100.0,WP_001143450.1,True
ERR12142619,sul1,core,AMR,SULFONAMIDE,SULFONAMIDE,EXACTX,100.0,100.0,WP_000259031.1,True
ERR12142619,qacEdelta1,core,STRESS,QUATERNARY AMMONIUM,QUATERNARY AMMONIUM,ALLELEX,100.0,100.0,WP_000679427.1,True
ERR12142619,aadA1,core,AMR,AMINOGLYCOSIDE,STREPTOMYCIN,EXACTX,100.0,100.0,WP_001209508.1,True
ERR12142619,blaOXA-10,core,AMR,BETA-LACTAM,CEPHALOSPORIN,ALLELEX,100.0,100.0,WP_000846390.1,True
ERR12142619,cmlA5,core,AMR,PHENICOL,CHLORAMPHENICOL,EXACTX,100.0,100.0,WP_012300772.1,True
ERR12142619,arr-2,core,AMR,RIFAMYCIN,RIFAMYCIN,ALLELEX,100.0,100.0,WP_000237816.1,True
ERR12142619,dfrA14,core,AMR,TRIMETHOPRIM,TRIMETHOPRIM,EXACTX,100.0,100.0,WP_004201280.1,True
ERR12142619,qnrB1,core,AMR,QUINOLONE,QUINOLONE,ALLELEX,100.0,100.0,WP_014386481.1,True
ERR12142619,tet(A),core,AMR,TETRACYCLINE,TETRACYCLINE,EXACTX,100.0,100.0,WP_031942321.1,True
ERR12142619,aac(3)-IIe,core,AMR,AMINOGLYCOSIDE,GENTAMICIN,EXACTX,100.0,100.0,WP_000557452.1,True
ERR12142619,catB3,core,AMR,PHENICOL,CHLORAMPHENICOL,PARTIALX,70.0,100.0,WP_000186237.1,False
ERR12142619,blaOXA-1,core,AMR,BETA-LACTAM,CEPHALOSPORIN,ALLELEX,100.0,100.0,WP_001334766.1,True
ERR12142619,aac(6')-Ib-cr5,core,AMR,AMINOGLYCOSIDE/QUINOLONE,AMIKACIN/KANAMYCIN/QUINOLONE/TOBRAMYCIN,ALLELEX,100.0,100.0,WP_063840321.1,True
ERR12142619,mph(A),core,AMR,MACROLIDE,AZITHROMYCIN/ERYTHROMYCIN/SPIRAMYCIN/TELITHROMYCIN,BLASTX,98.34,100.0,WP_000219391.1,True
ERR12142634,tet(A),core,AMR,TETRACYCLINE,TETRACYCLINE,EXACTX,100.0,100.0,WP_031942321.1,True
ERR12142634,mph(A),core,AMR,MACROLIDE,AZITHROMYCIN/ERYTHROMYCIN/SPIRAMYCIN/TELITHROMYCIN,BLASTX,100.0,99.67,WP_000219391.1,True
ERR12142634,qacE,core,STRESS,QUATERNARY AMMONIUM,QUATERNARY AMMONIUM,PARTIAL_CONTIG_ENDX,79.13,100.0,WP_000679427.1,False
ERR12142634,sul1,core,AMR,SULFONAMIDE,SULFONAMIDE,EXACTX,100.0,100.0,WP_000259031.1,True
ERR12142634,dfrA23,core,AMR,TRIMETHOPRIM,TRIMETHOPRIM,EXACTX,100.0,100.0,WP_001143450.1,True
ERR12142634,aac(6')-Ib-cr5,core,AMR,AMINOGLYCOSIDE/QUINOLONE,AMIKACIN/KANAMYCIN/QUINOLONE/TOBRAMYCIN,ALLELEX,100.0,100.0,WP_063840321.1,True
ERR12142634,blaOXA-1,core,AMR,BETA-LACTAM,CEPHALOSPORIN,ALLELEX,100.0,100.0,WP_001334766.1,True
ERR12142634,catB3,core,AMR,PHENICOL,CHLORAMPHENICOL,PARTIALX,70.0,100.0,WP_000186237.1,False
ERR12142634,blaTEM-1,core,AMR,BETA-LACTAM,BETA-LACTAM,ALLELEX,100.0,100.0,WP_000027057.1,True
ERR12142634,blaCTX-M-15,core,AMR,BETA-LACTAM,CEPHALOSPORIN,ALLELEX,100.0,100.0,WP_000239590.1,True
ERR12142634,floR,core,AMR,PHENICOL,CHLORAMPHENICOL/FLORFENICOL,EXACTX,100.0,100.0,WP_000214119.1,True
ERR12142634,tet(A),core,AMR,TETRACYCLINE,TETRACYCLINE,EXACTX,100.0,100.0,WP_000804063.1,True
ERR12142634,aph(6)-Id,core,AMR,AMINOGLYCOSIDE,STREPTOMYCIN,EXACTX,100.0,100.0,WP_000480968.1,True
ERR12142634,aph(3'')-Ib,core,AMR,AMINOGLYCOSIDE,STREPTOMYCIN,EXACTX,100.0,100.0,WP_001082319.1,True
ERR12142634,sul2,core,AMR,SULFONAMIDE,SULFONAMIDE,EXACTX,100.0,100.0,WP_001043260.1,True
ERR12142634,armA,core,AMR,AMINOGLYCOSIDE,GENTAMICIN,EXACTX,100.0,100.0,WP_000359986.1,True
ERR12142634,msr(E),core,AMR,MACROLIDE/STREPTOGRAMIN,AZITHROMYCIN/ERYTHROMYCIN/STREPTOGRAMIN,EXACTX,100.0,100.0,WP_000052512.1,True
ERR12142634,mph(E),core,AMR,MACROLIDE,ERYTHROMYCIN,EXACTX,100.0,100.0,WP_000155092.1,True
ERR12142634,dfrA14,core,AMR,TRIMETHOPRIM,TRIMETHOPRIM,EXACTX,100.0,100.0,WP_004201280.1,True
ERR12142634,qnrB1,core,AMR,QUINOLONE,QUINOLONE,ALLELEX,100.0,100.0,WP_014386481.1,True
ERR12142634,arr-2,core,AMR,RIFAMYCIN,RIFAMYCIN,ALLELEX,100.0,100.0,WP_000237816.1,True
ERR12142634,cmlA5,core,AMR,PHENICOL,CHLORAMPHENICOL,EXACTX,100.0,100.0,WP_012300772.1,True
ERR12142634,blaOXA-10,core,AMR,BETA-LACTAM,CEPHALOSPORIN,ALLELEX,100.0,100.0,WP_000846390.1,True
ERR12142634,aadA1,core,AMR,AMINOGLYCOSIDE,STREPTOMYCIN,EXACTX,100.0,100.0,WP_001209508.1,True
ERR12142634,blaNDM-1,core,AMR,BETA-LACTAM,CARBAPENEM,ALLELEX,100.0,100.0,WP_004201164.1,True
ERR12142634,ble,core,AMR,BLEOMYCIN,BLEOMYCIN,EXACTX,100.0,100.0,WP_004201167.1,True
ERR12142634,blaDHA,core,AMR,BETA-LACTAM,CEPHALOSPORIN,PARTIALX,69.92,100.0,WP_004236386.1,False
ERR12146144,qnrB1,core,AMR,QUINOLONE,QUINOLONE,ALLELEX,100.0,100.0,WP_014386481.1,True
ERR12146144,sul2,core,AMR,SULFONAMIDE,SULFONAMIDE,EXACTX,100.0,100.0,WP_001043260.1,True
ERR12146144,aph(3'')-Ib,core,AMR,AMINOGLYCOSIDE,STREPTOMYCIN,EXACTX,100.0,100.0,WP_001082319.1,True
ERR12146144,aph(6)-Id,core,AMR,AMINOGLYCOSIDE,STREPTOMYCIN,EXACTX,100.0,100.0,WP_000480968.1,True
ERR12146144,aac(3)-IId,core,AMR,AMINOGLYCOSIDE,GENTAMICIN,EXACTX,100.0,100.0,WP_000557454.1,True
ERR12146144,dfrA23,core,AMR,TRIMETHOPRIM,TRIMETHOPRIM,EXACTX,100.0,100.0,WP_001143450.1,True
ERR12146144,blaSCO-1,core,AMR,BETA-LACTAM,BETA-LACTAM,ALLELEX,100.0,100.0,WP_004197546.1,True
ERR12146144,aadA1,core,AMR,AMINOGLYCOSIDE,STREPTOMYCIN,EXACTX,100.0,100.0,WP_001209508.1,True
ERR12146144,blaOXA-10,core,AMR,BETA-LACTAM,CEPHALOSPORIN,ALLELEX,100.0,100.0,WP_000846390.1,True
ERR12146144,cmlA5,core,AMR,PHENICOL,CHLORAMPHENICOL,EXACTX,100.0,100.0,WP_012300772.1,True
ERR12146144,arr-2,core,AMR,RIFAMYCIN,RIFAMYCIN,ALLELEX,100.0,100.0,WP_000237816.1,True
ERR12146144,blaCTX-M-15,core,AMR,BETA-LACTAM,CEPHALOSPORIN,ALLELEX,100.0,100.0,WP_000239590.1,True
ERR12146144,catB3,core,AMR,PHENICOL,CHLORAMPHENICOL,PARTIALX,70.0,100.0,WP_000186237.1,False
ERR12146144,blaOXA-1,core,AMR,BETA-LACTAM,CEPHALOSPORIN,ALLELEX,100.0,100.0,WP_001334766.1,True
ERR12146144,aac(6')-Ib-cr5,core,AMR,AMINOGLYCOSIDE/QUINOLONE,AMIKACIN/KANAMYCIN/QUINOLONE/TOBRAMYCIN,ALLELEX,100.0,100.0,WP_063840321.1,True
ERR12146144,aadA2,core,AMR,AMINOGLYCOSIDE,STREPTOMYCIN,EXACTX,100.0,100.0,WP_001206356.1,True
ERR12146144,dfrA12,core,AMR,TRIMETHOPRIM,TRIMETHOPRIM,EXACTX,100.0,100.0,WP_001083725.1,True
ERR12146144,sul1,core,AMR,SULFONAMIDE,SULFONAMIDE,EXACTX,100.0,100.0,WP_000259031.1,True
ERR12146144,qacEdelta1,core,STRESS,QUATERNARY AMMONIUM,QUATERNARY AMMONIUM,ALLELEX,100.0,100.0,WP_000679427.1,True
ERR12146144,blaTEM-1,core,AMR,BETA-LACTAM,BETA-LACTAM,ALLELEX,100.0,100.0,WP_000027057.1,True
ERR12146144,mph(A),core,AMR,MACROLIDE,AZITHROMYCIN/ERYTHROMYCIN/SPIRAMYCIN/TELITHROMYCIN,BLASTX,97.01,100.0,WP_000219391.1,True
ERR12165616,aph(6)-Id,core,AMR,AMINOGLYCOSIDE,STREPTOMYCIN,EXACTX,100.0,100.0,WP_000480968.1,True
ERR12165616,aph(3'')-Ib,core,AMR,AMINOGLYCOSIDE,STREPTOMYCIN,EXACTX,100.0,100.0,WP_001082319.1,True
ERR12165616,sul2,core,AMR,SULFONAMIDE,SULFONAMIDE,EXACTX,100.0,100.0,WP_001043260.1,True
ERR12165616,qnrB1,core,AMR,QUINOLONE,QUINOLONE,ALLELEX,100.0,100.0,WP_014386481.1,True
ERR12165616,aac(3)-IId,core,AMR,AMINOGLYCOSIDE,GENTAMICIN,EXACTX,100.0,100.0,WP_000557454.1,True
ERR12165616,dfrA23,core,AMR,TRIMETHOPRIM,TRIMETHOPRIM,EXACTX,100.0,100.0,WP_001143450.1,True
ERR12165616,blaSCO-1,core,AMR,BETA-LACTAM,BETA-LACTAM,ALLELEX,100.0,100.0,WP_004197546.1,True
ERR12165616,mph(A),core,AMR,MACROLIDE,AZITHROMYCIN/ERYTHROMYCIN/SPIRAMYCIN/TELITHROMYCIN,EXACTX,100.0,100.0,WP_000219391.1,True
ERR12165616,arr-2,core,AMR,RIFAMYCIN,RIFAMYCIN,ALLELEX,100.0,100.0,WP_000237816.1,True
ERR12165616,cmlA5,core,AMR,PHENICOL,CHLORAMPHENICOL,EXACTX,100.0,100.0,WP_012300772.1,True
ERR12165616,blaOXA-10,core,AMR,BETA-LACTAM,CEPHALOSPORIN,ALLELEX,100.0,100.0,WP_000846390.1,True
ERR12165616,aadA1,core,AMR,AMINOGLYCOSIDE,STREPTOMYCIN,EXACTX,100.0,100.0,WP_001209508.1,True
ERR12165616,blaCTX-M-15,core,AMR,BETA-LACTAM,CEPHALOSPORIN,ALLELEX,100.0,100.0,WP_000239590.1,True
ERR12165616,catB3,core,AMR,PHENICOL,CHLORAMPHENICOL,PARTIALX,70.0,100.0,WP_000186237.1,False
ERR12165616,blaOXA-1,core,AMR,BETA-LACTAM,CEPHALOSPORIN,ALLELEX,100.0,100.0,WP_001334766.1,True
ERR12165616,aac(6')-Ib-cr5,core,AMR,AMINOGLYCOSIDE/QUINOLONE,AMIKACIN/KANAMYCIN/QUINOLONE/TOBRAMYCIN,ALLELEX,100.0,100.0,WP_063840321.1,True
ERR12165616,aadA2,core,AMR,AMINOGLYCOSIDE,STREPTOMYCIN,EXACTX,100.0,100.0,WP_001206356.1,True
ERR12165616,dfrA12,core,AMR,TRIMETHOPRIM,TRIMETHOPRIM,EXACTX,100.0,100.0,WP_001083725.1,True
ERR12165616,qacEdelta1,core,STRESS,QUATERNARY AMMONIUM,QUATERNARY AMMONIUM,ALLELEX,100.0,100.0,WP_000679427.1,True
ERR12165616,sul1,core,AMR,SULFONAMIDE,SULFONAMIDE,EXACTX,100.0,100.0,WP_000259031.1,True
ERR12165616,blaTEM-1,core,AMR,BETA-LACTAM,BETA-LACTAM,ALLELEX,100.0,100.0,WP_000027057.1,True
ERR12259395,qnrB1,core,AMR,QUINOLONE,QUINOLONE,ALLELEX,100.0,100.0,WP_014386481.1,True
ERR12259395,aph(6)-Id,core,AMR,AMINOGLYCOSIDE,STREPTOMYCIN,EXACTX,100.0,100.0,WP_000480968.1,True
ERR12259395,aph(3'')-Ib,core,AMR,AMINOGLYCOSIDE,STREPTOMYCIN,EXACTX,100.0,100.0,WP_001082319.1,True
ERR12259395,sul2,core,AMR,SULFONAMIDE,SULFONAMIDE,EXACTX,100.0,100.0,WP_001043260.1,True
ERR12259395,aac(3)-IId,core,AMR,AMINOGLYCOSIDE,GENTAMICIN,EXACTX,100.0,100.0,WP_000557454.1,True
ERR12259395,dfrA23,core,AMR,TRIMETHOPRIM,TRIMETHOPRIM,EXACTX,100.0,100.0,WP_001143450.1,True
ERR12259395,blaSCO-1,core,AMR,BETA-LACTAM,BETA-LACTAM,ALLELEX,100.0,100.0,WP_004197546.1,True
ERR12259395,aadA1,core,AMR,AMINOGLYCOSIDE,STREPTOMYCIN,EXACTX,100.0,100.0,WP_001209508.1,True
ERR12259395,blaOXA-10,core,AMR,BETA-LACTAM,CEPHALOSPORIN,ALLELEX,100.0,100.0,WP_000846390.1,True
ERR12259395,cmlA5,core,AMR,PHENICOL,CHLORAMPHENICOL,EXACTX,100.0,100.0,WP_012300772.1,True
ERR12259395,arr-2,core,AMR,RIFAMYCIN,RIFAMYCIN,ALLELEX,100.0,100.0,WP_000237816.1,True
ERR12259395,mph(A),core,AMR,MACROLIDE,AZITHROMYCIN/ERYTHROMYCIN/SPIRAMYCIN/TELITHROMYCIN,EXACTX,100.0,100.0,WP_000219391.1,True
ERR12259395,blaCTX-M-15,core,AMR,BETA-LACTAM,CEPHALOSPORIN,ALLELEX,100.0,100.0,WP_000239590.1,True
ERR12259395,aac(6')-Ib-cr5,core,AMR,AMINOGLYCOSIDE/QUINOLONE,AMIKACIN/KANAMYCIN/QUINOLONE/TOBRAMYCIN,ALLELEX,100.0,100.0,WP_063840321.1,True
ERR12259395,blaOXA-1,core,AMR,BETA-LACTAM,CEPHALOSPORIN,ALLELEX,100.0,100.0,WP_001334766.1,True
ERR12259395,catB3,core,AMR,PHENICOL,CHLORAMPHENICOL,PARTIALX,70.0,100.0,WP_000186237.1,False
ERR12259395,dfrA12,core,AMR,TRIMETHOPRIM,TRIMETHOPRIM,EXACTX,100.0,100.0,WP_001083725.1,True
ERR12259395,aadA2,core,AMR,AMINOGLYCOSIDE,STREPTOMYCIN,EXACTX,100.0,100.0,WP_001206356.1,True
ERR12259395,sul1,core,AMR,SULFONAMIDE,SULFONAMIDE,EXACTX,100.0,100.0,WP_000259031.1,True
ERR12259395,qacEdelta1,core,STRESS,QUATERNARY AMMONIUM,QUATERNARY AMMONIUM,ALLELEX,100.0,100.0,WP_000679427.1,True
ERR12259395,blaTEM-1,core,AMR,BETA-LACTAM,BETA-LACTAM,ALLELEX,100.0,100.0,WP_000027057.1,True
ERR12302226,dfrA23,core,AMR,TRIMETHOPRIM,TRIMETHOPRIM,EXACTX,100.0,100.0,WP_001143450.1,True
ERR12302226,sul1,core,AMR,SULFONAMIDE,SULFONAMIDE,EXACTX,100.0,100.0,WP_000259031.1,True
ERR12302226,qacEdelta1,core,STRESS,QUATERNARY AMMONIUM,QUATERNARY AMMONIUM,ALLELEX,100.0,100.0,WP_000679427.1,True
ERR12302226,aadA1,core,AMR,AMINOGLYCOSIDE,STREPTOMYCIN,EXACTX,100.0,100.0,WP_001209508.1,True
ERR12302226,blaOXA-10,core,AMR,BETA-LACTAM,CEPHALOSPORIN,ALLELEX,100.0,100.0,WP_000846390.1,True
ERR12302226,cmlA5,core,AMR,PHENICOL,CHLORAMPHENICOL,EXACTX,100.0,100.0,WP_012300772.1,True
ERR12302226,arr-2,core,AMR,RIFAMYCIN,RIFAMYCIN,ALLELEX,100.0,100.0,WP_000237816.1,True
ERR12302226,blaTEM-1,core,AMR,BETA-LACTAM,BETA-LACTAM,ALLELEX,100.0,100.0,WP_000027057.1,True
ERR12302226,aph(6)-Id,core,AMR,AMINOGLYCOSIDE,STREPTOMYCIN,EXACTX,100.0,100.0,WP_000480968.1,True
ERR12302226,aph(3'')-Ib,core,AMR,AMINOGLYCOSIDE,STREPTOMYCIN,EXACTX,100.0,100.0,WP_001082319.1,True
ERR12302226,sul2,core,AMR,SULFONAMIDE,SULFONAMIDE,EXACTX,100.0,100.0,WP_001043260.1,True
ERR12302226,qnrB1,core,AMR,QUINOLONE,QUINOLONE,ALLELEX,100.0,100.0,WP_014386481.1,True
ERR12302226,blaCTX-M-15,core,AMR,BETA-LACTAM,CEPHALOSPORIN,ALLELEX,100.0,100.0,WP_000239590.1,True
ERR12302226,blaSCO-1,core,AMR,BETA-LACTAM,BETA-LACTAM,ALLELEX,100.0,100.0,WP_004197546.1,True
ERR12302226,catB3,core,AMR,PHENICOL,CHLORAMPHENICOL,PARTIALX,70.0,100.0,WP_000186237.1,False
ERR12302226,blaOXA-1,core,AMR,BETA-LACTAM,CEPHALOSPORIN,ALLELEX,100.0,100.0,WP_001334766.1,True
ERR12302226,aac(6')-Ib-cr5,core,AMR,AMINOGLYCOSIDE/QUINOLONE,AMIKACIN/KANAMYCIN/QUINOLONE/TOBRAMYCIN,ALLELEX,100.0,100.0,WP_063840321.1,True
ERR12312688,aph(6)-Id,core,AMR,AMINOGLYCOSIDE,STREPTOMYCIN,EXACTX,100.0,100.0,WP_000480968.1,True
ERR12312688,aph(3'')-Ib,core,AMR,AMINOGLYCOSIDE,STREPTOMYCIN,EXACTX,100.0,100.0,WP_001082319.1,True
ERR12312688,sul2,core,AMR,SULFONAMIDE,SULFONAMIDE,EXACTX,100.0,100.0,WP_001043260.1,True
ERR12312688,qnrB1,core,AMR,QUINOLONE,QUINOLONE,ALLELEX,100.0,100.0,WP_014386481.1,True
ERR12312688,aac(3)-IId,core,AMR,AMINOGLYCOSIDE,GENTAMICIN,EXACTX,100.0,100.0,WP_000557454.1,True
ERR12312688,dfrA23,core,AMR,TRIMETHOPRIM,TRIMETHOPRIM,EXACTX,100.0,100.0,WP_001143450.1,True
ERR12312688,blaSCO-1,core,AMR,BETA-LACTAM,BETA-LACTAM,ALLELEX,100.0,100.0,WP_004197546.1,True
ERR12312688,arr-2,core,AMR,RIFAMYCIN,RIFAMYCIN,ALLELEX,100.0,100.0,WP_000237816.1,True
ERR12312688,cmlA5,core,AMR,PHENICOL,CHLORAMPHENICOL,EXACTX,100.0,100.0,WP_012300772.1,True
ERR12312688,blaOXA-10,core,AMR,BETA-LACTAM,CEPHALOSPORIN,ALLELEX,100.0,100.0,WP_000846390.1,True
ERR12312688,aadA1,core,AMR,AMINOGLYCOSIDE,STREPTOMYCIN,EXACTX,100.0,100.0,WP_001209508.1,True
ERR12312688,mph(A),core,AMR,MACROLIDE,AZITHROMYCIN/ERYTHROMYCIN/SPIRAMYCIN/TELITHROMYCIN,EXACTX,100.0,100.0,WP_000219391.1,True
ERR12312688,blaCTX-M-15,core,AMR,BETA-LACTAM,CEPHALOSPORIN,ALLELEX,100.0,100.0,WP_000239590.1,True
ERR12312688,aac(6')-Ib-cr5,core,AMR,AMINOGLYCOSIDE/QUINOLONE,AMIKACIN/KANAMYCIN/QUINOLONE/TOBRAMYCIN,ALLELEX,100.0,100.0,WP_063840321.1,True
ERR12312688,blaOXA-1,core,AMR,BETA-LACTAM,CEPHALOSPORIN,ALLELEX,100.0,100.0,WP_001334766.1,True
ERR12312688,catB3,core,AMR,PHENICOL,CHLORAMPHENICOL,PARTIALX,70.0,100.0,WP_000186237.1,False
ERR12312688,dfrA12,core,AMR,TRIMETHOPRIM,TRIMETHOPRIM,EXACTX,100.0,100.0,WP_001083725.1,True
ERR12312688,aadA2,core,AMR,AMINOGLYCOSIDE,STREPTOMYCIN,EXACTX,100.0,100.0,WP_001206356.1,True
ERR12312688,qacEdelta1,core,STRESS,QUATERNARY AMMONIUM,QUATERNARY AMMONIUM,ALLELEX,100.0,100.0,WP_000679427.1,True
ERR12312688,sul1,core,AMR,SULFONAMIDE,SULFONAMIDE,EXACTX,100.0,100.0,WP_000259031.1,True
ERR12312688,blaTEM-1,core,AMR,BETA-LACTAM,BETA-LACTAM,ALLELEX,100.0,100.0,WP_000027057.1,True
ERR12312689,sul2,core,AMR,SULFONAMIDE,SULFONAMIDE,EXACTX,100.0,100.0,WP_001043260.1,True
ERR12312689,aph(3'')-Ib,core,AMR,AMINOGLYCOSIDE,STREPTOMYCIN,EXACTX,100.0,100.0,WP_001082319.1,True
ERR12312689,aph(6)-Id,core,AMR,AMINOGLYCOSIDE,STREPTOMYCIN,EXACTX,100.0,100.0,WP_000480968.1,True
ERR12312689,qnrB1,core,AMR,QUINOLONE,QUINOLONE,ALLELEX,100.0,100.0,WP_014386481.1,True
ERR12312689,aac(3)-IId,core,AMR,AMINOGLYCOSIDE,GENTAMICIN,EXACTX,100.0,100.0,WP_000557454.1,True
ERR12312689,dfrA23,core,AMR,TRIMETHOPRIM,TRIMETHOPRIM,EXACTX,100.0,100.0,WP_001143450.1,True
ERR12312689,blaSCO-1,core,AMR,BETA-LACTAM,BETA-LACTAM,ALLELEX,100.0,100.0,WP_004197546.1,True
ERR12312689,arr-2,core,AMR,RIFAMYCIN,RIFAMYCIN,ALLELEX,100.0,100.0,WP_000237816.1,True
ERR12312689,cmlA5,core,AMR,PHENICOL,CHLORAMPHENICOL,EXACTX,100.0,100.0,WP_012300772.1,True
ERR12312689,blaOXA-10,core,AMR,BETA-LACTAM,CEPHALOSPORIN,ALLELEX,100.0,100.0,WP_000846390.1,True
ERR12312689,aadA1,core,AMR,AMINOGLYCOSIDE,STREPTOMYCIN,EXACTX,100.0,100.0,WP_001209508.1,True
ERR12312689,mph(A),core,AMR,MACROLIDE,AZITHROMYCIN/ERYTHROMYCIN/SPIRAMYCIN/TELITHROMYCIN,EXACTX,100.0,100.0,WP_000219391.1,True
ERR12312689,blaCTX-M-15,core,AMR,BETA-LACTAM,CEPHALOSPORIN,ALLELEX,100.0,100.0,WP_000239590.1,True
ERR12312689,catB3,core,AMR,PHENICOL,CHLORAMPHENICOL,PARTIALX,70.0,100.0,WP_000186237.1,False
ERR12312689,blaOXA-1,core,AMR,BETA-LACTAM,CEPHALOSPORIN,ALLELEX,100.0,100.0,WP_001334766.1,True
ERR12312689,aac(6')-Ib-cr5,core,AMR,AMINOGLYCOSIDE/QUINOLONE,AMIKACIN/KANAMYCIN/QUINOLONE/TOBRAMYCIN,ALLELEX,100.0,100.0,WP_063840321.1,True
ERR12312689,dfrA12,core,AMR,TRIMETHOPRIM,TRIMETHOPRIM,EXACTX,100.0,100.0,WP_001083725.1,True
ERR12312689,aadA2,core,AMR,AMINOGLYCOSIDE,STREPTOMYCIN,EXACTX,100.0,100.0,WP_001206356.1,True
ERR12312689,qacEdelta1,core,STRESS,QUATERNARY AMMONIUM,QUATERNARY AMMONIUM,ALLELEX,100.0,100.0,WP_000679427.1,True
ERR12312689,sul1,core,AMR,SULFONAMIDE,SULFONAMIDE,EXACTX,100.0,100.0,WP_000259031.1,True
ERR12312689,blaTEM-1,core,AMR,BETA-LACTAM,BETA-LACTAM,ALLELEX,100.0,100.0,WP_000027057.1,True
ERR12312692,sul2,core,AMR,SULFONAMIDE,SULFONAMIDE,EXACTX,100.0,100.0,WP_001043260.1,True
ERR12312692,aph(3'')-Ib,core,AMR,AMINOGLYCOSIDE,STREPTOMYCIN,EXACTX,100.0,100.0,WP_001082319.1,True
ERR12312692,aph(6)-Id,core,AMR,AMINOGLYCOSIDE,STREPTOMYCIN,EXACTX,100.0,100.0,WP_000480968.1,True
ERR12312692,qnrB1,core,AMR,QUINOLONE,QUINOLONE,ALLELEX,100.0,100.0,WP_014386481.1,True
ERR12312692,aac(3)-IId,core,AMR,AMINOGLYCOSIDE,GENTAMICIN,EXACTX,100.0,100.0,WP_000557454.1,True
ERR12312692,dfrA23,core,AMR,TRIMETHOPRIM,TRIMETHOPRIM,EXACTX,100.0,100.0,WP_001143450.1,True
ERR12312692,blaSCO-1,core,AMR,BETA-LACTAM,BETA-LACTAM,ALLELEX,100.0,100.0,WP_004197546.1,True
ERR12312692,aadA1,core,AMR,AMINOGLYCOSIDE,STREPTOMYCIN,EXACTX,100.0,100.0,WP_001209508.1,True
ERR12312692,blaOXA-10,core,AMR,BETA-LACTAM,CEPHALOSPORIN,ALLELEX,100.0,100.0,WP_000846390.1,True
ERR12312692,cmlA5,core,AMR,PHENICOL,CHLORAMPHENICOL,EXACTX,100.0,100.0,WP_012300772.1,True
ERR12312692,arr-2,core,AMR,RIFAMYCIN,RIFAMYCIN,ALLELEX,100.0,100.0,WP_000237816.1,True
ERR12312692,mph(A),core,AMR,MACROLIDE,AZITHROMYCIN/ERYTHROMYCIN/SPIRAMYCIN/TELITHROMYCIN,EXACTX,100.0,100.0,WP_000219391.1,True
ERR12312692,blaCTX-M-15,core,AMR,BETA-LACTAM,CEPHALOSPORIN,ALLELEX,100.0,100.0,WP_000239590.1,True
ERR12312692,catB3,core,AMR,PHENICOL,CHLORAMPHENICOL,PARTIALX,70.0,100.0,WP_000186237.1,False
ERR12312692,blaOXA-1,core,AMR,BETA-LACTAM,CEPHALOSPORIN,ALLELEX,100.0,100.0,WP_001334766.1,True
ERR12312692,aac(6')-Ib-cr5,core,AMR,AMINOGLYCOSIDE/QUINOLONE,AMIKACIN/KANAMYCIN/QUINOLONE/TOBRAMYCIN,ALLELEX,100.0,100.0,WP_063840321.1,True
ERR12312692,aadA2,core,AMR,AMINOGLYCOSIDE,STREPTOMYCIN,EXACTX,100.0,100.0,WP_001206356.1,True
ERR12312692,dfrA12,core,AMR,TRIMETHOPRIM,TRIMETHOPRIM,EXACTX,100.0,100.0,WP_001083725.1,True
ERR12312692,sul1,core,AMR,SULFONAMIDE,SULFONAMIDE,EXACTX,100.0,100.0,WP_000259031.1,True
ERR12312692,qacEdelta1,core,STRESS,QUATERNARY AMMONIUM,QUATERNARY AMMONIUM,ALLELEX,100.0,100.0,WP_000679427.1,True
ERR12312692,blaTEM-1,core,AMR,BETA-LACTAM,BETA-LACTAM,ALLELEX,100.0,100.0,WP_000027057.1,True
ERR12321280,floR,core,AMR,PHENICOL,CHLORAMPHENICOL/FLORFENICOL,EXACTX,100.0,100.0,WP_000214119.1,True
ERR12321280,tet(A),core,AMR,TETRACYCLINE,TETRACYCLINE,EXACTX,100.0,100.0,WP_000804063.1,True
ERR12321280,aph(6)-Id,core,AMR,AMINOGLYCOSIDE,STREPTOMYCIN,EXACTX,100.0,100.0,WP_000480968.1,True
ERR12321280,aph(3'')-Ib,core,AMR,AMINOGLYCOSIDE,STREPTOMYCIN,EXACTX,100.0,100.0,WP_001082319.1,True
ERR12321280,sul2,core,AMR,SULFONAMIDE,SULFONAMIDE,EXACTX,100.0,100.0,WP_001043260.1,True
ERR12321280,sul1,core,AMR,SULFONAMIDE,SULFONAMIDE,EXACTX,100.0,100.0,WP_000259031.1,True
ERR12321280,qacEdelta1,core,STRESS,QUATERNARY AMMONIUM,QUATERNARY AMMONIUM,ALLELEX,100.0,100.0,WP_000679427.1,True
ERR12321280,aadA1,core,AMR,AMINOGLYCOSIDE,STREPTOMYCIN,EXACTX,100.0,100.0,WP_001209508.1,True
ERR12321280,blaOXA-10,core,AMR,BETA-LACTAM,CEPHALOSPORIN,ALLELEX,100.0,100.0,WP_000846390.1,True
ERR12321280,cmlA5,core,AMR,PHENICOL,CHLORAMPHENICOL,EXACTX,100.0,100.0,WP_012300772.1,True
ERR12321280,arr-2,core,AMR,RIFAMYCIN,RIFAMYCIN,ALLELEX,100.0,100.0,WP_000237816.1,True
ERR12321280,qnrB1,core,AMR,QUINOLONE,QUINOLONE,ALLELEX,100.0,100.0,WP_014386481.1,True
ERR12321280,dfrA14,core,AMR,TRIMETHOPRIM,TRIMETHOPRIM,EXACTX,100.0,100.0,WP_004201280.1,True
ERR12321280,mph(A),core,AMR,MACROLIDE,AZITHROMYCIN/ERYTHROMYCIN/SPIRAMYCIN/TELITHROMYCIN,EXACTX,100.0,100.0,WP_000219391.1,True
ERR12321280,blaCTX-M-15,core,AMR,BETA-LACTAM,CEPHALOSPORIN,ALLELEX,100.0,100.0,WP_000239590.1,True
ERR12321280,aac(3)-IIe,core,AMR,AMINOGLYCOSIDE,GENTAMICIN,EXACTX,100.0,100.0,WP_000557452.1,True
ERR12321280,catB3,core,AMR,PHENICOL,CHLORAMPHENICOL,PARTIALX,70.0,100.0,WP_000186237.1,False
ERR12321280,blaOXA-1,core,AMR,BETA-LACTAM,CEPHALOSPORIN,ALLELEX,100.0,100.0,WP_001334766.1,True
ERR12321280,aac(6')-Ib-cr5,core,AMR,AMINOGLYCOSIDE/QUINOLONE,AMIKACIN/KANAMYCIN/QUINOLONE/TOBRAMYCIN,ALLELEX,100.0,100.0,WP_063840321.1,True
ERR12321281,aac(3)-IId,core,AMR,AMINOGLYCOSIDE,GENTAMICIN,EXACTX,100.0,100.0,WP_000557454.1,True
ERR12321281,blaTEM-1,core,AMR,BETA-LACTAM,BETA-LACTAM,ALLELEX,100.0,100.0,WP_000027057.1,True
ERR12321281,blaCTX-M-15,core,AMR,BETA-LACTAM,CEPHALOSPORIN,ALLELEX,100.0,100.0,WP_000239590.1,True
ERR12321281,floR,core,AMR,PHENICOL,CHLORAMPHENICOL/FLORFENICOL,EXACTX,100.0,100.0,WP_000214119.1,True
ERR12321281,tet(A),core,AMR,TETRACYCLINE,TETRACYCLINE,EXACTX,100.0,100.0,WP_000804063.1,True
ERR12321281,aph(6)-Id,core,AMR,AMINOGLYCOSIDE,STREPTOMYCIN,EXACTX,100.0,100.0,WP_000480968.1,True
ERR12321281,aph(3'')-Ib,core,AMR,AMINOGLYCOSIDE,STREPTOMYCIN,EXACTX,100.0,100.0,WP_001082319.1,True
ERR12321281,sul2,core,AMR,SULFONAMIDE,SULFONAMIDE,EXACTX,100.0,100.0,WP_001043260.1,True
ERR12321281,dfrA14,core,AMR,TRIMETHOPRIM,TRIMETHOPRIM,EXACTX,100.0,100.0,WP_004201280.1,True
ERR12321281,qnrB1,core,AMR,QUINOLONE,QUINOLONE,ALLELEX,100.0,100.0,WP_014386481.1,True
ERR12321281,mph(E),core,AMR,MACROLIDE,ERYTHROMYCIN,EXACTX,100.0,100.0,WP_000155092.1,True
ERR12321281,msr(E),core,AMR,MACROLIDE/STREPTOGRAMIN,AZITHROMYCIN/ERYTHROMYCIN/STREPTOGRAMIN,EXACTX,100.0,100.0,WP_000052512.1,True
ERR12321281,arr-2,core,AMR,RIFAMYCIN,RIFAMYCIN,ALLELEX,100.0,100.0,WP_000237816.1,True
ERR12321281,cmlA5,core,AMR,PHENICOL,CHLORAMPHENICOL,EXACTX,100.0,100.0,WP_012300772.1,True
ERR12321281,blaOXA-10,core,AMR,BETA-LACTAM,CEPHALOSPORIN,ALLELEX,100.0,100.0,WP_000846390.1,True
ERR12321281,aadA1,core,AMR,AMINOGLYCOSIDE,STREPTOMYCIN,EXACTX,100.0,100.0,WP_001209508.1,True
ERR12321281,qacE,core,STRESS,QUATERNARY AMMONIUM,QUATERNARY AMMONIUM,PARTIAL_CONTIG_ENDX,57.39,100.0,WP_000679427.1,False
ERR12321281,blaNDM-1,core,AMR,BETA-LACTAM,CARBAPENEM,ALLELEX,100.0,100.0,WP_004201164.1,True
ERR12321281,ble,core,AMR,BLEOMYCIN,BLEOMYCIN,EXACTX,100.0,100.0,WP_004201167.1,True
ERR12321281,blaDHA,core,AMR,BETA-LACTAM,CEPHALOSPORIN,PARTIALX,69.92,100.0,WP_004236386.1,False
ERR12321281,tet(A),core,AMR,TETRACYCLINE,TETRACYCLINE,EXACTX,100.0,100.0,WP_031942321.1,True
ERR12321281,mph(A),core,AMR,MACROLIDE,AZITHROMYCIN/ERYTHROMYCIN/SPIRAMYCIN/TELITHROMYCIN,EXACTX,100.0,100.0,WP_000219391.1,True
ERR12321281,qacE,core,STRESS,QUATERNARY AMMONIUM,QUATERNARY AMMONIUM,PARTIAL_CONTIG_ENDX,79.13,100.0,WP_000679427.1,False
ERR12321281,sul1,core,AMR,SULFONAMIDE,SULFONAMIDE,EXACTX,100.0,100.0,WP_000259031.1,True
ERR12321281,aac(3)-IIe,core,AMR,AMINOGLYCOSIDE,GENTAMICIN,PARTIAL_CONTIG_ENDX,88.81,100.0,WP_000557452.1,True
ERR12321281,dfrA23,core,AMR,TRIMETHOPRIM,TRIMETHOPRIM,EXACTX,100.0,100.0,WP_001143450.1,True
ERR12321281,catB3,core,AMR,PHENICOL,CHLORAMPHENICOL,PARTIALX,70.0,100.0,WP_000186237.1,False
ERR12321281,blaOXA-1,core,AMR,BETA-LACTAM,CEPHALOSPORIN,ALLELEX,100.0,100.0,WP_001334766.1,True
ERR12321281,aac(6')-Ib-cr5,core,AMR,AMINOGLYCOSIDE/QUINOLONE,AMIKACIN/KANAMYCIN/QUINOLONE/TOBRAMYCIN,ALLELEX,100.0,100.0,WP_063840321.1,True
ERR12321282,blaCTX-M-15,core,AMR,BETA-LACTAM,CEPHALOSPORIN,ALLELEX,100.0,100.0,WP_000239590.1,True
ERR12321282,floR,core,AMR,PHENICOL,CHLORAMPHENICOL/FLORFENICOL,EXACTX,100.0,100.0,WP_000214119.1,True
ERR12321282,tet(A),core,AMR,TETRACYCLINE,TETRACYCLINE,EXACTX,100.0,100.0,WP_000804063.1,True
ERR12321282,aph(6)-Id,core,AMR,AMINOGLYCOSIDE,STREPTOMYCIN,EXACTX,100.0,100.0,WP_000480968.1,True
ERR12321282,aph(3'')-Ib,core,AMR,AMINOGLYCOSIDE,STREPTOMYCIN,EXACTX,100.0,100.0,WP_001082319.1,True
ERR12321282,sul2,core,AMR,SULFONAMIDE,SULFONAMIDE,EXACTX,100.0,100.0,WP_001043260.1,True
ERR12321282,arr-2,core,AMR,RIFAMYCIN,RIFAMYCIN,ALLELEX,100.0,100.0,WP_000237816.1,True
ERR12321282,cmlA5,core,AMR,PHENICOL,CHLORAMPHENICOL,EXACTX,100.0,100.0,WP_012300772.1,True
ERR12321282,blaOXA-10,core,AMR,BETA-LACTAM,CEPHALOSPORIN,ALLELEX,100.0,100.0,WP_000846390.1,True
ERR12321282,aadA1,core,AMR,AMINOGLYCOSIDE,STREPTOMYCIN,EXACTX,100.0,100.0,WP_001209508.1,True
ERR12321282,qacEdelta1,core,STRESS,QUATERNARY AMMONIUM,QUATERNARY AMMONIUM,ALLELEX,100.0,100.0,WP_000679427.1,True
ERR12321282,sul1,core,AMR,SULFONAMIDE,SULFONAMIDE,EXACTX,100.0,100.0,WP_000259031.1,True
ERR12321282,dfrA23,core,AMR,TRIMETHOPRIM,TRIMETHOPRIM,EXACTX,100.0,100.0,WP_001143450.1,True
ERR12321282,dfrA14,core,AMR,TRIMETHOPRIM,TRIMETHOPRIM,EXACTX,100.0,100.0,WP_004201280.1,True
ERR12321282,qnrB1,core,AMR,QUINOLONE,QUINOLONE,ALLELEX,100.0,100.0,WP_014386481.1,True
ERR12321282,tet(A),core,AMR,TETRACYCLINE,TETRACYCLINE,EXACTX,100.0,100.0,WP_031942321.1,True
ERR12321282,mph(A),core,AMR,MACROLIDE,AZITHROMYCIN/ERYTHROMYCIN/SPIRAMYCIN/TELITHROMYCIN,EXACTX,100.0,100.0,WP_000219391.1,True
ERR12321282,aac(3)-IIe,core,AMR,AMINOGLYCOSIDE,GENTAMICIN,EXACTX,100.0,100.0,WP_000557452.1,True
ERR12321282,catB3,core,AMR,PHENICOL,CHLORAMPHENICOL,PARTIALX,70.0,100.0,WP_000186237.1,False
ERR12321282,blaOXA-1,core,AMR,BETA-LACTAM,CEPHALOSPORIN,ALLELEX,100.0,100.0,WP_001334766.1,True
ERR12321282,aac(6')-Ib-cr5,core,AMR,AMINOGLYCOSIDE/QUINOLONE,AMIKACIN/KANAMYCIN/QUINOLONE/TOBRAMYCIN,ALLELEX,100.0,100.0,WP_063840321.1,True
ERR12321283,blaCTX-M-15,core,AMR,BETA-LACTAM,CEPHALOSPORIN,ALLELEX,100.0,100.0,WP_000239590.1,True
ERR12321283,floR,core,AMR,PHENICOL,CHLORAMPHENICOL/FLORFENICOL,EXACTX,100.0,100.0,WP_000214119.1,True
ERR12321283,tet(A),core,AMR,TETRACYCLINE,TETRACYCLINE,EXACTX,100.0,100.0,WP_000804063.1,True
ERR12321283,aph(6)-Id,core,AMR,AMINOGLYCOSIDE,STREPTOMYCIN,EXACTX,100.0,100.0,WP_000480968.1,True
ERR12321283,aph(3'')-Ib,core,AMR,AMINOGLYCOSIDE,STREPTOMYCIN,EXACTX,100.0,100.0,WP_001082319.1,True
ERR12321283,sul2,core,AMR,SULFONAMIDE,SULFONAMIDE,EXACTX,100.0,100.0,WP_001043260.1,True
ERR12321283,dfrA23,core,AMR,TRIMETHOPRIM,TRIMETHOPRIM,EXACTX,100.0,100.0,WP_001143450.1,True
ERR12321283,sul1,core,AMR,SULFONAMIDE,SULFONAMIDE,EXACTX,100.0,100.0,WP_000259031.1,True
ERR12321283,qacEdelta1,core,STRESS,QUATERNARY AMMONIUM,QUATERNARY AMMONIUM,ALLELEX,100.0,100.0,WP_000679427.1,True
ERR12321283,aadA1,core,AMR,AMINOGLYCOSIDE,STREPTOMYCIN,EXACTX,100.0,100.0,WP_001209508.1,True
ERR12321283,blaOXA-10,core,AMR,BETA-LACTAM,CEPHALOSPORIN,ALLELEX,100.0,100.0,WP_000846390.1,True
ERR12321283,cmlA5,core,AMR,PHENICOL,CHLORAMPHENICOL,EXACTX,100.0,100.0,WP_012300772.1,True
ERR12321283,arr-2,core,AMR,RIFAMYCIN,RIFAMYCIN,ALLELEX,100.0,100.0,WP_000237816.1,True
ERR12321283,dfrA14,core,AMR,TRIMETHOPRIM,TRIMETHOPRIM,EXACTX,100.0,100.0,WP_004201280.1,True
ERR12321283,qnrB1,core,AMR,QUINOLONE,QUINOLONE,ALLELEX,100.0,100.0,WP_014386481.1,True
ERR12321283,tet(A),core,AMR,TETRACYCLINE,TETRACYCLINE,EXACTX,100.0,100.0,WP_031942321.1,True
ERR12321283,mph(A),core,AMR,MACROLIDE,AZITHROMYCIN/ERYTHROMYCIN/SPIRAMYCIN/TELITHROMYCIN,EXACTX,100.0,100.0,WP_000219391.1,True
ERR12321283,aac(3)-IIe,core,AMR,AMINOGLYCOSIDE,GENTAMICIN,EXACTX,100.0,100.0,WP_000557452.1,True
ERR12321283,aac(6')-Ib-cr5,core,AMR,AMINOGLYCOSIDE/QUINOLONE,AMIKACIN/KANAMYCIN/QUINOLONE/TOBRAMYCIN,ALLELEX,100.0,100.0,WP_063840321.1,True
ERR12321283,blaOXA-1,core,AMR,BETA-LACTAM,CEPHALOSPORIN,ALLELEX,100.0,100.0,WP_001334766.1,True
ERR12321283,catB3,core,AMR,PHENICOL,CHLORAMPHENICOL,PARTIALX,70.0,100.0,WP_000186237.1,False
ERR12321284,arr-2,core,AMR,RIFAMYCIN,RIFAMYCIN,ALLELEX,100.0,100.0,WP_000237816.1,True
ERR12321284,cmlA5,core,AMR,PHENICOL,CHLORAMPHENICOL,EXACTX,100.0,100.0,WP_012300772.1,True
ERR12321284,blaOXA-10,core,AMR,BETA-LACTAM,CEPHALOSPORIN,ALLELEX,100.0,100.0,WP_000846390.1,True
ERR12321284,aadA1,core,AMR,AMINOGLYCOSIDE,STREPTOMYCIN,EXACTX,100.0,100.0,WP_001209508.1,True
ERR12321284,qacEdelta1,core,STRESS,QUATERNARY AMMONIUM,QUATERNARY AMMONIUM,ALLELEX,100.0,100.0,WP_000679427.1,True
ERR12321284,sul1,core,AMR,SULFONAMIDE,SULFONAMIDE,EXACTX,100.0,100.0,WP_000259031.1,True
ERR12321284,dfrA23,core,AMR,TRIMETHOPRIM,TRIMETHOPRIM,EXACTX,100.0,100.0,WP_001143450.1,True
ERR12321284,sul2,core,AMR,SULFONAMIDE,SULFONAMIDE,EXACTX,100.0,100.0,WP_001043260.1,True
ERR12321284,aph(3'')-Ib,core,AMR,AMINOGLYCOSIDE,STREPTOMYCIN,EXACTX,100.0,100.0,WP_001082319.1,True
ERR12321284,aph(6)-Id,core,AMR,AMINOGLYCOSIDE,STREPTOMYCIN,EXACTX,100.0,100.0,WP_000480968.1,True
ERR12321284,blaTEM-1,core,AMR,BETA-LACTAM,BETA-LACTAM,ALLELEX,100.0,100.0,WP_000027057.1,True
ERR12321284,qnrB1,core,AMR,QUINOLONE,QUINOLONE,ALLELEX,100.0,100.0,WP_014386481.1,True
ERR12321284,blaSCO-1,core,AMR,BETA-LACTAM,BETA-LACTAM,ALLELEX,100.0,100.0,WP_004197546.1,True
ERR12321284,aac(6')-Ib-cr5,core,AMR,AMINOGLYCOSIDE/QUINOLONE,AMIKACIN/KANAMYCIN/QUINOLONE/TOBRAMYCIN,ALLELEX,100.0,100.0,WP_063840321.1,True
ERR12321284,blaOXA-1,core,AMR,BETA-LACTAM,CEPHALOSPORIN,ALLELEX,100.0,100.0,WP_001334766.1,True
ERR12321284,catB3,core,AMR,PHENICOL,CHLORAMPHENICOL,PARTIALX,70.0,100.0,WP_000186237.1,False
ERR12321284,blaCTX-M-15,core,AMR,BETA-LACTAM,CEPHALOSPORIN,ALLELEX,100.0,100.0,WP_000239590.1,True
ERR12495482,aph(6)-Id,core,AMR,AMINOGLYCOSIDE,STREPTOMYCIN,EXACTX,100.0,100.0,WP_000480968.1,True
ERR12495482,aph(3'')-Ib,core,AMR,AMINOGLYCOSIDE,STREPTOMYCIN,EXACTX,100.0,100.0,WP_001082319.1,True
ERR12495482,sul2,core,AMR,SULFONAMIDE,SULFONAMIDE,EXACTX,100.0,100.0,WP_001043260.1,True
ERR12495482,dfrA23,core,AMR,TRIMETHOPRIM,TRIMETHOPRIM,EXACTX,100.0,100.0,WP_001143450.1,True
ERR12495482,sul1,core,AMR,SULFONAMIDE,SULFONAMIDE,EXACTX,100.0,100.0,WP_000259031.1,True
ERR12495482,qacEdelta1,core,STRESS,QUATERNARY AMMONIUM,QUATERNARY AMMONIUM,ALLELEX,100.0,100.0,WP_000679427.1,True
ERR12495482,aadA1,core,AMR,AMINOGLYCOSIDE,STREPTOMYCIN,EXACTX,100.0,100.0,WP_001209508.1,True
ERR12495482,blaOXA-10,core,AMR,BETA-LACTAM,CEPHALOSPORIN,ALLELEX,100.0,100.0,WP_000846390.1,True
ERR12495482,cmlA5,core,AMR,PHENICOL,CHLORAMPHENICOL,EXACTX,100.0,100.0,WP_012300772.1,True
ERR12495482,arr-2,core,AMR,RIFAMYCIN,RIFAMYCIN,ALLELEX,100.0,100.0,WP_000237816.1,True
ERR12495482,qnrB1,core,AMR,QUINOLONE,QUINOLONE,ALLELEX,100.0,100.0,WP_014386481.1,True
ERR12495482,blaCTX-M-15,core,AMR,BETA-LACTAM,CEPHALOSPORIN,ALLELEX,100.0,100.0,WP_000239590.1,True
ERR12495482,tet(A),core,AMR,TETRACYCLINE,TETRACYCLINE,EXACTX,100.0,100.0,WP_031942321.1,True
ERR12495482,mph(A),core,AMR,MACROLIDE,AZITHROMYCIN/ERYTHROMYCIN/SPIRAMYCIN/TELITHROMYCIN,EXACTX,100.0,100.0,WP_000219391.1,True
ERR12495482,aac(3)-IIe,core,AMR,AMINOGLYCOSIDE,GENTAMICIN,EXACTX,100.0,100.0,WP_000557452.1,True
ERR12495482,catB3,core,AMR,PHENICOL,CHLORAMPHENICOL,PARTIALX,70.0,100.0,WP_000186237.1,False
ERR12495482,blaOXA-1,core,AMR,BETA-LACTAM,CEPHALOSPORIN,ALLELEX,100.0,100.0,WP_001334766.1,True
ERR12495482,aac(6')-Ib-cr5,core,AMR,AMINOGLYCOSIDE/QUINOLONE,AMIKACIN/KANAMYCIN/QUINOLONE/TOBRAMYCIN,ALLELEX,100.0,100.0,WP_063840321.1,True
ERR12495482,blaTEM-1,core,AMR,BETA-LACTAM,BETA-LACTAM,ALLELEX,100.0,100.0,WP_000027057.1,True
ERR12495482,dfrA14,core,AMR,TRIMETHOPRIM,TRIMETHOPRIM,EXACTX,100.0,100.0,WP_004201280.1,True
ERR12495485,aph(6)-Id,core,AMR,AMINOGLYCOSIDE,STREPTOMYCIN,EXACTX,100.0,100.0,WP_000480968.1,True
ERR12495485,aph(3'')-Ib,core,AMR,AMINOGLYCOSIDE,STREPTOMYCIN,EXACTX,100.0,100.0,WP_001082319.1,True
ERR12495485,sul2,core,AMR,SULFONAMIDE,SULFONAMIDE,EXACTX,100.0,100.0,WP_001043260.1,True
ERR12495485,qnrB1,core,AMR,QUINOLONE,QUINOLONE,ALLELEX,100.0,100.0,WP_014386481.1,True
ERR12495485,aac(3)-IId,core,AMR,AMINOGLYCOSIDE,GENTAMICIN,EXACTX,100.0,100.0,WP_000557454.1,True
ERR12495485,dfrA23,core,AMR,TRIMETHOPRIM,TRIMETHOPRIM,EXACTX,100.0,100.0,WP_001143450.1,True
ERR12495485,blaSCO-1,core,AMR,BETA-LACTAM,BETA-LACTAM,ALLELEX,100.0,100.0,WP_004197546.1,True
ERR12495485,arr-2,core,AMR,RIFAMYCIN,RIFAMYCIN,ALLELEX,100.0,100.0,WP_000237816.1,True
ERR12495485,cmlA5,core,AMR,PHENICOL,CHLORAMPHENICOL,EXACTX,100.0,100.0,WP_012300772.1,True
ERR12495485,blaOXA-10,core,AMR,BETA-LACTAM,CEPHALOSPORIN,ALLELEX,100.0,100.0,WP_000846390.1,True
ERR12495485,aadA1,core,AMR,AMINOGLYCOSIDE,STREPTOMYCIN,EXACTX,100.0,100.0,WP_001209508.1,True
ERR12495485,mph(A),core,AMR,MACROLIDE,AZITHROMYCIN/ERYTHROMYCIN/SPIRAMYCIN/TELITHROMYCIN,EXACTX,100.0,100.0,WP_000219391.1,True
ERR12495485,blaCTX-M-15,core,AMR,BETA-LACTAM,CEPHALOSPORIN,ALLELEX,100.0,100.0,WP_000239590.1,True
ERR12495485,aac(6')-Ib-cr5,core,AMR,AMINOGLYCOSIDE/QUINOLONE,AMIKACIN/KANAMYCIN/QUINOLONE/TOBRAMYCIN,ALLELEX,100.0,100.0,WP_063840321.1,True
ERR12495485,blaOXA-1,core,AMR,BETA-LACTAM,CEPHALOSPORIN,ALLELEX,100.0,100.0,WP_001334766.1,True
ERR12495485,catB3,core,AMR,PHENICOL,CHLORAMPHENICOL,PARTIALX,70.0,100.0,WP_000186237.1,False
ERR12495485,dfrA12,core,AMR,TRIMETHOPRIM,TRIMETHOPRIM,EXACTX,100.0,100.0,WP_001083725.1,True
ERR12495485,aadA2,core,AMR,AMINOGLYCOSIDE,STREPTOMYCIN,EXACTX,100.0,100.0,WP_001206356.1,True
ERR12495485,qacEdelta1,core,STRESS,QUATERNARY AMMONIUM,QUATERNARY AMMONIUM,ALLELEX,100.0,100.0,WP_000679427.1,True
ERR12495485,sul1,core,AMR,SULFONAMIDE,SULFONAMIDE,EXACTX,100.0,100.0,WP_000259031.1,True
ERR12495485,blaTEM-1,core,AMR,BETA-LACTAM,BETA-LACTAM,ALLELEX,100.0,100.0,WP_000027057.1,True
ERR12552377,aph(6)-Id,core,AMR,AMINOGLYCOSIDE,STREPTOMYCIN,EXACTX,100.0,100.0,WP_000480968.1,True
ERR12552377,aph(3'')-Ib,core,AMR,AMINOGLYCOSIDE,STREPTOMYCIN,EXACTX,100.0,100.0,WP_001082319.1,True
ERR12552377,sul2,core,AMR,SULFONAMIDE,SULFONAMIDE,EXACTX,100.0,100.0,WP_001043260.1,True
ERR12552377,qnrB1,core,AMR,QUINOLONE,QUINOLONE,ALLELEX,100.0,100.0,WP_014386481.1,True
ERR12552377,aac(3)-IId,core,AMR,AMINOGLYCOSIDE,GENTAMICIN,EXACTX,100.0,100.0,WP_000557454.1,True
ERR12552377,blaSCO-1,core,AMR,BETA-LACTAM,BETA-LACTAM,ALLELEX,100.0,100.0,WP_004197546.1,True
ERR12552377,dfrA23,core,AMR,TRIMETHOPRIM,TRIMETHOPRIM,EXACTX,100.0,100.0,WP_001143450.1,True
ERR12552377,arr-2,core,AMR,RIFAMYCIN,RIFAMYCIN,ALLELEX,100.0,100.0,WP_000237816.1,True
ERR12552377,cmlA5,core,AMR,PHENICOL,CHLORAMPHENICOL,EXACTX,100.0,100.0,WP_012300772.1,True
ERR12552377,blaOXA-10,core,AMR,BETA-LACTAM,CEPHALOSPORIN,ALLELEX,100.0,100.0,WP_000846390.1,True
ERR12552377,aadA1,core,AMR,AMINOGLYCOSIDE,STREPTOMYCIN,EXACTX,100.0,100.0,WP_001209508.1,True
ERR12552377,mph(A),core,AMR,MACROLIDE,AZITHROMYCIN/ERYTHROMYCIN/SPIRAMYCIN/TELITHROMYCIN,EXACTX,100.0,100.0,WP_000219391.1,True
ERR12552377,blaCTX-M-15,core,AMR,BETA-LACTAM,CEPHALOSPORIN,ALLELEX,100.0,100.0,WP_000239590.1,True
ERR12552377,catB3,core,AMR,PHENICOL,CHLORAMPHENICOL,PARTIALX,70.0,100.0,WP_000186237.1,False
ERR12552377,blaOXA-1,core,AMR,BETA-LACTAM,CEPHALOSPORIN,ALLELEX,100.0,100.0,WP_001334766.1,True
ERR12552377,aac(6')-Ib-cr5,core,AMR,AMINOGLYCOSIDE/QUINOLONE,AMIKACIN/KANAMYCIN/QUINOLONE/TOBRAMYCIN,ALLELEX,100.0,100.0,WP_063840321.1,True
ERR12552377,aadA2,core,AMR,AMINOGLYCOSIDE,STREPTOMYCIN,EXACTX,100.0,100.0,WP_001206356.1,True
ERR12552377,dfrA12,core,AMR,TRIMETHOPRIM,TRIMETHOPRIM,EXACTX,100.0,100.0,WP_001083725.1,True
ERR12552377,sul1,core,AMR,SULFONAMIDE,SULFONAMIDE,EXACTX,100.0,100.0,WP_000259031.1,True
ERR12552377,qacEdelta1,core,STRESS,QUATERNARY AMMONIUM,QUATERNARY AMMONIUM,ALLELEX,100.0,100.0,WP_000679427.1,True
ERR12552377,blaTEM-1,core,AMR,BETA-LACTAM,BETA-LACTAM,ALLELEX,100.0,100.0,WP_000027057.1,True
ERR12552381,sul2,core,AMR,SULFONAMIDE,SULFONAMIDE,EXACTX,100.0,100.0,WP_001043260.1,True
ERR12552381,aph(3'')-Ib,core,AMR,AMINOGLYCOSIDE,STREPTOMYCIN,EXACTX,100.0,100.0,WP_001082319.1,True
ERR12552381,aph(6)-Id,core,AMR,AMINOGLYCOSIDE,STREPTOMYCIN,EXACTX,100.0,100.0,WP_000480968.1,True
ERR12552381,qnrB1,core,AMR,QUINOLONE,QUINOLONE,ALLELEX,100.0,100.0,WP_014386481.1,True
ERR12552381,aac(3)-IId,core,AMR,AMINOGLYCOSIDE,GENTAMICIN,EXACTX,100.0,100.0,WP_000557454.1,True
ERR12552381,dfrA23,core,AMR,TRIMETHOPRIM,TRIMETHOPRIM,EXACTX,100.0,100.0,WP_001143450.1,True
ERR12552381,blaSCO-1,core,AMR,BETA-LACTAM,BETA-LACTAM,ALLELEX,100.0,100.0,WP_004197546.1,True
ERR12552381,arr-2,core,AMR,RIFAMYCIN,RIFAMYCIN,ALLELEX,100.0,100.0,WP_000237816.1,True
ERR12552381,cmlA5,core,AMR,PHENICOL,CHLORAMPHENICOL,EXACTX,100.0,100.0,WP_012300772.1,True
ERR12552381,blaOXA-10,core,AMR,BETA-LACTAM,CEPHALOSPORIN,ALLELEX,100.0,100.0,WP_000846390.1,True
ERR12552381,aadA1,core,AMR,AMINOGLYCOSIDE,STREPTOMYCIN,EXACTX,100.0,100.0,WP_001209508.1,True
ERR12552381,mph(A),core,AMR,MACROLIDE,AZITHROMYCIN/ERYTHROMYCIN/SPIRAMYCIN/TELITHROMYCIN,EXACTX,100.0,100.0,WP_000219391.1,True
ERR12552381,blaCTX-M-15,core,AMR,BETA-LACTAM,CEPHALOSPORIN,ALLELEX,100.0,100.0,WP_000239590.1,True
ERR12552381,catB3,core,AMR,PHENICOL,CHLORAMPHENICOL,PARTIALX,70.0,100.0,WP_000186237.1,False
ERR12552381,blaOXA-1,core,AMR,BETA-LACTAM,CEPHALOSPORIN,ALLELEX,100.0,100.0,WP_001334766.1,True
ERR12552381,aac(6')-Ib-cr5,core,AMR,AMINOGLYCOSIDE/QUINOLONE,AMIKACIN/KANAMYCIN/QUINOLONE/TOBRAMYCIN,ALLELEX,100.0,100.0,WP_063840321.1,True
ERR12552381,dfrA12,core,AMR,TRIMETHOPRIM,TRIMETHOPRIM,EXACTX,100.0,100.0,WP_001083725.1,True
ERR12552381,aadA2,core,AMR,AMINOGLYCOSIDE,STREPTOMYCIN,EXACTX,100.0,100.0,WP_001206356.1,True
ERR12552381,qacEdelta1,core,STRESS,QUATERNARY AMMONIUM,QUATERNARY AMMONIUM,ALLELEX,100.0,100.0,WP_000679427.1,True
ERR12552381,sul1,core,AMR,SULFONAMIDE,SULFONAMIDE,EXACTX,100.0,100.0,WP_000259031.1,True
ERR12552381,blaTEM-1,core,AMR,BETA-LACTAM,BETA-LACTAM,ALLELEX,100.0,100.0,WP_000027057.1,True
ERR12552384,arr-2,core,AMR,RIFAMYCIN,RIFAMYCIN,ALLELEX,100.0,100.0,WP_000237816.1,True
ERR12552384,cmlA5,core,AMR,PHENICOL,CHLORAMPHENICOL,EXACTX,100.0,100.0,WP_012300772.1,True
ERR12552384,blaOXA-10,core,AMR,BETA-LACTAM,CEPHALOSPORIN,ALLELEX,100.0,100.0,WP_000846390.1,True
ERR12552384,aadA1,core,AMR,AMINOGLYCOSIDE,STREPTOMYCIN,EXACTX,100.0,100.0,WP_001209508.1,True
ERR12552384,qacEdelta1,core,STRESS,QUATERNARY AMMONIUM,QUATERNARY AMMONIUM,ALLELEX,100.0,100.0,WP_000679427.1,True
ERR12552384,sul1,core,AMR,SULFONAMIDE,SULFONAMIDE,EXACTX,100.0,100.0,WP_000259031.1,True
ERR12552384,dfrA23,core,AMR,TRIMETHOPRIM,TRIMETHOPRIM,EXACTX,100.0,100.0,WP_001143450.1,True
ERR12552384,blaTEM-1,core,AMR,BETA-LACTAM,BETA-LACTAM,ALLELEX,100.0,100.0,WP_000027057.1,True
ERR12552384,aph(6)-Id,core,AMR,AMINOGLYCOSIDE,STREPTOMYCIN,EXACTX,100.0,100.0,WP_000480968.1,True
ERR12552384,aph(3'')-Ib,core,AMR,AMINOGLYCOSIDE,STREPTOMYCIN,EXACTX,100.0,100.0,WP_001082319.1,True
ERR12552384,sul2,core,AMR,SULFONAMIDE,SULFONAMIDE,EXACTX,100.0,100.0,WP_001043260.1,True
ERR12552384,qnrB1,core,AMR,QUINOLONE,QUINOLONE,ALLELEX,100.0,100.0,WP_014386481.1,True
ERR12552384,blaSCO-1,core,AMR,BETA-LACTAM,BETA-LACTAM,ALLELEX,100.0,100.0,WP_004197546.1,True
ERR12552384,blaCTX-M-15,core,AMR,BETA-LACTAM,CEPHALOSPORIN,ALLELEX,100.0,100.0,WP_000239590.1,True
ERR12552384,aac(6')-Ib-cr5,core,AMR,AMINOGLYCOSIDE/QUINOLONE,AMIKACIN/KANAMYCIN/QUINOLONE/TOBRAMYCIN,ALLELEX,100.0,100.0,WP_063840321.1,True
ERR12552384,blaOXA-1,core,AMR,BETA-LACTAM,CEPHALOSPORIN,ALLELEX,100.0,100.0,WP_001334766.1,True
ERR12552384,catB3,core,AMR,PHENICOL,CHLORAMPHENICOL,PARTIALX,70.0,100.0,WP_000186237.1,False
ERR160996,dfrA1,core,AMR,TRIMETHOPRIM,TRIMETHOPRIM,PARTIAL_CONTIG_ENDX,57.96,98.9,WP_000777555.1,False
ERR160996,qnrB19,core,AMR,QUINOLONE,QUINOLONE,ALLELEX,100.0,100.0,WP_012954666.1,True
ERR3635287,qnrB19,core,AMR,QUINOLONE,QUINOLONE,ALLELEX,100.0,100.0,WP_012954666.1,True
ERR4145345,floR,core,AMR,PHENICOL,CHLORAMPHENICOL/FLORFENICOL,BLASTX,100.0,99.75,WP_000214122.1,True
ERR4145345,tet(A),core,AMR,TETRACYCLINE,TETRACYCLINE,EXACTX,100.0,100.0,WP_000804063.1,True
ERR4145345,aac(3)-VIa,core,AMR,AMINOGLYCOSIDE,GENTAMICIN,EXACTX,100.0,100.0,WP_000131886.1,True
ERR4145345,aadA1,core,AMR,AMINOGLYCOSIDE,STREPTOMYCIN,EXACTX,100.0,100.0,WP_001206316.1,True
ERR4145345,dfrA15,core,AMR,TRIMETHOPRIM,TRIMETHOPRIM,EXACTX,100.0,100.0,WP_001355915.1,True
ERR4145345,dfrA17,core,AMR,TRIMETHOPRIM,TRIMETHOPRIM,EXACTX,100.0,100.0,WP_001389366.1,True
ERR4145345,aadA5,core,AMR,AMINOGLYCOSIDE,STREPTOMYCIN,EXACTX,100.0,100.0,WP_000503573.1,True
ERR4145345,qacEdelta1,core,STRESS,QUATERNARY AMMONIUM,QUATERNARY AMMONIUM,ALLELEX,100.0,100.0,WP_000679427.1,True
ERR4145345,sul1,core,AMR,SULFONAMIDE,SULFONAMIDE,PARTIALX,85.45,97.87,WP_063855066.1,True
ERR4145345,aph(3')-Ia,core,AMR,AMINOGLYCOSIDE,KANAMYCIN,PARTIALX,87.45,98.31,WP_012695470.1,True
ERR4145345,qnrB19,core,AMR,QUINOLONE,QUINOLONE,ALLELEX,100.0,100.0,WP_012954666.1,True
ERR4145345,qacE,core,STRESS,QUATERNARY AMMONIUM,QUATERNARY AMMONIUM,PARTIAL_CONTIG_ENDX,73.04,100.0,WP_000679427.1,False
ERR4145353,qnrB19,core,AMR,QUINOLONE,QUINOLONE,ALLELEX,100.0,100.0,WP_012954666.1,True
ERR4145363,tet(A),core,AMR,TETRACYCLINE,TETRACYCLINE,EXACTX,100.0,100.0,WP_000804063.1,True
ERR4145363,floR,core,AMR,PHENICOL,CHLORAMPHENICOL/FLORFENICOL,BLASTX,100.0,99.75,WP_000214122.1,True
ERR4145363,dfrA15,core,AMR,TRIMETHOPRIM,TRIMETHOPRIM,EXACTX,100.0,100.0,WP_001355915.1,True
ERR4145363,aadA1,core,AMR,AMINOGLYCOSIDE,STREPTOMYCIN,EXACTX,100.0,100.0,WP_001206316.1,True
ERR4145363,aac(3)-VIa,core,AMR,AMINOGLYCOSIDE,GENTAMICIN,EXACTX,100.0,100.0,WP_000131886.1,True
ERR4145363,qnrB19,core,AMR,QUINOLONE,QUINOLONE,ALLELEX,100.0,100.0,WP_012954666.1,True
ERR4145363,sul1,core,AMR,SULFONAMIDE,SULFONAMIDE,PARTIAL_CONTIG_ENDX,69.89,97.44,WP_000259018.1,False
ERR4145363,aph(3')-Ia,core,AMR,AMINOGLYCOSIDE,KANAMYCIN,PARTIALX,87.45,98.31,WP_012695470.1,True
ERR4145363,dfrA17,core,AMR,TRIMETHOPRIM,TRIMETHOPRIM,EXACTX,100.0,100.0,WP_001389366.1,True
ERR4145363,aadA5,core,AMR,AMINOGLYCOSIDE,STREPTOMYCIN,EXACTX,100.0,100.0,WP_000503573.1,True
ERR4145363,qacEdelta1,core,STRESS,QUATERNARY AMMONIUM,QUATERNARY AMMONIUM,ALLELEX,100.0,100.0,WP_000679427.1,True
ERR4145388,qnrB19,core,AMR,QUINOLONE,QUINOLONE,ALLELEX,100.0,100.0,WP_012954666.1,True
ERR4145392,aac(3)-VIa,core,AMR,AMINOGLYCOSIDE,GENTAMICIN,EXACTX,100.0,100.0,WP_000131886.1,True
ERR4145392,aadA1,core,AMR,AMINOGLYCOSIDE,STREPTOMYCIN,EXACTX,100.0,100.0,WP_001206316.1,True
ERR4145392,dfrA15,core,AMR,TRIMETHOPRIM,TRIMETHOPRIM,EXACTX,100.0,100.0,WP_001355915.1,True
ERR4145392,tet(A),core,AMR,TETRACYCLINE,TETRACYCLINE,EXACTX,100.0,100.0,WP_000804063.1,True
ERR4145392,floR,core,AMR,PHENICOL,CHLORAMPHENICOL/FLORFENICOL,BLASTX,100.0,99.75,WP_000214122.1,True
ERR4145392,qnrB19,core,AMR,QUINOLONE,QUINOLONE,ALLELEX,100.0,100.0,WP_012954666.1,True
ERR4145392,dfrA17,core,AMR,TRIMETHOPRIM,TRIMETHOPRIM,EXACTX,100.0,100.0,WP_001389366.1,True
ERR4145392,aadA5,core,AMR,AMINOGLYCOSIDE,STREPTOMYCIN,EXACTX,100.0,100.0,WP_000503573.1,True
ERR4145392,qacEdelta1,core,STRESS,QUATERNARY AMMONIUM,QUATERNARY AMMONIUM,ALLELEX,100.0,100.0,WP_000679427.1,True
ERR4145392,sul1,core,AMR,SULFONAMIDE,SULFONAMIDE,PARTIAL_CONTIG_ENDX,69.89,97.44,WP_000259018.1,False
ERR4145392,aph(3')-Ia,core,AMR,AMINOGLYCOSIDE,KANAMYCIN,PARTIALX,87.45,98.31,WP_012695470.1,True
ERR4145410,floR,core,AMR,PHENICOL,CHLORAMPHENICOL/FLORFENICOL,BLASTX,100.0,99.75,WP_000214122.1,True
ERR4145410,tet(A),core,AMR,TETRACYCLINE,TETRACYCLINE,EXACTX,100.0,100.0,WP_000804063.1,True
ERR4145410,aac(3)-VIa,core,AMR,AMINOGLYCOSIDE,GENTAMICIN,EXACTX,100.0,100.0,WP_000131886.1,True
ERR4145410,aadA1,core,AMR,AMINOGLYCOSIDE,STREPTOMYCIN,EXACTX,100.0,100.0,WP_001206316.1,True
ERR4145410,dfrA15,core,AMR,TRIMETHOPRIM,TRIMETHOPRIM,EXACTX,100.0,100.0,WP_001355915.1,True
ERR4145410,qnrB19,core,AMR,QUINOLONE,QUINOLONE,ALLELEX,100.0,100.0,WP_012954666.1,True
ERR4145410,aph(3')-Ia,core,AMR,AMINOGLYCOSIDE,KANAMYCIN,PARTIALX,87.45,98.31,WP_012695470.1,True
ERR4145410,sul1,core,AMR,SULFONAMIDE,SULFONAMIDE,PARTIAL_CONTIG_ENDX,69.89,97.44,WP_000259018.1,False
ERR4145410,aadA5,core,AMR,AMINOGLYCOSIDE,STREPTOMYCIN,EXACTX,100.0,100.0,WP_000503573.1,True
ERR4145410,dfrA17,core,AMR,TRIMETHOPRIM,TRIMETHOPRIM,EXACTX,100.0,100.0,WP_001389366.1,True
ERR4145410,qacEdelta1,core,STRESS,QUATERNARY AMMONIUM,QUATERNARY AMMONIUM,ALLELEX,100.0,100.0,WP_000679427.1,True
ERR4338560,gyrA_S83F,core,AMR,QUINOLONE/TRICLOSAN,QUINOLONE/TRICLOSAN,POINTX,100.0,99.89,WP_001281271.1,True
ERR4338896,gyrA_S83F,core,AMR,QUINOLONE/TRICLOSAN,QUINOLONE/TRICLOSAN,POINTX,100.0,99.89,WP_001281271.1,True
ERR4399358,floR,core,AMR,PHENICOL,CHLORAMPHENICOL/FLORFENICOL,EXACTX,100.0,100.0,WP_000214119.1,True
ERR4399358,tet(A),core,AMR,TETRACYCLINE,TETRACYCLINE,EXACTX,100.0,100.0,WP_000804063.1,True
ERR4399358,aph(6)-Id,core,AMR,AMINOGLYCOSIDE,STREPTOMYCIN,EXACTX,100.0,100.0,WP_000480968.1,True
ERR4399358,aph(3'')-Ib,core,AMR,AMINOGLYCOSIDE,STREPTOMYCIN,EXACTX,100.0,100.0,WP_001082319.1,True
ERR4399358,sul2,core,AMR,SULFONAMIDE,SULFONAMIDE,EXACTX,100.0,100.0,WP_001043260.1,True
ERR4399358,blaSCO-1,core,AMR,BETA-LACTAM,BETA-LACTAM,ALLELEX,100.0,100.0,WP_004197546.1,True
ERR4399358,aac(3)-IIe,core,AMR,AMINOGLYCOSIDE,GENTAMICIN,EXACTX,100.0,100.0,WP_000557452.1,True
ERR4399358,blaTEM-131,core,AMR,BETA-LACTAM,CEPHALOSPORIN,ALLELEX,100.0,100.0,WP_063864850.1,True
ERR4399358,dfrA23,core,AMR,TRIMETHOPRIM,TRIMETHOPRIM,EXACTX,100.0,100.0,WP_001143450.1,True
ERR4399358,blaSHV-5,core,AMR,BETA-LACTAM,CEPHALOSPORIN,ALLELEX,100.0,100.0,WP_011117369.1,True
ERR4399358,mph(A),core,AMR,MACROLIDE,AZITHROMYCIN/ERYTHROMYCIN/SPIRAMYCIN/TELITHROMYCIN,EXACTX,100.0,100.0,WP_000219391.1,True
ERR4399358,dfrA14,core,AMR,TRIMETHOPRIM,TRIMETHOPRIM,EXACTX,100.0,100.0,WP_004201280.1,True
ERR4399358,arr-2,core,AMR,RIFAMYCIN,RIFAMYCIN,ALLELEX,100.0,100.0,WP_000237816.1,True
ERR4399358,cmlA5,core,AMR,PHENICOL,CHLORAMPHENICOL,EXACTX,100.0,100.0,WP_012300772.1,True
ERR4399358,blaOXA-10,core,AMR,BETA-LACTAM,CEPHALOSPORIN,ALLELEX,100.0,100.0,WP_000846390.1,True
ERR4399358,aadA1,core,AMR,AMINOGLYCOSIDE,STREPTOMYCIN,EXACTX,100.0,100.0,WP_001209508.1,True
ERR4399358,qacEdelta1,core,STRESS,QUATERNARY AMMONIUM,QUATERNARY AMMONIUM,ALLELEX,100.0,100.0,WP_000679427.1,True
ERR4399358,sul1,core,AMR,SULFONAMIDE,SULFONAMIDE,EXACTX,100.0,100.0,WP_000259031.1,True
ERR4399358,aac(6')-Ib,core,AMR,AMINOGLYCOSIDE,AMIKACIN/GENTAMICIN/KANAMYCIN/TOBRAMYCIN,EXACTX,100.0,100.0,WP_065187201.1,True
ERR4399362,sul2,core,AMR,SULFONAMIDE,SULFONAMIDE,EXACTX,100.0,100.0,WP_001043260.1,True
ERR4399362,aph(3'')-Ib,core,AMR,AMINOGLYCOSIDE,STREPTOMYCIN,EXACTX,100.0,100.0,WP_001082319.1,True
ERR4399362,aph(6)-Id,core,AMR,AMINOGLYCOSIDE,STREPTOMYCIN,EXACTX,100.0,100.0,WP_000480968.1,True
ERR4399362,tet(A),core,AMR,TETRACYCLINE,TETRACYCLINE,EXACTX,100.0,100.0,WP_000804063.1,True
ERR4399362,floR,core,AMR,PHENICOL,CHLORAMPHENICOL/FLORFENICOL,EXACTX,100.0,100.0,WP_000214119.1,True
ERR4399362,arr-2,core,AMR,RIFAMYCIN,RIFAMYCIN,ALLELEX,100.0,100.0,WP_000237816.1,True
ERR4399362,cmlA5,core,AMR,PHENICOL,CHLORAMPHENICOL,EXACTX,100.0,100.0,WP_012300772.1,True
ERR4399362,blaOXA-10,core,AMR,BETA-LACTAM,CEPHALOSPORIN,ALLELEX,100.0,100.0,WP_000846390.1,True
ERR4399362,aadA1,core,AMR,AMINOGLYCOSIDE,STREPTOMYCIN,EXACTX,100.0,100.0,WP_001209508.1,True
ERR4399362,qacEdelta1,core,STRESS,QUATERNARY AMMONIUM,QUATERNARY AMMONIUM,ALLELEX,100.0,100.0,WP_000679427.1,True
ERR4399362,sul1,core,AMR,SULFONAMIDE,SULFONAMIDE,EXACTX,100.0,100.0,WP_000259031.1,True
ERR4399362,dfrA23,core,AMR,TRIMETHOPRIM,TRIMETHOPRIM,EXACTX,100.0,100.0,WP_001143450.1,True
ERR4399362,blaSCO-1,core,AMR,BETA-LACTAM,BETA-LACTAM,ALLELEX,100.0,100.0,WP_004197546.1,True
ERR4399362,aac(3)-IIe,core,AMR,AMINOGLYCOSIDE,GENTAMICIN,EXACTX,100.0,100.0,WP_000557452.1,True
ERR4399362,blaTEM-131,core,AMR,BETA-LACTAM,CEPHALOSPORIN,ALLELEX,100.0,100.0,WP_063864850.1,True
ERR4399362,mph(A),core,AMR,MACROLIDE,AZITHROMYCIN/ERYTHROMYCIN/SPIRAMYCIN/TELITHROMYCIN,EXACTX,100.0,100.0,WP_000219391.1,True
ERR4399362,dfrA14,core,AMR,TRIMETHOPRIM,TRIMETHOPRIM,EXACTX,100.0,100.0,WP_004201280.1,True
ERR4399363,sul2,core,AMR,SULFONAMIDE,SULFONAMIDE,EXACTX,100.0,100.0,WP_001043260.1,True
ERR4399363,aph(3'')-Ib,core,AMR,AMINOGLYCOSIDE,STREPTOMYCIN,EXACTX,100.0,100.0,WP_001082319.1,True
ERR4399363,aph(6)-Id,core,AMR,AMINOGLYCOSIDE,STREPTOMYCIN,EXACTX,100.0,100.0,WP_000480968.1,True
ERR4399363,tet(A),core,AMR,TETRACYCLINE,TETRACYCLINE,EXACTX,100.0,100.0,WP_000804063.1,True
ERR4399363,floR,core,AMR,PHENICOL,CHLORAMPHENICOL/FLORFENICOL,EXACTX,100.0,100.0,WP_000214119.1,True
ERR4399363,arr-2,core,AMR,RIFAMYCIN,RIFAMYCIN,ALLELEX,100.0,100.0,WP_000237816.1,True
ERR4399363,cmlA5,core,AMR,PHENICOL,CHLORAMPHENICOL,EXACTX,100.0,100.0,WP_012300772.1,True
ERR4399363,blaOXA-10,core,AMR,BETA-LACTAM,CEPHALOSPORIN,ALLELEX,100.0,100.0,WP_000846390.1,True
ERR4399363,aadA1,core,AMR,AMINOGLYCOSIDE,STREPTOMYCIN,EXACTX,100.0,100.0,WP_001209508.1,True
ERR4399363,qacEdelta1,core,STRESS,QUATERNARY AMMONIUM,QUATERNARY AMMONIUM,ALLELEX,100.0,100.0,WP_000679427.1,True
ERR4399363,sul1,core,AMR,SULFONAMIDE,SULFONAMIDE,EXACTX,100.0,100.0,WP_000259031.1,True
ERR4399363,dfrA23,core,AMR,TRIMETHOPRIM,TRIMETHOPRIM,EXACTX,100.0,100.0,WP_001143450.1,True
ERR4399363,blaTEM-63,core,AMR,BETA-LACTAM,CEPHALOSPORIN,ALLELEX,100.0,100.0,WP_055314004.1,True
ERR4399363,aac(3)-IIe,core,AMR,AMINOGLYCOSIDE,GENTAMICIN,EXACTX,100.0,100.0,WP_000557452.1,True
ERR4399363,blaSCO-1,core,AMR,BETA-LACTAM,BETA-LACTAM,ALLELEX,100.0,100.0,WP_004197546.1,True
ERR4399363,gyrA_D87N,core,AMR,QUINOLONE,QUINOLONE,POINTX,100.0,99.89,WP_001281271.1,True
ERR4399957,floR,core,AMR,PHENICOL,CHLORAMPHENICOL/FLORFENICOL,EXACTX,100.0,100.0,WP_000214119.1,True
ERR4399957,tet(A),core,AMR,TETRACYCLINE,TETRACYCLINE,EXACTX,100.0,100.0,WP_000804063.1,True
ERR4399957,aph(6)-Id,core,AMR,AMINOGLYCOSIDE,STREPTOMYCIN,EXACTX,100.0,100.0,WP_000480968.1,True
ERR4399957,aph(3'')-Ib,core,AMR,AMINOGLYCOSIDE,STREPTOMYCIN,EXACTX,100.0,100.0,WP_001082319.1,True
ERR4399957,sul2,core,AMR,SULFONAMIDE,SULFONAMIDE,EXACTX,100.0,100.0,WP_001043260.1,True
ERR4399957,blaSCO-1,core,AMR,BETA-LACTAM,BETA-LACTAM,ALLELEX,100.0,100.0,WP_004197546.1,True
ERR4399957,aac(3)-IIe,core,AMR,AMINOGLYCOSIDE,GENTAMICIN,EXACTX,100.0,100.0,WP_000557452.1,True
ERR4399957,blaTEM-131,core,AMR,BETA-LACTAM,CEPHALOSPORIN,ALLELEX,100.0,100.0,WP_063864850.1,True
ERR4399957,dfrA23,core,AMR,TRIMETHOPRIM,TRIMETHOPRIM,EXACTX,100.0,100.0,WP_001143450.1,True
ERR4399957,blaSHV-5,core,AMR,BETA-LACTAM,CEPHALOSPORIN,ALLELEX,100.0,100.0,WP_011117369.1,True
ERR4399957,mph(A),core,AMR,MACROLIDE,AZITHROMYCIN/ERYTHROMYCIN/SPIRAMYCIN/TELITHROMYCIN,EXACTX,100.0,100.0,WP_000219391.1,True
ERR4399957,dfrA14,core,AMR,TRIMETHOPRIM,TRIMETHOPRIM,EXACTX,100.0,100.0,WP_004201280.1,True
ERR4399957,aadA1,core,AMR,AMINOGLYCOSIDE,STREPTOMYCIN,EXACTX,100.0,100.0,WP_001209508.1,True
ERR4399957,blaOXA-10,core,AMR,BETA-LACTAM,CEPHALOSPORIN,ALLELEX,100.0,100.0,WP_000846390.1,True
ERR4399957,cmlA5,core,AMR,PHENICOL,CHLORAMPHENICOL,EXACTX,100.0,100.0,WP_012300772.1,True
ERR4399957,arr-2,core,AMR,RIFAMYCIN,RIFAMYCIN,ALLELEX,100.0,100.0,WP_000237816.1,True
ERR4399957,sul1,core,AMR,SULFONAMIDE,SULFONAMIDE,EXACTX,100.0,100.0,WP_000259031.1,True
ERR4399957,qacEdelta1,core,STRESS,QUATERNARY AMMONIUM,QUATERNARY AMMONIUM,ALLELEX,100.0,100.0,WP_000679427.1,True
ERR4399957,aac(6')-Ib,core,AMR,AMINOGLYCOSIDE,AMIKACIN/GENTAMICIN/KANAMYCIN/TOBRAMYCIN,EXACTX,100.0,100.0,WP_065187201.1,True
ERR4400265,gyrA_D87N,core,AMR,QUINOLONE,QUINOLONE,POINTX,100.0,99.89,WP_001281271.1,True
ERR4400265,sul2,core,AMR,SULFONAMIDE,SULFONAMIDE,EXACTX,100.0,100.0,WP_001043260.1,True
ERR4400265,aph(3'')-Ib,core,AMR,AMINOGLYCOSIDE,STREPTOMYCIN,EXACTX,100.0,100.0,WP_001082319.1,True
ERR4400265,aph(6)-Id,core,AMR,AMINOGLYCOSIDE,STREPTOMYCIN,EXACTX,100.0,100.0,WP_000480968.1,True
ERR4400265,tet(A),core,AMR,TETRACYCLINE,TETRACYCLINE,EXACTX,100.0,100.0,WP_000804063.1,True
ERR4400265,floR,core,AMR,PHENICOL,CHLORAMPHENICOL/FLORFENICOL,EXACTX,100.0,100.0,WP_000214119.1,True
ERR4400265,dfrA23,core,AMR,TRIMETHOPRIM,TRIMETHOPRIM,EXACTX,100.0,100.0,WP_001143450.1,True
ERR4400265,sul1,core,AMR,SULFONAMIDE,SULFONAMIDE,EXACTX,100.0,100.0,WP_000259031.1,True
ERR4400265,qacEdelta1,core,STRESS,QUATERNARY AMMONIUM,QUATERNARY AMMONIUM,ALLELEX,100.0,100.0,WP_000679427.1,True
ERR4400265,aadA1,core,AMR,AMINOGLYCOSIDE,STREPTOMYCIN,EXACTX,100.0,100.0,WP_001209508.1,True
ERR4400265,blaOXA-10,core,AMR,BETA-LACTAM,CEPHALOSPORIN,ALLELEX,100.0,100.0,WP_000846390.1,True
ERR4400265,cmlA5,core,AMR,PHENICOL,CHLORAMPHENICOL,EXACTX,100.0,100.0,WP_012300772.1,True
ERR4400265,arr-2,core,AMR,RIFAMYCIN,RIFAMYCIN,ALLELEX,100.0,100.0,WP_000237816.1,True
ERR4400265,blaSCO-1,core,AMR,BETA-LACTAM,BETA-LACTAM,ALLELEX,100.0,100.0,WP_004197546.1,True
ERR4400265,aac(3)-IIe,core,AMR,AMINOGLYCOSIDE,GENTAMICIN,EXACTX,100.0,100.0,WP_000557452.1,True
ERR4400265,blaTEM-63,core,AMR,BETA-LACTAM,CEPHALOSPORIN,ALLELEX,100.0,100.0,WP_055314004.1,True
ERR4400834,gyrA_S83F,core,AMR,QUINOLONE/TRICLOSAN,QUINOLONE/TRICLOSAN,POINTX,100.0,99.89,WP_001281271.1,True
ERR4400884,gyrA_D87N,core,AMR,QUINOLONE,QUINOLONE,POINTX,100.0,99.89,WP_001281271.1,True
ERR4400884,floR,core,AMR,PHENICOL,CHLORAMPHENICOL/FLORFENICOL,EXACTX,100.0,100.0,WP_000214119.1,True
ERR4400884,tet(A),core,AMR,TETRACYCLINE,TETRACYCLINE,EXACTX,100.0,100.0,WP_000804063.1,True
ERR4400884,aph(6)-Id,core,AMR,AMINOGLYCOSIDE,STREPTOMYCIN,EXACTX,100.0,100.0,WP_000480968.1,True
ERR4400884,aph(3'')-Ib,core,AMR,AMINOGLYCOSIDE,STREPTOMYCIN,EXACTX,100.0,100.0,WP_001082319.1,True
ERR4400884,sul2,core,AMR,SULFONAMIDE,SULFONAMIDE,EXACTX,100.0,100.0,WP_001043260.1,True
ERR4400884,dfrA23,core,AMR,TRIMETHOPRIM,TRIMETHOPRIM,EXACTX,100.0,100.0,WP_001143450.1,True
ERR4400884,sul1,core,AMR,SULFONAMIDE,SULFONAMIDE,EXACTX,100.0,100.0,WP_000259031.1,True
ERR4400884,qacEdelta1,core,STRESS,QUATERNARY AMMONIUM,QUATERNARY AMMONIUM,ALLELEX,100.0,100.0,WP_000679427.1,True
ERR4400884,aadA1,core,AMR,AMINOGLYCOSIDE,STREPTOMYCIN,EXACTX,100.0,100.0,WP_001209508.1,True
ERR4400884,blaOXA-10,core,AMR,BETA-LACTAM,CEPHALOSPORIN,ALLELEX,100.0,100.0,WP_000846390.1,True
ERR4400884,cmlA5,core,AMR,PHENICOL,CHLORAMPHENICOL,EXACTX,100.0,100.0,WP_012300772.1,True
ERR4400884,arr-2,core,AMR,RIFAMYCIN,RIFAMYCIN,ALLELEX,100.0,100.0,WP_000237816.1,True
ERR4400884,blaSCO-1,core,AMR,BETA-LACTAM,BETA-LACTAM,ALLELEX,100.0,100.0,WP_004197546.1,True
ERR4400884,aac(3)-IIe,core,AMR,AMINOGLYCOSIDE,GENTAMICIN,EXACTX,100.0,100.0,WP_000557452.1,True
ERR4400884,blaTEM-63,core,AMR,BETA-LACTAM,CEPHALOSPORIN,ALLELEX,100.0,100.0,WP_055314004.1,True
ERR4401297,sul2,core,AMR,SULFONAMIDE,SULFONAMIDE,EXACTX,100.0,100.0,WP_001043260.1,True
ERR4401297,aph(3'')-Ib,core,AMR,AMINOGLYCOSIDE,STREPTOMYCIN,EXACTX,100.0,100.0,WP_001082319.1,True
ERR4401297,aph(6)-Id,core,AMR,AMINOGLYCOSIDE,STREPTOMYCIN,EXACTX,100.0,100.0,WP_000480968.1,True
ERR4401297,tet(A),core,AMR,TETRACYCLINE,TETRACYCLINE,EXACTX,100.0,100.0,WP_000804063.1,True
ERR4401297,floR,core,AMR,PHENICOL,CHLORAMPHENICOL/FLORFENICOL,EXACTX,100.0,100.0,WP_000214119.1,True
ERR4401297,arr-2,core,AMR,RIFAMYCIN,RIFAMYCIN,ALLELEX,100.0,100.0,WP_000237816.1,True
ERR4401297,cmlA5,core,AMR,PHENICOL,CHLORAMPHENICOL,EXACTX,100.0,100.0,WP_012300772.1,True
ERR4401297,blaOXA-10,core,AMR,BETA-LACTAM,CEPHALOSPORIN,ALLELEX,100.0,100.0,WP_000846390.1,True
ERR4401297,aadA1,core,AMR,AMINOGLYCOSIDE,STREPTOMYCIN,EXACTX,100.0,100.0,WP_001209508.1,True
ERR4401297,qacEdelta1,core,STRESS,QUATERNARY AMMONIUM,QUATERNARY AMMONIUM,ALLELEX,100.0,100.0,WP_000679427.1,True
ERR4401297,sul1,core,AMR,SULFONAMIDE,SULFONAMIDE,EXACTX,100.0,100.0,WP_000259031.1,True
ERR4401297,dfrA23,core,AMR,TRIMETHOPRIM,TRIMETHOPRIM,EXACTX,100.0,100.0,WP_001143450.1,True
ERR4401297,blaSCO-1,core,AMR,BETA-LACTAM,BETA-LACTAM,ALLELEX,100.0,100.0,WP_004197546.1,True
ERR4401297,aac(3)-IIe,core,AMR,AMINOGLYCOSIDE,GENTAMICIN,EXACTX,100.0,100.0,WP_000557452.1,True
ERR4401297,blaTEM-63,core,AMR,BETA-LACTAM,CEPHALOSPORIN,ALLELEX,100.0,100.0,WP_055314004.1,True
ERR4401297,gyrA_D87N,core,AMR,QUINOLONE,QUINOLONE,POINTX,100.0,99.89,WP_001281271.1,True
ERR4401298,gyrA_D87N,core,AMR,QUINOLONE,QUINOLONE,POINTX,100.0,99.89,WP_001281271.1,True
ERR4401298,floR,core,AMR,PHENICOL,CHLORAMPHENICOL/FLORFENICOL,EXACTX,100.0,100.0,WP_000214119.1,True
ERR4401298,tet(A),core,AMR,TETRACYCLINE,TETRACYCLINE,EXACTX,100.0,100.0,WP_000804063.1,True
ERR4401298,aph(6)-Id,core,AMR,AMINOGLYCOSIDE,STREPTOMYCIN,EXACTX,100.0,100.0,WP_000480968.1,True
ERR4401298,aph(3'')-Ib,core,AMR,AMINOGLYCOSIDE,STREPTOMYCIN,EXACTX,100.0,100.0,WP_001082319.1,True
ERR4401298,sul2,core,AMR,SULFONAMIDE,SULFONAMIDE,EXACTX,100.0,100.0,WP_001043260.1,True
ERR4401298,dfrA23,core,AMR,TRIMETHOPRIM,TRIMETHOPRIM,EXACTX,100.0,100.0,WP_001143450.1,True
ERR4401298,sul1,core,AMR,SULFONAMIDE,SULFONAMIDE,EXACTX,100.0,100.0,WP_000259031.1,True
ERR4401298,qacEdelta1,core,STRESS,QUATERNARY AMMONIUM,QUATERNARY AMMONIUM,ALLELEX,100.0,100.0,WP_000679427.1,True
ERR4401298,aadA1,core,AMR,AMINOGLYCOSIDE,STREPTOMYCIN,EXACTX,100.0,100.0,WP_001209508.1,True
ERR4401298,blaOXA-10,core,AMR,BETA-LACTAM,CEPHALOSPORIN,ALLELEX,100.0,100.0,WP_000846390.1,True
ERR4401298,cmlA5,core,AMR,PHENICOL,CHLORAMPHENICOL,EXACTX,100.0,100.0,WP_012300772.1,True
ERR4401298,arr-2,core,AMR,RIFAMYCIN,RIFAMYCIN,ALLELEX,100.0,100.0,WP_000237816.1,True
ERR4401298,blaTEM-63,core,AMR,BETA-LACTAM,CEPHALOSPORIN,ALLELEX,100.0,100.0,WP_055314004.1,True
ERR4401298,aac(3)-IIe,core,AMR,AMINOGLYCOSIDE,GENTAMICIN,EXACTX,100.0,100.0,WP_000557452.1,True
ERR4401298,blaSCO-1,core,AMR,BETA-LACTAM,BETA-LACTAM,ALLELEX,100.0,100.0,WP_004197546.1,True
ERR4401299,floR,core,AMR,PHENICOL,CHLORAMPHENICOL/FLORFENICOL,EXACTX,100.0,100.0,WP_000214119.1,True
ERR4401299,tet(A),core,AMR,TETRACYCLINE,TETRACYCLINE,EXACTX,100.0,100.0,WP_000804063.1,True
ERR4401299,aph(6)-Id,core,AMR,AMINOGLYCOSIDE,STREPTOMYCIN,EXACTX,100.0,100.0,WP_000480968.1,True
ERR4401299,aph(3'')-Ib,core,AMR,AMINOGLYCOSIDE,STREPTOMYCIN,EXACTX,100.0,100.0,WP_001082319.1,True
ERR4401299,sul2,core,AMR,SULFONAMIDE,SULFONAMIDE,EXACTX,100.0,100.0,WP_001043260.1,True
ERR4401299,dfrA23,core,AMR,TRIMETHOPRIM,TRIMETHOPRIM,EXACTX,100.0,100.0,WP_001143450.1,True
ERR4401299,sul1,core,AMR,SULFONAMIDE,SULFONAMIDE,EXACTX,100.0,100.0,WP_000259031.1,True
ERR4401299,qacEdelta1,core,STRESS,QUATERNARY AMMONIUM,QUATERNARY AMMONIUM,ALLELEX,100.0,100.0,WP_000679427.1,True
ERR4401299,aadA1,core,AMR,AMINOGLYCOSIDE,STREPTOMYCIN,EXACTX,100.0,100.0,WP_001209508.1,True
ERR4401299,blaOXA-10,core,AMR,BETA-LACTAM,CEPHALOSPORIN,ALLELEX,100.0,100.0,WP_000846390.1,True
ERR4401299,cmlA5,core,AMR,PHENICOL,CHLORAMPHENICOL,EXACTX,100.0,100.0,WP_012300772.1,True
ERR4401299,arr-2,core,AMR,RIFAMYCIN,RIFAMYCIN,ALLELEX,100.0,100.0,WP_000237816.1,True
ERR4401299,blaSCO-1,core,AMR,BETA-LACTAM,BETA-LACTAM,ALLELEX,100.0,100.0,WP_004197546.1,True
ERR4401299,aac(3)-IIe,core,AMR,AMINOGLYCOSIDE,GENTAMICIN,EXACTX,100.0,100.0,WP_000557452.1,True
ERR4401299,blaTEM-63,core,AMR,BETA-LACTAM,CEPHALOSPORIN,ALLELEX,100.0,100.0,WP_055314004.1,True
ERR4401299,gyrA_D87N,core,AMR,QUINOLONE,QUINOLONE,POINTX,100.0,99.89,WP_001281271.1,True
ERR4401598,floR,core,AMR,PHENICOL,CHLORAMPHENICOL/FLORFENICOL,EXACTX,100.0,100.0,WP_000214119.1,True
ERR4401598,tet(A),core,AMR,TETRACYCLINE,TETRACYCLINE,EXACTX,100.0,100.0,WP_000804063.1,True
ERR4401598,aph(6)-Id,core,AMR,AMINOGLYCOSIDE,STREPTOMYCIN,EXACTX,100.0,100.0,WP_000480968.1,True
ERR4401598,aph(3'')-Ib,core,AMR,AMINOGLYCOSIDE,STREPTOMYCIN,EXACTX,100.0,100.0,WP_001082319.1,True
ERR4401598,sul2,core,AMR,SULFONAMIDE,SULFONAMIDE,EXACTX,100.0,100.0,WP_001043260.1,True
ERR4401598,dfrA23,core,AMR,TRIMETHOPRIM,TRIMETHOPRIM,EXACTX,100.0,100.0,WP_001143450.1,True
ERR4401598,sul1,core,AMR,SULFONAMIDE,SULFONAMIDE,EXACTX,100.0,100.0,WP_000259031.1,True
ERR4401598,qacEdelta1,core,STRESS,QUATERNARY AMMONIUM,QUATERNARY AMMONIUM,ALLELEX,100.0,100.0,WP_000679427.1,True
ERR4401598,aadA1,core,AMR,AMINOGLYCOSIDE,STREPTOMYCIN,EXACTX,100.0,100.0,WP_001209508.1,True
ERR4401598,blaOXA-10,core,AMR,BETA-LACTAM,CEPHALOSPORIN,ALLELEX,100.0,100.0,WP_000846390.1,True
ERR4401598,cmlA5,core,AMR,PHENICOL,CHLORAMPHENICOL,EXACTX,100.0,100.0,WP_012300772.1,True
ERR4401598,arr-2,core,AMR,RIFAMYCIN,RIFAMYCIN,ALLELEX,100.0,100.0,WP_000237816.1,True
ERR4401598,blaSCO-1,core,AMR,BETA-LACTAM,BETA-LACTAM,ALLELEX,100.0,100.0,WP_004197546.1,True
ERR4401598,aac(3)-IIe,core,AMR,AMINOGLYCOSIDE,GENTAMICIN,EXACTX,100.0,100.0,WP_000557452.1,True
ERR4401598,blaTEM-63,core,AMR,BETA-LACTAM,CEPHALOSPORIN,ALLELEX,100.0,100.0,WP_055314004.1,True
ERR4401598,gyrA_D87N,core,AMR,QUINOLONE,QUINOLONE,POINTX,100.0,99.89,WP_001281271.1,True
ERR4451427,blaCTX-M-15,core,AMR,BETA-LACTAM,CEPHALOSPORIN,ALLELEX,100.0,100.0,WP_000239590.1,True
ERR4451427,floR,core,AMR,PHENICOL,CHLORAMPHENICOL/FLORFENICOL,EXACTX,100.0,100.0,WP_000214119.1,True
ERR4451427,tet(A),core,AMR,TETRACYCLINE,TETRACYCLINE,EXACTX,100.0,100.0,WP_000804063.1,True
ERR4451427,aph(6)-Id,core,AMR,AMINOGLYCOSIDE,STREPTOMYCIN,EXACTX,100.0,100.0,WP_000480968.1,True
ERR4451427,aph(3'')-Ib,core,AMR,AMINOGLYCOSIDE,STREPTOMYCIN,EXACTX,100.0,100.0,WP_001082319.1,True
ERR4451427,sul2,core,AMR,SULFONAMIDE,SULFONAMIDE,EXACTX,100.0,100.0,WP_001043260.1,True
ERR4451427,dfrA23,core,AMR,TRIMETHOPRIM,TRIMETHOPRIM,EXACTX,100.0,100.0,WP_001143450.1,True
ERR4451427,sul1,core,AMR,SULFONAMIDE,SULFONAMIDE,EXACTX,100.0,100.0,WP_000259031.1,True
ERR4451427,qacEdelta1,core,STRESS,QUATERNARY AMMONIUM,QUATERNARY AMMONIUM,ALLELEX,100.0,100.0,WP_000679427.1,True
ERR4451427,aadA1,core,AMR,AMINOGLYCOSIDE,STREPTOMYCIN,EXACTX,100.0,100.0,WP_001209508.1,True
ERR4451427,blaOXA-10,core,AMR,BETA-LACTAM,CEPHALOSPORIN,ALLELEX,100.0,100.0,WP_000846390.1,True
ERR4451427,cmlA5,core,AMR,PHENICOL,CHLORAMPHENICOL,EXACTX,100.0,100.0,WP_012300772.1,True
ERR4451427,arr-2,core,AMR,RIFAMYCIN,RIFAMYCIN,ALLELEX,100.0,100.0,WP_000237816.1,True
ERR4451427,dfrA14,core,AMR,TRIMETHOPRIM,TRIMETHOPRIM,EXACTX,100.0,100.0,WP_004201280.1,True
ERR4451427,qnrB1,core,AMR,QUINOLONE,QUINOLONE,ALLELEX,100.0,100.0,WP_014386481.1,True
ERR4451427,tet(A),core,AMR,TETRACYCLINE,TETRACYCLINE,EXACTX,100.0,100.0,WP_031942321.1,True
ERR4451427,mph(A),core,AMR,MACROLIDE,AZITHROMYCIN/ERYTHROMYCIN/SPIRAMYCIN/TELITHROMYCIN,EXACTX,100.0,100.0,WP_000219391.1,True
ERR4451427,aac(3)-IIe,core,AMR,AMINOGLYCOSIDE,GENTAMICIN,EXACTX,100.0,100.0,WP_000557452.1,True
ERR4451427,catB3,core,AMR,PHENICOL,CHLORAMPHENICOL,PARTIALX,70.0,100.0,WP_000186237.1,False
ERR4451427,blaOXA-1,core,AMR,BETA-LACTAM,CEPHALOSPORIN,ALLELEX,100.0,100.0,WP_001334766.1,True
ERR4451427,aac(6')-Ib-cr5,core,AMR,AMINOGLYCOSIDE/QUINOLONE,AMIKACIN/KANAMYCIN/QUINOLONE/TOBRAMYCIN,ALLELEX,100.0,100.0,WP_063840321.1,True
ERR4451478,dfrA23,core,AMR,TRIMETHOPRIM,TRIMETHOPRIM,EXACTX,100.0,100.0,WP_001143450.1,True
ERR4451478,sul1,core,AMR,SULFONAMIDE,SULFONAMIDE,EXACTX,100.0,100.0,WP_000259031.1,True
ERR4451478,qacEdelta1,core,STRESS,QUATERNARY AMMONIUM,QUATERNARY AMMONIUM,ALLELEX,100.0,100.0,WP_000679427.1,True
ERR4451478,aadA1,core,AMR,AMINOGLYCOSIDE,STREPTOMYCIN,EXACTX,100.0,100.0,WP_001209508.1,True
ERR4451478,blaOXA-10,core,AMR,BETA-LACTAM,CEPHALOSPORIN,ALLELEX,100.0,100.0,WP_000846390.1,True
ERR4451478,cmlA5,core,AMR,PHENICOL,CHLORAMPHENICOL,EXACTX,100.0,100.0,WP_012300772.1,True
ERR4451478,arr-2,core,AMR,RIFAMYCIN,RIFAMYCIN,ALLELEX,100.0,100.0,WP_000237816.1,True
ERR4451478,sul2,core,AMR,SULFONAMIDE,SULFONAMIDE,EXACTX,100.0,100.0,WP_001043260.1,True
ERR4451478,aph(3'')-Ib,core,AMR,AMINOGLYCOSIDE,STREPTOMYCIN,EXACTX,100.0,100.0,WP_001082319.1,True
ERR4451478,aph(6)-Id,core,AMR,AMINOGLYCOSIDE,STREPTOMYCIN,EXACTX,100.0,100.0,WP_000480968.1,True
ERR4451478,blaTEM-1,core,AMR,BETA-LACTAM,BETA-LACTAM,ALLELEX,100.0,100.0,WP_000027057.1,True
ERR4451478,qnrB1,core,AMR,QUINOLONE,QUINOLONE,ALLELEX,100.0,100.0,WP_014386481.1,True
ERR4451478,blaCTX-M-15,core,AMR,BETA-LACTAM,CEPHALOSPORIN,ALLELEX,100.0,100.0,WP_000239590.1,True
ERR4451478,blaSCO-1,core,AMR,BETA-LACTAM,BETA-LACTAM,ALLELEX,100.0,100.0,WP_004197546.1,True
ERR4451478,aac(6')-Ib-cr5,core,AMR,AMINOGLYCOSIDE/QUINOLONE,AMIKACIN/KANAMYCIN/QUINOLONE/TOBRAMYCIN,ALLELEX,100.0,100.0,WP_063840321.1,True
ERR4451478,blaOXA-1,core,AMR,BETA-LACTAM,CEPHALOSPORIN,ALLELEX,100.0,100.0,WP_001334766.1,True
ERR4451478,catB3,core,AMR,PHENICOL,CHLORAMPHENICOL,PARTIALX,70.0,100.0,WP_000186237.1,False
ERR5750995,blaCTX-M-15,core,AMR,BETA-LACTAM,CEPHALOSPORIN,ALLELEX,100.0,100.0,WP_000239590.1,True
ERR5750995,floR,core,AMR,PHENICOL,CHLORAMPHENICOL/FLORFENICOL,EXACTX,100.0,100.0,WP_000214119.1,True
ERR5750995,tet(A),core,AMR,TETRACYCLINE,TETRACYCLINE,EXACTX,100.0,100.0,WP_000804063.1,True
ERR5750995,aph(6)-Id,core,AMR,AMINOGLYCOSIDE,STREPTOMYCIN,EXACTX,100.0,100.0,WP_000480968.1,True
ERR5750995,aph(3'')-Ib,core,AMR,AMINOGLYCOSIDE,STREPTOMYCIN,EXACTX,100.0,100.0,WP_001082319.1,True
ERR5750995,sul2,core,AMR,SULFONAMIDE,SULFONAMIDE,EXACTX,100.0,100.0,WP_001043260.1,True
ERR5750995,arr-2,core,AMR,RIFAMYCIN,RIFAMYCIN,ALLELEX,100.0,100.0,WP_000237816.1,True
ERR5750995,cmlA5,core,AMR,PHENICOL,CHLORAMPHENICOL,EXACTX,100.0,100.0,WP_012300772.1,True
ERR5750995,blaOXA-10,core,AMR,BETA-LACTAM,CEPHALOSPORIN,ALLELEX,100.0,100.0,WP_000846390.1,True
ERR5750995,aadA1,core,AMR,AMINOGLYCOSIDE,STREPTOMYCIN,EXACTX,100.0,100.0,WP_001209508.1,True
ERR5750995,qacEdelta1,core,STRESS,QUATERNARY AMMONIUM,QUATERNARY AMMONIUM,ALLELEX,100.0,100.0,WP_000679427.1,True
ERR5750995,sul1,core,AMR,SULFONAMIDE,SULFONAMIDE,EXACTX,100.0,100.0,WP_000259031.1,True
ERR5750995,dfrA23,core,AMR,TRIMETHOPRIM,TRIMETHOPRIM,EXACTX,100.0,100.0,WP_001143450.1,True
ERR5750995,dfrA14,core,AMR,TRIMETHOPRIM,TRIMETHOPRIM,EXACTX,100.0,100.0,WP_004201280.1,True
ERR5750995,qnrB1,core,AMR,QUINOLONE,QUINOLONE,ALLELEX,100.0,100.0,WP_014386481.1,True
ERR5750995,tet(A),core,AMR,TETRACYCLINE,TETRACYCLINE,EXACTX,100.0,100.0,WP_031942321.1,True
ERR5750995,mph(A),core,AMR,MACROLIDE,AZITHROMYCIN/ERYTHROMYCIN/SPIRAMYCIN/TELITHROMYCIN,EXACTX,100.0,100.0,WP_000219391.1,True
ERR5750995,aac(3)-IIe,core,AMR,AMINOGLYCOSIDE,GENTAMICIN,EXACTX,100.0,100.0,WP_000557452.1,True
ERR5750995,catB3,core,AMR,PHENICOL,CHLORAMPHENICOL,PARTIALX,70.0,100.0,WP_000186237.1,False
ERR5750995,blaOXA-1,core,AMR,BETA-LACTAM,CEPHALOSPORIN,ALLELEX,100.0,100.0,WP_001334766.1,True
ERR5750995,aac(6')-Ib-cr5,core,AMR,AMINOGLYCOSIDE/QUINOLONE,AMIKACIN/KANAMYCIN/QUINOLONE/TOBRAMYCIN,ALLELEX,100.0,100.0,WP_063840321.1,True
ERR5751227,blaCTX-M-15,core,AMR,BETA-LACTAM,CEPHALOSPORIN,ALLELEX,100.0,100.0,WP_000239590.1,True
ERR5751227,floR,core,AMR,PHENICOL,CHLORAMPHENICOL/FLORFENICOL,EXACTX,100.0,100.0,WP_000214119.1,True
ERR5751227,tet(A),core,AMR,TETRACYCLINE,TETRACYCLINE,EXACTX,100.0,100.0,WP_000804063.1,True
ERR5751227,aph(6)-Id,core,AMR,AMINOGLYCOSIDE,STREPTOMYCIN,EXACTX,100.0,100.0,WP_000480968.1,True
ERR5751227,aph(3'')-Ib,core,AMR,AMINOGLYCOSIDE,STREPTOMYCIN,EXACTX,100.0,100.0,WP_001082319.1,True
ERR5751227,sul2,core,AMR,SULFONAMIDE,SULFONAMIDE,EXACTX,100.0,100.0,WP_001043260.1,True
ERR5751227,arr-2,core,AMR,RIFAMYCIN,RIFAMYCIN,ALLELEX,100.0,100.0,WP_000237816.1,True
ERR5751227,cmlA5,core,AMR,PHENICOL,CHLORAMPHENICOL,EXACTX,100.0,100.0,WP_012300772.1,True
ERR5751227,blaOXA-10,core,AMR,BETA-LACTAM,CEPHALOSPORIN,ALLELEX,100.0,100.0,WP_000846390.1,True
ERR5751227,aadA1,core,AMR,AMINOGLYCOSIDE,STREPTOMYCIN,EXACTX,100.0,100.0,WP_001209508.1,True
ERR5751227,qacEdelta1,core,STRESS,QUATERNARY AMMONIUM,QUATERNARY AMMONIUM,ALLELEX,100.0,100.0,WP_000679427.1,True
ERR5751227,sul1,core,AMR,SULFONAMIDE,SULFONAMIDE,EXACTX,100.0,100.0,WP_000259031.1,True
ERR5751227,dfrA23,core,AMR,TRIMETHOPRIM,TRIMETHOPRIM,EXACTX,100.0,100.0,WP_001143450.1,True
ERR5751227,blaTEM-1,core,AMR,BETA-LACTAM,BETA-LACTAM,ALLELEX,100.0,100.0,WP_000027057.1,True
ERR5751227,mph(A),core,AMR,MACROLIDE,AZITHROMYCIN/ERYTHROMYCIN/SPIRAMYCIN/TELITHROMYCIN,EXACTX,100.0,100.0,WP_000219391.1,True
ERR5751227,qnrB1,core,AMR,QUINOLONE,QUINOLONE,ALLELEX,100.0,100.0,WP_014386481.1,True
ERR5751227,tet(A),core,AMR,TETRACYCLINE,TETRACYCLINE,EXACTX,100.0,100.0,WP_031942321.1,True
ERR5751227,catB3,core,AMR,PHENICOL,CHLORAMPHENICOL,PARTIALX,70.0,100.0,WP_000186237.1,False
ERR5751227,blaOXA-1,core,AMR,BETA-LACTAM,CEPHALOSPORIN,ALLELEX,100.0,100.0,WP_001334766.1,True
ERR5751227,aac(6')-Ib-cr5,core,AMR,AMINOGLYCOSIDE/QUINOLONE,AMIKACIN/KANAMYCIN/QUINOLONE/TOBRAMYCIN,ALLELEX,100.0,100.0,WP_063840321.1,True
ERR5751296,blaCTX-M-15,core,AMR,BETA-LACTAM,CEPHALOSPORIN,ALLELEX,100.0,100.0,WP_000239590.1,True
ERR5751296,sul2,core,AMR,SULFONAMIDE,SULFONAMIDE,EXACTX,100.0,100.0,WP_001043260.1,True
ERR5751296,aph(3'')-Ib,core,AMR,AMINOGLYCOSIDE,STREPTOMYCIN,EXACTX,100.0,100.0,WP_001082319.1,True
ERR5751296,aph(6)-Id,core,AMR,AMINOGLYCOSIDE,STREPTOMYCIN,EXACTX,100.0,100.0,WP_000480968.1,True
ERR5751296,tet(A),core,AMR,TETRACYCLINE,TETRACYCLINE,EXACTX,100.0,100.0,WP_000804063.1,True
ERR5751296,floR,core,AMR,PHENICOL,CHLORAMPHENICOL/FLORFENICOL,EXACTX,100.0,100.0,WP_000214119.1,True
ERR5751296,dfrA23,core,AMR,TRIMETHOPRIM,TRIMETHOPRIM,EXACTX,100.0,100.0,WP_001143450.1,True
ERR5751296,sul1,core,AMR,SULFONAMIDE,SULFONAMIDE,EXACTX,100.0,100.0,WP_000259031.1,True
ERR5751296,qacEdelta1,core,STRESS,QUATERNARY AMMONIUM,QUATERNARY AMMONIUM,ALLELEX,100.0,100.0,WP_000679427.1,True
ERR5751296,aadA1,core,AMR,AMINOGLYCOSIDE,STREPTOMYCIN,EXACTX,100.0,100.0,WP_001209508.1,True
ERR5751296,blaOXA-10,core,AMR,BETA-LACTAM,CEPHALOSPORIN,ALLELEX,100.0,100.0,WP_000846390.1,True
ERR5751296,cmlA5,core,AMR,PHENICOL,CHLORAMPHENICOL,EXACTX,100.0,100.0,WP_012300772.1,True
ERR5751296,arr-2,core,AMR,RIFAMYCIN,RIFAMYCIN,ALLELEX,100.0,100.0,WP_000237816.1,True
ERR5751296,dfrA14,core,AMR,TRIMETHOPRIM,TRIMETHOPRIM,EXACTX,100.0,100.0,WP_004201280.1,True
ERR5751296,qnrB1,core,AMR,QUINOLONE,QUINOLONE,ALLELEX,100.0,100.0,WP_014386481.1,True
ERR5751296,tet(A),core,AMR,TETRACYCLINE,TETRACYCLINE,EXACTX,100.0,100.0,WP_031942321.1,True
ERR5751296,mph(A),core,AMR,MACROLIDE,AZITHROMYCIN/ERYTHROMYCIN/SPIRAMYCIN/TELITHROMYCIN,EXACTX,100.0,100.0,WP_000219391.1,True
ERR5751296,aac(3)-IIe,core,AMR,AMINOGLYCOSIDE,GENTAMICIN,EXACTX,100.0,100.0,WP_000557452.1,True
ERR5751296,catB3,core,AMR,PHENICOL,CHLORAMPHENICOL,PARTIALX,70.0,100.0,WP_000186237.1,False
ERR5751296,blaOXA-1,core,AMR,BETA-LACTAM,CEPHALOSPORIN,ALLELEX,100.0,100.0,WP_001334766.1,True
ERR5751296,aac(6')-Ib-cr5,core,AMR,AMINOGLYCOSIDE/QUINOLONE,AMIKACIN/KANAMYCIN/QUINOLONE/TOBRAMYCIN,ALLELEX,100.0,100.0,WP_063840321.1,True
ERR5751304,blaCTX-M-15,core,AMR,BETA-LACTAM,CEPHALOSPORIN,ALLELEX,100.0,100.0,WP_000239590.1,True
ERR5751304,blaOXA-1,core,AMR,BETA-LACTAM,CEPHALOSPORIN,ALLELEX,100.0,100.0,WP_001334766.1,True
ERR5751304,aac(6')-Ib-cr5,core,AMR,AMINOGLYCOSIDE/QUINOLONE,AMIKACIN/KANAMYCIN/QUINOLONE/TOBRAMYCIN,ALLELEX,100.0,100.0,WP_063840321.1,True
ERR5751304,floR,core,AMR,PHENICOL,CHLORAMPHENICOL/FLORFENICOL,EXACTX,100.0,100.0,WP_000214119.1,True
ERR5751304,tet(A),core,AMR,TETRACYCLINE,TETRACYCLINE,EXACTX,100.0,100.0,WP_000804063.1,True
ERR5751304,aph(6)-Id,core,AMR,AMINOGLYCOSIDE,STREPTOMYCIN,EXACTX,100.0,100.0,WP_000480968.1,True
ERR5751304,aph(3'')-Ib,core,AMR,AMINOGLYCOSIDE,STREPTOMYCIN,EXACTX,100.0,100.0,WP_001082319.1,True
ERR5751304,sul2,core,AMR,SULFONAMIDE,SULFONAMIDE,EXACTX,100.0,100.0,WP_001043260.1,True
ERR5751304,mph(A),core,AMR,MACROLIDE,AZITHROMYCIN/ERYTHROMYCIN/SPIRAMYCIN/TELITHROMYCIN,EXACTX,100.0,100.0,WP_000219391.1,True
ERR5751304,dfrA14,core,AMR,TRIMETHOPRIM,TRIMETHOPRIM,EXACTX,100.0,100.0,WP_004201280.1,True
ERR5751304,aac(3)-IIe,core,AMR,AMINOGLYCOSIDE,GENTAMICIN,EXACTX,100.0,100.0,WP_000557452.1,True
ERR5751304,qnrB1,core,AMR,QUINOLONE,QUINOLONE,ALLELEX,100.0,100.0,WP_014386481.1,True
ERR5751304,catB3,core,AMR,PHENICOL,CHLORAMPHENICOL,PARTIAL_CONTIG_ENDX,50.0,100.0,WP_000186237.1,False
ERR5751308,blaCTX-M-15,core,AMR,BETA-LACTAM,CEPHALOSPORIN,ALLELEX,100.0,100.0,WP_000239590.1,True
ERR5751308,floR,core,AMR,PHENICOL,CHLORAMPHENICOL/FLORFENICOL,EXACTX,100.0,100.0,WP_000214119.1,True
ERR5751308,tet(A),core,AMR,TETRACYCLINE,TETRACYCLINE,EXACTX,100.0,100.0,WP_000804063.1,True
ERR5751308,aph(6)-Id,core,AMR,AMINOGLYCOSIDE,STREPTOMYCIN,EXACTX,100.0,100.0,WP_000480968.1,True
ERR5751308,aph(3'')-Ib,core,AMR,AMINOGLYCOSIDE,STREPTOMYCIN,EXACTX,100.0,100.0,WP_001082319.1,True
ERR5751308,sul2,core,AMR,SULFONAMIDE,SULFONAMIDE,EXACTX,100.0,100.0,WP_001043260.1,True
ERR5751308,arr-2,core,AMR,RIFAMYCIN,RIFAMYCIN,ALLELEX,100.0,100.0,WP_000237816.1,True
ERR5751308,cmlA5,core,AMR,PHENICOL,CHLORAMPHENICOL,EXACTX,100.0,100.0,WP_012300772.1,True
ERR5751308,blaOXA-10,core,AMR,BETA-LACTAM,CEPHALOSPORIN,ALLELEX,100.0,100.0,WP_000846390.1,True
ERR5751308,aadA1,core,AMR,AMINOGLYCOSIDE,STREPTOMYCIN,EXACTX,100.0,100.0,WP_001209508.1,True
ERR5751308,qacEdelta1,core,STRESS,QUATERNARY AMMONIUM,QUATERNARY AMMONIUM,ALLELEX,100.0,100.0,WP_000679427.1,True
ERR5751308,sul1,core,AMR,SULFONAMIDE,SULFONAMIDE,EXACTX,100.0,100.0,WP_000259031.1,True
ERR5751308,dfrA23,core,AMR,TRIMETHOPRIM,TRIMETHOPRIM,EXACTX,100.0,100.0,WP_001143450.1,True
ERR5751308,blaTEM-63,core,AMR,BETA-LACTAM,CEPHALOSPORIN,ALLELEX,100.0,100.0,WP_055314004.1,True
ERR5751308,aac(3)-IIe,core,AMR,AMINOGLYCOSIDE,GENTAMICIN,EXACTX,100.0,100.0,WP_000557452.1,True
ERR5751308,blaSCO-1,core,AMR,BETA-LACTAM,BETA-LACTAM,ALLELEX,100.0,100.0,WP_004197546.1,True
ERR5751726,blaTEM-1,core,AMR,BETA-LACTAM,BETA-LACTAM,ALLELEX,100.0,100.0,WP_000027057.1,True
ERR5751726,aph(6)-Id,core,AMR,AMINOGLYCOSIDE,STREPTOMYCIN,EXACTX,100.0,100.0,WP_000480968.1,True
ERR5751726,aph(3'')-Ib,core,AMR,AMINOGLYCOSIDE,STREPTOMYCIN,EXACTX,100.0,100.0,WP_001082319.1,True
ERR5751726,sul2,core,AMR,SULFONAMIDE,SULFONAMIDE,EXACTX,100.0,100.0,WP_001043260.1,True
ERR5751726,dfrA14,core,AMR,TRIMETHOPRIM,TRIMETHOPRIM,EXACTX,100.0,100.0,WP_004201280.1,True
ERR5751726,blaCTX-M-15,core,AMR,BETA-LACTAM,CEPHALOSPORIN,ALLELEX,100.0,100.0,WP_000239590.1,True
ERR5751726,tet(A),core,AMR,TETRACYCLINE,TETRACYCLINE,EXACTX,100.0,100.0,WP_031942321.1,True
ERR5751726,aac(3)-IIe,core,AMR,AMINOGLYCOSIDE,GENTAMICIN,EXACTX,100.0,100.0,WP_000557452.1,True
ERR5751726,aac(6')-Ib-cr5,core,AMR,AMINOGLYCOSIDE/QUINOLONE,AMIKACIN/KANAMYCIN/QUINOLONE/TOBRAMYCIN,ALLELEX,100.0,100.0,WP_063840321.1,True
ERR5751726,blaOXA-1,core,AMR,BETA-LACTAM,CEPHALOSPORIN,ALLELEX,100.0,100.0,WP_001334766.1,True
ERR5751726,catB3,core,AMR,PHENICOL,CHLORAMPHENICOL,PARTIALX,70.0,100.0,WP_000186237.1,False
ERR5751808,blaCTX-M-15,core,AMR,BETA-LACTAM,CEPHALOSPORIN,ALLELEX,100.0,100.0,WP_000239590.1,True
ERR5751808,floR,core,AMR,PHENICOL,CHLORAMPHENICOL/FLORFENICOL,EXACTX,100.0,100.0,WP_000214119.1,True
ERR5751808,tet(A),core,AMR,TETRACYCLINE,TETRACYCLINE,EXACTX,100.0,100.0,WP_000804063.1,True
ERR5751808,aph(6)-Id,core,AMR,AMINOGLYCOSIDE,STREPTOMYCIN,EXACTX,100.0,100.0,WP_000480968.1,True
ERR5751808,aph(3'')-Ib,core,AMR,AMINOGLYCOSIDE,STREPTOMYCIN,EXACTX,100.0,100.0,WP_001082319.1,True
ERR5751808,sul2,core,AMR,SULFONAMIDE,SULFONAMIDE,EXACTX,100.0,100.0,WP_001043260.1,True
ERR5751808,mph(A),core,AMR,MACROLIDE,AZITHROMYCIN/ERYTHROMYCIN/SPIRAMYCIN/TELITHROMYCIN,EXACTX,100.0,100.0,WP_000219391.1,True
ERR5751808,dfrA14,core,AMR,TRIMETHOPRIM,TRIMETHOPRIM,EXACTX,100.0,100.0,WP_004201280.1,True
ERR5751808,qnrB1,core,AMR,QUINOLONE,QUINOLONE,ALLELEX,100.0,100.0,WP_014386481.1,True
ERR5751808,aac(3)-IIe,core,AMR,AMINOGLYCOSIDE,GENTAMICIN,EXACTX,100.0,100.0,WP_000557452.1,True
ERR5751808,aac(6')-Ib-cr5,core,AMR,AMINOGLYCOSIDE/QUINOLONE,AMIKACIN/KANAMYCIN/QUINOLONE/TOBRAMYCIN,ALLELEX,100.0,100.0,WP_063840321.1,True
ERR5751808,blaOXA-1,core,AMR,BETA-LACTAM,CEPHALOSPORIN,ALLELEX,100.0,100.0,WP_001334766.1,True
ERR5751808,catB3,core,AMR,PHENICOL,CHLORAMPHENICOL,PARTIALX,70.0,100.0,WP_000186237.1,False
ERR6752863,blaCTX-M-15,core,AMR,BETA-LACTAM,CEPHALOSPORIN,ALLELEX,100.0,100.0,WP_000239590.1,True
ERR6752863,sul2,core,AMR,SULFONAMIDE,SULFONAMIDE,EXACTX,100.0,100.0,WP_001043260.1,True
ERR6752863,aph(3'')-Ib,core,AMR,AMINOGLYCOSIDE,STREPTOMYCIN,EXACTX,100.0,100.0,WP_001082319.1,True
ERR6752863,aph(6)-Id,core,AMR,AMINOGLYCOSIDE,STREPTOMYCIN,EXACTX,100.0,100.0,WP_000480968.1,True
ERR6752863,tet(A),core,AMR,TETRACYCLINE,TETRACYCLINE,EXACTX,100.0,100.0,WP_000804063.1,True
ERR6752863,floR,core,AMR,PHENICOL,CHLORAMPHENICOL/FLORFENICOL,EXACTX,100.0,100.0,WP_000214119.1,True
ERR6752863,dfrA14,core,AMR,TRIMETHOPRIM,TRIMETHOPRIM,EXACTX,100.0,100.0,WP_004201280.1,True
ERR6752863,mph(A),core,AMR,MACROLIDE,AZITHROMYCIN/ERYTHROMYCIN/SPIRAMYCIN/TELITHROMYCIN,EXACTX,100.0,100.0,WP_000219391.1,True
ERR6752863,qnrB1,core,AMR,QUINOLONE,QUINOLONE,ALLELEX,100.0,100.0,WP_014386481.1,True
ERR6752863,aac(3)-IIe,core,AMR,AMINOGLYCOSIDE,GENTAMICIN,EXACTX,100.0,100.0,WP_000557452.1,True
ERR6752863,catB3,core,AMR,PHENICOL,CHLORAMPHENICOL,PARTIALX,70.0,100.0,WP_000186237.1,False
ERR6752863,blaOXA-1,core,AMR,BETA-LACTAM,CEPHALOSPORIN,ALLELEX,100.0,100.0,WP_001334766.1,True
ERR6752863,aac(6')-Ib-cr5,core,AMR,AMINOGLYCOSIDE/QUINOLONE,AMIKACIN/KANAMYCIN/QUINOLONE/TOBRAMYCIN,ALLELEX,100.0,100.0,WP_063840321.1,True
ERR6752889,floR,core,AMR,PHENICOL,CHLORAMPHENICOL/FLORFENICOL,EXACTX,100.0,100.0,WP_000214119.1,True
ERR6752889,tet(A),core,AMR,TETRACYCLINE,TETRACYCLINE,EXACTX,100.0,100.0,WP_000804063.1,True
ERR6752889,aph(6)-Id,core,AMR,AMINOGLYCOSIDE,STREPTOMYCIN,EXACTX,100.0,100.0,WP_000480968.1,True
ERR6752889,aph(3'')-Ib,core,AMR,AMINOGLYCOSIDE,STREPTOMYCIN,EXACTX,100.0,100.0,WP_001082319.1,True
ERR6752889,sul2,core,AMR,SULFONAMIDE,SULFONAMIDE,EXACTX,100.0,100.0,WP_001043260.1,True
ERR6752889,dfrA14,core,AMR,TRIMETHOPRIM,TRIMETHOPRIM,EXACTX,100.0,100.0,WP_004201280.1,True
ERR6752889,qnrB1,core,AMR,QUINOLONE,QUINOLONE,ALLELEX,100.0,100.0,WP_014386481.1,True
ERR6752889,dfrA23,core,AMR,TRIMETHOPRIM,TRIMETHOPRIM,EXACTX,100.0,100.0,WP_001143450.1,True
ERR6752889,sul1,core,AMR,SULFONAMIDE,SULFONAMIDE,EXACTX,100.0,100.0,WP_000259031.1,True
ERR6752889,qacEdelta1,core,STRESS,QUATERNARY AMMONIUM,QUATERNARY AMMONIUM,ALLELEX,100.0,100.0,WP_000679427.1,True
ERR6752889,blaSCO-1,core,AMR,BETA-LACTAM,BETA-LACTAM,ALLELEX,100.0,100.0,WP_004197546.1,True
ERR6752889,tet(A),core,AMR,TETRACYCLINE,TETRACYCLINE,EXACTX,100.0,100.0,WP_031942321.1,True
ERR6752889,blaCTX-M-15,core,AMR,BETA-LACTAM,CEPHALOSPORIN,ALLELEX,100.0,100.0,WP_000239590.1,True
ERR6752889,mph(A),core,AMR,MACROLIDE,AZITHROMYCIN/ERYTHROMYCIN/SPIRAMYCIN/TELITHROMYCIN,EXACTX,100.0,100.0,WP_000219391.1,True
ERR6752889,blaOXA-10,core,AMR,BETA-LACTAM,CEPHALOSPORIN,ALLELEX,100.0,100.0,WP_000846390.1,True
ERR6752889,cmlA5,core,AMR,PHENICOL,CHLORAMPHENICOL,EXACTX,100.0,100.0,WP_012300772.1,True
ERR6752889,arr-2,core,AMR,RIFAMYCIN,RIFAMYCIN,ALLELEX,100.0,100.0,WP_000237816.1,True
ERR6752889,aac(6')-Ib-cr5,core,AMR,AMINOGLYCOSIDE/QUINOLONE,AMIKACIN/KANAMYCIN/QUINOLONE/TOBRAMYCIN,ALLELEX,100.0,100.0,WP_063840321.1,True
ERR6752889,blaOXA-1,core,AMR,BETA-LACTAM,CEPHALOSPORIN,ALLELEX,100.0,100.0,WP_001334766.1,True
ERR6752889,catB3,core,AMR,PHENICOL,CHLORAMPHENICOL,PARTIALX,70.0,100.0,WP_000186237.1,False
ERR6752889,catA1,core,AMR,PHENICOL,CHLORAMPHENICOL,BLASTX,99.09,100.0,WP_000412211.1,True
ERR6752889,aadA1,core,AMR,AMINOGLYCOSIDE,STREPTOMYCIN,BLASTX,98.1,100.0,WP_001206316.1,True
ERR6752971,blaCTX-M-15,core,AMR,BETA-LACTAM,CEPHALOSPORIN,ALLELEX,100.0,100.0,WP_000239590.1,True
ERR6752971,sul2,core,AMR,SULFONAMIDE,SULFONAMIDE,EXACTX,100.0,100.0,WP_001043260.1,True
ERR6752971,aph(3'')-Ib,core,AMR,AMINOGLYCOSIDE,STREPTOMYCIN,EXACTX,100.0,100.0,WP_001082319.1,True
ERR6752971,aph(6)-Id,core,AMR,AMINOGLYCOSIDE,STREPTOMYCIN,EXACTX,100.0,100.0,WP_000480968.1,True
ERR6752971,tet(A),core,AMR,TETRACYCLINE,TETRACYCLINE,EXACTX,100.0,100.0,WP_000804063.1,True
ERR6752971,floR,core,AMR,PHENICOL,CHLORAMPHENICOL/FLORFENICOL,EXACTX,100.0,100.0,WP_000214119.1,True
ERR6752971,arr-2,core,AMR,RIFAMYCIN,RIFAMYCIN,ALLELEX,100.0,100.0,WP_000237816.1,True
ERR6752971,cmlA5,core,AMR,PHENICOL,CHLORAMPHENICOL,EXACTX,100.0,100.0,WP_012300772.1,True
ERR6752971,blaOXA-10,core,AMR,BETA-LACTAM,CEPHALOSPORIN,ALLELEX,100.0,100.0,WP_000846390.1,True
ERR6752971,aadA1,core,AMR,AMINOGLYCOSIDE,STREPTOMYCIN,EXACTX,100.0,100.0,WP_001209508.1,True
ERR6752971,qacEdelta1,core,STRESS,QUATERNARY AMMONIUM,QUATERNARY AMMONIUM,ALLELEX,100.0,100.0,WP_000679427.1,True
ERR6752971,sul1,core,AMR,SULFONAMIDE,SULFONAMIDE,EXACTX,100.0,100.0,WP_000259031.1,True
ERR6752971,dfrA23,core,AMR,TRIMETHOPRIM,TRIMETHOPRIM,EXACTX,100.0,100.0,WP_001143450.1,True
ERR6752971,blaTEM-1,core,AMR,BETA-LACTAM,BETA-LACTAM,ALLELEX,100.0,100.0,WP_000027057.1,True
ERR6752971,mph(A),core,AMR,MACROLIDE,AZITHROMYCIN/ERYTHROMYCIN/SPIRAMYCIN/TELITHROMYCIN,EXACTX,100.0,100.0,WP_000219391.1,True
ERR6752971,qnrB1,core,AMR,QUINOLONE,QUINOLONE,ALLELEX,100.0,100.0,WP_014386481.1,True
ERR6752971,tet(A),core,AMR,TETRACYCLINE,TETRACYCLINE,EXACTX,100.0,100.0,WP_031942321.1,True
ERR6752971,aac(6')-Ib-cr5,core,AMR,AMINOGLYCOSIDE/QUINOLONE,AMIKACIN/KANAMYCIN/QUINOLONE/TOBRAMYCIN,ALLELEX,100.0,100.0,WP_063840321.1,True
ERR6752971,blaOXA-1,core,AMR,BETA-LACTAM,CEPHALOSPORIN,ALLELEX,100.0,100.0,WP_001334766.1,True
ERR6752971,catB3,core,AMR,PHENICOL,CHLORAMPHENICOL,PARTIALX,70.0,100.0,WP_000186237.1,False
ERR6753111,blaCTX-M-15,core,AMR,BETA-LACTAM,CEPHALOSPORIN,ALLELEX,100.0,100.0,WP_000239590.1,True
ERR6753111,floR,core,AMR,PHENICOL,CHLORAMPHENICOL/FLORFENICOL,EXACTX,100.0,100.0,WP_000214119.1,True
ERR6753111,tet(A),core,AMR,TETRACYCLINE,TETRACYCLINE,EXACTX,100.0,100.0,WP_000804063.1,True
ERR6753111,aph(6)-Id,core,AMR,AMINOGLYCOSIDE,STREPTOMYCIN,EXACTX,100.0,100.0,WP_000480968.1,True
ERR6753111,aph(3'')-Ib,core,AMR,AMINOGLYCOSIDE,STREPTOMYCIN,EXACTX,100.0,100.0,WP_001082319.1,True
ERR6753111,sul2,core,AMR,SULFONAMIDE,SULFONAMIDE,EXACTX,100.0,100.0,WP_001043260.1,True
ERR6753111,dfrA23,core,AMR,TRIMETHOPRIM,TRIMETHOPRIM,EXACTX,100.0,100.0,WP_001143450.1,True
ERR6753111,sul1,core,AMR,SULFONAMIDE,SULFONAMIDE,EXACTX,100.0,100.0,WP_000259031.1,True
ERR6753111,qacEdelta1,core,STRESS,QUATERNARY AMMONIUM,QUATERNARY AMMONIUM,ALLELEX,100.0,100.0,WP_000679427.1,True
ERR6753111,aadA1,core,AMR,AMINOGLYCOSIDE,STREPTOMYCIN,EXACTX,100.0,100.0,WP_001209508.1,True
ERR6753111,blaOXA-10,core,AMR,BETA-LACTAM,CEPHALOSPORIN,ALLELEX,100.0,100.0,WP_000846390.1,True
ERR6753111,cmlA5,core,AMR,PHENICOL,CHLORAMPHENICOL,EXACTX,100.0,100.0,WP_012300772.1,True
ERR6753111,arr-2,core,AMR,RIFAMYCIN,RIFAMYCIN,ALLELEX,100.0,100.0,WP_000237816.1,True
ERR6753111,dfrA14,core,AMR,TRIMETHOPRIM,TRIMETHOPRIM,EXACTX,100.0,100.0,WP_004201280.1,True
ERR6753111,qnrB1,core,AMR,QUINOLONE,QUINOLONE,ALLELEX,100.0,100.0,WP_014386481.1,True
ERR6753111,tet(A),core,AMR,TETRACYCLINE,TETRACYCLINE,EXACTX,100.0,100.0,WP_031942321.1,True
ERR6753111,mph(A),core,AMR,MACROLIDE,AZITHROMYCIN/ERYTHROMYCIN/SPIRAMYCIN/TELITHROMYCIN,EXACTX,100.0,100.0,WP_000219391.1,True
ERR6753111,aac(3)-IIe,core,AMR,AMINOGLYCOSIDE,GENTAMICIN,EXACTX,100.0,100.0,WP_000557452.1,True
ERR6753111,catB3,core,AMR,PHENICOL,CHLORAMPHENICOL,PARTIALX,70.0,100.0,WP_000186237.1,False
ERR6753111,blaOXA-1,core,AMR,BETA-LACTAM,CEPHALOSPORIN,ALLELEX,100.0,100.0,WP_001334766.1,True
ERR6753111,aac(6')-Ib-cr5,core,AMR,AMINOGLYCOSIDE/QUINOLONE,AMIKACIN/KANAMYCIN/QUINOLONE/TOBRAMYCIN,ALLELEX,100.0,100.0,WP_063840321.1,True
ERR6805990,blaCTX-M-15,core,AMR,BETA-LACTAM,CEPHALOSPORIN,ALLELEX,100.0,100.0,WP_000239590.1,True
ERR6805990,floR,core,AMR,PHENICOL,CHLORAMPHENICOL/FLORFENICOL,EXACTX,100.0,100.0,WP_000214119.1,True
ERR6805990,tet(A),core,AMR,TETRACYCLINE,TETRACYCLINE,EXACTX,100.0,100.0,WP_000804063.1,True
ERR6805990,aph(6)-Id,core,AMR,AMINOGLYCOSIDE,STREPTOMYCIN,EXACTX,100.0,100.0,WP_000480968.1,True
ERR6805990,aph(3'')-Ib,core,AMR,AMINOGLYCOSIDE,STREPTOMYCIN,EXACTX,100.0,100.0,WP_001082319.1,True
ERR6805990,sul2,core,AMR,SULFONAMIDE,SULFONAMIDE,EXACTX,100.0,100.0,WP_001043260.1,True
ERR6805990,arr-2,core,AMR,RIFAMYCIN,RIFAMYCIN,ALLELEX,100.0,100.0,WP_000237816.1,True
ERR6805990,cmlA5,core,AMR,PHENICOL,CHLORAMPHENICOL,EXACTX,100.0,100.0,WP_012300772.1,True
ERR6805990,blaOXA-10,core,AMR,BETA-LACTAM,CEPHALOSPORIN,ALLELEX,100.0,100.0,WP_000846390.1,True
ERR6805990,aadA1,core,AMR,AMINOGLYCOSIDE,STREPTOMYCIN,EXACTX,100.0,100.0,WP_001209508.1,True
ERR6805990,qacEdelta1,core,STRESS,QUATERNARY AMMONIUM,QUATERNARY AMMONIUM,ALLELEX,100.0,100.0,WP_000679427.1,True
ERR6805990,sul1,core,AMR,SULFONAMIDE,SULFONAMIDE,EXACTX,100.0,100.0,WP_000259031.1,True
ERR6805990,dfrA23,core,AMR,TRIMETHOPRIM,TRIMETHOPRIM,EXACTX,100.0,100.0,WP_001143450.1,True
ERR6805990,mph(A),core,AMR,MACROLIDE,AZITHROMYCIN/ERYTHROMYCIN/SPIRAMYCIN/TELITHROMYCIN,EXACTX,100.0,100.0,WP_000219391.1,True
ERR6805990,dfrA14,core,AMR,TRIMETHOPRIM,TRIMETHOPRIM,EXACTX,100.0,100.0,WP_004201280.1,True
ERR6805990,tet(A),core,AMR,TETRACYCLINE,TETRACYCLINE,EXACTX,100.0,100.0,WP_031942321.1,True
ERR6805990,aac(3)-IIe,core,AMR,AMINOGLYCOSIDE,GENTAMICIN,EXACTX,100.0,100.0,WP_000557452.1,True
ERR6805990,aac(6')-Ib-cr5,core,AMR,AMINOGLYCOSIDE/QUINOLONE,AMIKACIN/KANAMYCIN/QUINOLONE/TOBRAMYCIN,ALLELEX,100.0,100.0,WP_063840321.1,True
ERR6805990,blaOXA-1,core,AMR,BETA-LACTAM,CEPHALOSPORIN,ALLELEX,100.0,100.0,WP_001334766.1,True
ERR6805990,catB3,core,AMR,PHENICOL,CHLORAMPHENICOL,PARTIALX,70.0,100.0,WP_000186237.1,False
ERR6805998,blaCTX-M-15,core,AMR,BETA-LACTAM,CEPHALOSPORIN,ALLELEX,100.0,100.0,WP_000239590.1,True
ERR6805998,floR,core,AMR,PHENICOL,CHLORAMPHENICOL/FLORFENICOL,EXACTX,100.0,100.0,WP_000214119.1,True
ERR6805998,tet(A),core,AMR,TETRACYCLINE,TETRACYCLINE,EXACTX,100.0,100.0,WP_000804063.1,True
ERR6805998,aph(6)-Id,core,AMR,AMINOGLYCOSIDE,STREPTOMYCIN,EXACTX,100.0,100.0,WP_000480968.1,True
ERR6805998,aph(3'')-Ib,core,AMR,AMINOGLYCOSIDE,STREPTOMYCIN,EXACTX,100.0,100.0,WP_001082319.1,True
ERR6805998,sul2,core,AMR,SULFONAMIDE,SULFONAMIDE,EXACTX,100.0,100.0,WP_001043260.1,True
ERR6805998,arr-2,core,AMR,RIFAMYCIN,RIFAMYCIN,ALLELEX,100.0,100.0,WP_000237816.1,True
ERR6805998,cmlA5,core,AMR,PHENICOL,CHLORAMPHENICOL,EXACTX,100.0,100.0,WP_012300772.1,True
ERR6805998,blaOXA-10,core,AMR,BETA-LACTAM,CEPHALOSPORIN,ALLELEX,100.0,100.0,WP_000846390.1,True
ERR6805998,aadA1,core,AMR,AMINOGLYCOSIDE,STREPTOMYCIN,EXACTX,100.0,100.0,WP_001209508.1,True
ERR6805998,qacEdelta1,core,STRESS,QUATERNARY AMMONIUM,QUATERNARY AMMONIUM,ALLELEX,100.0,100.0,WP_000679427.1,True
ERR6805998,sul1,core,AMR,SULFONAMIDE,SULFONAMIDE,EXACTX,100.0,100.0,WP_000259031.1,True
ERR6805998,dfrA23,core,AMR,TRIMETHOPRIM,TRIMETHOPRIM,EXACTX,100.0,100.0,WP_001143450.1,True
ERR6805998,dfrA14,core,AMR,TRIMETHOPRIM,TRIMETHOPRIM,EXACTX,100.0,100.0,WP_004201280.1,True
ERR6805998,qnrB1,core,AMR,QUINOLONE,QUINOLONE,ALLELEX,100.0,100.0,WP_014386481.1,True
ERR6805998,tet(A),core,AMR,TETRACYCLINE,TETRACYCLINE,EXACTX,100.0,100.0,WP_031942321.1,True
ERR6805998,mph(A),core,AMR,MACROLIDE,AZITHROMYCIN/ERYTHROMYCIN/SPIRAMYCIN/TELITHROMYCIN,EXACTX,100.0,100.0,WP_000219391.1,True
ERR6805998,aac(3)-IIe,core,AMR,AMINOGLYCOSIDE,GENTAMICIN,EXACTX,100.0,100.0,WP_000557452.1,True
ERR6805998,aac(6')-Ib-cr5,core,AMR,AMINOGLYCOSIDE/QUINOLONE,AMIKACIN/KANAMYCIN/QUINOLONE/TOBRAMYCIN,ALLELEX,100.0,100.0,WP_063840321.1,True
ERR6805998,blaOXA-1,core,AMR,BETA-LACTAM,CEPHALOSPORIN,ALLELEX,100.0,100.0,WP_001334766.1,True
ERR6805998,catB3,core,AMR,PHENICOL,CHLORAMPHENICOL,PARTIALX,70.0,100.0,WP_000186237.1,False
ERR6806028,arr-2,core,AMR,RIFAMYCIN,RIFAMYCIN,ALLELEX,100.0,100.0,WP_000237816.1,True
ERR6806028,cmlA5,core,AMR,PHENICOL,CHLORAMPHENICOL,EXACTX,100.0,100.0,WP_012300772.1,True
ERR6806028,blaOXA-10,core,AMR,BETA-LACTAM,CEPHALOSPORIN,ALLELEX,100.0,100.0,WP_000846390.1,True
ERR6806028,aadA1,core,AMR,AMINOGLYCOSIDE,STREPTOMYCIN,EXACTX,100.0,100.0,WP_001209508.1,True
ERR6806028,qacEdelta1,core,STRESS,QUATERNARY AMMONIUM,QUATERNARY AMMONIUM,ALLELEX,100.0,100.0,WP_000679427.1,True
ERR6806028,sul1,core,AMR,SULFONAMIDE,SULFONAMIDE,EXACTX,100.0,100.0,WP_000259031.1,True
ERR6806028,dfrA23,core,AMR,TRIMETHOPRIM,TRIMETHOPRIM,EXACTX,100.0,100.0,WP_001143450.1,True
ERR6806028,sul2,core,AMR,SULFONAMIDE,SULFONAMIDE,EXACTX,100.0,100.0,WP_001043260.1,True
ERR6806028,aph(3'')-Ib,core,AMR,AMINOGLYCOSIDE,STREPTOMYCIN,EXACTX,100.0,100.0,WP_001082319.1,True
ERR6806028,aph(6)-Id,core,AMR,AMINOGLYCOSIDE,STREPTOMYCIN,EXACTX,100.0,100.0,WP_000480968.1,True
ERR6806028,blaTEM-1,core,AMR,BETA-LACTAM,BETA-LACTAM,ALLELEX,100.0,100.0,WP_000027057.1,True
ERR6806028,qnrB1,core,AMR,QUINOLONE,QUINOLONE,ALLELEX,100.0,100.0,WP_014386481.1,True
ERR6806028,blaCTX-M-15,core,AMR,BETA-LACTAM,CEPHALOSPORIN,ALLELEX,100.0,100.0,WP_000239590.1,True
ERR6806028,blaSCO-1,core,AMR,BETA-LACTAM,BETA-LACTAM,ALLELEX,100.0,100.0,WP_004197546.1,True
ERR6806028,aac(6')-Ib-cr5,core,AMR,AMINOGLYCOSIDE/QUINOLONE,AMIKACIN/KANAMYCIN/QUINOLONE/TOBRAMYCIN,ALLELEX,100.0,100.0,WP_063840321.1,True
ERR6806028,blaOXA-1,core,AMR,BETA-LACTAM,CEPHALOSPORIN,ALLELEX,100.0,100.0,WP_001334766.1,True
ERR6806028,catB3,core,AMR,PHENICOL,CHLORAMPHENICOL,PARTIALX,58.1,100.0,WP_000186237.1,False
ERR6806075,gyrB_S464F,core,AMR,QUINOLONE,QUINOLONE,POINTX,100.0,99.88,WP_000072047.1,True
ERR6806075,sul2,core,AMR,SULFONAMIDE,SULFONAMIDE,EXACTX,100.0,100.0,WP_001043260.1,True
ERR6806075,aph(3'')-Ib,core,AMR,AMINOGLYCOSIDE,STREPTOMYCIN,EXACTX,100.0,100.0,WP_001082319.1,True
ERR6806075,aph(6)-Id,core,AMR,AMINOGLYCOSIDE,STREPTOMYCIN,EXACTX,100.0,100.0,WP_000480968.1,True
ERR6806075,blaTEM-1,core,AMR,BETA-LACTAM,BETA-LACTAM,ALLELEX,100.0,100.0,WP_000027057.1,True
ERR6806075,blaCTX-M-15,core,AMR,BETA-LACTAM,CEPHALOSPORIN,ALLELEX,100.0,100.0,WP_000239590.1,True
ERR6806075,tet(A),core,AMR,TETRACYCLINE,TETRACYCLINE,EXACTX,100.0,100.0,WP_031942321.1,True
ERR6806075,aac(3)-IIe,core,AMR,AMINOGLYCOSIDE,GENTAMICIN,EXACTX,100.0,100.0,WP_000557452.1,True
ERR6806075,catB3,core,AMR,PHENICOL,CHLORAMPHENICOL,PARTIALX,70.0,100.0,WP_000186237.1,False
ERR6806125,blaCTX-M-15,core,AMR,BETA-LACTAM,CEPHALOSPORIN,ALLELEX,100.0,100.0,WP_000239590.1,True
ERR6806125,sul2,core,AMR,SULFONAMIDE,SULFONAMIDE,EXACTX,100.0,100.0,WP_001043260.1,True
ERR6806125,aph(3'')-Ib,core,AMR,AMINOGLYCOSIDE,STREPTOMYCIN,EXACTX,100.0,100.0,WP_001082319.1,True
ERR6806125,aph(6)-Id,core,AMR,AMINOGLYCOSIDE,STREPTOMYCIN,EXACTX,100.0,100.0,WP_000480968.1,True
ERR6806125,tet(A),core,AMR,TETRACYCLINE,TETRACYCLINE,EXACTX,100.0,100.0,WP_000804063.1,True
ERR6806125,floR,core,AMR,PHENICOL,CHLORAMPHENICOL/FLORFENICOL,EXACTX,100.0,100.0,WP_000214119.1,True
ERR6806125,dfrA23,core,AMR,TRIMETHOPRIM,TRIMETHOPRIM,EXACTX,100.0,100.0,WP_001143450.1,True
ERR6806125,sul1,core,AMR,SULFONAMIDE,SULFONAMIDE,EXACTX,100.0,100.0,WP_000259031.1,True
ERR6806125,qacEdelta1,core,STRESS,QUATERNARY AMMONIUM,QUATERNARY AMMONIUM,ALLELEX,100.0,100.0,WP_000679427.1,True
ERR6806125,aadA1,core,AMR,AMINOGLYCOSIDE,STREPTOMYCIN,EXACTX,100.0,100.0,WP_001209508.1,True
ERR6806125,blaOXA-10,core,AMR,BETA-LACTAM,CEPHALOSPORIN,ALLELEX,100.0,100.0,WP_000846390.1,True
ERR6806125,cmlA5,core,AMR,PHENICOL,CHLORAMPHENICOL,EXACTX,100.0,100.0,WP_012300772.1,True
ERR6806125,arr-2,core,AMR,RIFAMYCIN,RIFAMYCIN,ALLELEX,100.0,100.0,WP_000237816.1,True
ERR6806125,dfrA14,core,AMR,TRIMETHOPRIM,TRIMETHOPRIM,EXACTX,100.0,100.0,WP_004201280.1,True
ERR6806125,qnrB1,core,AMR,QUINOLONE,QUINOLONE,ALLELEX,100.0,100.0,WP_014386481.1,True
ERR6806125,tet(A),core,AMR,TETRACYCLINE,TETRACYCLINE,EXACTX,100.0,100.0,WP_031942321.1,True
ERR6806125,mph(A),core,AMR,MACROLIDE,AZITHROMYCIN/ERYTHROMYCIN/SPIRAMYCIN/TELITHROMYCIN,EXACTX,100.0,100.0,WP_000219391.1,True
ERR6806125,aac(3)-IIe,core,AMR,AMINOGLYCOSIDE,GENTAMICIN,EXACTX,100.0,100.0,WP_000557452.1,True
ERR6806125,catB3,core,AMR,PHENICOL,CHLORAMPHENICOL,PARTIALX,70.0,100.0,WP_000186237.1,False
ERR6806125,blaOXA-1,core,AMR,BETA-LACTAM,CEPHALOSPORIN,ALLELEX,100.0,100.0,WP_001334766.1,True
ERR6806125,aac(6')-Ib-cr5,core,AMR,AMINOGLYCOSIDE/QUINOLONE,AMIKACIN/KANAMYCIN/QUINOLONE/TOBRAMYCIN,ALLELEX,100.0,100.0,WP_063840321.1,True
ERR6806255,blaCTX-M-15,core,AMR,BETA-LACTAM,CEPHALOSPORIN,ALLELEX,100.0,100.0,WP_000239590.1,True
ERR6806255,floR,core,AMR,PHENICOL,CHLORAMPHENICOL/FLORFENICOL,EXACTX,100.0,100.0,WP_000214119.1,True
ERR6806255,tet(A),core,AMR,TETRACYCLINE,TETRACYCLINE,EXACTX,100.0,100.0,WP_000804063.1,True
ERR6806255,aph(6)-Id,core,AMR,AMINOGLYCOSIDE,STREPTOMYCIN,EXACTX,100.0,100.0,WP_000480968.1,True
ERR6806255,aph(3'')-Ib,core,AMR,AMINOGLYCOSIDE,STREPTOMYCIN,EXACTX,100.0,100.0,WP_001082319.1,True
ERR6806255,sul2,core,AMR,SULFONAMIDE,SULFONAMIDE,EXACTX,100.0,100.0,WP_001043260.1,True
ERR6806255,arr-2,core,AMR,RIFAMYCIN,RIFAMYCIN,ALLELEX,100.0,100.0,WP_000237816.1,True
ERR6806255,cmlA5,core,AMR,PHENICOL,CHLORAMPHENICOL,EXACTX,100.0,100.0,WP_012300772.1,True
ERR6806255,blaOXA-10,core,AMR,BETA-LACTAM,CEPHALOSPORIN,ALLELEX,100.0,100.0,WP_000846390.1,True
ERR6806255,aadA1,core,AMR,AMINOGLYCOSIDE,STREPTOMYCIN,EXACTX,100.0,100.0,WP_001209508.1,True
ERR6806255,qacEdelta1,core,STRESS,QUATERNARY AMMONIUM,QUATERNARY AMMONIUM,ALLELEX,100.0,100.0,WP_000679427.1,True
ERR6806255,sul1,core,AMR,SULFONAMIDE,SULFONAMIDE,EXACTX,100.0,100.0,WP_000259031.1,True
ERR6806255,dfrA23,core,AMR,TRIMETHOPRIM,TRIMETHOPRIM,EXACTX,100.0,100.0,WP_001143450.1,True
ERR6806255,qnrB1,core,AMR,QUINOLONE,QUINOLONE,ALLELEX,100.0,100.0,WP_014386481.1,True
ERR6806255,mph(A),core,AMR,MACROLIDE,AZITHROMYCIN/ERYTHROMYCIN/SPIRAMYCIN/TELITHROMYCIN,EXACTX,100.0,100.0,WP_000219391.1,True
ERR6806255,dfrA14,core,AMR,TRIMETHOPRIM,TRIMETHOPRIM,EXACTX,100.0,100.0,WP_004201280.1,True
ERR6806255,aac(3)-IIe,core,AMR,AMINOGLYCOSIDE,GENTAMICIN,EXACTX,100.0,100.0,WP_000557452.1,True
ERR6806255,blaOXA,core,AMR,BETA-LACTAM,BETA-LACTAM,BLASTX,90.19,100.0,WP_015059991.1,True
ERR6806255,catB3,core,AMR,PHENICOL,CHLORAMPHENICOL,PARTIALX,70.0,100.0,WP_000186237.1,False
ERR6806255,blaOXA-1,core,AMR,BETA-LACTAM,CEPHALOSPORIN,ALLELEX,100.0,100.0,WP_001334766.1,True
ERR6806255,aac(6')-Ib-cr5,core,AMR,AMINOGLYCOSIDE/QUINOLONE,AMIKACIN/KANAMYCIN/QUINOLONE/TOBRAMYCIN,ALLELEX,100.0,100.0,WP_063840321.1,True
ERR6806317,floR,core,AMR,PHENICOL,CHLORAMPHENICOL/FLORFENICOL,EXACTX,100.0,100.0,WP_000214119.1,True
ERR6806317,tet(A),core,AMR,TETRACYCLINE,TETRACYCLINE,EXACTX,100.0,100.0,WP_000804063.1,True
ERR6806317,mph(A),core,AMR,MACROLIDE,AZITHROMYCIN/ERYTHROMYCIN/SPIRAMYCIN/TELITHROMYCIN,EXACTX,100.0,100.0,WP_000219391.1,True
ERR6806317,dfrA14,core,AMR,TRIMETHOPRIM,TRIMETHOPRIM,EXACTX,100.0,100.0,WP_004201280.1,True
ERR6806317,blaCTX-M-15,core,AMR,BETA-LACTAM,CEPHALOSPORIN,ALLELEX,100.0,100.0,WP_000239590.1,True
ERR6806317,blaTEM-1,core,AMR,BETA-LACTAM,BETA-LACTAM,ALLELEX,100.0,100.0,WP_000027057.1,True
ERR6806317,aph(3'')-Ib,core,AMR,AMINOGLYCOSIDE,STREPTOMYCIN,PARTIAL_CONTIG_ENDX,88.76,100.0,WP_001082319.1,True
ERR6806317,sul2,core,AMR,SULFONAMIDE,SULFONAMIDE,EXACTX,100.0,100.0,WP_001043260.1,True
ERR6806317,aph(6)-Id,core,AMR,AMINOGLYCOSIDE,STREPTOMYCIN,EXACTX,100.0,100.0,WP_000480968.1,True
ERR6806317,aadA1,core,AMR,AMINOGLYCOSIDE,STREPTOMYCIN,EXACTX,100.0,100.0,WP_046622360.1,True
ERR6806317,catA1,core,AMR,PHENICOL,CHLORAMPHENICOL,BLASTX,99.09,100.0,WP_000412211.1,True
ERR6806512,sul2,core,AMR,SULFONAMIDE,SULFONAMIDE,EXACTX,100.0,100.0,WP_001043260.1,True
ERR6806512,aph(3'')-Ib,core,AMR,AMINOGLYCOSIDE,STREPTOMYCIN,EXACTX,100.0,100.0,WP_001082319.1,True
ERR6806512,aph(6)-Id,core,AMR,AMINOGLYCOSIDE,STREPTOMYCIN,EXACTX,100.0,100.0,WP_000480968.1,True
ERR6806512,blaTEM-1,core,AMR,BETA-LACTAM,BETA-LACTAM,ALLELEX,100.0,100.0,WP_000027057.1,True
ERR6806512,blaCTX-M-15,core,AMR,BETA-LACTAM,CEPHALOSPORIN,ALLELEX,100.0,100.0,WP_000239590.1,True
ERR6806512,arr-2,core,AMR,RIFAMYCIN,RIFAMYCIN,ALLELEX,100.0,100.0,WP_000237816.1,True
ERR6806512,cmlA5,core,AMR,PHENICOL,CHLORAMPHENICOL,EXACTX,100.0,100.0,WP_012300772.1,True
ERR6806512,blaOXA-10,core,AMR,BETA-LACTAM,CEPHALOSPORIN,ALLELEX,100.0,100.0,WP_000846390.1,True
ERR6806512,aadA1,core,AMR,AMINOGLYCOSIDE,STREPTOMYCIN,EXACTX,100.0,100.0,WP_001209508.1,True
ERR6806512,qacEdelta1,core,STRESS,QUATERNARY AMMONIUM,QUATERNARY AMMONIUM,ALLELEX,100.0,100.0,WP_000679427.1,True
ERR6806512,sul1,core,AMR,SULFONAMIDE,SULFONAMIDE,EXACTX,100.0,100.0,WP_000259031.1,True
ERR6806512,dfrA23,core,AMR,TRIMETHOPRIM,TRIMETHOPRIM,EXACTX,100.0,100.0,WP_001143450.1,True
ERR6806512,dfrA14,core,AMR,TRIMETHOPRIM,TRIMETHOPRIM,EXACTX,100.0,100.0,WP_004201280.1,True
ERR6806512,qnrB1,core,AMR,QUINOLONE,QUINOLONE,ALLELEX,100.0,100.0,WP_014386481.1,True
ERR6806512,tet(A),core,AMR,TETRACYCLINE,TETRACYCLINE,EXACTX,100.0,100.0,WP_031942321.1,True
ERR6806512,aac(3)-IIe,core,AMR,AMINOGLYCOSIDE,GENTAMICIN,EXACTX,100.0,100.0,WP_000557452.1,True
ERR6806512,catB3,core,AMR,PHENICOL,CHLORAMPHENICOL,PARTIALX,70.0,100.0,WP_000186237.1,False
ERR6806512,blaOXA-1,core,AMR,BETA-LACTAM,CEPHALOSPORIN,ALLELEX,100.0,100.0,WP_001334766.1,True
ERR6806512,aac(6')-Ib-cr5,core,AMR,AMINOGLYCOSIDE/QUINOLONE,AMIKACIN/KANAMYCIN/QUINOLONE/TOBRAMYCIN,ALLELEX,100.0,100.0,WP_063840321.1,True
ERR6806600,sul2,core,AMR,SULFONAMIDE,SULFONAMIDE,EXACTX,100.0,100.0,WP_001043260.1,True
ERR6806600,aph(3'')-Ib,core,AMR,AMINOGLYCOSIDE,STREPTOMYCIN,EXACTX,100.0,100.0,WP_001082319.1,True
ERR6806600,aph(6)-Id,core,AMR,AMINOGLYCOSIDE,STREPTOMYCIN,EXACTX,100.0,100.0,WP_000480968.1,True
ERR6806600,blaTEM-1,core,AMR,BETA-LACTAM,BETA-LACTAM,ALLELEX,100.0,100.0,WP_000027057.1,True
ERR6806600,blaCTX-M-15,core,AMR,BETA-LACTAM,CEPHALOSPORIN,ALLELEX,100.0,100.0,WP_000239590.1,True
ERR6806600,arr-2,core,AMR,RIFAMYCIN,RIFAMYCIN,ALLELEX,100.0,100.0,WP_000237816.1,True
ERR6806600,cmlA5,core,AMR,PHENICOL,CHLORAMPHENICOL,EXACTX,100.0,100.0,WP_012300772.1,True
ERR6806600,blaOXA-10,core,AMR,BETA-LACTAM,CEPHALOSPORIN,ALLELEX,100.0,100.0,WP_000846390.1,True
ERR6806600,aadA1,core,AMR,AMINOGLYCOSIDE,STREPTOMYCIN,EXACTX,100.0,100.0,WP_001209508.1,True
ERR6806600,qacEdelta1,core,STRESS,QUATERNARY AMMONIUM,QUATERNARY AMMONIUM,ALLELEX,100.0,100.0,WP_000679427.1,True
ERR6806600,sul1,core,AMR,SULFONAMIDE,SULFONAMIDE,EXACTX,100.0,100.0,WP_000259031.1,True
ERR6806600,dfrA23,core,AMR,TRIMETHOPRIM,TRIMETHOPRIM,EXACTX,100.0,100.0,WP_001143450.1,True
ERR6806600,qnrB1,core,AMR,QUINOLONE,QUINOLONE,ALLELEX,100.0,100.0,WP_014386481.1,True
ERR6806600,blaSCO-1,core,AMR,BETA-LACTAM,BETA-LACTAM,ALLELEX,100.0,100.0,WP_004197546.1,True
ERR6806600,catB3,core,AMR,PHENICOL,CHLORAMPHENICOL,PARTIALX,70.0,100.0,WP_000186237.1,False
ERR6806600,blaOXA-1,core,AMR,BETA-LACTAM,CEPHALOSPORIN,ALLELEX,100.0,100.0,WP_001334766.1,True
ERR6806600,aac(6')-Ib-cr5,core,AMR,AMINOGLYCOSIDE/QUINOLONE,AMIKACIN/KANAMYCIN/QUINOLONE/TOBRAMYCIN,ALLELEX,100.0,100.0,WP_063840321.1,True
ERR6806632,dfrA23,core,AMR,TRIMETHOPRIM,TRIMETHOPRIM,EXACTX,100.0,100.0,WP_001143450.1,True
ERR6806632,sul1,core,AMR,SULFONAMIDE,SULFONAMIDE,EXACTX,100.0,100.0,WP_000259031.1,True
ERR6806632,qacEdelta1,core,STRESS,QUATERNARY AMMONIUM,QUATERNARY AMMONIUM,ALLELEX,100.0,100.0,WP_000679427.1,True
ERR6806632,aadA1,core,AMR,AMINOGLYCOSIDE,STREPTOMYCIN,EXACTX,100.0,100.0,WP_001209508.1,True
ERR6806632,blaOXA-10,core,AMR,BETA-LACTAM,CEPHALOSPORIN,ALLELEX,100.0,100.0,WP_000846390.1,True
ERR6806632,cmlA5,core,AMR,PHENICOL,CHLORAMPHENICOL,EXACTX,100.0,100.0,WP_012300772.1,True
ERR6806632,arr-2,core,AMR,RIFAMYCIN,RIFAMYCIN,ALLELEX,100.0,100.0,WP_000237816.1,True
ERR6806632,blaTEM-1,core,AMR,BETA-LACTAM,BETA-LACTAM,ALLELEX,100.0,100.0,WP_000027057.1,True
ERR6806632,aph(6)-Id,core,AMR,AMINOGLYCOSIDE,STREPTOMYCIN,EXACTX,100.0,100.0,WP_000480968.1,True
ERR6806632,aph(3'')-Ib,core,AMR,AMINOGLYCOSIDE,STREPTOMYCIN,EXACTX,100.0,100.0,WP_001082319.1,True
ERR6806632,sul2,core,AMR,SULFONAMIDE,SULFONAMIDE,EXACTX,100.0,100.0,WP_001043260.1,True
ERR6806632,qnrB1,core,AMR,QUINOLONE,QUINOLONE,ALLELEX,100.0,100.0,WP_014386481.1,True
ERR6806632,blaCTX-M-15,core,AMR,BETA-LACTAM,CEPHALOSPORIN,ALLELEX,100.0,100.0,WP_000239590.1,True
ERR6806714,blaCTX-M-15,core,AMR,BETA-LACTAM,CEPHALOSPORIN,ALLELEX,100.0,100.0,WP_000239590.1,True
ERR6806714,blaTEM-1,core,AMR,BETA-LACTAM,BETA-LACTAM,ALLELEX,100.0,100.0,WP_000027057.1,True
ERR6806714,floR,core,AMR,PHENICOL,CHLORAMPHENICOL/FLORFENICOL,EXACTX,100.0,100.0,WP_000214119.1,True
ERR6806714,tet(A),core,AMR,TETRACYCLINE,TETRACYCLINE,EXACTX,100.0,100.0,WP_000804063.1,True
ERR6806714,aph(6)-Id,core,AMR,AMINOGLYCOSIDE,STREPTOMYCIN,EXACTX,100.0,100.0,WP_000480968.1,True
ERR6806714,aph(3'')-Ib,core,AMR,AMINOGLYCOSIDE,STREPTOMYCIN,EXACTX,100.0,100.0,WP_001082319.1,True
ERR6806714,sul2,core,AMR,SULFONAMIDE,SULFONAMIDE,EXACTX,100.0,100.0,WP_001043260.1,True
ERR6806714,arr-2,core,AMR,RIFAMYCIN,RIFAMYCIN,ALLELEX,100.0,100.0,WP_000237816.1,True
ERR6806714,cmlA5,core,AMR,PHENICOL,CHLORAMPHENICOL,EXACTX,100.0,100.0,WP_012300772.1,True
ERR6806714,blaOXA-10,core,AMR,BETA-LACTAM,CEPHALOSPORIN,ALLELEX,100.0,100.0,WP_000846390.1,True
ERR6806714,aadA1,core,AMR,AMINOGLYCOSIDE,STREPTOMYCIN,EXACTX,100.0,100.0,WP_001209508.1,True
ERR6806714,qacEdelta1,core,STRESS,QUATERNARY AMMONIUM,QUATERNARY AMMONIUM,ALLELEX,100.0,100.0,WP_000679427.1,True
ERR6806714,sul1,core,AMR,SULFONAMIDE,SULFONAMIDE,EXACTX,100.0,100.0,WP_000259031.1,True
ERR6806714,dfrA23,core,AMR,TRIMETHOPRIM,TRIMETHOPRIM,EXACTX,100.0,100.0,WP_001143450.1,True
ERR6806714,qnrB1,core,AMR,QUINOLONE,QUINOLONE,ALLELEX,100.0,100.0,WP_014386481.1,True
ERR6806714,aac(3)-IIe,core,AMR,AMINOGLYCOSIDE,GENTAMICIN,EXACTX,100.0,100.0,WP_000557452.1,True
ERR6806726,blaCTX-M-15,core,AMR,BETA-LACTAM,CEPHALOSPORIN,ALLELEX,100.0,100.0,WP_000239590.1,True
ERR6806726,dfrA14,core,AMR,TRIMETHOPRIM,TRIMETHOPRIM,EXACTX,100.0,100.0,WP_004201280.1,True
ERR6806726,sul2,core,AMR,SULFONAMIDE,SULFONAMIDE,EXACTX,100.0,100.0,WP_001043260.1,True
ERR6806726,sul3,core,AMR,SULFONAMIDE,SULFONAMIDE,EXACTX,100.0,100.0,WP_000034420.1,True
ERR6806726,blaTEM-1,core,AMR,BETA-LACTAM,BETA-LACTAM,ALLELEX,100.0,100.0,WP_000027057.1,True
ERR6806726,aac(3)-IIe,core,AMR,AMINOGLYCOSIDE,GENTAMICIN,EXACTX,100.0,100.0,WP_000557452.1,True
ERR6806726,aac(6')-Ib-cr5,core,AMR,AMINOGLYCOSIDE/QUINOLONE,AMIKACIN/KANAMYCIN/QUINOLONE/TOBRAMYCIN,ALLELEX,100.0,100.0,WP_063840321.1,True
ERR6806726,blaOXA-1,core,AMR,BETA-LACTAM,CEPHALOSPORIN,ALLELEX,100.0,100.0,WP_001334766.1,True
ERR6806726,catB3,core,AMR,PHENICOL,CHLORAMPHENICOL,PARTIALX,70.0,100.0,WP_000186237.1,False
ERR6806726,qnrB1,core,AMR,QUINOLONE,QUINOLONE,ALLELEX,100.0,100.0,WP_014386481.1,True
ERR6806726,aph(6)-Id,core,AMR,AMINOGLYCOSIDE,STREPTOMYCIN,EXACTX,100.0,100.0,WP_000480968.1,True
ERR6806726,aph(3'')-Ib,core,AMR,AMINOGLYCOSIDE,STREPTOMYCIN,PARTIAL_CONTIG_ENDX,74.53,100.0,WP_001082319.1,False
ERR6806749,blaCTX-M-15,core,AMR,BETA-LACTAM,CEPHALOSPORIN,ALLELEX,100.0,100.0,WP_000239590.1,True
ERR6806749,sul2,core,AMR,SULFONAMIDE,SULFONAMIDE,EXACTX,100.0,100.0,WP_001043260.1,True
ERR6806749,aph(3'')-Ib,core,AMR,AMINOGLYCOSIDE,STREPTOMYCIN,EXACTX,100.0,100.0,WP_001082319.1,True
ERR6806749,aph(6)-Id,core,AMR,AMINOGLYCOSIDE,STREPTOMYCIN,EXACTX,100.0,100.0,WP_000480968.1,True
ERR6806749,tet(A),core,AMR,TETRACYCLINE,TETRACYCLINE,EXACTX,100.0,100.0,WP_000804063.1,True
ERR6806749,floR,core,AMR,PHENICOL,CHLORAMPHENICOL/FLORFENICOL,EXACTX,100.0,100.0,WP_000214119.1,True
ERR6806749,arr-2,core,AMR,RIFAMYCIN,RIFAMYCIN,ALLELEX,100.0,100.0,WP_000237816.1,True
ERR6806749,cmlA5,core,AMR,PHENICOL,CHLORAMPHENICOL,EXACTX,100.0,100.0,WP_012300772.1,True
ERR6806749,blaOXA-10,core,AMR,BETA-LACTAM,CEPHALOSPORIN,ALLELEX,100.0,100.0,WP_000846390.1,True
ERR6806749,aadA1,core,AMR,AMINOGLYCOSIDE,STREPTOMYCIN,EXACTX,100.0,100.0,WP_001209508.1,True
ERR6806749,qacEdelta1,core,STRESS,QUATERNARY AMMONIUM,QUATERNARY AMMONIUM,ALLELEX,100.0,100.0,WP_000679427.1,True
ERR6806749,sul1,core,AMR,SULFONAMIDE,SULFONAMIDE,EXACTX,100.0,100.0,WP_000259031.1,True
ERR6806749,dfrA23,core,AMR,TRIMETHOPRIM,TRIMETHOPRIM,EXACTX,100.0,100.0,WP_001143450.1,True
ERR6806749,dfrA14,core,AMR,TRIMETHOPRIM,TRIMETHOPRIM,EXACTX,100.0,100.0,WP_004201280.1,True
ERR6806749,qnrB1,core,AMR,QUINOLONE,QUINOLONE,ALLELEX,100.0,100.0,WP_014386481.1,True
ERR6806749,tet(A),core,AMR,TETRACYCLINE,TETRACYCLINE,EXACTX,100.0,100.0,WP_031942321.1,True
ERR6806749,mph(A),core,AMR,MACROLIDE,AZITHROMYCIN/ERYTHROMYCIN/SPIRAMYCIN/TELITHROMYCIN,EXACTX,100.0,100.0,WP_000219391.1,True
ERR6806749,aac(3)-IIe,core,AMR,AMINOGLYCOSIDE,GENTAMICIN,EXACTX,100.0,100.0,WP_000557452.1,True
ERR6806749,aac(6')-Ib-cr5,core,AMR,AMINOGLYCOSIDE/QUINOLONE,AMIKACIN/KANAMYCIN/QUINOLONE/TOBRAMYCIN,ALLELEX,100.0,100.0,WP_063840321.1,True
ERR6806749,blaOXA-1,core,AMR,BETA-LACTAM,CEPHALOSPORIN,ALLELEX,100.0,100.0,WP_001334766.1,True
ERR6806749,catB3,core,AMR,PHENICOL,CHLORAMPHENICOL,PARTIALX,70.0,100.0,WP_000186237.1,False
ERR6806776,blaCTX-M-15,core,AMR,BETA-LACTAM,CEPHALOSPORIN,ALLELEX,100.0,100.0,WP_000239590.1,True
ERR6806776,sul2,core,AMR,SULFONAMIDE,SULFONAMIDE,EXACTX,100.0,100.0,WP_001043260.1,True
ERR6806776,aph(3'')-Ib,core,AMR,AMINOGLYCOSIDE,STREPTOMYCIN,EXACTX,100.0,100.0,WP_001082319.1,True
ERR6806776,aph(6)-Id,core,AMR,AMINOGLYCOSIDE,STREPTOMYCIN,EXACTX,100.0,100.0,WP_000480968.1,True
ERR6806776,tet(A),core,AMR,TETRACYCLINE,TETRACYCLINE,EXACTX,100.0,100.0,WP_000804063.1,True
ERR6806776,floR,core,AMR,PHENICOL,CHLORAMPHENICOL/FLORFENICOL,EXACTX,100.0,100.0,WP_000214119.1,True
ERR6806776,arr-2,core,AMR,RIFAMYCIN,RIFAMYCIN,ALLELEX,100.0,100.0,WP_000237816.1,True
ERR6806776,cmlA5,core,AMR,PHENICOL,CHLORAMPHENICOL,EXACTX,100.0,100.0,WP_012300772.1,True
ERR6806776,blaOXA-10,core,AMR,BETA-LACTAM,CEPHALOSPORIN,ALLELEX,100.0,100.0,WP_000846390.1,True
ERR6806776,aadA1,core,AMR,AMINOGLYCOSIDE,STREPTOMYCIN,EXACTX,100.0,100.0,WP_001209508.1,True
ERR6806776,qacEdelta1,core,STRESS,QUATERNARY AMMONIUM,QUATERNARY AMMONIUM,ALLELEX,100.0,100.0,WP_000679427.1,True
ERR6806776,sul1,core,AMR,SULFONAMIDE,SULFONAMIDE,EXACTX,100.0,100.0,WP_000259031.1,True
ERR6806776,dfrA23,core,AMR,TRIMETHOPRIM,TRIMETHOPRIM,EXACTX,100.0,100.0,WP_001143450.1,True
ERR6806776,dfrA14,core,AMR,TRIMETHOPRIM,TRIMETHOPRIM,EXACTX,100.0,100.0,WP_004201280.1,True
ERR6806776,qnrB1,core,AMR,QUINOLONE,QUINOLONE,ALLELEX,100.0,100.0,WP_014386481.1,True
ERR6806776,tet(A),core,AMR,TETRACYCLINE,TETRACYCLINE,EXACTX,100.0,100.0,WP_031942321.1,True
ERR6806776,mph(A),core,AMR,MACROLIDE,AZITHROMYCIN/ERYTHROMYCIN/SPIRAMYCIN/TELITHROMYCIN,EXACTX,100.0,100.0,WP_000219391.1,True
ERR6806776,aac(3)-IIe,core,AMR,AMINOGLYCOSIDE,GENTAMICIN,EXACTX,100.0,100.0,WP_000557452.1,True
ERR6806776,aac(6')-Ib-cr5,core,AMR,AMINOGLYCOSIDE/QUINOLONE,AMIKACIN/KANAMYCIN/QUINOLONE/TOBRAMYCIN,ALLELEX,100.0,100.0,WP_063840321.1,True
ERR6806776,blaOXA-1,core,AMR,BETA-LACTAM,CEPHALOSPORIN,ALLELEX,100.0,100.0,WP_001334766.1,True
ERR6806776,catB3,core,AMR,PHENICOL,CHLORAMPHENICOL,PARTIALX,70.0,100.0,WP_000186237.1,False
ERR6806789,blaCTX-M-15,core,AMR,BETA-LACTAM,CEPHALOSPORIN,ALLELEX,100.0,100.0,WP_000239590.1,True
ERR6806789,sul2,core,AMR,SULFONAMIDE,SULFONAMIDE,EXACTX,100.0,100.0,WP_001043260.1,True
ERR6806789,aph(3'')-Ib,core,AMR,AMINOGLYCOSIDE,STREPTOMYCIN,EXACTX,100.0,100.0,WP_001082319.1,True
ERR6806789,aph(6)-Id,core,AMR,AMINOGLYCOSIDE,STREPTOMYCIN,EXACTX,100.0,100.0,WP_000480968.1,True
ERR6806789,tet(A),core,AMR,TETRACYCLINE,TETRACYCLINE,EXACTX,100.0,100.0,WP_000804063.1,True
ERR6806789,floR,core,AMR,PHENICOL,CHLORAMPHENICOL/FLORFENICOL,EXACTX,100.0,100.0,WP_000214119.1,True
ERR6806789,dfrA23,core,AMR,TRIMETHOPRIM,TRIMETHOPRIM,EXACTX,100.0,100.0,WP_001143450.1,True
ERR6806789,sul1,core,AMR,SULFONAMIDE,SULFONAMIDE,EXACTX,100.0,100.0,WP_000259031.1,True
ERR6806789,qacEdelta1,core,STRESS,QUATERNARY AMMONIUM,QUATERNARY AMMONIUM,ALLELEX,100.0,100.0,WP_000679427.1,True
ERR6806789,aadA1,core,AMR,AMINOGLYCOSIDE,STREPTOMYCIN,EXACTX,100.0,100.0,WP_001209508.1,True
ERR6806789,blaOXA-10,core,AMR,BETA-LACTAM,CEPHALOSPORIN,ALLELEX,100.0,100.0,WP_000846390.1,True
ERR6806789,cmlA5,core,AMR,PHENICOL,CHLORAMPHENICOL,EXACTX,100.0,100.0,WP_012300772.1,True
ERR6806789,arr-2,core,AMR,RIFAMYCIN,RIFAMYCIN,ALLELEX,100.0,100.0,WP_000237816.1,True
ERR6806789,dfrA14,core,AMR,TRIMETHOPRIM,TRIMETHOPRIM,EXACTX,100.0,100.0,WP_004201280.1,True
ERR6806789,qnrB1,core,AMR,QUINOLONE,QUINOLONE,ALLELEX,100.0,100.0,WP_014386481.1,True
ERR6806789,tet(A),core,AMR,TETRACYCLINE,TETRACYCLINE,EXACTX,100.0,100.0,WP_031942321.1,True
ERR6806789,mph(A),core,AMR,MACROLIDE,AZITHROMYCIN/ERYTHROMYCIN/SPIRAMYCIN/TELITHROMYCIN,EXACTX,100.0,100.0,WP_000219391.1,True
ERR6806789,aac(3)-IIe,core,AMR,AMINOGLYCOSIDE,GENTAMICIN,EXACTX,100.0,100.0,WP_000557452.1,True
ERR6806789,aac(6')-Ib-cr5,core,AMR,AMINOGLYCOSIDE/QUINOLONE,AMIKACIN/KANAMYCIN/QUINOLONE/TOBRAMYCIN,ALLELEX,100.0,100.0,WP_063840321.1,True
ERR6806789,blaOXA-1,core,AMR,BETA-LACTAM,CEPHALOSPORIN,ALLELEX,100.0,100.0,WP_001334766.1,True
ERR6806789,catB3,core,AMR,PHENICOL,CHLORAMPHENICOL,PARTIALX,70.0,100.0,WP_000186237.1,False
ERR6806796,blaCTX-M-15,core,AMR,BETA-LACTAM,CEPHALOSPORIN,ALLELEX,100.0,100.0,WP_000239590.1,True
ERR6806796,floR,core,AMR,PHENICOL,CHLORAMPHENICOL/FLORFENICOL,EXACTX,100.0,100.0,WP_000214119.1,True
ERR6806796,tet(A),core,AMR,TETRACYCLINE,TETRACYCLINE,EXACTX,100.0,100.0,WP_000804063.1,True
ERR6806796,aph(6)-Id,core,AMR,AMINOGLYCOSIDE,STREPTOMYCIN,EXACTX,100.0,100.0,WP_000480968.1,True
ERR6806796,aph(3'')-Ib,core,AMR,AMINOGLYCOSIDE,STREPTOMYCIN,EXACTX,100.0,100.0,WP_001082319.1,True
ERR6806796,sul2,core,AMR,SULFONAMIDE,SULFONAMIDE,EXACTX,100.0,100.0,WP_001043260.1,True
ERR6806796,dfrA23,core,AMR,TRIMETHOPRIM,TRIMETHOPRIM,EXACTX,100.0,100.0,WP_001143450.1,True
ERR6806796,sul1,core,AMR,SULFONAMIDE,SULFONAMIDE,EXACTX,100.0,100.0,WP_000259031.1,True
ERR6806796,qacEdelta1,core,STRESS,QUATERNARY AMMONIUM,QUATERNARY AMMONIUM,ALLELEX,100.0,100.0,WP_000679427.1,True
ERR6806796,aadA1,core,AMR,AMINOGLYCOSIDE,STREPTOMYCIN,EXACTX,100.0,100.0,WP_001209508.1,True
ERR6806796,blaOXA-10,core,AMR,BETA-LACTAM,CEPHALOSPORIN,ALLELEX,100.0,100.0,WP_000846390.1,True
ERR6806796,cmlA5,core,AMR,PHENICOL,CHLORAMPHENICOL,EXACTX,100.0,100.0,WP_012300772.1,True
ERR6806796,arr-2,core,AMR,RIFAMYCIN,RIFAMYCIN,ALLELEX,100.0,100.0,WP_000237816.1,True
ERR6806796,dfrA14,core,AMR,TRIMETHOPRIM,TRIMETHOPRIM,EXACTX,100.0,100.0,WP_004201280.1,True
ERR6806796,qnrB1,core,AMR,QUINOLONE,QUINOLONE,ALLELEX,100.0,100.0,WP_014386481.1,True
ERR6806796,tet(A),core,AMR,TETRACYCLINE,TETRACYCLINE,EXACTX,100.0,100.0,WP_031942321.1,True
ERR6806796,aac(3)-IIe,core,AMR,AMINOGLYCOSIDE,GENTAMICIN,EXACTX,100.0,100.0,WP_000557452.1,True
ERR6806796,catB3,core,AMR,PHENICOL,CHLORAMPHENICOL,PARTIALX,70.0,100.0,WP_000186237.1,False
ERR6806796,blaOXA-1,core,AMR,BETA-LACTAM,CEPHALOSPORIN,ALLELEX,100.0,100.0,WP_001334766.1,True
ERR6806796,aac(6')-Ib-cr5,core,AMR,AMINOGLYCOSIDE/QUINOLONE,AMIKACIN/KANAMYCIN/QUINOLONE/TOBRAMYCIN,ALLELEX,100.0,100.0,WP_063840321.1,True
ERR6806833,blaCTX-M-15,core,AMR,BETA-LACTAM,CEPHALOSPORIN,ALLELEX,100.0,100.0,WP_000239590.1,True
ERR6806833,floR,core,AMR,PHENICOL,CHLORAMPHENICOL/FLORFENICOL,EXACTX,100.0,100.0,WP_000214119.1,True
ERR6806833,tet(A),core,AMR,TETRACYCLINE,TETRACYCLINE,EXACTX,100.0,100.0,WP_000804063.1,True
ERR6806833,aph(6)-Id,core,AMR,AMINOGLYCOSIDE,STREPTOMYCIN,EXACTX,100.0,100.0,WP_000480968.1,True
ERR6806833,aph(3'')-Ib,core,AMR,AMINOGLYCOSIDE,STREPTOMYCIN,EXACTX,100.0,100.0,WP_001082319.1,True
ERR6806833,sul2,core,AMR,SULFONAMIDE,SULFONAMIDE,EXACTX,100.0,100.0,WP_001043260.1,True
ERR6806833,arr-2,core,AMR,RIFAMYCIN,RIFAMYCIN,ALLELEX,100.0,100.0,WP_000237816.1,True
ERR6806833,cmlA5,core,AMR,PHENICOL,CHLORAMPHENICOL,EXACTX,100.0,100.0,WP_012300772.1,True
ERR6806833,blaOXA-10,core,AMR,BETA-LACTAM,CEPHALOSPORIN,ALLELEX,100.0,100.0,WP_000846390.1,True
ERR6806833,aadA1,core,AMR,AMINOGLYCOSIDE,STREPTOMYCIN,EXACTX,100.0,100.0,WP_001209508.1,True
ERR6806833,qacEdelta1,core,STRESS,QUATERNARY AMMONIUM,QUATERNARY AMMONIUM,ALLELEX,100.0,100.0,WP_000679427.1,True
ERR6806833,sul1,core,AMR,SULFONAMIDE,SULFONAMIDE,EXACTX,100.0,100.0,WP_000259031.1,True
ERR6806833,dfrA23,core,AMR,TRIMETHOPRIM,TRIMETHOPRIM,EXACTX,100.0,100.0,WP_001143450.1,True
ERR6806833,dfrA14,core,AMR,TRIMETHOPRIM,TRIMETHOPRIM,EXACTX,100.0,100.0,WP_004201280.1,True
ERR6806833,qnrB1,core,AMR,QUINOLONE,QUINOLONE,ALLELEX,100.0,100.0,WP_014386481.1,True
ERR6806833,tet(A),core,AMR,TETRACYCLINE,TETRACYCLINE,EXACTX,100.0,100.0,WP_031942321.1,True
ERR6806833,mph(A),core,AMR,MACROLIDE,AZITHROMYCIN/ERYTHROMYCIN/SPIRAMYCIN/TELITHROMYCIN,EXACTX,100.0,100.0,WP_000219391.1,True
ERR6806833,aac(3)-IIe,core,AMR,AMINOGLYCOSIDE,GENTAMICIN,EXACTX,100.0,100.0,WP_000557452.1,True
ERR6806833,catB3,core,AMR,PHENICOL,CHLORAMPHENICOL,PARTIALX,70.0,100.0,WP_000186237.1,False
ERR6806833,blaOXA-1,core,AMR,BETA-LACTAM,CEPHALOSPORIN,ALLELEX,100.0,100.0,WP_001334766.1,True
ERR6806833,aac(6')-Ib-cr5,core,AMR,AMINOGLYCOSIDE/QUINOLONE,AMIKACIN/KANAMYCIN/QUINOLONE/TOBRAMYCIN,ALLELEX,100.0,100.0,WP_063840321.1,True
ERR7197741,blaCTX-M-15,core,AMR,BETA-LACTAM,CEPHALOSPORIN,ALLELEX,100.0,100.0,WP_000239590.1,True
ERR7197741,sul2,core,AMR,SULFONAMIDE,SULFONAMIDE,EXACTX,100.0,100.0,WP_001043260.1,True
ERR7197741,aph(3'')-Ib,core,AMR,AMINOGLYCOSIDE,STREPTOMYCIN,EXACTX,100.0,100.0,WP_001082319.1,True
ERR7197741,aph(6)-Id,core,AMR,AMINOGLYCOSIDE,STREPTOMYCIN,EXACTX,100.0,100.0,WP_000480968.1,True
ERR7197741,tet(A),core,AMR,TETRACYCLINE,TETRACYCLINE,EXACTX,100.0,100.0,WP_000804063.1,True
ERR7197741,floR,core,AMR,PHENICOL,CHLORAMPHENICOL/FLORFENICOL,EXACTX,100.0,100.0,WP_000214119.1,True
ERR7197741,dfrA14,core,AMR,TRIMETHOPRIM,TRIMETHOPRIM,EXACTX,100.0,100.0,WP_004201280.1,True
ERR7197741,mph(A),core,AMR,MACROLIDE,AZITHROMYCIN/ERYTHROMYCIN/SPIRAMYCIN/TELITHROMYCIN,EXACTX,100.0,100.0,WP_000219391.1,True
ERR7197741,qnrB1,core,AMR,QUINOLONE,QUINOLONE,ALLELEX,100.0,100.0,WP_014386481.1,True
ERR7197741,aac(3)-IIe,core,AMR,AMINOGLYCOSIDE,GENTAMICIN,EXACTX,100.0,100.0,WP_000557452.1,True
ERR7197741,catB3,core,AMR,PHENICOL,CHLORAMPHENICOL,PARTIALX,70.0,100.0,WP_000186237.1,False
ERR7197741,blaOXA-1,core,AMR,BETA-LACTAM,CEPHALOSPORIN,ALLELEX,100.0,100.0,WP_001334766.1,True
ERR7197741,aac(6')-Ib-cr5,core,AMR,AMINOGLYCOSIDE/QUINOLONE,AMIKACIN/KANAMYCIN/QUINOLONE/TOBRAMYCIN,ALLELEX,100.0,100.0,WP_063840321.1,True
ERR7197757,dfrA23,core,AMR,TRIMETHOPRIM,TRIMETHOPRIM,EXACTX,100.0,100.0,WP_001143450.1,True
ERR7197757,sul1,core,AMR,SULFONAMIDE,SULFONAMIDE,EXACTX,100.0,100.0,WP_000259031.1,True
ERR7197757,qacEdelta1,core,STRESS,QUATERNARY AMMONIUM,QUATERNARY AMMONIUM,ALLELEX,100.0,100.0,WP_000679427.1,True
ERR7197757,aadA1,core,AMR,AMINOGLYCOSIDE,STREPTOMYCIN,EXACTX,100.0,100.0,WP_001209508.1,True
ERR7197757,blaOXA-10,core,AMR,BETA-LACTAM,CEPHALOSPORIN,ALLELEX,100.0,100.0,WP_000846390.1,True
ERR7197757,cmlA5,core,AMR,PHENICOL,CHLORAMPHENICOL,EXACTX,100.0,100.0,WP_012300772.1,True
ERR7197757,arr-2,core,AMR,RIFAMYCIN,RIFAMYCIN,ALLELEX,100.0,100.0,WP_000237816.1,True
ERR7197757,sul2,core,AMR,SULFONAMIDE,SULFONAMIDE,EXACTX,100.0,100.0,WP_001043260.1,True
ERR7197757,aph(3'')-Ib,core,AMR,AMINOGLYCOSIDE,STREPTOMYCIN,EXACTX,100.0,100.0,WP_001082319.1,True
ERR7197757,aph(6)-Id,core,AMR,AMINOGLYCOSIDE,STREPTOMYCIN,EXACTX,100.0,100.0,WP_000480968.1,True
ERR7197757,blaTEM-1,core,AMR,BETA-LACTAM,BETA-LACTAM,ALLELEX,100.0,100.0,WP_000027057.1,True
ERR7197757,qnrB1,core,AMR,QUINOLONE,QUINOLONE,ALLELEX,100.0,100.0,WP_014386481.1,True
ERR7197757,blaCTX-M-15,core,AMR,BETA-LACTAM,CEPHALOSPORIN,ALLELEX,100.0,100.0,WP_000239590.1,True
ERR7197757,blaSCO-1,core,AMR,BETA-LACTAM,BETA-LACTAM,ALLELEX,100.0,100.0,WP_004197546.1,True
ERR7197757,aac(6')-Ib-cr5,core,AMR,AMINOGLYCOSIDE/QUINOLONE,AMIKACIN/KANAMYCIN/QUINOLONE/TOBRAMYCIN,ALLELEX,100.0,100.0,WP_063840321.1,True
ERR7197757,blaOXA-1,core,AMR,BETA-LACTAM,CEPHALOSPORIN,ALLELEX,100.0,100.0,WP_001334766.1,True
ERR7197757,catB3,core,AMR,PHENICOL,CHLORAMPHENICOL,PARTIALX,58.1,100.0,WP_000186237.1,False
ERR7197834,dfrA14,core,AMR,TRIMETHOPRIM,TRIMETHOPRIM,EXACTX,100.0,100.0,WP_004201280.1,True
ERR7197834,blaCTX-M-15,core,AMR,BETA-LACTAM,CEPHALOSPORIN,ALLELEX,100.0,100.0,WP_000239590.1,True
ERR7197834,sul2,core,AMR,SULFONAMIDE,SULFONAMIDE,EXACTX,100.0,100.0,WP_001043260.1,True
ERR7197834,aph(3'')-Ib,core,AMR,AMINOGLYCOSIDE,STREPTOMYCIN,EXACTX,100.0,100.0,WP_001082319.1,True
ERR7197834,aph(6)-Id,core,AMR,AMINOGLYCOSIDE,STREPTOMYCIN,EXACTX,100.0,100.0,WP_000480968.1,True
ERR7197834,tet(A),core,AMR,TETRACYCLINE,TETRACYCLINE,EXACTX,100.0,100.0,WP_000804063.1,True
ERR7197834,floR,core,AMR,PHENICOL,CHLORAMPHENICOL/FLORFENICOL,EXACTX,100.0,100.0,WP_000214119.1,True
ERR7197834,arr-2,core,AMR,RIFAMYCIN,RIFAMYCIN,ALLELEX,100.0,100.0,WP_000237816.1,True
ERR7197834,cmlA5,core,AMR,PHENICOL,CHLORAMPHENICOL,EXACTX,100.0,100.0,WP_012300772.1,True
ERR7197834,blaOXA-10,core,AMR,BETA-LACTAM,CEPHALOSPORIN,ALLELEX,100.0,100.0,WP_000846390.1,True
ERR7197834,aadA1,core,AMR,AMINOGLYCOSIDE,STREPTOMYCIN,EXACTX,100.0,100.0,WP_001209508.1,True
ERR7197834,qacEdelta1,core,STRESS,QUATERNARY AMMONIUM,QUATERNARY AMMONIUM,ALLELEX,100.0,100.0,WP_000679427.1,True
ERR7197834,sul1,core,AMR,SULFONAMIDE,SULFONAMIDE,EXACTX,100.0,100.0,WP_000259031.1,True
ERR7197834,dfrA23,core,AMR,TRIMETHOPRIM,TRIMETHOPRIM,EXACTX,100.0,100.0,WP_001143450.1,True
ERR7197834,qnrB1,core,AMR,QUINOLONE,QUINOLONE,ALLELEX,100.0,100.0,WP_014386481.1,True
ERR7197834,tet(A),core,AMR,TETRACYCLINE,TETRACYCLINE,EXACTX,100.0,100.0,WP_031942321.1,True
ERR7197834,mph(A),core,AMR,MACROLIDE,AZITHROMYCIN/ERYTHROMYCIN/SPIRAMYCIN/TELITHROMYCIN,EXACTX,100.0,100.0,WP_000219391.1,True
ERR7197834,aac(3)-IIe,core,AMR,AMINOGLYCOSIDE,GENTAMICIN,EXACTX,100.0,100.0,WP_000557452.1,True
ERR7197834,catB3,core,AMR,PHENICOL,CHLORAMPHENICOL,PARTIALX,70.0,100.0,WP_000186237.1,False
ERR7197834,blaOXA-1,core,AMR,BETA-LACTAM,CEPHALOSPORIN,ALLELEX,100.0,100.0,WP_001334766.1,True
ERR7197834,aac(6')-Ib-cr5,core,AMR,AMINOGLYCOSIDE/QUINOLONE,AMIKACIN/KANAMYCIN/QUINOLONE/TOBRAMYCIN,ALLELEX,100.0,100.0,WP_063840321.1,True
ERR9079508,sul2,core,AMR,SULFONAMIDE,SULFONAMIDE,EXACTX,100.0,100.0,WP_001043260.1,True
ERR9079508,aph(3'')-Ib,core,AMR,AMINOGLYCOSIDE,STREPTOMYCIN,EXACTX,100.0,100.0,WP_001082319.1,True
ERR9079508,aph(6)-Id,core,AMR,AMINOGLYCOSIDE,STREPTOMYCIN,EXACTX,100.0,100.0,WP_000480968.1,True
ERR9079508,qnrB1,core,AMR,QUINOLONE,QUINOLONE,ALLELEX,100.0,100.0,WP_014386481.1,True
ERR9079508,aac(3)-IId,core,AMR,AMINOGLYCOSIDE,GENTAMICIN,EXACTX,100.0,100.0,WP_000557454.1,True
ERR9079508,dfrA23,core,AMR,TRIMETHOPRIM,TRIMETHOPRIM,EXACTX,100.0,100.0,WP_001143450.1,True
ERR9079508,blaSCO-1,core,AMR,BETA-LACTAM,BETA-LACTAM,ALLELEX,100.0,100.0,WP_004197546.1,True
ERR9079508,aadA1,core,AMR,AMINOGLYCOSIDE,STREPTOMYCIN,EXACTX,100.0,100.0,WP_001209508.1,True
ERR9079508,blaOXA-10,core,AMR,BETA-LACTAM,CEPHALOSPORIN,ALLELEX,100.0,100.0,WP_000846390.1,True
ERR9079508,cmlA5,core,AMR,PHENICOL,CHLORAMPHENICOL,EXACTX,100.0,100.0,WP_012300772.1,True
ERR9079508,arr-2,core,AMR,RIFAMYCIN,RIFAMYCIN,ALLELEX,100.0,100.0,WP_000237816.1,True
ERR9079508,mph(A),core,AMR,MACROLIDE,AZITHROMYCIN/ERYTHROMYCIN/SPIRAMYCIN/TELITHROMYCIN,EXACTX,100.0,100.0,WP_000219391.1,True
ERR9079508,blaCTX-M-15,core,AMR,BETA-LACTAM,CEPHALOSPORIN,ALLELEX,100.0,100.0,WP_000239590.1,True
ERR9079508,aac(6')-Ib-cr5,core,AMR,AMINOGLYCOSIDE/QUINOLONE,AMIKACIN/KANAMYCIN/QUINOLONE/TOBRAMYCIN,ALLELEX,100.0,100.0,WP_063840321.1,True
ERR9079508,blaOXA-1,core,AMR,BETA-LACTAM,CEPHALOSPORIN,ALLELEX,100.0,100.0,WP_001334766.1,True
ERR9079508,catB3,core,AMR,PHENICOL,CHLORAMPHENICOL,PARTIALX,70.0,100.0,WP_000186237.1,False
ERR9079508,aadA2,core,AMR,AMINOGLYCOSIDE,STREPTOMYCIN,EXACTX,100.0,100.0,WP_001206356.1,True
ERR9079508,dfrA12,core,AMR,TRIMETHOPRIM,TRIMETHOPRIM,EXACTX,100.0,100.0,WP_001083725.1,True
ERR9079508,sul1,core,AMR,SULFONAMIDE,SULFONAMIDE,EXACTX,100.0,100.0,WP_000259031.1,True
ERR9079508,qacEdelta1,core,STRESS,QUATERNARY AMMONIUM,QUATERNARY AMMONIUM,ALLELEX,100.0,100.0,WP_000679427.1,True
ERR9079508,blaTEM-1,core,AMR,BETA-LACTAM,BETA-LACTAM,ALLELEX,100.0,100.0,WP_000027057.1,True
ERR9079758,blaCTX-M-15,core,AMR,BETA-LACTAM,CEPHALOSPORIN,ALLELEX,100.0,100.0,WP_000239590.1,True
ERR9079758,blaTEM-1,core,AMR,BETA-LACTAM,BETA-LACTAM,ALLELEX,100.0,100.0,WP_000027057.1,True
ERR9079758,aac(3)-IId,core,AMR,AMINOGLYCOSIDE,GENTAMICIN,EXACTX,100.0,100.0,WP_000557454.1,True
ERR9079758,sul2,core,AMR,SULFONAMIDE,SULFONAMIDE,EXACTX,100.0,100.0,WP_001043260.1,True
ERR9079758,aph(3'')-Ib,core,AMR,AMINOGLYCOSIDE,STREPTOMYCIN,EXACTX,100.0,100.0,WP_001082319.1,True
ERR9079758,aph(6)-Id,core,AMR,AMINOGLYCOSIDE,STREPTOMYCIN,EXACTX,100.0,100.0,WP_000480968.1,True
ERR9079758,tet(A),core,AMR,TETRACYCLINE,TETRACYCLINE,EXACTX,100.0,100.0,WP_000804063.1,True
ERR9079758,floR,core,AMR,PHENICOL,CHLORAMPHENICOL/FLORFENICOL,EXACTX,100.0,100.0,WP_000214119.1,True
ERR9079758,blaNDM-1,core,AMR,BETA-LACTAM,CARBAPENEM,ALLELEX,100.0,100.0,WP_004201164.1,True
ERR9079758,ble,core,AMR,BLEOMYCIN,BLEOMYCIN,EXACTX,100.0,100.0,WP_004201167.1,True
ERR9079758,blaDHA,core,AMR,BETA-LACTAM,CEPHALOSPORIN,PARTIALX,69.92,100.0,WP_004236386.1,False
ERR9079758,qacE,core,STRESS,QUATERNARY AMMONIUM,QUATERNARY AMMONIUM,PARTIALX,82.61,95.79,WP_000679427.1,True
ERR9079758,sul1,core,AMR,SULFONAMIDE,SULFONAMIDE,EXACTX,100.0,100.0,WP_000259031.1,True
ERR9079758,armA,core,AMR,AMINOGLYCOSIDE,GENTAMICIN,EXACTX,100.0,100.0,WP_000359986.1,True
ERR9079758,msr(E),core,AMR,MACROLIDE/STREPTOGRAMIN,AZITHROMYCIN/ERYTHROMYCIN/STREPTOGRAMIN,EXACTX,100.0,100.0,WP_000052512.1,True
ERR9079758,mph(E),core,AMR,MACROLIDE,ERYTHROMYCIN,EXACTX,100.0,100.0,WP_000155092.1,True
ERR9079758,qnrB1,core,AMR,QUINOLONE,QUINOLONE,ALLELEX,100.0,100.0,WP_014386481.1,True
ERR9079758,tet(A),core,AMR,TETRACYCLINE,TETRACYCLINE,EXACTX,100.0,100.0,WP_031942321.1,True
ERR9079758,mph(A),core,AMR,MACROLIDE,AZITHROMYCIN/ERYTHROMYCIN/SPIRAMYCIN/TELITHROMYCIN,EXACTX,100.0,100.0,WP_000219391.1,True
ERR9079758,dfrA14,core,AMR,TRIMETHOPRIM,TRIMETHOPRIM,EXACTX,100.0,100.0,WP_004201280.1,True
ERR9079758,catB3,core,AMR,PHENICOL,CHLORAMPHENICOL,PARTIALX,70.0,100.0,WP_000186237.1,False
ERR9079758,blaOXA-1,core,AMR,BETA-LACTAM,CEPHALOSPORIN,ALLELEX,100.0,100.0,WP_001334766.1,True
ERR9079758,aac(6')-Ib-cr5,core,AMR,AMINOGLYCOSIDE/QUINOLONE,AMIKACIN/KANAMYCIN/QUINOLONE/TOBRAMYCIN,ALLELEX,100.0,100.0,WP_063840321.1,True
ERR9079768,aph(6)-Id,core,AMR,AMINOGLYCOSIDE,STREPTOMYCIN,EXACTX,100.0,100.0,WP_000480968.1,True
ERR9079768,aph(3'')-Ib,core,AMR,AMINOGLYCOSIDE,STREPTOMYCIN,EXACTX,100.0,100.0,WP_001082319.1,True
ERR9079768,sul2,core,AMR,SULFONAMIDE,SULFONAMIDE,EXACTX,100.0,100.0,WP_001043260.1,True
ERR9079768,aac(3)-IId,core,AMR,AMINOGLYCOSIDE,GENTAMICIN,EXACTX,100.0,100.0,WP_000557454.1,True
ERR9079768,aadA1,core,AMR,AMINOGLYCOSIDE,STREPTOMYCIN,EXACTX,100.0,100.0,WP_001209508.1,True
ERR9079768,blaOXA-10,core,AMR,BETA-LACTAM,CEPHALOSPORIN,ALLELEX,100.0,100.0,WP_000846390.1,True
ERR9079768,cmlA5,core,AMR,PHENICOL,CHLORAMPHENICOL,EXACTX,100.0,100.0,WP_012300772.1,True
ERR9079768,arr-2,core,AMR,RIFAMYCIN,RIFAMYCIN,ALLELEX,100.0,100.0,WP_000237816.1,True
ERR9079768,dfrA23,core,AMR,TRIMETHOPRIM,TRIMETHOPRIM,EXACTX,100.0,100.0,WP_001143450.1,True
ERR9079768,blaSCO-1,core,AMR,BETA-LACTAM,BETA-LACTAM,ALLELEX,100.0,100.0,WP_004197546.1,True
ERR9079768,mph(A),core,AMR,MACROLIDE,AZITHROMYCIN/ERYTHROMYCIN/SPIRAMYCIN/TELITHROMYCIN,EXACTX,100.0,100.0,WP_000219391.1,True
ERR9079768,blaCTX-M-15,core,AMR,BETA-LACTAM,CEPHALOSPORIN,ALLELEX,100.0,100.0,WP_000239590.1,True
ERR9079768,catB3,core,AMR,PHENICOL,CHLORAMPHENICOL,PARTIALX,70.0,100.0,WP_000186237.1,False
ERR9079768,blaOXA-1,core,AMR,BETA-LACTAM,CEPHALOSPORIN,ALLELEX,100.0,100.0,WP_001334766.1,True
ERR9079768,aac(6')-Ib-cr5,core,AMR,AMINOGLYCOSIDE/QUINOLONE,AMIKACIN/KANAMYCIN/QUINOLONE/TOBRAMYCIN,ALLELEX,100.0,100.0,WP_063840321.1,True
ERR9079768,dfrA12,core,AMR,TRIMETHOPRIM,TRIMETHOPRIM,EXACTX,100.0,100.0,WP_001083725.1,True
ERR9079768,aadA2,core,AMR,AMINOGLYCOSIDE,STREPTOMYCIN,EXACTX,100.0,100.0,WP_001206356.1,True
ERR9079768,sul1,core,AMR,SULFONAMIDE,SULFONAMIDE,EXACTX,100.0,100.0,WP_000259031.1,True
ERR9079768,qacEdelta1,core,STRESS,QUATERNARY AMMONIUM,QUATERNARY AMMONIUM,ALLELEX,100.0,100.0,WP_000679427.1,True
ERR9079768,blaTEM-1,core,AMR,BETA-LACTAM,BETA-LACTAM,ALLELEX,100.0,100.0,WP_000027057.1,True
ERR9079830,sul2,core,AMR,SULFONAMIDE,SULFONAMIDE,EXACTX,100.0,100.0,WP_001043260.1,True
ERR9079830,aph(3'')-Ib,core,AMR,AMINOGLYCOSIDE,STREPTOMYCIN,EXACTX,100.0,100.0,WP_001082319.1,True
ERR9079830,aph(6)-Id,core,AMR,AMINOGLYCOSIDE,STREPTOMYCIN,EXACTX,100.0,100.0,WP_000480968.1,True
ERR9079830,tet(A),core,AMR,TETRACYCLINE,TETRACYCLINE,EXACTX,100.0,100.0,WP_000804063.1,True
ERR9079830,floR,core,AMR,PHENICOL,CHLORAMPHENICOL/FLORFENICOL,EXACTX,100.0,100.0,WP_000214119.1,True
ERR9079830,blaCTX-M-15,core,AMR,BETA-LACTAM,CEPHALOSPORIN,ALLELEX,100.0,100.0,WP_000239590.1,True
ERR9079830,arr-2,core,AMR,RIFAMYCIN,RIFAMYCIN,ALLELEX,100.0,100.0,WP_000237816.1,True
ERR9079830,cmlA5,core,AMR,PHENICOL,CHLORAMPHENICOL,EXACTX,100.0,100.0,WP_012300772.1,True
ERR9079830,blaOXA-10,core,AMR,BETA-LACTAM,CEPHALOSPORIN,ALLELEX,100.0,100.0,WP_000846390.1,True
ERR9079830,aadA1,core,AMR,AMINOGLYCOSIDE,STREPTOMYCIN,EXACTX,100.0,100.0,WP_001209508.1,True
ERR9079830,qacEdelta1,core,STRESS,QUATERNARY AMMONIUM,QUATERNARY AMMONIUM,ALLELEX,100.0,100.0,WP_000679427.1,True
ERR9079830,sul1,core,AMR,SULFONAMIDE,SULFONAMIDE,EXACTX,100.0,100.0,WP_000259031.1,True
ERR9079830,dfrA23,core,AMR,TRIMETHOPRIM,TRIMETHOPRIM,EXACTX,100.0,100.0,WP_001143450.1,True
ERR9079830,qnrB1,core,AMR,QUINOLONE,QUINOLONE,ALLELEX,100.0,100.0,WP_014386481.1,True
ERR9079830,aac(3)-II,core,AMR,AMINOGLYCOSIDE,GENTAMICIN,PARTIALX,87.06,98.8,WP_000557452.1,True
ERR9079830,aac(6')-Ib-cr5,core,AMR,AMINOGLYCOSIDE/QUINOLONE,AMIKACIN/KANAMYCIN/QUINOLONE/TOBRAMYCIN,ALLELEX,100.0,100.0,WP_063840321.1,True
ERR9079830,blaOXA-1,core,AMR,BETA-LACTAM,CEPHALOSPORIN,ALLELEX,100.0,100.0,WP_001334766.1,True
ERR9288082,dfrA23,core,AMR,TRIMETHOPRIM,TRIMETHOPRIM,EXACTX,100.0,100.0,WP_001143450.1,True
ERR9288082,sul1,core,AMR,SULFONAMIDE,SULFONAMIDE,EXACTX,100.0,100.0,WP_000259031.1,True
ERR9288082,qacEdelta1,core,STRESS,QUATERNARY AMMONIUM,QUATERNARY AMMONIUM,ALLELEX,100.0,100.0,WP_000679427.1,True
ERR9288082,aadA1,core,AMR,AMINOGLYCOSIDE,STREPTOMYCIN,EXACTX,100.0,100.0,WP_001209508.1,True
ERR9288082,blaOXA-10,core,AMR,BETA-LACTAM,CEPHALOSPORIN,ALLELEX,100.0,100.0,WP_000846390.1,True
ERR9288082,cmlA5,core,AMR,PHENICOL,CHLORAMPHENICOL,EXACTX,100.0,100.0,WP_012300772.1,True
ERR9288082,arr-2,core,AMR,RIFAMYCIN,RIFAMYCIN,ALLELEX,100.0,100.0,WP_000237816.1,True
ERR9288082,sul2,core,AMR,SULFONAMIDE,SULFONAMIDE,EXACTX,100.0,100.0,WP_001043260.1,True
ERR9288082,aph(3'')-Ib,core,AMR,AMINOGLYCOSIDE,STREPTOMYCIN,EXACTX,100.0,100.0,WP_001082319.1,True
ERR9288082,aph(6)-Id,core,AMR,AMINOGLYCOSIDE,STREPTOMYCIN,EXACTX,100.0,100.0,WP_000480968.1,True
ERR9288082,blaTEM-1,core,AMR,BETA-LACTAM,BETA-LACTAM,ALLELEX,100.0,100.0,WP_000027057.1,True
ERR9288082,qnrB1,core,AMR,QUINOLONE,QUINOLONE,ALLELEX,100.0,100.0,WP_014386481.1,True
ERR9288082,blaCTX-M-15,core,AMR,BETA-LACTAM,CEPHALOSPORIN,ALLELEX,100.0,100.0,WP_000239590.1,True
ERR9288082,blaSCO-1,core,AMR,BETA-LACTAM,BETA-LACTAM,ALLELEX,100.0,100.0,WP_004197546.1,True
ERR9288082,aac(6')-Ib-cr5,core,AMR,AMINOGLYCOSIDE/QUINOLONE,AMIKACIN/KANAMYCIN/QUINOLONE/TOBRAMYCIN,ALLELEX,100.0,100.0,WP_063840321.1,True
ERR9288082,blaOXA-1,core,AMR,BETA-LACTAM,CEPHALOSPORIN,ALLELEX,100.0,100.0,WP_001334766.1,True
ERR9288082,catB3,core,AMR,PHENICOL,CHLORAMPHENICOL,PARTIALX,70.0,100.0,WP_000186237.1,False
ERR9288143,sul2,core,AMR,SULFONAMIDE,SULFONAMIDE,EXACTX,100.0,100.0,WP_001043260.1,True
ERR9288143,aph(3'')-Ib,core,AMR,AMINOGLYCOSIDE,STREPTOMYCIN,EXACTX,100.0,100.0,WP_001082319.1,True
ERR9288143,aph(6)-Id,core,AMR,AMINOGLYCOSIDE,STREPTOMYCIN,EXACTX,100.0,100.0,WP_000480968.1,True
ERR9288143,tet(A),core,AMR,TETRACYCLINE,TETRACYCLINE,EXACTX,100.0,100.0,WP_000804063.1,True
ERR9288143,floR,core,AMR,PHENICOL,CHLORAMPHENICOL/FLORFENICOL,EXACTX,100.0,100.0,WP_000214119.1,True
ERR9288143,dfrA14,core,AMR,TRIMETHOPRIM,TRIMETHOPRIM,EXACTX,100.0,100.0,WP_004201280.1,True
ERR9288143,qnrB1,core,AMR,QUINOLONE,QUINOLONE,ALLELEX,100.0,100.0,WP_014386481.1,True
ERR9288143,dfrA23,core,AMR,TRIMETHOPRIM,TRIMETHOPRIM,EXACTX,100.0,100.0,WP_001143450.1,True
ERR9288143,sul1,core,AMR,SULFONAMIDE,SULFONAMIDE,EXACTX,100.0,100.0,WP_000259031.1,True
ERR9288143,qacEdelta1,core,STRESS,QUATERNARY AMMONIUM,QUATERNARY AMMONIUM,ALLELEX,100.0,100.0,WP_000679427.1,True
ERR9288143,blaSCO-1,core,AMR,BETA-LACTAM,BETA-LACTAM,ALLELEX,100.0,100.0,WP_004197546.1,True
ERR9288143,tet(A),core,AMR,TETRACYCLINE,TETRACYCLINE,EXACTX,100.0,100.0,WP_031942321.1,True
ERR9288143,blaCTX-M-15,core,AMR,BETA-LACTAM,CEPHALOSPORIN,ALLELEX,100.0,100.0,WP_000239590.1,True
ERR9288143,mph(A),core,AMR,MACROLIDE,AZITHROMYCIN/ERYTHROMYCIN/SPIRAMYCIN/TELITHROMYCIN,EXACTX,100.0,100.0,WP_000219391.1,True
ERR9288143,blaOXA-10,core,AMR,BETA-LACTAM,CEPHALOSPORIN,ALLELEX,100.0,100.0,WP_000846390.1,True
ERR9288143,cmlA5,core,AMR,PHENICOL,CHLORAMPHENICOL,EXACTX,100.0,100.0,WP_012300772.1,True
ERR9288143,arr-2,core,AMR,RIFAMYCIN,RIFAMYCIN,ALLELEX,100.0,100.0,WP_000237816.1,True
ERR9288143,catB3,core,AMR,PHENICOL,CHLORAMPHENICOL,PARTIALX,70.0,100.0,WP_000186237.1,False
ERR9288143,blaOXA-1,core,AMR,BETA-LACTAM,CEPHALOSPORIN,ALLELEX,100.0,100.0,WP_001334766.1,True
ERR9288143,aac(6')-Ib-cr5,core,AMR,AMINOGLYCOSIDE/QUINOLONE,AMIKACIN/KANAMYCIN/QUINOLONE/TOBRAMYCIN,ALLELEX,100.0,100.0,WP_063840321.1,True
ERR9288143,catA1,core,AMR,PHENICOL,CHLORAMPHENICOL,BLASTX,99.09,100.0,WP_000412211.1,True
ERR9288143,aadA1,core,AMR,AMINOGLYCOSIDE,STREPTOMYCIN,BLASTX,98.1,100.0,WP_001206316.1,True
ERR9420153,arr-2,core,AMR,RIFAMYCIN,RIFAMYCIN,ALLELEX,100.0,100.0,WP_000237816.1,True
ERR9420153,cmlA5,core,AMR,PHENICOL,CHLORAMPHENICOL,EXACTX,100.0,100.0,WP_012300772.1,True
ERR9420153,blaOXA-10,core,AMR,BETA-LACTAM,CEPHALOSPORIN,ALLELEX,100.0,100.0,WP_000846390.1,True
ERR9420153,aadA1,core,AMR,AMINOGLYCOSIDE,STREPTOMYCIN,EXACTX,100.0,100.0,WP_001209508.1,True
ERR9420153,qacEdelta1,core,STRESS,QUATERNARY AMMONIUM,QUATERNARY AMMONIUM,ALLELEX,100.0,100.0,WP_000679427.1,True
ERR9420153,sul1,core,AMR,SULFONAMIDE,SULFONAMIDE,EXACTX,100.0,100.0,WP_000259031.1,True
ERR9420153,dfrA23,core,AMR,TRIMETHOPRIM,TRIMETHOPRIM,EXACTX,100.0,100.0,WP_001143450.1,True
ERR9420153,blaTEM-1,core,AMR,BETA-LACTAM,BETA-LACTAM,ALLELEX,100.0,100.0,WP_000027057.1,True
ERR9420153,aph(6)-Id,core,AMR,AMINOGLYCOSIDE,STREPTOMYCIN,EXACTX,100.0,100.0,WP_000480968.1,True
ERR9420153,aph(3'')-Ib,core,AMR,AMINOGLYCOSIDE,STREPTOMYCIN,EXACTX,100.0,100.0,WP_001082319.1,True
ERR9420153,sul2,core,AMR,SULFONAMIDE,SULFONAMIDE,EXACTX,100.0,100.0,WP_001043260.1,True
ERR9420153,qnrB1,core,AMR,QUINOLONE,QUINOLONE,ALLELEX,100.0,100.0,WP_014386481.1,True
ERR9420153,blaCTX-M-15,core,AMR,BETA-LACTAM,CEPHALOSPORIN,ALLELEX,100.0,100.0,WP_000239590.1,True
ERR9420153,blaSCO-1,core,AMR,BETA-LACTAM,BETA-LACTAM,ALLELEX,100.0,100.0,WP_004197546.1,True
ERR9420153,catB3,core,AMR,PHENICOL,CHLORAMPHENICOL,PARTIALX,70.0,100.0,WP_000186237.1,False
ERR9420153,blaOXA-1,core,AMR,BETA-LACTAM,CEPHALOSPORIN,ALLELEX,100.0,100.0,WP_001334766.1,True
ERR9420153,aac(6')-Ib-cr5,core,AMR,AMINOGLYCOSIDE/QUINOLONE,AMIKACIN/KANAMYCIN/QUINOLONE/TOBRAMYCIN,ALLELEX,100.0,100.0,WP_063840321.1,True
ERR9692774,sul2,core,AMR,SULFONAMIDE,SULFONAMIDE,EXACTX,100.0,100.0,WP_001043260.1,True
ERR9692774,aph(3'')-Ib,core,AMR,AMINOGLYCOSIDE,STREPTOMYCIN,EXACTX,100.0,100.0,WP_001082319.1,True
ERR9692774,aph(6)-Id,core,AMR,AMINOGLYCOSIDE,STREPTOMYCIN,EXACTX,100.0,100.0,WP_000480968.1,True
ERR9692774,tet(A),core,AMR,TETRACYCLINE,TETRACYCLINE,EXACTX,100.0,100.0,WP_000804063.1,True
ERR9692774,floR,core,AMR,PHENICOL,CHLORAMPHENICOL/FLORFENICOL,EXACTX,100.0,100.0,WP_000214119.1,True
ERR9692774,sul1,core,AMR,SULFONAMIDE,SULFONAMIDE,EXACTX,100.0,100.0,WP_000259031.1,True
ERR9692774,qacEdelta1,core,STRESS,QUATERNARY AMMONIUM,QUATERNARY AMMONIUM,ALLELEX,100.0,100.0,WP_000679427.1,True
ERR9692774,aadA1,core,AMR,AMINOGLYCOSIDE,STREPTOMYCIN,EXACTX,100.0,100.0,WP_001209508.1,True
ERR9692774,blaOXA-10,core,AMR,BETA-LACTAM,CEPHALOSPORIN,ALLELEX,100.0,100.0,WP_000846390.1,True
ERR9692774,cmlA5,core,AMR,PHENICOL,CHLORAMPHENICOL,EXACTX,100.0,100.0,WP_012300772.1,True
ERR9692774,arr-2,core,AMR,RIFAMYCIN,RIFAMYCIN,ALLELEX,100.0,100.0,WP_000237816.1,True
ERR9692774,qnrB1,core,AMR,QUINOLONE,QUINOLONE,ALLELEX,100.0,100.0,WP_014386481.1,True
ERR9692774,mph(A),core,AMR,MACROLIDE,AZITHROMYCIN/ERYTHROMYCIN/SPIRAMYCIN/TELITHROMYCIN,EXACTX,100.0,100.0,WP_000219391.1,True
ERR9692774,dfrA14,core,AMR,TRIMETHOPRIM,TRIMETHOPRIM,EXACTX,100.0,100.0,WP_004201280.1,True
ERR9692774,blaCTX-M-15,core,AMR,BETA-LACTAM,CEPHALOSPORIN,ALLELEX,100.0,100.0,WP_000239590.1,True
ERR9692774,aac(3)-IIe,core,AMR,AMINOGLYCOSIDE,GENTAMICIN,EXACTX,100.0,100.0,WP_000557452.1,True
ERR9692774,catB3,core,AMR,PHENICOL,CHLORAMPHENICOL,PARTIALX,70.0,100.0,WP_000186237.1,False
ERR9692774,blaOXA-1,core,AMR,BETA-LACTAM,CEPHALOSPORIN,ALLELEX,100.0,100.0,WP_001334766.1,True
ERR9692774,aac(6')-Ib-cr5,core,AMR,AMINOGLYCOSIDE/QUINOLONE,AMIKACIN/KANAMYCIN/QUINOLONE/TOBRAMYCIN,ALLELEX,100.0,100.0,WP_063840321.1,True
ERR9785509,aph(6)-Id,core,AMR,AMINOGLYCOSIDE,STREPTOMYCIN,EXACTX,100.0,100.0,WP_000480968.1,True
ERR9785509,aph(3'')-Ib,core,AMR,AMINOGLYCOSIDE,STREPTOMYCIN,EXACTX,100.0,100.0,WP_001082319.1,True
ERR9785509,sul2,core,AMR,SULFONAMIDE,SULFONAMIDE,EXACTX,100.0,100.0,WP_001043260.1,True
ERR9785509,qnrB1,core,AMR,QUINOLONE,QUINOLONE,ALLELEX,100.0,100.0,WP_014386481.1,True
ERR9785509,aac(3)-IId,core,AMR,AMINOGLYCOSIDE,GENTAMICIN,EXACTX,100.0,100.0,WP_000557454.1,True
ERR9785509,dfrA23,core,AMR,TRIMETHOPRIM,TRIMETHOPRIM,EXACTX,100.0,100.0,WP_001143450.1,True
ERR9785509,blaSCO-1,core,AMR,BETA-LACTAM,BETA-LACTAM,ALLELEX,100.0,100.0,WP_004197546.1,True
ERR9785509,arr-2,core,AMR,RIFAMYCIN,RIFAMYCIN,ALLELEX,100.0,100.0,WP_000237816.1,True
ERR9785509,cmlA5,core,AMR,PHENICOL,CHLORAMPHENICOL,EXACTX,100.0,100.0,WP_012300772.1,True
ERR9785509,blaOXA-10,core,AMR,BETA-LACTAM,CEPHALOSPORIN,ALLELEX,100.0,100.0,WP_000846390.1,True
ERR9785509,aadA1,core,AMR,AMINOGLYCOSIDE,STREPTOMYCIN,EXACTX,100.0,100.0,WP_001209508.1,True
ERR9785509,mph(A),core,AMR,MACROLIDE,AZITHROMYCIN/ERYTHROMYCIN/SPIRAMYCIN/TELITHROMYCIN,EXACTX,100.0,100.0,WP_000219391.1,True
ERR9785509,blaCTX-M-15,core,AMR,BETA-LACTAM,CEPHALOSPORIN,ALLELEX,100.0,100.0,WP_000239590.1,True
ERR9785509,catB3,core,AMR,PHENICOL,CHLORAMPHENICOL,PARTIALX,70.0,100.0,WP_000186237.1,False
ERR9785509,blaOXA-1,core,AMR,BETA-LACTAM,CEPHALOSPORIN,ALLELEX,100.0,100.0,WP_001334766.1,True
ERR9785509,aac(6')-Ib-cr5,core,AMR,AMINOGLYCOSIDE/QUINOLONE,AMIKACIN/KANAMYCIN/QUINOLONE/TOBRAMYCIN,ALLELEX,100.0,100.0,WP_063840321.1,True
ERR9785509,dfrA12,core,AMR,TRIMETHOPRIM,TRIMETHOPRIM,EXACTX,100.0,100.0,WP_001083725.1,True
ERR9785509,aadA2,core,AMR,AMINOGLYCOSIDE,STREPTOMYCIN,EXACTX,100.0,100.0,WP_001206356.1,True
ERR9785509,qacEdelta1,core,STRESS,QUATERNARY AMMONIUM,QUATERNARY AMMONIUM,ALLELEX,100.0,100.0,WP_000679427.1,True
ERR9785509,sul1,core,AMR,SULFONAMIDE,SULFONAMIDE,EXACTX,100.0,100.0,WP_000259031.1,True
ERR9785509,blaTEM-1,core,AMR,BETA-LACTAM,BETA-LACTAM,ALLELEX,100.0,100.0,WP_000027057.1,True
ERR9785510,aph(6)-Id,core,AMR,AMINOGLYCOSIDE,STREPTOMYCIN,EXACTX,100.0,100.0,WP_000480968.1,True
ERR9785510,aph(3'')-Ib,core,AMR,AMINOGLYCOSIDE,STREPTOMYCIN,EXACTX,100.0,100.0,WP_001082319.1,True
ERR9785510,sul2,core,AMR,SULFONAMIDE,SULFONAMIDE,EXACTX,100.0,100.0,WP_001043260.1,True
ERR9785510,qnrB1,core,AMR,QUINOLONE,QUINOLONE,ALLELEX,100.0,100.0,WP_014386481.1,True
ERR9785510,aac(3)-IId,core,AMR,AMINOGLYCOSIDE,GENTAMICIN,EXACTX,100.0,100.0,WP_000557454.1,True
ERR9785510,blaSCO-1,core,AMR,BETA-LACTAM,BETA-LACTAM,ALLELEX,100.0,100.0,WP_004197546.1,True
ERR9785510,dfrA23,core,AMR,TRIMETHOPRIM,TRIMETHOPRIM,EXACTX,100.0,100.0,WP_001143450.1,True
ERR9785510,arr-2,core,AMR,RIFAMYCIN,RIFAMYCIN,ALLELEX,100.0,100.0,WP_000237816.1,True
ERR9785510,cmlA5,core,AMR,PHENICOL,CHLORAMPHENICOL,EXACTX,100.0,100.0,WP_012300772.1,True
ERR9785510,blaOXA-10,core,AMR,BETA-LACTAM,CEPHALOSPORIN,ALLELEX,100.0,100.0,WP_000846390.1,True
ERR9785510,aadA1,core,AMR,AMINOGLYCOSIDE,STREPTOMYCIN,EXACTX,100.0,100.0,WP_001209508.1,True
ERR9785510,mph(A),core,AMR,MACROLIDE,AZITHROMYCIN/ERYTHROMYCIN/SPIRAMYCIN/TELITHROMYCIN,EXACTX,100.0,100.0,WP_000219391.1,True
ERR9785510,blaCTX-M-15,core,AMR,BETA-LACTAM,CEPHALOSPORIN,ALLELEX,100.0,100.0,WP_000239590.1,True
ERR9785510,aac(6')-Ib-cr5,core,AMR,AMINOGLYCOSIDE/QUINOLONE,AMIKACIN/KANAMYCIN/QUINOLONE/TOBRAMYCIN,ALLELEX,100.0,100.0,WP_063840321.1,True
ERR9785510,blaOXA-1,core,AMR,BETA-LACTAM,CEPHALOSPORIN,ALLELEX,100.0,100.0,WP_001334766.1,True
ERR9785510,catB3,core,AMR,PHENICOL,CHLORAMPHENICOL,PARTIALX,70.0,100.0,WP_000186237.1,False
ERR9785510,aadA2,core,AMR,AMINOGLYCOSIDE,STREPTOMYCIN,EXACTX,100.0,100.0,WP_001206356.1,True
ERR9785510,dfrA12,core,AMR,TRIMETHOPRIM,TRIMETHOPRIM,EXACTX,100.0,100.0,WP_001083725.1,True
ERR9785510,qacEdelta1,core,STRESS,QUATERNARY AMMONIUM,QUATERNARY AMMONIUM,ALLELEX,100.0,100.0,WP_000679427.1,True
ERR9785510,sul1,core,AMR,SULFONAMIDE,SULFONAMIDE,EXACTX,100.0,100.0,WP_000259031.1,True
ERR9785510,blaTEM-1,core,AMR,BETA-LACTAM,BETA-LACTAM,ALLELEX,100.0,100.0,WP_000027057.1,True
ERR9785511,aph(6)-Id,core,AMR,AMINOGLYCOSIDE,STREPTOMYCIN,EXACTX,100.0,100.0,WP_000480968.1,True
ERR9785511,aph(3'')-Ib,core,AMR,AMINOGLYCOSIDE,STREPTOMYCIN,EXACTX,100.0,100.0,WP_001082319.1,True
ERR9785511,sul2,core,AMR,SULFONAMIDE,SULFONAMIDE,EXACTX,100.0,100.0,WP_001043260.1,True
ERR9785511,sul1,core,AMR,SULFONAMIDE,SULFONAMIDE,EXACTX,100.0,100.0,WP_000259031.1,True
ERR9785511,qacEdelta1,core,STRESS,QUATERNARY AMMONIUM,QUATERNARY AMMONIUM,ALLELEX,100.0,100.0,WP_000679427.1,True
ERR9785511,aadA2,core,AMR,AMINOGLYCOSIDE,STREPTOMYCIN,EXACTX,100.0,100.0,WP_001206356.1,True
ERR9785511,dfrA12,core,AMR,TRIMETHOPRIM,TRIMETHOPRIM,EXACTX,100.0,100.0,WP_001083725.1,True
ERR9785511,aac(3)-IId,core,AMR,AMINOGLYCOSIDE,GENTAMICIN,EXACTX,100.0,100.0,WP_000557454.1,True
ERR9785511,blaSCO-1,core,AMR,BETA-LACTAM,BETA-LACTAM,ALLELEX,100.0,100.0,WP_004197546.1,True
ERR9785511,mph(A),core,AMR,MACROLIDE,AZITHROMYCIN/ERYTHROMYCIN/SPIRAMYCIN/TELITHROMYCIN,EXACTX,100.0,100.0,WP_000219391.1,True
ERR9785511,blaCTX-M-15,core,AMR,BETA-LACTAM,CEPHALOSPORIN,ALLELEX,100.0,100.0,WP_000239590.1,True
ERR9785511,catB3,core,AMR,PHENICOL,CHLORAMPHENICOL,PARTIALX,70.0,100.0,WP_000186237.1,False
ERR9785511,blaOXA-1,core,AMR,BETA-LACTAM,CEPHALOSPORIN,ALLELEX,100.0,100.0,WP_001334766.1,True
ERR9785511,aac(6')-Ib-cr5,core,AMR,AMINOGLYCOSIDE/QUINOLONE,AMIKACIN/KANAMYCIN/QUINOLONE/TOBRAMYCIN,ALLELEX,100.0,100.0,WP_063840321.1,True
ERR9785511,blaTEM-1,core,AMR,BETA-LACTAM,BETA-LACTAM,ALLELEX,100.0,100.0,WP_000027057.1,True
ERR9785512,aph(6)-Id,core,AMR,AMINOGLYCOSIDE,STREPTOMYCIN,EXACTX,100.0,100.0,WP_000480968.1,True
ERR9785512,aph(3'')-Ib,core,AMR,AMINOGLYCOSIDE,STREPTOMYCIN,EXACTX,100.0,100.0,WP_001082319.1,True
ERR9785512,sul2,core,AMR,SULFONAMIDE,SULFONAMIDE,EXACTX,100.0,100.0,WP_001043260.1,True
ERR9785512,qnrB1,core,AMR,QUINOLONE,QUINOLONE,ALLELEX,100.0,100.0,WP_014386481.1,True
ERR9785512,aac(3)-IId,core,AMR,AMINOGLYCOSIDE,GENTAMICIN,EXACTX,100.0,100.0,WP_000557454.1,True
ERR9785512,dfrA23,core,AMR,TRIMETHOPRIM,TRIMETHOPRIM,EXACTX,100.0,100.0,WP_001143450.1,True
ERR9785512,blaSCO-1,core,AMR,BETA-LACTAM,BETA-LACTAM,ALLELEX,100.0,100.0,WP_004197546.1,True
ERR9785512,arr-2,core,AMR,RIFAMYCIN,RIFAMYCIN,ALLELEX,100.0,100.0,WP_000237816.1,True
ERR9785512,cmlA5,core,AMR,PHENICOL,CHLORAMPHENICOL,EXACTX,100.0,100.0,WP_012300772.1,True
ERR9785512,blaOXA-10,core,AMR,BETA-LACTAM,CEPHALOSPORIN,ALLELEX,100.0,100.0,WP_000846390.1,True
ERR9785512,aadA1,core,AMR,AMINOGLYCOSIDE,STREPTOMYCIN,EXACTX,100.0,100.0,WP_001209508.1,True
ERR9785512,mph(A),core,AMR,MACROLIDE,AZITHROMYCIN/ERYTHROMYCIN/SPIRAMYCIN/TELITHROMYCIN,EXACTX,100.0,100.0,WP_000219391.1,True
ERR9785512,blaCTX-M-15,core,AMR,BETA-LACTAM,CEPHALOSPORIN,ALLELEX,100.0,100.0,WP_000239590.1,True
ERR9785512,catB3,core,AMR,PHENICOL,CHLORAMPHENICOL,PARTIALX,70.0,100.0,WP_000186237.1,False
ERR9785512,blaOXA-1,core,AMR,BETA-LACTAM,CEPHALOSPORIN,ALLELEX,100.0,100.0,WP_001334766.1,True
ERR9785512,aac(6')-Ib-cr5,core,AMR,AMINOGLYCOSIDE/QUINOLONE,AMIKACIN/KANAMYCIN/QUINOLONE/TOBRAMYCIN,ALLELEX,100.0,100.0,WP_063840321.1,True
ERR9785512,dfrA12,core,AMR,TRIMETHOPRIM,TRIMETHOPRIM,EXACTX,100.0,100.0,WP_001083725.1,True
ERR9785512,aadA2,core,AMR,AMINOGLYCOSIDE,STREPTOMYCIN,EXACTX,100.0,100.0,WP_001206356.1,True
ERR9785512,qacEdelta1,core,STRESS,QUATERNARY AMMONIUM,QUATERNARY AMMONIUM,ALLELEX,100.0,100.0,WP_000679427.1,True
ERR9785512,sul1,core,AMR,SULFONAMIDE,SULFONAMIDE,EXACTX,100.0,100.0,WP_000259031.1,True
ERR9785512,blaTEM-1,core,AMR,BETA-LACTAM,BETA-LACTAM,ALLELEX,100.0,100.0,WP_000027057.1,True
ERR9820422,sul2,core,AMR,SULFONAMIDE,SULFONAMIDE,EXACTX,100.0,100.0,WP_001043260.1,True
ERR9820422,aph(3'')-Ib,core,AMR,AMINOGLYCOSIDE,STREPTOMYCIN,EXACTX,100.0,100.0,WP_001082319.1,True
ERR9820422,aph(6)-Id,core,AMR,AMINOGLYCOSIDE,STREPTOMYCIN,EXACTX,100.0,100.0,WP_000480968.1,True
ERR9820422,blaCTX-M-15,core,AMR,BETA-LACTAM,CEPHALOSPORIN,ALLELEX,100.0,100.0,WP_000239590.1,True
ERR9820422,qnrB1,core,AMR,QUINOLONE,QUINOLONE,ALLELEX,100.0,100.0,WP_014386481.1,True
ERR9820422,aac(3)-IId,core,AMR,AMINOGLYCOSIDE,GENTAMICIN,EXACTX,100.0,100.0,WP_000557454.1,True
ERR9820422,dfrA23,core,AMR,TRIMETHOPRIM,TRIMETHOPRIM,EXACTX,100.0,100.0,WP_001143450.1,True
ERR9820422,blaSCO-1,core,AMR,BETA-LACTAM,BETA-LACTAM,ALLELEX,100.0,100.0,WP_004197546.1,True
ERR9820422,aadA1,core,AMR,AMINOGLYCOSIDE,STREPTOMYCIN,EXACTX,100.0,100.0,WP_001209508.1,True
ERR9820422,blaOXA-10,core,AMR,BETA-LACTAM,CEPHALOSPORIN,ALLELEX,100.0,100.0,WP_000846390.1,True
ERR9820422,cmlA5,core,AMR,PHENICOL,CHLORAMPHENICOL,EXACTX,100.0,100.0,WP_012300772.1,True
ERR9820422,arr-2,core,AMR,RIFAMYCIN,RIFAMYCIN,ALLELEX,100.0,100.0,WP_000237816.1,True
ERR9820422,mph(A),core,AMR,MACROLIDE,AZITHROMYCIN/ERYTHROMYCIN/SPIRAMYCIN/TELITHROMYCIN,EXACTX,100.0,100.0,WP_000219391.1,True
ERR9820422,catB3,core,AMR,PHENICOL,CHLORAMPHENICOL,PARTIALX,70.0,100.0,WP_000186237.1,False
ERR9820422,blaOXA-1,core,AMR,BETA-LACTAM,CEPHALOSPORIN,ALLELEX,100.0,100.0,WP_001334766.1,True
ERR9820422,aac(6')-Ib-cr5,core,AMR,AMINOGLYCOSIDE/QUINOLONE,AMIKACIN/KANAMYCIN/QUINOLONE/TOBRAMYCIN,ALLELEX,100.0,100.0,WP_063840321.1,True
ERR9820422,dfrA12,core,AMR,TRIMETHOPRIM,TRIMETHOPRIM,EXACTX,100.0,100.0,WP_001083725.1,True
ERR9820422,aadA2,core,AMR,AMINOGLYCOSIDE,STREPTOMYCIN,EXACTX,100.0,100.0,WP_001206356.1,True
ERR9820422,sul1,core,AMR,SULFONAMIDE,SULFONAMIDE,EXACTX,100.0,100.0,WP_000259031.1,True
ERR9820422,qacEdelta1,core,STRESS,QUATERNARY AMMONIUM,QUATERNARY AMMONIUM,ALLELEX,100.0,100.0,WP_000679427.1,True
ERR9820422,blaTEM-1,core,AMR,BETA-LACTAM,BETA-LACTAM,ALLELEX,100.0,100.0,WP_000027057.1,True
ERR9822144,aph(6)-Id,core,AMR,AMINOGLYCOSIDE,STREPTOMYCIN,EXACTX,100.0,100.0,WP_000480968.1,True
ERR9822144,aph(3'')-Ib,core,AMR,AMINOGLYCOSIDE,STREPTOMYCIN,EXACTX,100.0,100.0,WP_001082319.1,True
ERR9822144,sul2,core,AMR,SULFONAMIDE,SULFONAMIDE,EXACTX,100.0,100.0,WP_001043260.1,True
ERR9822144,qnrB1,core,AMR,QUINOLONE,QUINOLONE,ALLELEX,100.0,100.0,WP_014386481.1,True
ERR9822144,aac(3)-IId,core,AMR,AMINOGLYCOSIDE,GENTAMICIN,EXACTX,100.0,100.0,WP_000557454.1,True
ERR9822144,dfrA23,core,AMR,TRIMETHOPRIM,TRIMETHOPRIM,EXACTX,100.0,100.0,WP_001143450.1,True
ERR9822144,blaSCO-1,core,AMR,BETA-LACTAM,BETA-LACTAM,ALLELEX,100.0,100.0,WP_004197546.1,True
ERR9822144,mph(A),core,AMR,MACROLIDE,AZITHROMYCIN/ERYTHROMYCIN/SPIRAMYCIN/TELITHROMYCIN,EXACTX,100.0,100.0,WP_000219391.1,True
ERR9822144,arr-2,core,AMR,RIFAMYCIN,RIFAMYCIN,ALLELEX,100.0,100.0,WP_000237816.1,True
ERR9822144,cmlA5,core,AMR,PHENICOL,CHLORAMPHENICOL,EXACTX,100.0,100.0,WP_012300772.1,True
ERR9822144,blaOXA-10,core,AMR,BETA-LACTAM,CEPHALOSPORIN,ALLELEX,100.0,100.0,WP_000846390.1,True
ERR9822144,aadA1,core,AMR,AMINOGLYCOSIDE,STREPTOMYCIN,EXACTX,100.0,100.0,WP_001209508.1,True
ERR9822144,blaCTX-M-15,core,AMR,BETA-LACTAM,CEPHALOSPORIN,ALLELEX,100.0,100.0,WP_000239590.1,True
ERR9822144,aac(6')-Ib-cr5,core,AMR,AMINOGLYCOSIDE/QUINOLONE,AMIKACIN/KANAMYCIN/QUINOLONE/TOBRAMYCIN,ALLELEX,100.0,100.0,WP_063840321.1,True
ERR9822144,blaOXA-1,core,AMR,BETA-LACTAM,CEPHALOSPORIN,ALLELEX,100.0,100.0,WP_001334766.1,True
ERR9822144,catB3,core,AMR,PHENICOL,CHLORAMPHENICOL,PARTIALX,70.0,100.0,WP_000186237.1,False
ERR9822144,aadA2,core,AMR,AMINOGLYCOSIDE,STREPTOMYCIN,EXACTX,100.0,100.0,WP_001206356.1,True
ERR9822144,dfrA12,core,AMR,TRIMETHOPRIM,TRIMETHOPRIM,EXACTX,100.0,100.0,WP_001083725.1,True
ERR9822144,qacEdelta1,core,STRESS,QUATERNARY AMMONIUM,QUATERNARY AMMONIUM,ALLELEX,100.0,100.0,WP_000679427.1,True
ERR9822144,sul1,core,AMR,SULFONAMIDE,SULFONAMIDE,EXACTX,100.0,100.0,WP_000259031.1,True
ERR9822144,blaTEM-1,core,AMR,BETA-LACTAM,BETA-LACTAM,ALLELEX,100.0,100.0,WP_000027057.1,True
ERR9822145,arr-2,core,AMR,RIFAMYCIN,RIFAMYCIN,ALLELEX,100.0,100.0,WP_000237816.1,True
ERR9822145,cmlA5,core,AMR,PHENICOL,CHLORAMPHENICOL,EXACTX,100.0,100.0,WP_012300772.1,True
ERR9822145,blaOXA-10,core,AMR,BETA-LACTAM,CEPHALOSPORIN,ALLELEX,100.0,100.0,WP_000846390.1,True
ERR9822145,aadA1,core,AMR,AMINOGLYCOSIDE,STREPTOMYCIN,EXACTX,100.0,100.0,WP_001209508.1,True
ERR9822145,qacEdelta1,core,STRESS,QUATERNARY AMMONIUM,QUATERNARY AMMONIUM,ALLELEX,100.0,100.0,WP_000679427.1,True
ERR9822145,sul1,core,AMR,SULFONAMIDE,SULFONAMIDE,EXACTX,100.0,100.0,WP_000259031.1,True
ERR9822145,dfrA23,core,AMR,TRIMETHOPRIM,TRIMETHOPRIM,EXACTX,100.0,100.0,WP_001143450.1,True
ERR9822145,blaTEM-1,core,AMR,BETA-LACTAM,BETA-LACTAM,ALLELEX,100.0,100.0,WP_000027057.1,True
ERR9822145,aph(6)-Id,core,AMR,AMINOGLYCOSIDE,STREPTOMYCIN,EXACTX,100.0,100.0,WP_000480968.1,True
ERR9822145,aph(3'')-Ib,core,AMR,AMINOGLYCOSIDE,STREPTOMYCIN,EXACTX,100.0,100.0,WP_001082319.1,True
ERR9822145,sul2,core,AMR,SULFONAMIDE,SULFONAMIDE,EXACTX,100.0,100.0,WP_001043260.1,True
ERR9822145,qnrB1,core,AMR,QUINOLONE,QUINOLONE,ALLELEX,100.0,100.0,WP_014386481.1,True
ERR9822145,blaSCO-1,core,AMR,BETA-LACTAM,BETA-LACTAM,ALLELEX,100.0,100.0,WP_004197546.1,True
ERR9822145,blaCTX-M-15,core,AMR,BETA-LACTAM,CEPHALOSPORIN,ALLELEX,100.0,100.0,WP_000239590.1,True
ERR9822145,aac(6')-Ib-cr5,core,AMR,AMINOGLYCOSIDE/QUINOLONE,AMIKACIN/KANAMYCIN/QUINOLONE/TOBRAMYCIN,ALLELEX,100.0,100.0,WP_063840321.1,True
ERR9822145,blaOXA-1,core,AMR,BETA-LACTAM,CEPHALOSPORIN,ALLELEX,100.0,100.0,WP_001334766.1,True
ERR9822145,catB3,core,AMR,PHENICOL,CHLORAMPHENICOL,PARTIALX,70.0,100.0,WP_000186237.1,False
ERR9822146,aph(6)-Id,core,AMR,AMINOGLYCOSIDE,STREPTOMYCIN,EXACTX,100.0,100.0,WP_000480968.1,True
ERR9822146,aph(3'')-Ib,core,AMR,AMINOGLYCOSIDE,STREPTOMYCIN,EXACTX,100.0,100.0,WP_001082319.1,True
ERR9822146,sul2,core,AMR,SULFONAMIDE,SULFONAMIDE,EXACTX,100.0,100.0,WP_001043260.1,True
ERR9822146,qnrB1,core,AMR,QUINOLONE,QUINOLONE,ALLELEX,100.0,100.0,WP_014386481.1,True
ERR9822146,aac(3)-IId,core,AMR,AMINOGLYCOSIDE,GENTAMICIN,EXACTX,100.0,100.0,WP_000557454.1,True
ERR9822146,dfrA23,core,AMR,TRIMETHOPRIM,TRIMETHOPRIM,EXACTX,100.0,100.0,WP_001143450.1,True
ERR9822146,blaSCO-1,core,AMR,BETA-LACTAM,BETA-LACTAM,ALLELEX,100.0,100.0,WP_004197546.1,True
ERR9822146,aadA1,core,AMR,AMINOGLYCOSIDE,STREPTOMYCIN,EXACTX,100.0,100.0,WP_001209508.1,True
ERR9822146,blaOXA-10,core,AMR,BETA-LACTAM,CEPHALOSPORIN,ALLELEX,100.0,100.0,WP_000846390.1,True
ERR9822146,cmlA5,core,AMR,PHENICOL,CHLORAMPHENICOL,EXACTX,100.0,100.0,WP_012300772.1,True
ERR9822146,arr-2,core,AMR,RIFAMYCIN,RIFAMYCIN,ALLELEX,100.0,100.0,WP_000237816.1,True
ERR9822146,mph(A),core,AMR,MACROLIDE,AZITHROMYCIN/ERYTHROMYCIN/SPIRAMYCIN/TELITHROMYCIN,EXACTX,100.0,100.0,WP_000219391.1,True
ERR9822146,blaCTX-M-15,core,AMR,BETA-LACTAM,CEPHALOSPORIN,ALLELEX,100.0,100.0,WP_000239590.1,True
ERR9822146,catB3,core,AMR,PHENICOL,CHLORAMPHENICOL,PARTIALX,70.0,100.0,WP_000186237.1,False
ERR9822146,blaOXA-1,core,AMR,BETA-LACTAM,CEPHALOSPORIN,ALLELEX,100.0,100.0,WP_001334766.1,True
ERR9822146,aac(6')-Ib-cr5,core,AMR,AMINOGLYCOSIDE/QUINOLONE,AMIKACIN/KANAMYCIN/QUINOLONE/TOBRAMYCIN,ALLELEX,100.0,100.0,WP_063840321.1,True
ERR9822146,aadA2,core,AMR,AMINOGLYCOSIDE,STREPTOMYCIN,EXACTX,100.0,100.0,WP_001206356.1,True
ERR9822146,dfrA12,core,AMR,TRIMETHOPRIM,TRIMETHOPRIM,EXACTX,100.0,100.0,WP_001083725.1,True
ERR9822146,sul1,core,AMR,SULFONAMIDE,SULFONAMIDE,EXACTX,100.0,100.0,WP_000259031.1,True
ERR9822146,qacEdelta1,core,STRESS,QUATERNARY AMMONIUM,QUATERNARY AMMONIUM,ALLELEX,100.0,100.0,WP_000679427.1,True
ERR9822146,blaTEM-1,core,AMR,BETA-LACTAM,BETA-LACTAM,ALLELEX,100.0,100.0,WP_000027057.1,True
ERR9822149,aac(3)-IId,core,AMR,AMINOGLYCOSIDE,GENTAMICIN,EXACTX,100.0,100.0,WP_000557454.1,True
ERR9822149,blaTEM-1,core,AMR,BETA-LACTAM,BETA-LACTAM,ALLELEX,100.0,100.0,WP_000027057.1,True
ERR9822149,aph(6)-Id,core,AMR,AMINOGLYCOSIDE,STREPTOMYCIN,EXACTX,100.0,100.0,WP_000480968.1,True
ERR9822149,aph(3'')-Ib,core,AMR,AMINOGLYCOSIDE,STREPTOMYCIN,EXACTX,100.0,100.0,WP_001082319.1,True
ERR9822149,sul2,core,AMR,SULFONAMIDE,SULFONAMIDE,EXACTX,100.0,100.0,WP_001043260.1,True
ERR9822149,qnrB1,core,AMR,QUINOLONE,QUINOLONE,ALLELEX,100.0,100.0,WP_014386481.1,True
ERR9822149,dfrA23,core,AMR,TRIMETHOPRIM,TRIMETHOPRIM,EXACTX,100.0,100.0,WP_001143450.1,True
ERR9822149,blaSCO-1,core,AMR,BETA-LACTAM,BETA-LACTAM,ALLELEX,100.0,100.0,WP_004197546.1,True
ERR9822149,mph(A),core,AMR,MACROLIDE,AZITHROMYCIN/ERYTHROMYCIN/SPIRAMYCIN/TELITHROMYCIN,EXACTX,100.0,100.0,WP_000219391.1,True
ERR9822149,arr-2,core,AMR,RIFAMYCIN,RIFAMYCIN,ALLELEX,100.0,100.0,WP_000237816.1,True
ERR9822149,cmlA5,core,AMR,PHENICOL,CHLORAMPHENICOL,EXACTX,100.0,100.0,WP_012300772.1,True
ERR9822149,blaOXA-10,core,AMR,BETA-LACTAM,CEPHALOSPORIN,ALLELEX,100.0,100.0,WP_000846390.1,True
ERR9822149,aadA1,core,AMR,AMINOGLYCOSIDE,STREPTOMYCIN,EXACTX,100.0,100.0,WP_001209508.1,True
ERR9822149,blaCTX-M-15,core,AMR,BETA-LACTAM,CEPHALOSPORIN,ALLELEX,100.0,100.0,WP_000239590.1,True
ERR9822149,aac(6')-Ib-cr5,core,AMR,AMINOGLYCOSIDE/QUINOLONE,AMIKACIN/KANAMYCIN/QUINOLONE/TOBRAMYCIN,ALLELEX,100.0,100.0,WP_063840321.1,True
ERR9822149,blaOXA-1,core,AMR,BETA-LACTAM,CEPHALOSPORIN,ALLELEX,100.0,100.0,WP_001334766.1,True
ERR9822149,catB3,core,AMR,PHENICOL,CHLORAMPHENICOL,PARTIALX,70.0,100.0,WP_000186237.1,False
ERR9822149,dfrA12,core,AMR,TRIMETHOPRIM,TRIMETHOPRIM,EXACTX,100.0,100.0,WP_001083725.1,True
ERR9822149,aadA2,core,AMR,AMINOGLYCOSIDE,STREPTOMYCIN,EXACTX,100.0,100.0,WP_001206356.1,True
ERR9822149,qacEdelta1,core,STRESS,QUATERNARY AMMONIUM,QUATERNARY AMMONIUM,ALLELEX,100.0,100.0,WP_000679427.1,True
ERR9822149,sul1,core,AMR,SULFONAMIDE,SULFONAMIDE,EXACTX,100.0,100.0,WP_000259031.1,True
ERR9822151,sul2,core,AMR,SULFONAMIDE,SULFONAMIDE,EXACTX,100.0,100.0,WP_001043260.1,True
ERR9822151,aph(3'')-Ib,core,AMR,AMINOGLYCOSIDE,STREPTOMYCIN,EXACTX,100.0,100.0,WP_001082319.1,True
ERR9822151,aph(6)-Id,core,AMR,AMINOGLYCOSIDE,STREPTOMYCIN,EXACTX,100.0,100.0,WP_000480968.1,True
ERR9822151,qnrB1,core,AMR,QUINOLONE,QUINOLONE,ALLELEX,100.0,100.0,WP_014386481.1,True
ERR9822151,aac(3)-IId,core,AMR,AMINOGLYCOSIDE,GENTAMICIN,EXACTX,100.0,100.0,WP_000557454.1,True
ERR9822151,dfrA23,core,AMR,TRIMETHOPRIM,TRIMETHOPRIM,EXACTX,100.0,100.0,WP_001143450.1,True
ERR9822151,blaSCO-1,core,AMR,BETA-LACTAM,BETA-LACTAM,ALLELEX,100.0,100.0,WP_004197546.1,True
ERR9822151,aadA1,core,AMR,AMINOGLYCOSIDE,STREPTOMYCIN,EXACTX,100.0,100.0,WP_001209508.1,True
ERR9822151,blaOXA-10,core,AMR,BETA-LACTAM,CEPHALOSPORIN,ALLELEX,100.0,100.0,WP_000846390.1,True
ERR9822151,cmlA5,core,AMR,PHENICOL,CHLORAMPHENICOL,EXACTX,100.0,100.0,WP_012300772.1,True
ERR9822151,arr-2,core,AMR,RIFAMYCIN,RIFAMYCIN,ALLELEX,100.0,100.0,WP_000237816.1,True
ERR9822151,mph(A),core,AMR,MACROLIDE,AZITHROMYCIN/ERYTHROMYCIN/SPIRAMYCIN/TELITHROMYCIN,EXACTX,100.0,100.0,WP_000219391.1,True
ERR9822151,blaCTX-M-15,core,AMR,BETA-LACTAM,CEPHALOSPORIN,ALLELEX,100.0,100.0,WP_000239590.1,True
ERR9822151,aac(6')-Ib-cr5,core,AMR,AMINOGLYCOSIDE/QUINOLONE,AMIKACIN/KANAMYCIN/QUINOLONE/TOBRAMYCIN,ALLELEX,100.0,100.0,WP_063840321.1,True
ERR9822151,blaOXA-1,core,AMR,BETA-LACTAM,CEPHALOSPORIN,ALLELEX,100.0,100.0,WP_001334766.1,True
ERR9822151,catB3,core,AMR,PHENICOL,CHLORAMPHENICOL,PARTIALX,70.0,100.0,WP_000186237.1,False
ERR9822151,aadA2,core,AMR,AMINOGLYCOSIDE,STREPTOMYCIN,EXACTX,100.0,100.0,WP_001206356.1,True
ERR9822151,dfrA12,core,AMR,TRIMETHOPRIM,TRIMETHOPRIM,EXACTX,100.0,100.0,WP_001083725.1,True
ERR9822151,sul1,core,AMR,SULFONAMIDE,SULFONAMIDE,EXACTX,100.0,100.0,WP_000259031.1,True
ERR9822151,qacEdelta1,core,STRESS,QUATERNARY AMMONIUM,QUATERNARY AMMONIUM,ALLELEX,100.0,100.0,WP_000679427.1,True
ERR9822151,blaTEM-1,core,AMR,BETA-LACTAM,BETA-LACTAM,ALLELEX,100.0,100.0,WP_000027057.1,True
ERR9924209,sul2,core,AMR,SULFONAMIDE,SULFONAMIDE,EXACTX,100.0,100.0,WP_001043260.1,True
ERR9924209,aph(3'')-Ib,core,AMR,AMINOGLYCOSIDE,STREPTOMYCIN,EXACTX,100.0,100.0,WP_001082319.1,True
ERR9924209,aph(6)-Id,core,AMR,AMINOGLYCOSIDE,STREPTOMYCIN,EXACTX,100.0,100.0,WP_000480968.1,True
ERR9924209,arr-3,core,AMR,RIFAMYCIN,RIFAMYCIN,EXACTX,100.0,100.0,WP_001749986.1,True
ERR9924209,cmlA5,core,AMR,PHENICOL,CHLORAMPHENICOL,EXACTX,100.0,100.0,WP_012300772.1,True
ERR9924209,blaOXA-10,core,AMR,BETA-LACTAM,CEPHALOSPORIN,ALLELEX,100.0,100.0,WP_000846390.1,True
ERR9924209,aadA1,core,AMR,AMINOGLYCOSIDE,STREPTOMYCIN,EXACTX,100.0,100.0,WP_001209508.1,True
ERR9924209,qacEdelta1,core,STRESS,QUATERNARY AMMONIUM,QUATERNARY AMMONIUM,ALLELEX,100.0,100.0,WP_000679427.1,True
ERR9924209,sul1,core,AMR,SULFONAMIDE,SULFONAMIDE,EXACTX,100.0,100.0,WP_000259031.1,True
ERR9924209,dfrA23,core,AMR,TRIMETHOPRIM,TRIMETHOPRIM,EXACTX,100.0,100.0,WP_001143450.1,True
ERR9924209,qnrB1,core,AMR,QUINOLONE,QUINOLONE,ALLELEX,100.0,100.0,WP_014386481.1,True
ERR9924209,tet(A),core,AMR,TETRACYCLINE,TETRACYCLINE,EXACTX,100.0,100.0,WP_031942321.1,True
ERR9924209,mph(A),core,AMR,MACROLIDE,AZITHROMYCIN/ERYTHROMYCIN/SPIRAMYCIN/TELITHROMYCIN,EXACTX,100.0,100.0,WP_000219391.1,True
ERR9924209,aac(3)-IIe,core,AMR,AMINOGLYCOSIDE,GENTAMICIN,EXACTX,100.0,100.0,WP_000557452.1,True
ERR9924209,catB3,core,AMR,PHENICOL,CHLORAMPHENICOL,PARTIALX,70.0,100.0,WP_000186237.1,False
ERR9924209,blaOXA-1,core,AMR,BETA-LACTAM,CEPHALOSPORIN,ALLELEX,100.0,100.0,WP_001334766.1,True
ERR9924209,aac(6')-Ib-cr5,core,AMR,AMINOGLYCOSIDE/QUINOLONE,AMIKACIN/KANAMYCIN/QUINOLONE/TOBRAMYCIN,ALLELEX,100.0,100.0,WP_063840321.1,True
ERR9924209,blaTEM-1,core,AMR,BETA-LACTAM,BETA-LACTAM,ALLELEX,100.0,100.0,WP_000027057.1,True
ERR9924209,blaCTX-M-15,core,AMR,BETA-LACTAM,CEPHALOSPORIN,ALLELEX,100.0,100.0,WP_000239590.1,True
ERR9924209,dfrA14,core,AMR,TRIMETHOPRIM,TRIMETHOPRIM,EXACTX,100.0,100.0,WP_004201280.1,True
ERR9929342,sul2,core,AMR,SULFONAMIDE,SULFONAMIDE,EXACTX,100.0,100.0,WP_001043260.1,True
ERR9929342,aph(3'')-Ib,core,AMR,AMINOGLYCOSIDE,STREPTOMYCIN,EXACTX,100.0,100.0,WP_001082319.1,True
ERR9929342,aph(6)-Id,core,AMR,AMINOGLYCOSIDE,STREPTOMYCIN,EXACTX,100.0,100.0,WP_000480968.1,True
ERR9929342,tet(A),core,AMR,TETRACYCLINE,TETRACYCLINE,EXACTX,100.0,100.0,WP_000804063.1,True
ERR9929342,floR,core,AMR,PHENICOL,CHLORAMPHENICOL/FLORFENICOL,EXACTX,100.0,100.0,WP_000214119.1,True
ERR9929342,dfrA23,core,AMR,TRIMETHOPRIM,TRIMETHOPRIM,EXACTX,100.0,100.0,WP_001143450.1,True
ERR9929342,sul1,core,AMR,SULFONAMIDE,SULFONAMIDE,EXACTX,100.0,100.0,WP_000259031.1,True
ERR9929342,qacEdelta1,core,STRESS,QUATERNARY AMMONIUM,QUATERNARY AMMONIUM,ALLELEX,100.0,100.0,WP_000679427.1,True
ERR9929342,aadA1,core,AMR,AMINOGLYCOSIDE,STREPTOMYCIN,EXACTX,100.0,100.0,WP_001209508.1,True
ERR9929342,blaOXA-10,core,AMR,BETA-LACTAM,CEPHALOSPORIN,ALLELEX,100.0,100.0,WP_000846390.1,True
ERR9929342,cmlA5,core,AMR,PHENICOL,CHLORAMPHENICOL,EXACTX,100.0,100.0,WP_012300772.1,True
ERR9929342,arr-2,core,AMR,RIFAMYCIN,RIFAMYCIN,ALLELEX,100.0,100.0,WP_000237816.1,True
ERR9929342,qnrB1,core,AMR,QUINOLONE,QUINOLONE,ALLELEX,100.0,100.0,WP_014386481.1,True
ERR9929342,blaCTX-M-15,core,AMR,BETA-LACTAM,CEPHALOSPORIN,ALLELEX,100.0,100.0,WP_000239590.1,True
ERR9929342,aac(3)-IIe,core,AMR,AMINOGLYCOSIDE,GENTAMICIN,EXACTX,100.0,100.0,WP_000557452.1,True
ERR9929342,aac(6')-Ib-cr5,core,AMR,AMINOGLYCOSIDE/QUINOLONE,AMIKACIN/KANAMYCIN/QUINOLONE/TOBRAMYCIN,ALLELEX,100.0,100.0,WP_063840321.1,True
ERR9929342,blaOXA-1,core,AMR,BETA-LACTAM,CEPHALOSPORIN,ALLELEX,100.0,100.0,WP_001334766.1,True
ERR9929342,catB3,core,AMR,PHENICOL,CHLORAMPHENICOL,PARTIALX,70.0,100.0,WP_000186237.1,False
ERR9941258,floR,core,AMR,PHENICOL,CHLORAMPHENICOL/FLORFENICOL,EXACTX,100.0,100.0,WP_000214119.1,True
ERR9941258,tet(A),core,AMR,TETRACYCLINE,TETRACYCLINE,EXACTX,100.0,100.0,WP_000804063.1,True
ERR9941258,aph(6)-Id,core,AMR,AMINOGLYCOSIDE,STREPTOMYCIN,EXACTX,100.0,100.0,WP_000480968.1,True
ERR9941258,aph(3'')-Ib,core,AMR,AMINOGLYCOSIDE,STREPTOMYCIN,EXACTX,100.0,100.0,WP_001082319.1,True
ERR9941258,sul2,core,AMR,SULFONAMIDE,SULFONAMIDE,EXACTX,100.0,100.0,WP_001043260.1,True
ERR9941258,dfrA23,core,AMR,TRIMETHOPRIM,TRIMETHOPRIM,EXACTX,100.0,100.0,WP_001143450.1,True
ERR9941258,sul1,core,AMR,SULFONAMIDE,SULFONAMIDE,EXACTX,100.0,100.0,WP_000259031.1,True
ERR9941258,qacEdelta1,core,STRESS,QUATERNARY AMMONIUM,QUATERNARY AMMONIUM,ALLELEX,100.0,100.0,WP_000679427.1,True
ERR9941258,aadA1,core,AMR,AMINOGLYCOSIDE,STREPTOMYCIN,EXACTX,100.0,100.0,WP_001209508.1,True
ERR9941258,blaOXA-10,core,AMR,BETA-LACTAM,CEPHALOSPORIN,ALLELEX,100.0,100.0,WP_000846390.1,True
ERR9941258,cmlA5,core,AMR,PHENICOL,CHLORAMPHENICOL,EXACTX,100.0,100.0,WP_012300772.1,True
ERR9941258,arr-2,core,AMR,RIFAMYCIN,RIFAMYCIN,ALLELEX,100.0,100.0,WP_000237816.1,True
ERR9941258,qnrB1,core,AMR,QUINOLONE,QUINOLONE,ALLELEX,100.0,100.0,WP_014386481.1,True
ERR9941258,blaCTX-M-15,core,AMR,BETA-LACTAM,CEPHALOSPORIN,ALLELEX,100.0,100.0,WP_000239590.1,True
ERR9941258,aac(3)-IIe,core,AMR,AMINOGLYCOSIDE,GENTAMICIN,EXACTX,100.0,100.0,WP_000557452.1,True
ERR9941258,catB3,core,AMR,PHENICOL,CHLORAMPHENICOL,PARTIALX,70.0,100.0,WP_000186237.1,False
ERR9941258,blaOXA-1,core,AMR,BETA-LACTAM,CEPHALOSPORIN,ALLELEX,100.0,100.0,WP_001334766.1,True
ERR9941258,aac(6')-Ib-cr5,core,AMR,AMINOGLYCOSIDE/QUINOLONE,AMIKACIN/KANAMYCIN/QUINOLONE/TOBRAMYCIN,ALLELEX,100.0,100.0,WP_063840321.1,True
ERR9966382,sul2,core,AMR,SULFONAMIDE,SULFONAMIDE,EXACTX,100.0,100.0,WP_001043260.1,True
ERR9966382,aph(3'')-Ib,core,AMR,AMINOGLYCOSIDE,STREPTOMYCIN,EXACTX,100.0,100.0,WP_001082319.1,True
ERR9966382,aph(6)-Id,core,AMR,AMINOGLYCOSIDE,STREPTOMYCIN,EXACTX,100.0,100.0,WP_000480968.1,True
ERR9966382,tet(A),core,AMR,TETRACYCLINE,TETRACYCLINE,EXACTX,100.0,100.0,WP_000804063.1,True
ERR9966382,floR,core,AMR,PHENICOL,CHLORAMPHENICOL/FLORFENICOL,EXACTX,100.0,100.0,WP_000214119.1,True
ERR9966382,arr-2,core,AMR,RIFAMYCIN,RIFAMYCIN,ALLELEX,100.0,100.0,WP_000237816.1,True
ERR9966382,cmlA5,core,AMR,PHENICOL,CHLORAMPHENICOL,EXACTX,100.0,100.0,WP_012300772.1,True
ERR9966382,blaOXA-10,core,AMR,BETA-LACTAM,CEPHALOSPORIN,ALLELEX,100.0,100.0,WP_000846390.1,True
ERR9966382,aadA1,core,AMR,AMINOGLYCOSIDE,STREPTOMYCIN,EXACTX,100.0,100.0,WP_001209508.1,True
ERR9966382,qacEdelta1,core,STRESS,QUATERNARY AMMONIUM,QUATERNARY AMMONIUM,ALLELEX,100.0,100.0,WP_000679427.1,True
ERR9966382,sul1,core,AMR,SULFONAMIDE,SULFONAMIDE,EXACTX,100.0,100.0,WP_000259031.1,True
ERR9966382,dfrA23,core,AMR,TRIMETHOPRIM,TRIMETHOPRIM,EXACTX,100.0,100.0,WP_001143450.1,True
ERR9966382,qnrB1,core,AMR,QUINOLONE,QUINOLONE,ALLELEX,100.0,100.0,WP_014386481.1,True
ERR9966382,blaCTX-M-15,core,AMR,BETA-LACTAM,CEPHALOSPORIN,ALLELEX,100.0,100.0,WP_000239590.1,True
ERR9966382,aac(3)-IIe,core,AMR,AMINOGLYCOSIDE,GENTAMICIN,EXACTX,100.0,100.0,WP_000557452.1,True
ERR9966382,aac(6')-Ib-cr5,core,AMR,AMINOGLYCOSIDE/QUINOLONE,AMIKACIN/KANAMYCIN/QUINOLONE/TOBRAMYCIN,ALLELEX,100.0,100.0,WP_063840321.1,True
ERR9966382,blaOXA-1,core,AMR,BETA-LACTAM,CEPHALOSPORIN,ALLELEX,100.0,100.0,WP_001334766.1,True
ERR9966382,catB3,core,AMR,PHENICOL,CHLORAMPHENICOL,PARTIALX,70.0,100.0,WP_000186237.1,False
ERR9966386,qnrB1,core,AMR,QUINOLONE,QUINOLONE,ALLELEX,100.0,100.0,WP_014386481.1,True
ERR9966386,aph(6)-Id,core,AMR,AMINOGLYCOSIDE,STREPTOMYCIN,EXACTX,100.0,100.0,WP_000480968.1,True
ERR9966386,aph(3'')-Ib,core,AMR,AMINOGLYCOSIDE,STREPTOMYCIN,EXACTX,100.0,100.0,WP_001082319.1,True
ERR9966386,sul2,core,AMR,SULFONAMIDE,SULFONAMIDE,EXACTX,100.0,100.0,WP_001043260.1,True
ERR9966386,aac(3)-IId,core,AMR,AMINOGLYCOSIDE,GENTAMICIN,EXACTX,100.0,100.0,WP_000557454.1,True
ERR9966386,dfrA23,core,AMR,TRIMETHOPRIM,TRIMETHOPRIM,EXACTX,100.0,100.0,WP_001143450.1,True
ERR9966386,blaSCO-1,core,AMR,BETA-LACTAM,BETA-LACTAM,ALLELEX,100.0,100.0,WP_004197546.1,True
ERR9966386,arr-2,core,AMR,RIFAMYCIN,RIFAMYCIN,ALLELEX,100.0,100.0,WP_000237816.1,True
ERR9966386,cmlA5,core,AMR,PHENICOL,CHLORAMPHENICOL,EXACTX,100.0,100.0,WP_012300772.1,True
ERR9966386,blaOXA-10,core,AMR,BETA-LACTAM,CEPHALOSPORIN,ALLELEX,100.0,100.0,WP_000846390.1,True
ERR9966386,aadA1,core,AMR,AMINOGLYCOSIDE,STREPTOMYCIN,EXACTX,100.0,100.0,WP_001209508.1,True
ERR9966386,mph(A),core,AMR,MACROLIDE,AZITHROMYCIN/ERYTHROMYCIN/SPIRAMYCIN/TELITHROMYCIN,EXACTX,100.0,100.0,WP_000219391.1,True
ERR9966386,blaCTX-M-15,core,AMR,BETA-LACTAM,CEPHALOSPORIN,ALLELEX,100.0,100.0,WP_000239590.1,True
ERR9966386,catB3,core,AMR,PHENICOL,CHLORAMPHENICOL,PARTIALX,70.0,100.0,WP_000186237.1,False
ERR9966386,blaOXA-1,core,AMR,BETA-LACTAM,CEPHALOSPORIN,ALLELEX,100.0,100.0,WP_001334766.1,True
ERR9966386,aac(6')-Ib-cr5,core,AMR,AMINOGLYCOSIDE/QUINOLONE,AMIKACIN/KANAMYCIN/QUINOLONE/TOBRAMYCIN,ALLELEX,100.0,100.0,WP_063840321.1,True
ERR9966386,dfrA12,core,AMR,TRIMETHOPRIM,TRIMETHOPRIM,EXACTX,100.0,100.0,WP_001083725.1,True
ERR9966386,aadA2,core,AMR,AMINOGLYCOSIDE,STREPTOMYCIN,EXACTX,100.0,100.0,WP_001206356.1,True
ERR9966386,qacEdelta1,core,STRESS,QUATERNARY AMMONIUM,QUATERNARY AMMONIUM,ALLELEX,100.0,100.0,WP_000679427.1,True
ERR9966386,sul1,core,AMR,SULFONAMIDE,SULFONAMIDE,EXACTX,100.0,100.0,WP_000259031.1,True
ERR9966386,blaTEM-1,core,AMR,BETA-LACTAM,BETA-LACTAM,ALLELEX,100.0,100.0,WP_000027057.1,True
ERR9966387,aph(6)-Id,core,AMR,AMINOGLYCOSIDE,STREPTOMYCIN,EXACTX,100.0,100.0,WP_000480968.1,True
ERR9966387,aph(3'')-Ib,core,AMR,AMINOGLYCOSIDE,STREPTOMYCIN,EXACTX,100.0,100.0,WP_001082319.1,True
ERR9966387,sul2,core,AMR,SULFONAMIDE,SULFONAMIDE,EXACTX,100.0,100.0,WP_001043260.1,True
ERR9966387,qnrB1,core,AMR,QUINOLONE,QUINOLONE,ALLELEX,100.0,100.0,WP_014386481.1,True
ERR9966387,aac(3)-IId,core,AMR,AMINOGLYCOSIDE,GENTAMICIN,EXACTX,100.0,100.0,WP_000557454.1,True
ERR9966387,dfrA23,core,AMR,TRIMETHOPRIM,TRIMETHOPRIM,EXACTX,100.0,100.0,WP_001143450.1,True
ERR9966387,blaSCO-1,core,AMR,BETA-LACTAM,BETA-LACTAM,ALLELEX,100.0,100.0,WP_004197546.1,True
ERR9966387,mph(A),core,AMR,MACROLIDE,AZITHROMYCIN/ERYTHROMYCIN/SPIRAMYCIN/TELITHROMYCIN,EXACTX,100.0,100.0,WP_000219391.1,True
ERR9966387,aadA1,core,AMR,AMINOGLYCOSIDE,STREPTOMYCIN,EXACTX,100.0,100.0,WP_001209508.1,True
ERR9966387,blaOXA-10,core,AMR,BETA-LACTAM,CEPHALOSPORIN,ALLELEX,100.0,100.0,WP_000846390.1,True
ERR9966387,cmlA5,core,AMR,PHENICOL,CHLORAMPHENICOL,EXACTX,100.0,100.0,WP_012300772.1,True
ERR9966387,arr-2,core,AMR,RIFAMYCIN,RIFAMYCIN,ALLELEX,100.0,100.0,WP_000237816.1,True
ERR9966387,blaCTX-M-15,core,AMR,BETA-LACTAM,CEPHALOSPORIN,ALLELEX,100.0,100.0,WP_000239590.1,True
ERR9966387,catB3,core,AMR,PHENICOL,CHLORAMPHENICOL,PARTIALX,70.0,100.0,WP_000186237.1,False
ERR9966387,blaOXA-1,core,AMR,BETA-LACTAM,CEPHALOSPORIN,ALLELEX,100.0,100.0,WP_001334766.1,True
ERR9966387,aac(6')-Ib-cr5,core,AMR,AMINOGLYCOSIDE/QUINOLONE,AMIKACIN/KANAMYCIN/QUINOLONE/TOBRAMYCIN,ALLELEX,100.0,100.0,WP_063840321.1,True
ERR9966387,aadA2,core,AMR,AMINOGLYCOSIDE,STREPTOMYCIN,EXACTX,100.0,100.0,WP_001206356.1,True
ERR9966387,dfrA12,core,AMR,TRIMETHOPRIM,TRIMETHOPRIM,EXACTX,100.0,100.0,WP_001083725.1,True
ERR9966387,sul1,core,AMR,SULFONAMIDE,SULFONAMIDE,EXACTX,100.0,100.0,WP_000259031.1,True
ERR9966387,qacEdelta1,core,STRESS,QUATERNARY AMMONIUM,QUATERNARY AMMONIUM,ALLELEX,100.0,100.0,WP_000679427.1,True
ERR9966387,blaTEM-1,core,AMR,BETA-LACTAM,BETA-LACTAM,ALLELEX,100.0,100.0,WP_000027057.1,True
ERR9966388,aph(6)-Id,core,AMR,AMINOGLYCOSIDE,STREPTOMYCIN,EXACTX,100.0,100.0,WP_000480968.1,True
ERR9966388,aph(3'')-Ib,core,AMR,AMINOGLYCOSIDE,STREPTOMYCIN,EXACTX,100.0,100.0,WP_001082319.1,True
ERR9966388,sul2,core,AMR,SULFONAMIDE,SULFONAMIDE,EXACTX,100.0,100.0,WP_001043260.1,True
ERR9966388,qnrB1,core,AMR,QUINOLONE,QUINOLONE,ALLELEX,100.0,100.0,WP_014386481.1,True
ERR9966388,aac(3)-IId,core,AMR,AMINOGLYCOSIDE,GENTAMICIN,EXACTX,100.0,100.0,WP_000557454.1,True
ERR9966388,dfrA23,core,AMR,TRIMETHOPRIM,TRIMETHOPRIM,EXACTX,100.0,100.0,WP_001143450.1,True
ERR9966388,blaSCO-1,core,AMR,BETA-LACTAM,BETA-LACTAM,ALLELEX,100.0,100.0,WP_004197546.1,True
ERR9966388,aadA1,core,AMR,AMINOGLYCOSIDE,STREPTOMYCIN,EXACTX,100.0,100.0,WP_001209508.1,True
ERR9966388,blaOXA-10,core,AMR,BETA-LACTAM,CEPHALOSPORIN,ALLELEX,100.0,100.0,WP_000846390.1,True
ERR9966388,cmlA5,core,AMR,PHENICOL,CHLORAMPHENICOL,EXACTX,100.0,100.0,WP_012300772.1,True
ERR9966388,arr-2,core,AMR,RIFAMYCIN,RIFAMYCIN,ALLELEX,100.0,100.0,WP_000237816.1,True
ERR9966388,mph(A),core,AMR,MACROLIDE,AZITHROMYCIN/ERYTHROMYCIN/SPIRAMYCIN/TELITHROMYCIN,EXACTX,100.0,100.0,WP_000219391.1,True
ERR9966388,blaCTX-M-15,core,AMR,BETA-LACTAM,CEPHALOSPORIN,ALLELEX,100.0,100.0,WP_000239590.1,True
ERR9966388,aac(6')-Ib-cr5,core,AMR,AMINOGLYCOSIDE/QUINOLONE,AMIKACIN/KANAMYCIN/QUINOLONE/TOBRAMYCIN,ALLELEX,100.0,100.0,WP_063840321.1,True
ERR9966388,blaOXA-1,core,AMR,BETA-LACTAM,CEPHALOSPORIN,ALLELEX,100.0,100.0,WP_001334766.1,True
ERR9966388,catB3,core,AMR,PHENICOL,CHLORAMPHENICOL,PARTIALX,70.0,100.0,WP_000186237.1,False
ERR9966388,dfrA12,core,AMR,TRIMETHOPRIM,TRIMETHOPRIM,EXACTX,100.0,100.0,WP_001083725.1,True
ERR9966388,aadA2,core,AMR,AMINOGLYCOSIDE,STREPTOMYCIN,EXACTX,100.0,100.0,WP_001206356.1,True
ERR9966388,sul1,core,AMR,SULFONAMIDE,SULFONAMIDE,EXACTX,100.0,100.0,WP_000259031.1,True
ERR9966388,qacEdelta1,core,STRESS,QUATERNARY AMMONIUM,QUATERNARY AMMONIUM,ALLELEX,100.0,100.0,WP_000679427.1,True
ERR9966388,blaTEM-1,core,AMR,BETA-LACTAM,BETA-LACTAM,ALLELEX,100.0,100.0,WP_000027057.1,True
ERR9966389,aph(6)-Id,core,AMR,AMINOGLYCOSIDE,STREPTOMYCIN,EXACTX,100.0,100.0,WP_000480968.1,True
ERR9966389,aph(3'')-Ib,core,AMR,AMINOGLYCOSIDE,STREPTOMYCIN,EXACTX,100.0,100.0,WP_001082319.1,True
ERR9966389,sul2,core,AMR,SULFONAMIDE,SULFONAMIDE,EXACTX,100.0,100.0,WP_001043260.1,True
ERR9966389,qnrB1,core,AMR,QUINOLONE,QUINOLONE,ALLELEX,100.0,100.0,WP_014386481.1,True
ERR9966389,aac(3)-IId,core,AMR,AMINOGLYCOSIDE,GENTAMICIN,EXACTX,100.0,100.0,WP_000557454.1,True
ERR9966389,dfrA23,core,AMR,TRIMETHOPRIM,TRIMETHOPRIM,EXACTX,100.0,100.0,WP_001143450.1,True
ERR9966389,blaSCO-1,core,AMR,BETA-LACTAM,BETA-LACTAM,ALLELEX,100.0,100.0,WP_004197546.1,True
ERR9966389,arr-2,core,AMR,RIFAMYCIN,RIFAMYCIN,ALLELEX,100.0,100.0,WP_000237816.1,True
ERR9966389,cmlA5,core,AMR,PHENICOL,CHLORAMPHENICOL,EXACTX,100.0,100.0,WP_012300772.1,True
ERR9966389,blaOXA-10,core,AMR,BETA-LACTAM,CEPHALOSPORIN,ALLELEX,100.0,100.0,WP_000846390.1,True
ERR9966389,aadA1,core,AMR,AMINOGLYCOSIDE,STREPTOMYCIN,EXACTX,100.0,100.0,WP_001209508.1,True
ERR9966389,mph(A),core,AMR,MACROLIDE,AZITHROMYCIN/ERYTHROMYCIN/SPIRAMYCIN/TELITHROMYCIN,EXACTX,100.0,100.0,WP_000219391.1,True
ERR9966389,blaCTX-M-15,core,AMR,BETA-LACTAM,CEPHALOSPORIN,ALLELEX,100.0,100.0,WP_000239590.1,True
ERR9966389,catB3,core,AMR,PHENICOL,CHLORAMPHENICOL,PARTIALX,70.0,100.0,WP_000186237.1,False
ERR9966389,blaOXA-1,core,AMR,BETA-LACTAM,CEPHALOSPORIN,ALLELEX,100.0,100.0,WP_001334766.1,True
ERR9966389,aac(6')-Ib-cr5,core,AMR,AMINOGLYCOSIDE/QUINOLONE,AMIKACIN/KANAMYCIN/QUINOLONE/TOBRAMYCIN,ALLELEX,100.0,100.0,WP_063840321.1,True
ERR9966389,dfrA12,core,AMR,TRIMETHOPRIM,TRIMETHOPRIM,EXACTX,100.0,100.0,WP_001083725.1,True
ERR9966389,aadA2,core,AMR,AMINOGLYCOSIDE,STREPTOMYCIN,EXACTX,100.0,100.0,WP_001206356.1,True
ERR9966389,qacEdelta1,core,STRESS,QUATERNARY AMMONIUM,QUATERNARY AMMONIUM,ALLELEX,100.0,100.0,WP_000679427.1,True
ERR9966389,sul1,core,AMR,SULFONAMIDE,SULFONAMIDE,EXACTX,100.0,100.0,WP_000259031.1,True
ERR9966389,blaTEM-1,core,AMR,BETA-LACTAM,BETA-LACTAM,ALLELEX,100.0,100.0,WP_000027057.1,True
ERR9966390,aph(6)-Id,core,AMR,AMINOGLYCOSIDE,STREPTOMYCIN,EXACTX,100.0,100.0,WP_000480968.1,True
ERR9966390,aph(3'')-Ib,core,AMR,AMINOGLYCOSIDE,STREPTOMYCIN,EXACTX,100.0,100.0,WP_001082319.1,True
ERR9966390,sul2,core,AMR,SULFONAMIDE,SULFONAMIDE,EXACTX,100.0,100.0,WP_001043260.1,True
ERR9966390,qnrB1,core,AMR,QUINOLONE,QUINOLONE,ALLELEX,100.0,100.0,WP_014386481.1,True
ERR9966390,aac(3)-IId,core,AMR,AMINOGLYCOSIDE,GENTAMICIN,EXACTX,100.0,100.0,WP_000557454.1,True
ERR9966390,dfrA23,core,AMR,TRIMETHOPRIM,TRIMETHOPRIM,EXACTX,100.0,100.0,WP_001143450.1,True
ERR9966390,blaSCO-1,core,AMR,BETA-LACTAM,BETA-LACTAM,ALLELEX,100.0,100.0,WP_004197546.1,True
ERR9966390,aadA1,core,AMR,AMINOGLYCOSIDE,STREPTOMYCIN,EXACTX,100.0,100.0,WP_001209508.1,True
ERR9966390,blaOXA-10,core,AMR,BETA-LACTAM,CEPHALOSPORIN,ALLELEX,100.0,100.0,WP_000846390.1,True
ERR9966390,cmlA5,core,AMR,PHENICOL,CHLORAMPHENICOL,EXACTX,100.0,100.0,WP_012300772.1,True
ERR9966390,arr-2,core,AMR,RIFAMYCIN,RIFAMYCIN,ALLELEX,100.0,100.0,WP_000237816.1,True
ERR9966390,mph(A),core,AMR,MACROLIDE,AZITHROMYCIN/ERYTHROMYCIN/SPIRAMYCIN/TELITHROMYCIN,EXACTX,100.0,100.0,WP_000219391.1,True
ERR9966390,blaCTX-M-15,core,AMR,BETA-LACTAM,CEPHALOSPORIN,ALLELEX,100.0,100.0,WP_000239590.1,True
ERR9966390,aac(6')-Ib-cr5,core,AMR,AMINOGLYCOSIDE/QUINOLONE,AMIKACIN/KANAMYCIN/QUINOLONE/TOBRAMYCIN,ALLELEX,100.0,100.0,WP_063840321.1,True
ERR9966390,blaOXA-1,core,AMR,BETA-LACTAM,CEPHALOSPORIN,ALLELEX,100.0,100.0,WP_001334766.1,True
ERR9966390,catB3,core,AMR,PHENICOL,CHLORAMPHENICOL,PARTIALX,70.0,100.0,WP_000186237.1,False
ERR9966390,aadA2,core,AMR,AMINOGLYCOSIDE,STREPTOMYCIN,EXACTX,100.0,100.0,WP_001206356.1,True
ERR9966390,dfrA12,core,AMR,TRIMETHOPRIM,TRIMETHOPRIM,EXACTX,100.0,100.0,WP_001083725.1,True
ERR9966390,sul1,core,AMR,SULFONAMIDE,SULFONAMIDE,EXACTX,100.0,100.0,WP_000259031.1,True
ERR9966390,qacEdelta1,core,STRESS,QUATERNARY AMMONIUM,QUATERNARY AMMONIUM,ALLELEX,100.0,100.0,WP_000679427.1,True
ERR9966390,blaTEM-1,core,AMR,BETA-LACTAM,BETA-LACTAM,ALLELEX,100.0,100.0,WP_000027057.1,True
ERR9971918,blaCTX-M-15,core,AMR,BETA-LACTAM,CEPHALOSPORIN,ALLELEX,100.0,100.0,WP_000239590.1,True
ERR9971918,floR,core,AMR,PHENICOL,CHLORAMPHENICOL/FLORFENICOL,EXACTX,100.0,100.0,WP_000214119.1,True
ERR9971918,tet(A),core,AMR,TETRACYCLINE,TETRACYCLINE,EXACTX,100.0,100.0,WP_000804063.1,True
ERR9971918,aph(6)-Id,core,AMR,AMINOGLYCOSIDE,STREPTOMYCIN,EXACTX,100.0,100.0,WP_000480968.1,True
ERR9971918,aph(3'')-Ib,core,AMR,AMINOGLYCOSIDE,STREPTOMYCIN,EXACTX,100.0,100.0,WP_001082319.1,True
ERR9971918,sul2,core,AMR,SULFONAMIDE,SULFONAMIDE,EXACTX,100.0,100.0,WP_001043260.1,True
ERR9971918,arr-2,core,AMR,RIFAMYCIN,RIFAMYCIN,ALLELEX,100.0,100.0,WP_000237816.1,True
ERR9971918,cmlA5,core,AMR,PHENICOL,CHLORAMPHENICOL,EXACTX,100.0,100.0,WP_012300772.1,True
ERR9971918,blaOXA-10,core,AMR,BETA-LACTAM,CEPHALOSPORIN,ALLELEX,100.0,100.0,WP_000846390.1,True
ERR9971918,aadA1,core,AMR,AMINOGLYCOSIDE,STREPTOMYCIN,EXACTX,100.0,100.0,WP_001209508.1,True
ERR9971918,qacEdelta1,core,STRESS,QUATERNARY AMMONIUM,QUATERNARY AMMONIUM,ALLELEX,100.0,100.0,WP_000679427.1,True
ERR9971918,sul1,core,AMR,SULFONAMIDE,SULFONAMIDE,EXACTX,100.0,100.0,WP_000259031.1,True
ERR9971918,dfrA23,core,AMR,TRIMETHOPRIM,TRIMETHOPRIM,EXACTX,100.0,100.0,WP_001143450.1,True
ERR9971918,dfrA14,core,AMR,TRIMETHOPRIM,TRIMETHOPRIM,EXACTX,100.0,100.0,WP_004201280.1,True
ERR9971918,qnrB1,core,AMR,QUINOLONE,QUINOLONE,ALLELEX,100.0,100.0,WP_014386481.1,True
ERR9971918,tet(A),core,AMR,TETRACYCLINE,TETRACYCLINE,EXACTX,100.0,100.0,WP_031942321.1,True
ERR9971918,mph(A),core,AMR,MACROLIDE,AZITHROMYCIN/ERYTHROMYCIN/SPIRAMYCIN/TELITHROMYCIN,EXACTX,100.0,100.0,WP_000219391.1,True
ERR9971918,aac(3)-IIe,core,AMR,AMINOGLYCOSIDE,GENTAMICIN,EXACTX,100.0,100.0,WP_000557452.1,True
ERR9971918,aac(6')-Ib-cr5,core,AMR,AMINOGLYCOSIDE/QUINOLONE,AMIKACIN/KANAMYCIN/QUINOLONE/TOBRAMYCIN,ALLELEX,100.0,100.0,WP_063840321.1,True
ERR9971918,blaOXA-1,core,AMR,BETA-LACTAM,CEPHALOSPORIN,ALLELEX,100.0,100.0,WP_001334766.1,True
ERR9971918,catB3,core,AMR,PHENICOL,CHLORAMPHENICOL,PARTIALX,70.0,100.0,WP_000186237.1,False
ERR9976609,blaCTX-M-15,core,AMR,BETA-LACTAM,CEPHALOSPORIN,ALLELEX,100.0,100.0,WP_000239590.1,True
ERR9976609,floR,core,AMR,PHENICOL,CHLORAMPHENICOL/FLORFENICOL,EXACTX,100.0,100.0,WP_000214119.1,True
ERR9976609,tet(A),core,AMR,TETRACYCLINE,TETRACYCLINE,EXACTX,100.0,100.0,WP_000804063.1,True
ERR9976609,aph(6)-Id,core,AMR,AMINOGLYCOSIDE,STREPTOMYCIN,EXACTX,100.0,100.0,WP_000480968.1,True
ERR9976609,aph(3'')-Ib,core,AMR,AMINOGLYCOSIDE,STREPTOMYCIN,EXACTX,100.0,100.0,WP_001082319.1,True
ERR9976609,sul2,core,AMR,SULFONAMIDE,SULFONAMIDE,EXACTX,100.0,100.0,WP_001043260.1,True
ERR9976609,arr-2,core,AMR,RIFAMYCIN,RIFAMYCIN,ALLELEX,100.0,100.0,WP_000237816.1,True
ERR9976609,cmlA5,core,AMR,PHENICOL,CHLORAMPHENICOL,EXACTX,100.0,100.0,WP_012300772.1,True
ERR9976609,blaOXA-10,core,AMR,BETA-LACTAM,CEPHALOSPORIN,ALLELEX,100.0,100.0,WP_000846390.1,True
ERR9976609,aadA1,core,AMR,AMINOGLYCOSIDE,STREPTOMYCIN,EXACTX,100.0,100.0,WP_001209508.1,True
ERR9976609,qacEdelta1,core,STRESS,QUATERNARY AMMONIUM,QUATERNARY AMMONIUM,ALLELEX,100.0,100.0,WP_000679427.1,True
ERR9976609,sul1,core,AMR,SULFONAMIDE,SULFONAMIDE,EXACTX,100.0,100.0,WP_000259031.1,True
ERR9976609,dfrA23,core,AMR,TRIMETHOPRIM,TRIMETHOPRIM,EXACTX,100.0,100.0,WP_001143450.1,True
ERR9976609,dfrA14,core,AMR,TRIMETHOPRIM,TRIMETHOPRIM,EXACTX,100.0,100.0,WP_004201280.1,True
ERR9976609,qnrB1,core,AMR,QUINOLONE,QUINOLONE,ALLELEX,100.0,100.0,WP_014386481.1,True
ERR9976609,tet(A),core,AMR,TETRACYCLINE,TETRACYCLINE,EXACTX,100.0,100.0,WP_031942321.1,True
ERR9976609,mph(A),core,AMR,MACROLIDE,AZITHROMYCIN/ERYTHROMYCIN/SPIRAMYCIN/TELITHROMYCIN,EXACTX,100.0,100.0,WP_000219391.1,True
ERR9976609,aac(3)-IIe,core,AMR,AMINOGLYCOSIDE,GENTAMICIN,EXACTX,100.0,100.0,WP_000557452.1,True
ERR9976609,catB3,core,AMR,PHENICOL,CHLORAMPHENICOL,PARTIALX,70.0,100.0,WP_000186237.1,False
ERR9976609,blaOXA-1,core,AMR,BETA-LACTAM,CEPHALOSPORIN,ALLELEX,100.0,100.0,WP_001334766.1,True
ERR9976609,aac(6')-Ib-cr5,core,AMR,AMINOGLYCOSIDE/QUINOLONE,AMIKACIN/KANAMYCIN/QUINOLONE/TOBRAMYCIN,ALLELEX,100.0,100.0,WP_063840321.1,True
SRR10326268,qnrB19,core,AMR,QUINOLONE,QUINOLONE,ALLELEX,100.0,100.0,WP_012954666.1,True
SRR10992537,qnrB19,core,AMR,QUINOLONE,QUINOLONE,ALLELEX,100.0,100.0,WP_012954666.1,True
SRR1106479,gyrA_S83F,core,AMR,QUINOLONE/TRICLOSAN,QUINOLONE/TRICLOSAN,POINTX,100.0,99.89,WP_001281271.1,True
SRR13277412,qnrB19,core,AMR,QUINOLONE,QUINOLONE,ALLELEX,100.0,100.0,WP_012954666.1,True
SRR13277416,qnrB19,core,AMR,QUINOLONE,QUINOLONE,ALLELEX,100.0,100.0,WP_012954666.1,True
SRR13277434,qnrB19,core,AMR,QUINOLONE,QUINOLONE,ALLELEX,100.0,100.0,WP_012954666.1,True
SRR13311773,qnrB19,core,AMR,QUINOLONE,QUINOLONE,ALLELEX,100.0,100.0,WP_012954666.1,True
SRR13312061,qnrB19,core,AMR,QUINOLONE,QUINOLONE,ALLELEX,100.0,100.0,WP_012954666.1,True
SRR13313295,qnrB,core,AMR,QUINOLONE,QUINOLONE,PARTIAL_CONTIG_ENDX,50.93,100.0,WP_012954666.1,False
SRR13313295,qnrB,core,AMR,QUINOLONE,QUINOLONE,PARTIAL_CONTIG_ENDX,68.69,100.0,WP_012954666.1,False
SRR13313312,qnrB19,core,AMR,QUINOLONE,QUINOLONE,ALLELEX,100.0,100.0,WP_012954666.1,True
SRR13719196,qnrB19,core,AMR,QUINOLONE,QUINOLONE,ALLELEX,100.0,100.0,WP_012954666.1,True
SRR13719289,aac(3)-IVa,core,AMR,AMINOGLYCOSIDE,APRAMYCIN/GENTAMICIN/TOBRAMYCIN,PARTIAL_CONTIG_ENDX,52.71,100.0,WP_001199192.1,False
SRR13719289,qnrB19,core,AMR,QUINOLONE,QUINOLONE,ALLELEX,100.0,100.0,WP_012954666.1,True
SRR13719289,sul2,core,AMR,SULFONAMIDE,SULFONAMIDE,PARTIAL_CONTIG_ENDX,83.03,99.56,WP_001043260.1,True
SRR13719614,qnrB19,core,AMR,QUINOLONE,QUINOLONE,ALLELEX,100.0,100.0,WP_012954666.1,True
SRR14360286,qnrB,core,AMR,QUINOLONE,QUINOLONE,PARTIAL_CONTIG_ENDX,88.32,100.0,WP_012954666.1,True
SRR14921286,floR,core,AMR,PHENICOL,CHLORAMPHENICOL/FLORFENICOL,BLASTX,100.0,99.75,WP_000214122.1,True
SRR14921286,tet(A),core,AMR,TETRACYCLINE,TETRACYCLINE,EXACTX,100.0,100.0,WP_000804063.1,True
SRR14921286,aph(3')-Ia,core,AMR,AMINOGLYCOSIDE,KANAMYCIN,PARTIALX,87.45,98.31,WP_012695470.1,True
SRR14921286,sul1,core,AMR,SULFONAMIDE,SULFONAMIDE,PARTIALX,85.45,97.87,WP_063855066.1,True
SRR14921286,qacEdelta1,core,STRESS,QUATERNARY AMMONIUM,QUATERNARY AMMONIUM,ALLELEX,100.0,100.0,WP_000679427.1,True
SRR14921286,aac(3)-VIa,core,AMR,AMINOGLYCOSIDE,GENTAMICIN,EXACTX,100.0,100.0,WP_000131886.1,True
SRR14921286,aadA1,core,AMR,AMINOGLYCOSIDE,STREPTOMYCIN,EXACTX,100.0,100.0,WP_001206316.1,True
SRR14921286,dfrA15,core,AMR,TRIMETHOPRIM,TRIMETHOPRIM,EXACTX,100.0,100.0,WP_001355915.1,True
SRR14921286,qnrB19,core,AMR,QUINOLONE,QUINOLONE,ALLELEX,100.0,100.0,WP_012954666.1,True
SRR14921286,aadA5,core,AMR,AMINOGLYCOSIDE,STREPTOMYCIN,EXACTX,100.0,100.0,WP_000503573.1,True
SRR14921286,dfrA17,core,AMR,TRIMETHOPRIM,TRIMETHOPRIM,EXACTX,100.0,100.0,WP_001389366.1,True
SRR15853458,dfrA1,core,AMR,TRIMETHOPRIM,TRIMETHOPRIM,EXACTX,100.0,100.0,WP_000777554.1,True
SRR15853458,aph(6)-Id,core,AMR,AMINOGLYCOSIDE,STREPTOMYCIN,EXACTX,100.0,100.0,WP_000480968.1,True
SRR15853458,aph(3'')-Ib,core,AMR,AMINOGLYCOSIDE,STREPTOMYCIN,EXACTX,100.0,100.0,WP_001082319.1,True
SRR15853458,sul2,core,AMR,SULFONAMIDE,SULFONAMIDE,EXACTX,100.0,100.0,WP_001043260.1,True
SRR1646109,qnrB19,core,AMR,QUINOLONE,QUINOLONE,ALLELEX,100.0,100.0,WP_012954666.1,True
SRR21535455,qnrB19,core,AMR,QUINOLONE,QUINOLONE,ALLELEX,100.0,100.0,WP_012954666.1,True
SRR21535466,qnrB19,core,AMR,QUINOLONE,QUINOLONE,ALLELEX,100.0,100.0,WP_012954666.1,True
SRR21787058,qnrB19,core,AMR,QUINOLONE,QUINOLONE,ALLELEX,100.0,100.0,WP_012954666.1,True
SRR21787324,qnrB19,core,AMR,QUINOLONE,QUINOLONE,ALLELEX,100.0,100.0,WP_012954666.1,True
SRR22175068,qnrB19,core,AMR,QUINOLONE,QUINOLONE,ALLELEX,100.0,100.0,WP_012954666.1,True
SRR26050334,qnrB19,core,AMR,QUINOLONE,QUINOLONE,ALLELEX,100.0,100.0,WP_012954666.1,True
SRR26858817,qnrB19,core,AMR,QUINOLONE,QUINOLONE,ALLELEX,100.0,100.0,WP_012954666.1,True
SRR27185117,qnrB19,core,AMR,QUINOLONE,QUINOLONE,ALLELEX,100.0,100.0,WP_012954666.1,True
SRR27481520,qnrB19,core,AMR,QUINOLONE,QUINOLONE,ALLELEX,100.0,100.0,WP_012954666.1,True
SRR27481649,qnrB19,core,AMR,QUINOLONE,QUINOLONE,ALLELEX,100.0,100.0,WP_012954666.1,True
SRR27481651,qnrB19,core,AMR,QUINOLONE,QUINOLONE,ALLELEX,100.0,100.0,WP_012954666.1,True
SRR27481815,qnrB19,core,AMR,QUINOLONE,QUINOLONE,ALLELEX,100.0,100.0,WP_012954666.1,True
SRR27481822,qnrB19,core,AMR,QUINOLONE,QUINOLONE,ALLELEX,100.0,100.0,WP_012954666.1,True
SRR27762886,qnrB19,core,AMR,QUINOLONE,QUINOLONE,ALLELEX,100.0,100.0,WP_012954666.1,True
SRR28295566,qnrB19,core,AMR,QUINOLONE,QUINOLONE,ALLELEX,100.0,100.0,WP_012954666.1,True
SRR2917136,sul1,core,AMR,SULFONAMIDE,SULFONAMIDE,EXACTX,100.0,100.0,WP_000259031.1,True
SRR2917136,qacEdelta1,core,STRESS,QUATERNARY AMMONIUM,QUATERNARY AMMONIUM,ALLELEX,100.0,100.0,WP_000679427.1,True
SRR2917136,blaCTX-M-2,core,AMR,BETA-LACTAM,CEPHALOSPORIN,ALLELEX,100.0,100.0,WP_025368620.1,True
SRR2917136,sul1,core,AMR,SULFONAMIDE,SULFONAMIDE,EXACTX,100.0,100.0,WP_000259031.1,True
SRR2917136,qacEdelta1,core,STRESS,QUATERNARY AMMONIUM,QUATERNARY AMMONIUM,ALLELEX,100.0,100.0,WP_000679427.1,True
SRR2917136,aac(3)-VIa,core,AMR,AMINOGLYCOSIDE,GENTAMICIN,BLASTX,100.0,98.66,WP_000131886.1,True
SRR2917136,aadA1,core,AMR,AMINOGLYCOSIDE,STREPTOMYCIN,EXACTX,100.0,100.0,WP_001206316.1,True
SRR2917136,qnrB19,core,AMR,QUINOLONE,QUINOLONE,ALLELEX,100.0,100.0,WP_012954666.1,True
SRR2917137,ramR_T18P,core,AMR,MULTIDRUG,AMPICILLIN/CHLORAMPHENICOL/QUINOLONE/RIFAMPIN/TETRACYCLINE,POINTX,100.0,99.48,WP_000113609.1,True
SRR2917137,aadA1,core,AMR,AMINOGLYCOSIDE,STREPTOMYCIN,EXACTX,100.0,100.0,WP_001206316.1,True
SRR2917137,aac(3)-VIa,core,AMR,AMINOGLYCOSIDE,GENTAMICIN,BLASTX,100.0,98.66,WP_000131886.1,True
SRR2917137,qacEdelta1,core,STRESS,QUATERNARY AMMONIUM,QUATERNARY AMMONIUM,ALLELEX,100.0,100.0,WP_000679427.1,True
SRR2917137,sul1,core,AMR,SULFONAMIDE,SULFONAMIDE,EXACTX,100.0,100.0,WP_000259031.1,True
SRR2917137,blaCTX-M-2,core,AMR,BETA-LACTAM,CEPHALOSPORIN,ALLELEX,100.0,100.0,WP_025368620.1,True
SRR2917137,qacEdelta1,core,STRESS,QUATERNARY AMMONIUM,QUATERNARY AMMONIUM,ALLELEX,100.0,100.0,WP_000679427.1,True
SRR2917137,sul1,core,AMR,SULFONAMIDE,SULFONAMIDE,EXACTX,100.0,100.0,WP_000259031.1,True
SRR2917137,qnrB19,core,AMR,QUINOLONE,QUINOLONE,ALLELEX,100.0,100.0,WP_012954666.1,True
SRR2917138,blaCTX-M-2,core,AMR,BETA-LACTAM,CEPHALOSPORIN,ALLELEX,100.0,100.0,WP_025368620.1,True
SRR2917138,sul1,core,AMR,SULFONAMIDE,SULFONAMIDE,EXACTX,100.0,100.0,WP_000259031.1,True
SRR2917138,qacEdelta1,core,STRESS,QUATERNARY AMMONIUM,QUATERNARY AMMONIUM,ALLELEX,100.0,100.0,WP_000679427.1,True
SRR2917138,aac(3)-VIa,core,AMR,AMINOGLYCOSIDE,GENTAMICIN,BLASTX,100.0,98.66,WP_000131886.1,True
SRR2917138,aadA1,core,AMR,AMINOGLYCOSIDE,STREPTOMYCIN,EXACTX,100.0,100.0,WP_001206316.1,True
SRR2917138,qnrB19,core,AMR,QUINOLONE,QUINOLONE,ALLELEX,100.0,100.0,WP_012954666.1,True
SRR2917138,ramR_T18P,core,AMR,MULTIDRUG,AMPICILLIN/CHLORAMPHENICOL/QUINOLONE/RIFAMPIN/TETRACYCLINE,POINTX,100.0,99.48,WP_000113609.1,True
SRR2917139,ramR_T18P,core,AMR,MULTIDRUG,AMPICILLIN/CHLORAMPHENICOL/QUINOLONE/RIFAMPIN/TETRACYCLINE,POINTX,100.0,99.48,WP_000113609.1,True
SRR2917139,aadA1,core,AMR,AMINOGLYCOSIDE,STREPTOMYCIN,EXACTX,100.0,100.0,WP_001206316.1,True
SRR2917139,aac(3)-VIa,core,AMR,AMINOGLYCOSIDE,GENTAMICIN,BLASTX,100.0,98.66,WP_000131886.1,True
SRR2917139,qacEdelta1,core,STRESS,QUATERNARY AMMONIUM,QUATERNARY AMMONIUM,ALLELEX,100.0,100.0,WP_000679427.1,True
SRR2917139,sul1,core,AMR,SULFONAMIDE,SULFONAMIDE,EXACTX,100.0,100.0,WP_000259031.1,True
SRR2917139,blaCTX-M-2,core,AMR,BETA-LACTAM,CEPHALOSPORIN,ALLELEX,100.0,100.0,WP_025368620.1,True
SRR2917139,qacEdelta1,core,STRESS,QUATERNARY AMMONIUM,QUATERNARY AMMONIUM,ALLELEX,100.0,100.0,WP_000679427.1,True
SRR2917139,sul1,core,AMR,SULFONAMIDE,SULFONAMIDE,EXACTX,100.0,100.0,WP_000259031.1,True
SRR2917139,qnrB19,core,AMR,QUINOLONE,QUINOLONE,ALLELEX,100.0,100.0,WP_012954666.1,True
SRR2917140,aadA1,core,AMR,AMINOGLYCOSIDE,STREPTOMYCIN,EXACTX,100.0,100.0,WP_001206316.1,True
SRR2917140,aac(3)-VIa,core,AMR,AMINOGLYCOSIDE,GENTAMICIN,BLASTX,100.0,98.66,WP_000131886.1,True
SRR2917140,qacEdelta1,core,STRESS,QUATERNARY AMMONIUM,QUATERNARY AMMONIUM,ALLELEX,100.0,100.0,WP_000679427.1,True
SRR2917140,sul1,core,AMR,SULFONAMIDE,SULFONAMIDE,EXACTX,100.0,100.0,WP_000259031.1,True
SRR2917140,blaCTX-M-2,core,AMR,BETA-LACTAM,CEPHALOSPORIN,ALLELEX,100.0,100.0,WP_025368620.1,True
SRR2917140,qnrB19,core,AMR,QUINOLONE,QUINOLONE,ALLELEX,100.0,100.0,WP_012954666.1,True
SRR3001933,sul1,core,AMR,SULFONAMIDE,SULFONAMIDE,EXACTX,100.0,100.0,WP_000259031.1,True
SRR3001933,qacEdelta1,core,STRESS,QUATERNARY AMMONIUM,QUATERNARY AMMONIUM,ALLELEX,100.0,100.0,WP_000679427.1,True
SRR3001933,blaCTX-M-2,core,AMR,BETA-LACTAM,CEPHALOSPORIN,ALLELEX,100.0,100.0,WP_025368620.1,True
SRR3001933,sul1,core,AMR,SULFONAMIDE,SULFONAMIDE,EXACTX,100.0,100.0,WP_000259031.1,True
SRR3001933,qacEdelta1,core,STRESS,QUATERNARY AMMONIUM,QUATERNARY AMMONIUM,ALLELEX,100.0,100.0,WP_000679427.1,True
SRR3001933,aac(3)-VIa,core,AMR,AMINOGLYCOSIDE,GENTAMICIN,BLASTX,100.0,98.66,WP_000131886.1,True
SRR3001933,aadA1,core,AMR,AMINOGLYCOSIDE,STREPTOMYCIN,EXACTX,100.0,100.0,WP_001206316.1,True
SRR3001933,qnrB19,core,AMR,QUINOLONE,QUINOLONE,ALLELEX,100.0,100.0,WP_012954666.1,True
SRR3137069,sul1,core,AMR,SULFONAMIDE,SULFONAMIDE,EXACTX,100.0,100.0,WP_000259031.1,True
SRR3137069,qacEdelta1,core,STRESS,QUATERNARY AMMONIUM,QUATERNARY AMMONIUM,ALLELEX,100.0,100.0,WP_000679427.1,True
SRR3137069,blaCTX-M-2,core,AMR,BETA-LACTAM,CEPHALOSPORIN,ALLELEX,100.0,100.0,WP_025368620.1,True
SRR3137069,sul1,core,AMR,SULFONAMIDE,SULFONAMIDE,EXACTX,100.0,100.0,WP_000259031.1,True
SRR3137069,qacEdelta1,core,STRESS,QUATERNARY AMMONIUM,QUATERNARY AMMONIUM,ALLELEX,100.0,100.0,WP_000679427.1,True
SRR3137069,aac(3)-VIa,core,AMR,AMINOGLYCOSIDE,GENTAMICIN,BLASTX,100.0,98.66,WP_000131886.1,True
SRR3137069,aadA1,core,AMR,AMINOGLYCOSIDE,STREPTOMYCIN,EXACTX,100.0,100.0,WP_001206316.1,True
SRR3137069,qnrB19,core,AMR,QUINOLONE,QUINOLONE,ALLELEX,100.0,100.0,WP_012954666.1,True
SRR3137069,ramR_T18P,core,AMR,MULTIDRUG,AMPICILLIN/CHLORAMPHENICOL/QUINOLONE/RIFAMPIN/TETRACYCLINE,POINTX,100.0,99.48,WP_000113609.1,True
SRR5056398,qnrB19,core,AMR,QUINOLONE,QUINOLONE,ALLELEX,100.0,100.0,WP_012954666.1,True
SRR5084265,aadA1,core,AMR,AMINOGLYCOSIDE,STREPTOMYCIN,EXACTX,100.0,100.0,WP_001206316.1,True
SRR5084265,aac(3)-VIa,core,AMR,AMINOGLYCOSIDE,GENTAMICIN,BLASTX,100.0,98.66,WP_000131886.1,True
SRR5084265,qacEdelta1,core,STRESS,QUATERNARY AMMONIUM,QUATERNARY AMMONIUM,ALLELEX,100.0,100.0,WP_000679427.1,True
SRR5084265,sul1,core,AMR,SULFONAMIDE,SULFONAMIDE,EXACTX,100.0,100.0,WP_000259031.1,True
SRR5084265,qnrB19,core,AMR,QUINOLONE,QUINOLONE,ALLELEX,100.0,100.0,WP_012954666.1,True
SRR5121494,aadA1,core,AMR,AMINOGLYCOSIDE,STREPTOMYCIN,EXACTX,100.0,100.0,WP_001206316.1,True
SRR5121494,qacEdelta1,core,STRESS,QUATERNARY AMMONIUM,QUATERNARY AMMONIUM,ALLELEX,100.0,100.0,WP_000679427.1,True
SRR5121494,sul1,core,AMR,SULFONAMIDE,SULFONAMIDE,EXACTX,100.0,100.0,WP_000259031.1,True
SRR5121494,qnrB19,core,AMR,QUINOLONE,QUINOLONE,ALLELEX,100.0,100.0,WP_012954666.1,True
SRR5121494,ramR_T18P,core,AMR,MULTIDRUG,AMPICILLIN/CHLORAMPHENICOL/QUINOLONE/RIFAMPIN/TETRACYCLINE,POINTX,100.0,99.48,WP_000113609.1,True
SRR5121497,blaCTX-M-2,core,AMR,BETA-LACTAM,CEPHALOSPORIN,ALLELEX,100.0,100.0,WP_025368620.1,True
SRR5121497,sul1,core,AMR,SULFONAMIDE,SULFONAMIDE,EXACTX,100.0,100.0,WP_000259031.1,True
SRR5121497,qacEdelta1,core,STRESS,QUATERNARY AMMONIUM,QUATERNARY AMMONIUM,ALLELEX,100.0,100.0,WP_000679427.1,True
SRR5121497,aac(3)-VIa,core,AMR,AMINOGLYCOSIDE,GENTAMICIN,BLASTX,100.0,98.66,WP_000131886.1,True
SRR5121497,aadA1,core,AMR,AMINOGLYCOSIDE,STREPTOMYCIN,EXACTX,100.0,100.0,WP_001206316.1,True
SRR5121497,qnrB19,core,AMR,QUINOLONE,QUINOLONE,ALLELEX,100.0,100.0,WP_012954666.1,True
SRR5379276,qnrB19,core,AMR,QUINOLONE,QUINOLONE,ALLELEX,100.0,100.0,WP_012954666.1,True
SRR6107195,ramR_T18P,core,AMR,MULTIDRUG,AMPICILLIN/CHLORAMPHENICOL/QUINOLONE/RIFAMPIN/TETRACYCLINE,POINTX,100.0,99.48,WP_000113609.1,True
SRR6107195,aadA1,core,AMR,AMINOGLYCOSIDE,STREPTOMYCIN,EXACTX,100.0,100.0,WP_001206316.1,True
SRR6107195,aac(3)-VIa,core,AMR,AMINOGLYCOSIDE,GENTAMICIN,BLASTX,100.0,98.66,WP_000131886.1,True
SRR6107195,qacEdelta1,core,STRESS,QUATERNARY AMMONIUM,QUATERNARY AMMONIUM,ALLELEX,100.0,100.0,WP_000679427.1,True
SRR6107195,sul1,core,AMR,SULFONAMIDE,SULFONAMIDE,EXACTX,100.0,100.0,WP_000259031.1,True
SRR6107195,blaCTX-M-2,core,AMR,BETA-LACTAM,CEPHALOSPORIN,ALLELEX,100.0,100.0,WP_025368620.1,True
SRR6107195,qacEdelta1,core,STRESS,QUATERNARY AMMONIUM,QUATERNARY AMMONIUM,ALLELEX,100.0,100.0,WP_000679427.1,True
SRR6107195,sul1,core,AMR,SULFONAMIDE,SULFONAMIDE,EXACTX,100.0,100.0,WP_000259031.1,True
SRR6107195,qnrB19,core,AMR,QUINOLONE,QUINOLONE,ALLELEX,100.0,100.0,WP_012954666.1,True
SRR6457657,qnrB19,core,AMR,QUINOLONE,QUINOLONE,ALLELEX,100.0,100.0,WP_012954666.1,True
SRR7130368,qnrB19,core,AMR,QUINOLONE,QUINOLONE,ALLELEX,100.0,100.0,WP_012954666.1,True
SRR7130369,qnrB19,core,AMR,QUINOLONE,QUINOLONE,ALLELEX,100.0,100.0,WP_012954666.1,True
SRR7130370,qnrB19,core,AMR,QUINOLONE,QUINOLONE,ALLELEX,100.0,100.0,WP_012954666.1,True
SRR7130371,qnrB19,core,AMR,QUINOLONE,QUINOLONE,ALLELEX,100.0,100.0,WP_012954666.1,True
SRR7427053,qnrS1,core,AMR,QUINOLONE,QUINOLONE,ALLELEX,100.0,100.0,WP_001516695.1,True
SRR7427053,blaLAP-2,core,AMR,BETA-LACTAM,BETA-LACTAM,ALLELEX,100.0,100.0,WP_012477595.1,True
SRR7427053,aadA1,core,AMR,AMINOGLYCOSIDE,STREPTOMYCIN,EXACTX,100.0,100.0,WP_001206316.1,True
SRR7427053,catA1,core,AMR,PHENICOL,CHLORAMPHENICOL,EXACTX,100.0,100.0,WP_000412211.1,True
SRR7427053,tet(A),core,AMR,TETRACYCLINE,TETRACYCLINE,EXACTX,100.0,100.0,WP_000804064.1,True
SRR7427053,dfrA1,core,AMR,TRIMETHOPRIM,TRIMETHOPRIM,EXACTX,100.0,100.0,WP_000777554.1,True
SRR7427053,qnrB19,core,AMR,QUINOLONE,QUINOLONE,ALLELEX,100.0,100.0,WP_012954666.1,True
SRR7427053,qacEdelta1,core,STRESS,QUATERNARY AMMONIUM,QUATERNARY AMMONIUM,ALLELEX,100.0,100.0,WP_000679427.1,True
SRR7427053,sul1,core,AMR,SULFONAMIDE,SULFONAMIDE,EXACTX,100.0,100.0,WP_000259031.1,True
SRR7457932,qnrB19,core,AMR,QUINOLONE,QUINOLONE,ALLELEX,100.0,100.0,WP_012954666.1,True
SRR7467291,qnrB19,core,AMR,QUINOLONE,QUINOLONE,ALLELEX,100.0,100.0,WP_012954666.1,True
SRR8137438,qnrB19,core,AMR,QUINOLONE,QUINOLONE,ALLELEX,100.0,100.0,WP_012954666.1,True
SRR8293522,qnrB19,core,AMR,QUINOLONE,QUINOLONE,ALLELEX,100.0,100.0,WP_012954666.1,True
SRR8325561,qnrB19,core,AMR,QUINOLONE,QUINOLONE,ALLELEX,100.0,100.0,WP_012954666.1,True
SRR8503644,qnrB19,core,AMR,QUINOLONE,QUINOLONE,ALLELEX,100.0,100.0,WP_012954666.1,True
SRR9273829,blaCTX-M-15,core,AMR,BETA-LACTAM,CEPHALOSPORIN,ALLELEX,100.0,100.0,WP_000239590.1,True
SRR9273829,sul2,core,AMR,SULFONAMIDE,SULFONAMIDE,EXACTX,100.0,100.0,WP_001043260.1,True
SRR9273829,aph(3'')-Ib,core,AMR,AMINOGLYCOSIDE,STREPTOMYCIN,EXACTX,100.0,100.0,WP_001082319.1,True
SRR9273829,aph(6)-Id,core,AMR,AMINOGLYCOSIDE,STREPTOMYCIN,EXACTX,100.0,100.0,WP_000480968.1,True
SRR9273829,tet(A),core,AMR,TETRACYCLINE,TETRACYCLINE,EXACTX,100.0,100.0,WP_000804063.1,True
SRR9273829,floR,core,AMR,PHENICOL,CHLORAMPHENICOL/FLORFENICOL,EXACTX,100.0,100.0,WP_000214119.1,True
SRR9273829,dfrA23,core,AMR,TRIMETHOPRIM,TRIMETHOPRIM,EXACTX,100.0,100.0,WP_001143450.1,True
SRR9273829,sul1,core,AMR,SULFONAMIDE,SULFONAMIDE,EXACTX,100.0,100.0,WP_000259031.1,True
SRR9273829,qacEdelta1,core,STRESS,QUATERNARY AMMONIUM,QUATERNARY AMMONIUM,ALLELEX,100.0,100.0,WP_000679427.1,True
SRR9273829,aadA1,core,AMR,AMINOGLYCOSIDE,STREPTOMYCIN,EXACTX,100.0,100.0,WP_001209508.1,True
SRR9273829,blaOXA-10,core,AMR,BETA-LACTAM,CEPHALOSPORIN,ALLELEX,100.0,100.0,WP_000846390.1,True
SRR9273829,cmlA5,core,AMR,PHENICOL,CHLORAMPHENICOL,EXACTX,100.0,100.0,WP_012300772.1,True
SRR9273829,aac(3)-IIe,core,AMR,AMINOGLYCOSIDE,GENTAMICIN,EXACTX,100.0,100.0,WP_000557452.1,True
SRR9627787,qnrB19,core,AMR,QUINOLONE,QUINOLONE,ALLELEX,100.0,100.0,WP_012954666.1,True
