isolate_id,source_isolate_id,run_accession,sample_accession,country,source_type,source_detail,invasive,year,lineage,sequence_type,clonal_complex,source_group,in_CC25_tree,in_ST335_tree,CC25_order,ST335_order,experiment_accession,accession_basis,XDR_genomic_profile,MDR_genomic_profile,CARB_R_genomic_marker,MAC_R_genomic_marker,genomic_determinants,AMRFinder_class_count,filtered_determinant_count,phenotyped_Kenneth,XDR_phenotype,CC25_panel,ST335_panel,plot_label,matrix_position
44341_3_304,44341_3#304,ERR16714663,ERS29128468,Malawi,River,Water associated sample,No,2020,5,335,25,River water,1,1,1,1,ERX16105628,Supplied isolate accession workbook,1,1,0,0,blaOXA-1; blaOXA-10; cmlA5; floR; dfrA23; blaCTX-M-15; qnrB1; tet(A); sul1; sul2; aac(3)-IIe; aac(6')-Ib-cr5; aadA1; aph(3'')-Ib; aph(6)-Id; arr-2; qacEdelta1,10,17,0,Other,CC25-01,ST335-01,44341_3_304 | ERR16714663,1
44341_3_305,44341_3#305,ERR16714664,ERS29128469,Malawi,River,Water associated sample,No,2020,5,335,25,River water,1,1,2,2,ERX16105629,Supplied isolate accession workbook,1,1,0,0,blaOXA-1; blaOXA-10; cmlA5; floR; dfrA23; blaCTX-M-15; qnrB1; tet(A); sul1; sul2; aac(3)-IIe; aac(6')-Ib-cr5; aadA1; aph(3'')-Ib; aph(6)-Id; arr-2; qacEdelta1,10,17,0,Other,CC25-01,ST335-01,44341_3_305 | ERR16714664,2
44341_3_281,44341_3#281,ERR16714662,ERS29128467,Malawi,River,Water associated sample,No,2020,5,335,25,River water,1,1,3,3,ERX16105627,Supplied isolate accession workbook,1,1,0,0,blaOXA-1; blaOXA-10; cmlA5; floR; dfrA23; blaCTX-M-15; qnrB1; tet(A); sul1; sul2; aac(3)-IIe; aac(6')-Ib-cr5; aadA1; aph(3'')-Ib; aph(6)-Id; arr-2; qacEdelta1,10,17,0,Other,CC25-01,ST335-01,44341_3_281 | ERR16714662,3
CIV13XE8,CIV13XE8_S20_L001,ERR16714702,ERS29128507,Malawi,Hospital environment,Chatinkha Nursery,No,2020,5,335,25,Neonatal unit sampling,1,1,4,4,ERX16105667,Supplied isolate accession workbook,1,1,0,0,blaOXA-1; blaOXA-10; cmlA5; floR; dfrA23; blaCTX-M-15; qnrB1; tet(A); sul1; sul2; aac(3)-IIe; aac(6')-Ib-cr5; aadA1; aph(3'')-Ib; aph(6)-Id; arr-2; qacEdelta1,10,17,0,Other,CC25-01,ST335-01,CIV13XE8 | ERR16714702,4
44341_3_128,44341_3#128,ERR16714653,ERS29128458,Malawi,River,Water associated sample,No,2020,5,335,25,River water,1,1,5,5,ERX16105618,Supplied isolate accession workbook,1,1,0,0,blaOXA-1; blaOXA-10; cmlA5; floR; dfrA23; blaCTX-M-15; qnrB1; tet(A); sul1; sul2; aac(3)-IIe; aac(6')-Ib-cr5; aadA1; aph(3'')-Ib; aph(6)-Id; arr-2; qacEdelta1,10,17,0,Other,CC25-01,ST335-01,44341_3_128 | ERR16714653,5
44341_3_131,44341_3#131,ERR16714654,ERS29128459,Malawi,River,Water associated sample,No,2020,5,335,25,River water,1,1,6,6,ERX16105619,Supplied isolate accession workbook,1,1,0,0,blaOXA-1; blaOXA-10; cmlA5; floR; dfrA23; blaCTX-M-15; qnrB1; tet(A); sul1; sul2; aac(3)-IIe; aac(6')-Ib-cr5; aadA1; aph(3'')-Ib; aph(6)-Id; arr-2; qacEdelta1,10,17,0,Other,CC25-01,ST335-01,44341_3_131 | ERR16714654,6
44341_3_136,44341_3#136,ERR16714655,ERS29128460,Malawi,River,Water associated sample,No,2020,5,335,25,River water,1,1,7,7,ERX16105620,Supplied isolate accession workbook,0,1,0,0,blaOXA-1; blaOXA-10; cmlA5; floR; dfrA23; qnrB1; tet(A); sul1; sul2; aac(6')-Ib-cr5; aadA1; aph(3'')-Ib; aph(6)-Id; arr-2; qacEdelta1,10,15,0,Other,CC25-01,ST335-01,44341_3_136 | ERR16714655,7
CIV13PE7,CIV13PE7_S12_L001,ERR16714696,ERS29128501,Malawi,Hospital environment,Chatinkha Nursery,No,2020,5,335,25,Neonatal unit sampling,1,1,8,8,ERX16105661,Supplied isolate accession workbook,1,1,0,0,blaOXA-1; blaOXA-10; cmlA5; floR; dfrA23; blaCTX-M-15; qnrB1; tet(A); sul1; sul2; aac(3)-IIe; aac(6')-Ib-cr5; aadA1; aph(3'')-Ib; aph(6)-Id; arr-2; qacEdelta1,10,17,0,Other,CC25-01,ST335-01,CIV13PE7 | ERR16714696,8
CIT159B1,CIT159B1_S40_L001,ERR16714687,ERS29128492,Malawi,Hospital environment,Chatinkha Nursery,No,2020,5,335,25,Neonatal unit sampling,1,1,9,9,ERX16105652,Supplied isolate accession workbook,1,1,0,0,blaOXA-1; blaOXA-10; cmlA5; floR; dfrA23; blaCTX-M-15; qnrB1; tet(A); sul1; sul2; aac(3)-IIe; aac(6')-Ib-cr5; aadA1; aph(3'')-Ib; aph(6)-Id; arr-2; qacEdelta1,10,17,0,Other,CC25-01,ST335-01,CIT159B1 | ERR16714687,9
CIT15EB1,CIT15EB1_S3_L001,ERR16714688,ERS29128493,Malawi,Hospital environment,Chatinkha Nursery,No,2020,5,335,25,Neonatal unit sampling,1,1,10,10,ERX16105653,Supplied isolate accession workbook,1,1,0,0,blaOXA-1; blaOXA-10; cmlA5; floR; dfrA23; blaCTX-M-15; qnrB1; tet(A); sul1; sul2; aac(3)-IIe; aac(6')-Ib-cr5; aadA1; aph(3'')-Ib; aph(6)-Id; arr-2; qacEdelta1,10,17,1,1,CC25-01,ST335-01,CIT15EB1 | ERR16714688,10
CIS153C1,CIS153C1_S4_L001,ERR16714684,ERS29128489,Malawi,Hospital environment,Chatinkha Nursery,No,2020,5,335,25,Neonatal unit sampling,1,1,11,11,ERX16105649,Supplied isolate accession workbook,1,1,0,0,blaOXA-1; blaOXA-10; cmlA5; floR; dfrA23; blaCTX-M-15; qnrB1; tet(A); sul1; sul2; aac(3)-IIe; aac(6')-Ib-cr5; aadA1; aph(3'')-Ib; aph(6)-Id; arr-2; qacEdelta1,10,17,0,Other,CC25-01,ST335-01,CIS153C1 | ERR16714684,11
CIV147E3,CIV147E3_S35_L001,ERR16714720,ERS29128525,Malawi,Hospital environment,Chatinkha Nursery,No,2020,5,335,25,Neonatal unit sampling,1,1,12,12,ERX16105685,Supplied isolate accession workbook,1,1,0,0,blaOXA-1; blaOXA-10; cmlA5; floR; dfrA23; blaCTX-M-15; qnrB1; tet(A); sul1; sul2; aac(3)-IIe; aac(6')-Ib-cr5; aadA1; aph(3'')-Ib; aph(6)-Id; arr-2; qacEdelta1,10,17,0,Other,CC25-01,ST335-01,CIV147E3 | ERR16714720,12
CIT15FH1,CIT15FH1_S5_L001,ERR16714690,ERS29128495,Malawi,Hospital environment,Chatinkha Nursery,No,2020,5,335,25,Neonatal unit sampling,1,1,13,13,ERX16105655,Supplied isolate accession workbook,1,1,0,0,blaOXA-1; blaOXA-10; cmlA5; floR; dfrA23; blaCTX-M-15; qnrB1; tet(A); sul1; sul2; aac(3)-IIe; aac(6')-Ib-cr5; aadA1; aph(3'')-Ib; aph(6)-Id; arr-2; qacEdelta1,10,17,1,0,CC25-01,ST335-01,CIT15FH1 | ERR16714690,13
CIV143E2,CIV143E2_S28_L001,ERR16714713,ERS29128518,Malawi,Hospital environment,Chatinkha Nursery,No,2020,5,335,25,Neonatal unit sampling,1,1,14,14,ERX16105678,Supplied isolate accession workbook,1,1,0,0,blaOXA-1; blaOXA-10; cmlA5; floR; dfrA23; blaCTX-M-15; qnrB1; tet(A); sul1; sul2; aac(3)-IIe; aac(6')-Ib-cr5; aadA1; aph(3'')-Ib; aph(6)-Id; arr-2; qacEdelta1,10,17,1,1,CC25-01,ST335-01,CIV143E2 | ERR16714713,14
CIU145B1,CIU145B1_S13_L001,ERR16714694,ERS29128499,Malawi,Hospital environment,Chatinkha Nursery,No,2020,5,335,25,Neonatal unit sampling,1,1,15,15,ERX16105659,Supplied isolate accession workbook,1,1,0,0,blaOXA-1; blaOXA-10; cmlA5; floR; dfrA23; blaCTX-M-15; qnrB1; tet(A); sul1; sul2; aac(3)-IIe; aac(6')-Ib-cr5; aadA1; aph(3'')-Ib; aph(6)-Id; arr-2; qacEdelta1,10,17,0,Other,CC25-01,ST335-01,CIU145B1 | ERR16714694,15
44341_3_310,44341_3#310,ERR16714665,ERS29128470,Malawi,River,Water associated sample,No,2020,5,335,25,River water,1,1,16,16,ERX16105630,Supplied isolate accession workbook,1,1,0,0,blaOXA-1; blaOXA-10; cmlA5; floR; dfrA23; blaCTX-M-15; qnrB1; tet(A); sul1; sul2; aac(3)-IIe; aac(6')-Ib-cr5; aadA1; aph(3'')-Ib; aph(6)-Id; arr-2; qacEdelta1,10,17,0,Other,CC25-01,ST335-01,44341_3_310 | ERR16714665,16
CIV13XE2,CIV13XE2_S6_L001,ERR16714700,ERS29128505,Malawi,Hospital environment,Chatinkha Nursery,No,2020,5,335,25,Neonatal unit sampling,1,1,17,17,ERX16105665,Supplied isolate accession workbook,1,1,0,0,blaOXA-1; blaOXA-10; cmlA5; floR; dfrA23; blaCTX-M-15; qnrB1; tet(A); sul1; sul2; aac(3)-IIe; aac(6')-Ib-cr5; aadA1; aph(3'')-Ib; aph(6)-Id; arr-2; qacEdelta1,10,17,1,0,CC25-01,ST335-01,CIV13XE2 | ERR16714700,17
44341_4_275,44341_4#275,ERR16714667,ERS29128472,Malawi,River,Water associated sample,No,2020,5,335,25,River water,1,1,18,18,ERX16105632,Supplied isolate accession workbook,1,1,0,0,blaOXA-1; blaOXA-10; cmlA5; floR; dfrA23; blaCTX-M-15; qnrB1; tet(A); sul1; sul2; aac(3)-IIe; aac(6')-Ib-cr5; aadA1; aph(3'')-Ib; aph(6)-Id; arr-2; qacEdelta1,10,17,0,Other,CC25-01,ST335-01,44341_4_275 | ERR16714667,18
CIT15FB1,CIT15FB1_S1_L001,ERR16714689,ERS29128494,Malawi,Hospital environment,Chatinkha Nursery,No,2020,5,335,25,Neonatal unit sampling,1,1,19,19,ERX16105654,Supplied isolate accession workbook,1,1,0,0,blaOXA-1; blaOXA-10; cmlA5; floR; dfrA23; blaCTX-M-15; qnrB1; tet(A); sul1; sul2; aac(3)-IIe; aac(6')-Ib-cr5; aadA1; aph(3'')-Ib; aph(6)-Id; arr-2; qacEdelta1,10,17,1,0,CC25-01,ST335-01,CIT15FB1 | ERR16714689,19
CIV13XU1,CIV13XU1_S18_L001,ERR16714703,ERS29128508,Malawi,Hospital environment,Chatinkha Nursery,No,2020,5,335,25,Neonatal unit sampling,1,1,20,20,ERX16105668,Supplied isolate accession workbook,1,1,0,0,blaOXA-1; blaOXA-10; cmlA5; floR; dfrA23; blaCTX-M-15; qnrB1; tet(A); sul1; sul2; aac(3)-IIe; aac(6')-Ib-cr5; aadA1; aph(3'')-Ib; aph(6)-Id; arr-2; qacEdelta1,10,17,0,Other,CC25-01,ST335-01,CIV13XU1 | ERR16714703,20
CIV142E6,CIV142E6_S29_L001,ERR16714712,ERS29128517,Malawi,Hospital environment,Chatinkha Nursery,No,2020,5,335,25,Neonatal unit sampling,1,1,21,21,ERX16105677,Supplied isolate accession workbook,1,1,0,0,blaOXA-1; blaOXA-10; cmlA5; floR; dfrA23; blaCTX-M-15; qnrB1; tet(A); sul2; aac(3)-IIe; aac(6')-Ib-cr5; aadA1; aph(3'')-Ib; aph(6)-Id; arr-2; qacEdelta1,10,16,1,1,CC25-01,ST335-01,CIV142E6 | ERR16714712,21
CIV143U1,CIV143U1_S32_L001,ERR16714716,ERS29128521,Malawi,Hospital environment,Chatinkha Nursery,No,2020,5,335,25,Neonatal unit sampling,1,1,22,22,ERX16105681,Supplied isolate accession workbook,1,1,0,0,blaOXA-1; blaOXA-10; cmlA5; floR; dfrA23; blaCTX-M-15; qnrB1; tet(A); sul1; sul2; aac(3)-IIe; aac(6')-Ib-cr5; aadA1; aph(3'')-Ib; aph(6)-Id; arr-2; qacEdelta1,10,17,1,1,CC25-01,ST335-01,CIV143U1 | ERR16714716,22
CIV143E9,CIV143E9_S8_L001,ERR16714715,ERS29128520,Malawi,Hospital environment,Chatinkha Nursery,No,2020,5,335,25,Neonatal unit sampling,1,1,23,23,ERX16105680,Supplied isolate accession workbook,1,1,0,0,blaOXA-1; blaOXA-10; cmlA5; floR; dfrA23; blaCTX-M-15; qnrB1; tet(A); sul1; sul2; aac(3)-IIe; aac(6')-Ib-cr5; aadA1; aph(3'')-Ib; aph(6)-Id; arr-2; qacEdelta1,10,17,1,1,CC25-01,ST335-01,CIV143E9 | ERR16714715,23
CNS1F3,CNS1F3_S9_L001,ERR16714723,ERS29128528,Malawi,Human,Blood culture,Yes,2020,5,335,25,QECH clinical,1,1,24,24,ERX16105688,Supplied isolate accession workbook,1,1,0,0,blaOXA-1; blaOXA-10; cmlA5; floR; dfrA23; blaCTX-M-15; qnrB1; tet(A); sul1; sul2; aac(3)-IIe; aac(6')-Ib-cr5; aadA1; aph(3'')-Ib; aph(6)-Id; arr-2; qacEdelta1,10,17,0,Other,CC25-01,ST335-01,CNS1F3 | ERR16714723,24
CAAYSI,CAAYSI_S8_L001,ERR16714683,ERS29128488,Malawi,Human,Blood culture,Yes,2020,5,335,25,QECH clinical,1,1,25,25,ERX16105648,Supplied isolate accession workbook,1,1,0,0,blaOXA-1; blaOXA-10; cmlA5; floR; dfrA23; blaCTX-M-15; qnrB1; tet(A); sul1; sul2; aac(3)-IIe; aac(6')-Ib-cr5; aadA1; aph(3'')-Ib; aph(6)-Id; arr-2; qacEdelta1,10,17,0,Other,CC25-01,ST335-01,CAAYSI | ERR16714683,25
CIT15GS1,CIT15GS1_S23_L001,ERR16714692,ERS29128497,Malawi,Hospital environment,Chatinkha Nursery,No,2020,5,335,25,Neonatal unit sampling,1,1,26,26,ERX16105657,Supplied isolate accession workbook,1,1,0,0,blaOXA-1; blaOXA-10; cmlA5; floR; dfrA23; blaCTX-M-15; qnrB1; tet(A); sul1; sul2; aac(3)-IIe; aac(6')-Ib-cr5; aadA1; aph(3'')-Ib; aph(6)-Id; arr-2; qacEdelta1,10,17,1,1,CC25-01,ST335-01,CIT15GS1 | ERR16714692,26
CIV13RE2,CIV13RE2_S11_L001,ERR16714697,ERS29128502,Malawi,Hospital environment,Chatinkha Nursery,No,2020,5,335,25,Neonatal unit sampling,1,1,27,27,ERX16105662,Supplied isolate accession workbook,1,1,0,0,blaOXA-1; blaOXA-10; cmlA5; floR; dfrA23; blaCTX-M-15; qnrB1; tet(A); sul1; sul2; aac(3)-IIe; aac(6')-Ib-cr5; aadA1; aph(3'')-Ib; aph(6)-Id; arr-2; qacEdelta1,10,17,0,Other,CC25-01,ST335-01,CIV13RE2 | ERR16714697,27
CIV141E6,CIV141E6_S16_L001,ERR16714711,ERS29128516,Malawi,Hospital environment,Chatinkha Nursery,No,2020,5,335,25,Neonatal unit sampling,1,1,28,28,ERX16105676,Supplied isolate accession workbook,1,1,0,0,blaOXA-1; blaOXA-10; cmlA5; floR; dfrA23; blaCTX-M-15; qnrB1; tet(A); sul1; sul2; aac(3)-IIe; aac(6')-Ib-cr5; aadA1; aph(3'')-Ib; aph(6)-Id; arr-2; qacEdelta1,10,17,1,1,CC25-01,ST335-01,CIV141E6 | ERR16714711,28
CIS15HB1,CIS15HB1_S39_L001,ERR16714685,ERS29128490,Malawi,Hospital environment,Chatinkha Nursery,No,2020,5,335,25,Neonatal unit sampling,1,1,29,29,ERX16105650,Supplied isolate accession workbook,1,1,0,0,blaOXA-1; blaOXA-10; cmlA5; floR; dfrA23; blaCTX-M-15; qnrB1; tet(A); sul1; sul2; aac(3)-IIe; aac(6')-Ib-cr5; aadA1; aph(3'')-Ib; aph(6)-Id; arr-2; qacEdelta1,10,17,0,Other,CC25-01,ST335-01,CIS15HB1 | ERR16714685,29
CIV140U1,CIV140U1_S14_L001,ERR16714710,ERS29128515,Malawi,Hospital environment,Chatinkha Nursery,No,2020,5,335,25,Neonatal unit sampling,1,1,30,30,ERX16105675,Supplied isolate accession workbook,1,1,0,0,blaOXA-1; blaOXA-10; cmlA5; floR; dfrA23; blaCTX-M-15; qnrB1; tet(A); sul1; sul2; aac(3)-IIe; aac(6')-Ib-cr5; aadA1; aph(3'')-Ib; aph(6)-Id; arr-2; qacEdelta1,10,17,0,Other,CC25-01,ST335-01,CIV140U1 | ERR16714710,30
CIV140E4,CIV140E4_S26_L001,ERR16714707,ERS29128512,Malawi,Hospital environment,Chatinkha Nursery,No,2020,5,335,25,Neonatal unit sampling,1,1,31,31,ERX16105672,Supplied isolate accession workbook,1,1,0,0,blaOXA-1; blaOXA-10; cmlA5; floR; dfrA23; blaCTX-M-15; qnrB1; tet(A); sul2; aac(3)-IIe; aac(6')-Ib-cr5; aadA1; aph(3'')-Ib; aph(6)-Id; arr-2; qacEdelta1,10,16,0,Other,CC25-01,ST335-01,CIV140E4 | ERR16714707,31
CIV140E7,CIV140E7_S24_L001,ERR16714709,ERS29128514,Malawi,Hospital environment,Chatinkha Nursery,No,2020,5,335,25,Neonatal unit sampling,1,1,32,32,ERX16105674,Supplied isolate accession workbook,1,1,0,0,blaOXA-1; blaOXA-10; cmlA5; floR; dfrA23; blaCTX-M-15; qnrB1; tet(A); sul1; sul2; aac(3)-IIe; aac(6')-Ib-cr5; aadA1; aph(3'')-Ib; aph(6)-Id; arr-2; qacEdelta1,10,17,1,1,CC25-01,ST335-01,CIV140E7 | ERR16714709,32
CAAXQV,CAAXQV_S11_L001,ERR16714680,ERS29128485,Malawi,Human,Blood culture,Yes,2020,5,335,25,QECH clinical,1,1,33,33,ERX16105645,Supplied isolate accession workbook,1,1,0,0,blaOXA-1; blaOXA-10; cmlA5; floR; dfrA23; blaCTX-M-15; qnrB1; tet(A); sul1; sul2; aac(3)-IIe; aac(6')-Ib-cr5; aadA1; aph(3'')-Ib; aph(6)-Id; arr-2; qacEdelta1,10,17,0,Other,CC25-01,ST335-01,CAAXQV | ERR16714680,33
CIV13UE4,CIV13UE4_S38_L001,ERR16714698,ERS29128503,Malawi,Hospital environment,Chatinkha Nursery,No,2020,5,335,25,Neonatal unit sampling,1,1,34,34,ERX16105663,Supplied isolate accession workbook,1,1,0,0,blaOXA-1; blaOXA-10; cmlA5; floR; dfrA23; blaCTX-M-15; qnrB1; tet(A); sul1; sul2; aac(3)-IIe; aac(6')-Ib-cr5; aadA1; aph(3'')-Ib; aph(6)-Id; arr-2; qacEdelta1,10,17,0,Other,CC25-02,ST335-02,CIV13UE4 | ERR16714698,34
CIS15MR1,CIS15MR1_S17_L001,ERR16714686,ERS29128491,Malawi,Hospital environment,Chatinkha Nursery,No,2020,5,335,25,Neonatal unit sampling,1,1,35,35,ERX16105651,Supplied isolate accession workbook,1,1,0,0,blaOXA-1; blaOXA-10; cmlA5; floR; dfrA23; blaCTX-M-15; qnrB1; tet(A); sul1; sul2; aac(3)-IIe; aac(6')-Ib-cr5; aadA1; aph(3'')-Ib; aph(6)-Id; arr-2; qacEdelta1,10,17,0,Other,CC25-02,ST335-02,CIS15MR1 | ERR16714686,35
CIV13YE6,CIV13YE6_S9_L001,ERR16714704,ERS29128509,Malawi,Hospital environment,Chatinkha Nursery,No,2020,5,335,25,Neonatal unit sampling,1,1,36,36,ERX16105669,Supplied isolate accession workbook,1,1,0,0,blaOXA-1; blaOXA-10; cmlA5; floR; dfrA23; blaCTX-M-15; qnrB1; tet(A); sul1; sul2; aac(3)-IIe; aac(6')-Ib-cr5; aadA1; aph(3'')-Ib; aph(6)-Id; arr-2; qacEdelta1,10,17,1,1,CC25-02,ST335-02,CIV13YE6 | ERR16714704,36
CIV143E4,CIV143E4_S31_L001,ERR16714714,ERS29128519,Malawi,Hospital environment,Chatinkha Nursery,No,2020,5,335,25,Neonatal unit sampling,1,1,37,37,ERX16105679,Supplied isolate accession workbook,1,1,0,0,blaOXA-1; blaOXA-10; cmlA5; floR; dfrA23; blaCTX-M-15; qnrB1; tet(A); sul1; sul2; aac(3)-IIe; aac(6')-Ib-cr5; aadA1; aph(3'')-Ib; aph(6)-Id; arr-2; qacEdelta1,10,17,1,0,CC25-02,ST335-02,CIV143E4 | ERR16714714,37
CIV13XE5,CIV13XE5_S19_L001,ERR16714701,ERS29128506,Malawi,Hospital environment,Chatinkha Nursery,No,2020,5,335,25,Neonatal unit sampling,1,1,38,38,ERX16105666,Supplied isolate accession workbook,1,1,0,0,blaOXA-1; blaOXA-10; cmlA5; floR; dfrA23; blaCTX-M-15; qnrB1; tet(A); sul1; sul2; aac(3)-IIe; aac(6')-Ib-cr5; aadA1; aph(3'')-Ib; aph(6)-Id; arr-2; qacEdelta1,10,17,0,Other,CC25-02,ST335-02,CIV13XE5 | ERR16714701,38
CIT15GH1,CIT15GH1_S36_L001,ERR16714691,ERS29128496,Malawi,Hospital environment,Chatinkha Nursery,No,2020,5,335,25,Neonatal unit sampling,1,1,39,39,ERX16105656,Supplied isolate accession workbook,1,1,0,0,blaOXA-1; blaOXA-10; cmlA5; floR; dfrA23; blaCTX-M-15; qnrB1; tet(A); sul1; sul2; aac(3)-IIe; aac(6')-Ib-cr5; aadA1; aph(3'')-Ib; aph(6)-Id; arr-2; qacEdelta1,10,17,0,Other,CC25-02,ST335-02,CIT15GH1 | ERR16714691,39
CIV140E1,CIV140E1_S30_L001,ERR16714706,ERS29128511,Malawi,Hospital environment,Chatinkha Nursery,No,2020,5,335,25,Neonatal unit sampling,1,1,40,40,ERX16105671,Supplied isolate accession workbook,1,1,0,0,blaOXA-1; blaOXA-10; cmlA5; floR; dfrA23; blaCTX-M-15; qnrB1; tet(A); sul1; sul2; aac(3)-IIe; aac(6')-Ib-cr5; aadA1; aph(3'')-Ib; aph(6)-Id; arr-2; qacEdelta1,10,17,0,Other,CC25-02,ST335-02,CIV140E1 | ERR16714706,40
CIV140E6,CIV140E6_S2_L001,ERR16714708,ERS29128513,Malawi,Hospital environment,Chatinkha Nursery,No,2020,5,335,25,Neonatal unit sampling,1,1,41,41,ERX16105673,Supplied isolate accession workbook,1,1,0,0,blaOXA-1; blaOXA-10; cmlA5; floR; dfrA23; blaCTX-M-15; qnrB1; tet(A); sul1; sul2; aac(3)-IIe; aac(6')-Ib-cr5; aadA1; aph(3'')-Ib; aph(6)-Id; arr-2; qacEdelta1,10,17,1,1,CC25-02,ST335-02,CIV140E6 | ERR16714708,41
CIU13XS1,CIU13XS1_S15_L001,ERR16714693,ERS29128498,Malawi,Hospital environment,Chatinkha Nursery,No,2020,5,335,25,Neonatal unit sampling,1,1,42,42,ERX16105658,Supplied isolate accession workbook,1,1,0,0,blaOXA-1; blaOXA-10; cmlA5; floR; dfrA23; blaCTX-M-15; qnrB1; tet(A); sul1; sul2; aac(3)-IIe; aac(6')-Ib-cr5; aadA1; aph(3'')-Ib; aph(6)-Id; arr-2; qacEdelta1,10,17,0,Other,CC25-02,ST335-02,CIU13XS1 | ERR16714693,42
CIV146E8,CIV146E8_S25_L001,ERR16714719,ERS29128524,Malawi,Hospital environment,Chatinkha Nursery,No,2020,5,335,25,Neonatal unit sampling,1,1,43,43,ERX16105684,Supplied isolate accession workbook,1,1,0,0,blaOXA-1; blaOXA-10; cmlA5; floR; dfrA23; blaCTX-M-15; qnrB1; tet(A); sul2; aac(3)-IIe; aac(6')-Ib-cr5; aadA1; aph(3'')-Ib; aph(6)-Id; arr-2; qacEdelta1,10,16,1,1,CC25-02,ST335-02,CIV146E8 | ERR16714719,43
CIU149H1,CIU149H1_S7_L001,ERR16714695,ERS29128500,Malawi,Hospital environment,Chatinkha Nursery,No,2020,5,335,25,Neonatal unit sampling,1,1,44,44,ERX16105660,Supplied isolate accession workbook,1,1,0,0,blaOXA-1; blaOXA-10; cmlA5; floR; dfrA23; blaCTX-M-15; qnrB1; tet(A); sul1; sul2; aac(3)-IIe; aac(6')-Ib-cr5; aadA1; aph(3'')-Ib; aph(6)-Id; arr-2; qacEdelta1,10,17,1,0,CC25-02,ST335-02,CIU149H1 | ERR16714695,44
CIV144E6,CIV144E6_S33_L001,ERR16714717,ERS29128522,Malawi,Hospital environment,Chatinkha Nursery,No,2020,5,335,25,Neonatal unit sampling,1,1,45,45,ERX16105682,Supplied isolate accession workbook,1,1,0,0,blaOXA-1; blaOXA-10; cmlA5; floR; dfrA23; blaCTX-M-15; qnrB1; tet(A); sul1; sul2; aac(3)-IIe; aac(6')-Ib-cr5; aadA1; aph(3'')-Ib; aph(6)-Id; arr-2; qacEdelta1,10,17,1,0,CC25-02,ST335-02,CIV144E6 | ERR16714717,45
CIV13VE5,CIV13VE5_S21_L001,ERR16714699,ERS29128504,Malawi,Hospital environment,Chatinkha Nursery,No,2020,5,335,25,Neonatal unit sampling,1,1,46,46,ERX16105664,Supplied isolate accession workbook,1,1,0,0,blaOXA-1; blaOXA-10; cmlA5; floR; dfrA23; blaCTX-M-15; qnrB1; tet(A); sul1; sul2; aac(3)-IIe; aac(6')-Ib-cr5; aadA1; aph(3'')-Ib; aph(6)-Id; arr-2; qacEdelta1,10,17,0,Other,CC25-02,ST335-02,CIV13VE5 | ERR16714699,46
CIV13YE8,CIV13YE8_S22_L001,ERR16714705,ERS29128510,Malawi,Hospital environment,Chatinkha Nursery,No,2020,5,335,25,Neonatal unit sampling,1,1,47,47,ERX16105670,Supplied isolate accession workbook,1,1,0,0,blaOXA-1; blaOXA-10; cmlA5; floR; dfrA23; blaCTX-M-15; qnrB1; tet(A); sul1; sul2; aac(3)-IIe; aac(6')-Ib-cr5; aadA1; aph(3'')-Ib; aph(6)-Id; arr-2; qacEdelta1,10,17,1,0,CC25-02,ST335-02,CIV13YE8 | ERR16714705,47
CIV144U1,CIV144U1_S34_L001,ERR16714718,ERS29128523,Malawi,Hospital environment,Chatinkha Nursery,No,2020,5,335,25,Neonatal unit sampling,1,1,48,48,ERX16105683,Supplied isolate accession workbook,1,1,0,0,blaOXA-1; blaOXA-10; cmlA5; floR; dfrA23; blaCTX-M-15; qnrB1; tet(A); sul1; sul2; aac(3)-IIe; aac(6')-Ib-cr5; aadA1; aph(3'')-Ib; aph(6)-Id; arr-2; qacEdelta1,10,17,1,1,CC25-02,ST335-02,CIV144U1 | ERR16714718,48
CNSP0U,CNSP0U_S18_L001,ERR16714732,ERS29128537,Malawi,Human,Blood culture,Yes,2023,5,335,25,QECH clinical,1,1,49,49,ERX16105697,Supplied isolate accession workbook,1,1,0,0,blaOXA-10; cmlA5; floR; dfrA23; blaCTX-M-15; qnrB1; tet(A); sul1; sul2; aac(3)-IIe; aadA1; aph(3'')-Ib; aph(6)-Id; arr-2; qacEdelta1,9,15,0,Other,CC25-02,ST335-02,CNSP0U | ERR16714732,49
CNSKFP,CNSKFP_S19_L001,ERR16714729,ERS29128534,Malawi,Human,Blood culture,Yes,2022,5,335,25,QECH clinical,1,1,50,50,ERX16105694,Supplied isolate accession workbook,1,1,0,0,blaOXA-10; cmlA5; floR; dfrA23; blaCTX-M-15; qnrB1; sul1; aac(3)-IIe; aadA1; aph(3'')-Ib; aph(6)-Id; arr-2; qacEdelta1,9,13,0,Other,CC25-02,ST335-02,CNSKFP | ERR16714729,50
CNSLL4,CNSLL4_S20_L001,ERR16714730,ERS29128535,Malawi,Human,Blood culture,Yes,2022,5,335,25,QECH clinical,1,1,51,51,ERX16105695,Supplied isolate accession workbook,1,1,0,0,blaOXA-10; cmlA5; floR; dfrA23; blaCTX-M-15; qnrB1; tet(A); sul1; sul2; aac(3)-IIe; aadA1; aph(3'')-Ib; aph(6)-Id; arr-2; qacEdelta1,9,15,0,Other,CC25-02,ST335-02,CNSLL4 | ERR16714730,51
ERR9941258,ERR9941258,ERR9941258,ERS12446656,South Africa,Human,Stool,No,2022,5,335,25,Other,1,1,52,52,,Supplied isolate accession workbook,1,1,0,0,blaOXA-1; blaOXA-10; cmlA5; floR; dfrA23; blaCTX-M-15; qnrB1; tet(A); sul1; sul2; aac(3)-IIe; aac(6')-Ib-cr5; aadA1; aph(3'')-Ib; aph(6)-Id; arr-2; qacEdelta1,10,17,0,Other,CC25-02,ST335-02,ERR9941258,52
ERR9929342,ERR9929342,ERR9929342,ERS12419513,South Africa,Human,Stool,No,2022,5,335,25,Other,1,1,53,53,,Supplied isolate accession workbook,1,1,0,0,blaOXA-1; blaOXA-10; cmlA5; floR; dfrA23; blaCTX-M-15; qnrB1; tet(A); sul1; sul2; aac(3)-IIe; aac(6')-Ib-cr5; aadA1; aph(3'')-Ib; aph(6)-Id; arr-2; qacEdelta1,10,17,0,Other,CC25-02,ST335-02,ERR9929342,53
ERR9966382,ERR9966382,ERR9966382,ERS12472969,South Africa,Human,Stool,No,2022,5,335,25,Other,1,1,54,54,,Supplied isolate accession workbook,1,1,0,0,blaOXA-1; blaOXA-10; cmlA5; floR; dfrA23; blaCTX-M-15; qnrB1; tet(A); sul1; sul2; aac(3)-IIe; aac(6')-Ib-cr5; aadA1; aph(3'')-Ib; aph(6)-Id; arr-2; qacEdelta1,10,17,0,Other,CC25-02,ST335-02,ERR9966382,54
CLL3JA,CLL3JA_S28_L001,ERR16714721,ERS29128526,Malawi,Human,Blood culture,Yes,2020,5,335,25,QECH clinical,1,1,55,55,ERX16105686,Supplied isolate accession workbook,1,1,0,0,blaOXA-1; blaOXA-10; cmlA5; floR; dfrA23; blaCTX-M-15; qnrB1; sul1; sul2; aac(3)-IIe; aac(6')-Ib-cr5; aadA1; aph(3'')-Ib; aph(6)-Id; arr-2; qacEdelta1,10,16,0,Other,CC25-02,ST335-02,CLL3JA | ERR16714721,55
CNS7YP,CNS7YP_S5_L001,ERR16714726,ERS29128531,Malawi,Human,Blood culture,Yes,2021,5,335,25,QECH clinical,1,1,56,56,ERX16105691,Supplied isolate accession workbook,1,1,0,0,blaOXA-1; blaOXA-10; cmlA5; floR; dfrA23; blaCTX-M-15; qnrB1; tet(A); sul1; sul2; aac(3)-IIe; aac(6')-Ib-cr5; aadA1; aph(3'')-Ib; aph(6)-Id; arr-2; qacEdelta1,10,17,0,Other,CC25-02,ST335-02,CNS7YP | ERR16714726,56
BKRRIF,BKRRIF_S2_L001,ERR16714670,ERS29128475,Malawi,Human,CSF,Yes,2021,5,335,25,QECH clinical,1,1,57,57,ERX16105635,Supplied isolate accession workbook,1,1,0,0,blaOXA-1; blaOXA-10; cmlA5; floR; dfrA23; blaCTX-M-15; qnrB1; tet(A); sul1; sul2; aac(3)-IIe; aac(6')-Ib-cr5; aadA1; aph(3'')-Ib; aph(6)-Id; arr-2; qacEdelta1,10,17,0,Other,CC25-02,ST335-02,BKRRIF | ERR16714670,57
CNS6QU,CNS6QU_S4_L001,ERR16714725,ERS29128530,Malawi,Human,Blood culture,Yes,2020,5,335,25,QECH clinical,1,1,58,58,ERX16105690,Supplied isolate accession workbook,1,1,0,0,blaOXA-1; blaOXA-10; cmlA5; floR; dfrA23; blaCTX-M-15; qnrB1; tet(A); sul1; sul2; aac(3)-IIe; aac(6')-Ib-cr5; aadA1; aph(3'')-Ib; aph(6)-Id; arr-2; qacEdelta1,10,17,0,Other,CC25-02,ST335-02,CNS6QU | ERR16714725,58
44341_3_96,44341_3#96,ERR16714666,ERS29128471,Malawi,River,Water associated sample,No,2020,5,335,25,River water,1,1,59,59,ERX16105631,Supplied isolate accession workbook,0,1,0,0,blaOXA-1; blaOXA-10; cmlA5; floR; dfrA23; blaCTX-M-15; tet(A); sul1; sul2; aac(3)-IIe; aac(6')-Ib-cr5; aadA1; aph(3'')-Ib; aph(6)-Id; arr-2; qacEdelta1,9,16,0,Other,CC25-02,ST335-02,44341_3_96 | ERR16714666,59
44341_3_21,44341_3#21,ERR16714657,ERS29128462,Malawi,River,Water associated sample,No,2020,5,335,25,River water,1,1,60,60,ERX16105622,Supplied isolate accession workbook,1,1,0,0,blaOXA-1; blaOXA-10; cmlA5; floR; dfrA23; blaCTX-M-15; qnrB1; tet(A); sul1; sul2; aac(3)-IIe; aac(6')-Ib-cr5; aadA1; aph(3'')-Ib; aph(6)-Id; arr-2; qacEdelta1,10,17,0,Other,CC25-02,ST335-02,44341_3_21 | ERR16714657,60
BKRMVD,BKRMVD_S15_L001,ERR16714669,ERS29128474,Malawi,Human,CSF,Yes,2020,5,335,25,QECH clinical,1,1,61,61,ERX16105634,Supplied isolate accession workbook,1,1,0,0,blaOXA-1; blaOXA-10; cmlA5; floR; dfrA23; blaCTX-M-15; qnrB1; tet(A); sul1; sul2; aac(3)-IIe; aac(6')-Ib-cr5; aadA1; aph(3'')-Ib; aph(6)-Id; arr-2; qacEdelta1,10,17,0,Other,CC25-02,ST335-02,BKRMVD | ERR16714669,61
CAAYDF,CAAYDF_S3_L001,ERR16714681,ERS29128486,Malawi,Human,Blood culture,Yes,2020,5,335,25,QECH clinical,1,1,62,62,ERX16105646,Supplied isolate accession workbook,1,1,0,0,blaOXA-1; blaOXA-10; cmlA5; floR; dfrA23; blaCTX-M-15; qnrB1; tet(A); sul1; sul2; aac(3)-IIe; aac(6')-Ib-cr5; aadA1; aph(3'')-Ib; aph(6)-Id; arr-2; qacEdelta1,10,17,0,Other,CC25-02,ST335-02,CAAYDF | ERR16714681,62
CAAXBN,CAAXBN_S10_L001,ERR16714679,ERS29128484,Malawi,Human,Blood culture,Yes,2019,5,335,25,QECH clinical,1,1,63,63,ERX16105644,Supplied isolate accession workbook,1,1,0,0,blaOXA-1; blaOXA-10; cmlA5; floR; dfrA23; blaCTX-M-15; qnrB1; sul1; aac(3)-IIe; aac(6')-Ib-cr5; aadA1; aph(3'')-Ib; aph(6)-Id; arr-2; qacEdelta1,10,15,0,Other,CC25-02,ST335-02,CAAXBN | ERR16714679,63
44341_3_165,44341_3#165,ERR16714656,ERS29128461,Malawi,River,Water associated sample,No,2020,5,335,25,River water,1,1,64,64,ERX16105621,Supplied isolate accession workbook,1,1,0,0,blaOXA-1; blaOXA-10; cmlA5; floR; dfrA23; blaCTX-M-15; qnrB1; tet(A); sul1; sul2; aac(3)-IIe; aac(6')-Ib-cr5; aadA1; aph(3'')-Ib; aph(6)-Id; arr-2; qacEdelta1,10,17,0,Other,CC25-02,ST335-02,44341_3_165 | ERR16714656,64
44341_3_262,44341_3#262,ERR16714658,ERS29128463,Malawi,River,Water associated sample,No,2020,5,335,25,River water,1,1,65,65,ERX16105623,Supplied isolate accession workbook,1,1,0,0,blaOXA-1; blaOXA-10; cmlA5; floR; dfrA23; blaCTX-M-15; qnrB1; tet(A); sul1; sul2; aac(3)-IIe; aac(6')-Ib-cr5; aadA1; aph(3'')-Ib; aph(6)-Id; arr-2; qacEdelta1,10,17,0,Other,CC25-02,ST335-02,44341_3_262 | ERR16714658,65
44341_3_265,44341_3#265,ERR16714659,ERS29128464,Malawi,River,Water associated sample,No,2020,5,335,25,River water,1,1,66,66,ERX16105624,Supplied isolate accession workbook,1,1,0,0,blaOXA-1; blaOXA-10; cmlA5; floR; dfrA23; blaCTX-M-15; qnrB1; tet(A); sul1; sul2; aac(3)-IIe; aac(6')-Ib-cr5; aadA1; aph(3'')-Ib; aph(6)-Id; arr-2; qacEdelta1,10,17,0,Other,CC25-02,ST335-02,44341_3_265 | ERR16714659,66
44341_4_286,44341_4#286,ERR16714668,ERS29128473,Malawi,River,Water associated sample,No,2020,5,335,25,River water,1,1,67,67,ERX16105633,Supplied isolate accession workbook,1,1,0,0,blaOXA-1; blaOXA-10; cmlA5; floR; dfrA23; blaCTX-M-15; qnrB1; tet(A); sul1; sul2; aac(3)-IIe; aac(6')-Ib-cr5; aadA1; aph(3'')-Ib; aph(6)-Id; arr-2; qacEdelta1,10,17,0,Other,CC25-03,ST335-03,44341_4_286 | ERR16714668,67
44341_3_268,44341_3#268,ERR16714660,ERS29128465,Malawi,River,Water associated sample,No,2020,5,335,25,River water,1,1,68,68,ERX16105625,Supplied isolate accession workbook,1,1,0,0,blaOXA-1; blaOXA-10; cmlA5; floR; dfrA23; blaCTX-M-15; qnrB1; tet(A); sul1; sul2; aac(3)-IIe; aac(6')-Ib-cr5; aadA1; aph(3'')-Ib; aph(6)-Id; arr-2; qacEdelta1,10,17,0,Other,CC25-03,ST335-03,44341_3_268 | ERR16714660,68
44341_3_280,44341_3#280,ERR16714661,ERS29128466,Malawi,River,Water associated sample,No,2020,5,335,25,River water,1,1,69,69,ERX16105626,Supplied isolate accession workbook,1,1,0,0,blaOXA-1; blaOXA-10; cmlA5; floR; dfrA23; blaCTX-M-15; qnrB1; tet(A); sul1; sul2; aac(3)-IIe; aac(6')-Ib-cr5; aadA1; aph(3'')-Ib; aph(6)-Id; arr-2; qacEdelta1,10,17,0,Other,CC25-03,ST335-03,44341_3_280 | ERR16714661,69
CAAP2A,CAAP2A_S14_L001,ERR16714672,ERS29128477,Malawi,Human,Blood culture,Yes,2019,5,335,25,QECH clinical,1,1,70,70,ERX16105637,Supplied isolate accession workbook,1,1,0,0,blaOXA-1; blaOXA-10; cmlA5; floR; dfrA23; blaCTX-M-15; qnrB1; tet(A); sul1; sul2; aac(3)-IIe; aac(6')-Ib-cr5; aadA1; aph(3'')-Ib; aph(6)-Id; arr-2; qacEdelta1,10,17,0,Other,CC25-03,ST335-03,CAAP2A | ERR16714672,70
CNSFP4,CNSFP4_S1_L001,ERR16714728,ERS29128533,Malawi,Human,Blood culture,Yes,2022,5,335,25,QECH clinical,1,1,71,71,ERX16105693,Supplied isolate accession workbook,0,1,0,0,blaOXA-1; blaOXA-10; cmlA5; floR; dfrA23; blaCTX-M-15; tet(A); sul1; sul2; aac(6')-Ib-cr5; aadA1; aph(3'')-Ib; aph(6)-Id; arr-2; qacEdelta1,9,15,0,Other,CC25-03,ST335-03,CNSFP4 | ERR16714728,71
CNSDXZ,CNSDXZ_S1_L001,ERR16714727,ERS29128532,Malawi,Human,Blood culture,Yes,2021,5,335,25,QECH clinical,1,1,72,72,ERX16105692,Supplied isolate accession workbook,1,1,0,0,blaOXA-1; blaOXA-10; cmlA5; floR; dfrA23; blaCTX-M-15; qnrB1; tet(A); sul1; sul2; aac(3)-IIe; aac(6')-Ib-cr5; aadA1; aph(3'')-Ib; aph(6)-Id; arr-2; qacEdelta1,10,17,0,Other,CC25-03,ST335-03,CNSDXZ | ERR16714727,72
CAAQXB,CAAQXB_S13_L001,ERR16714675,ERS29128480,Malawi,Human,Blood culture,Yes,2019,5,335,25,QECH clinical,1,1,73,73,ERX16105640,Supplied isolate accession workbook,1,1,0,0,blaOXA-1; blaOXA-10; cmlA5; dfrA23; blaCTX-M-15; qnrB1; tet(A); sul1; sul2; aac(3)-IIe; aac(6')-Ib-cr5; aadA1; aph(3'')-Ib; aph(6)-Id; arr-2; qacEdelta1,10,16,0,Other,CC25-03,ST335-03,CAAQXB | ERR16714675,73
CAAR9T,CAAR9T_S6_L001,ERR16714676,ERS29128481,Malawi,Human,Blood culture,Yes,2019,5,335,25,QECH clinical,1,1,74,74,ERX16105641,Supplied isolate accession workbook,1,1,0,0,blaOXA-1; blaOXA-10; cmlA5; dfrA23; blaCTX-M-15; qnrB1; tet(A); sul1; sul2; aac(3)-IIe; aac(6')-Ib-cr5; aadA1; aph(3'')-Ib; aph(6)-Id; arr-2; qacEdelta1,10,16,0,Other,CC25-03,ST335-03,CAAR9T | ERR16714676,74
CAAQUT,CAAQUT_S12_L001,ERR16714674,ERS29128479,Malawi,Human,Blood culture,Yes,2018,5,335,25,QECH clinical,1,1,75,75,ERX16105639,Supplied isolate accession workbook,1,1,0,0,blaOXA-1; blaOXA-10; cmlA5; dfrA23; blaCTX-M-15; qnrB1; tet(A); sul1; sul2; aac(3)-IIe; aac(6')-Ib-cr5; aadA1; aph(3'')-Ib; aph(6)-Id; arr-2; qacEdelta1,10,16,0,Other,CC25-03,ST335-03,CAAQUT | ERR16714674,75
CAARE3,CAARE3_S13_L001,ERR16714677,ERS29128482,Malawi,Human,Blood culture,Yes,2019,5,335,25,QECH clinical,1,1,76,76,ERX16105642,Supplied isolate accession workbook,1,1,0,0,blaOXA-1; blaOXA-10; cmlA5; dfrA23; blaCTX-M-15; qnrB1; tet(A); sul1; sul2; aac(3)-IIe; aac(6')-Ib-cr5; aadA1; aph(3'')-Ib; aph(6)-Id; arr-2; qacEdelta1,10,16,0,Other,CC25-03,ST335-03,CAARE3 | ERR16714677,76
CLL6CH,CLL6CH_S17_L001,ERR16714722,ERS29128527,Malawi,Human,Blood culture,Yes,2022,5,335,25,QECH clinical,1,1,77,77,ERX16105687,Supplied isolate accession workbook,1,1,0,0,blaOXA-1; blaOXA-10; cmlA5; floR; dfrA23; blaCTX-M-15; qnrB1; tet(A); sul1; aac(3)-IIe; aac(6')-Ib-cr5; aadA1; aph(3'')-Ib; aph(6)-Id; arr-2; qacEdelta1,10,16,0,Other,CC25-03,ST335-03,CLL6CH | ERR16714722,77
ERR10438737,ERR10438737,ERR10438737,ERS13617319,Mozambique,Human,Blood culture,Yes,2020,5,335,25,Other,1,1,78,78,,Supplied isolate accession workbook,1,1,0,0,blaOXA-10; cmlA5; floR; dfrA23; blaCTX-M-15; qnrB1; tet(A); sul1; sul2; aac(3)-IIe; aadA1; aph(3'')-Ib; aph(6)-Id; arr-2; qacEdelta1,9,15,0,Other,CC25-03,ST335-03,ERR10438737,78
ERR10113269,ERR10113269,ERR10113269,ERS12799913,South Africa,Human,Stool,No,2022,5,335,25,Other,1,1,79,79,,Supplied isolate accession workbook,1,1,0,1,blaOXA-1; floR; dfrA14; blaCTX-M-15; qnrB1; mph(A); tet(A); sul2; aac(3)-IIe; aac(6')-Ib-cr5; aph(3'')-Ib; aph(6)-Id,9,12,0,Other,CC25-03,ST335-03,ERR10113269,79
ERR6752971,ERR6752971,ERR6752971,ERS7770191,South Africa,Human,Stool,No,2020,5,335,25,Other,1,1,80,80,,Supplied isolate accession workbook,1,1,0,1,blaTEM-1; blaOXA-1; blaOXA-10; cmlA5; floR; dfrA23; blaCTX-M-15; qnrB1; mph(A); tet(A); sul1; sul2; aac(6')-Ib-cr5; aadA1; aph(3'')-Ib; aph(6)-Id; arr-2; qacEdelta1,11,18,0,Other,CC25-03,ST335-03,ERR6752971,80
ERR5751227,ERR5751227,ERR5751227,ERS6282873,South Africa,Human,Stool,No,2020,5,335,25,Other,1,1,81,81,,Supplied isolate accession workbook,1,1,0,1,blaTEM-1; blaOXA-1; blaOXA-10; cmlA5; floR; dfrA23; blaCTX-M-15; qnrB1; mph(A); tet(A); sul1; sul2; aac(6')-Ib-cr5; aadA1; aph(3'')-Ib; aph(6)-Id; arr-2; qacEdelta1,11,18,0,Other,CC25-03,ST335-03,ERR5751227,81
ERR9976609,ERR9976609,ERR9976609,ERS12496855,South Africa,Human,Stool,No,2021,5,335,25,Other,1,1,82,82,,Supplied isolate accession workbook,1,1,0,1,blaOXA-1; blaOXA-10; cmlA5; floR; dfrA14; dfrA23; blaCTX-M-15; qnrB1; mph(A); tet(A); sul1; sul2; aac(3)-IIe; aac(6')-Ib-cr5; aadA1; aph(3'')-Ib; aph(6)-Id; arr-2; qacEdelta1,11,19,0,Other,CC25-03,ST335-03,ERR9976609,82
ERR11219800,ERR11219800,ERR11219800,ERS14904180,South Africa,Human,Stool,No,2022,5,335,25,Other,1,1,83,83,,Supplied isolate accession workbook,1,1,0,1,blaOXA-1; blaOXA-10; cmlA5; floR; dfrA14; dfrA23; blaCTX-M-15; qnrB1; mph(A); tet(A); sul1; sul2; aac(3)-IIe; aac(6')-Ib-cr5; aadA1; aph(3'')-Ib; aph(6)-Id; arr-2; qacEdelta1,11,19,0,Other,CC25-03,ST335-03,ERR11219800,83
ERR12142619,ERR12142619,ERR12142619,ERS16508086,South Africa,Human,Stool,No,2023,5,335,25,Other,1,1,84,84,,Supplied isolate accession workbook,1,1,0,1,blaOXA-1; blaOXA-10; cmlA5; floR; dfrA14; dfrA23; blaCTX-M-15; qnrB1; mph(A); tet(A); sul1; sul2; aac(3)-IIe; aac(6')-Ib-cr5; aadA1; aph(3'')-Ib; aph(6)-Id; arr-2; qacEdelta1,11,19,0,Other,CC25-03,ST335-03,ERR12142619,84
ERR11747325,ERR11747325,ERR11747325,ERS16093247,South Africa,Human,Blood culture,Yes,2023,5,335,25,Other,1,1,85,85,,Supplied isolate accession workbook,1,1,1,1,blaTEM-1; blaOXA-1; blaOXA-10; cmlA5; floR; dfrA14; dfrA23; blaCTX-M-15; qnrB1; mph(A); mph(E); msr(E); tet(A); sul1; sul2; aac(3)-IId; aac(6')-Ib-cr5; aadA1; aph(3'')-Ib; aph(6)-Id; armA; blaNDM-1; arr-2; ble,13,24,0,Other,CC25-03,ST335-03,ERR11747325,85
ERR11502778,ERR11502778,ERR11502778,ERS15562768,South Africa,Human,Blood culture,Yes,2023,5,335,25,Other,1,1,86,86,,Supplied isolate accession workbook,1,1,1,1,blaTEM-1; blaOXA-1; blaOXA-10; cmlA5; floR; dfrA14; dfrA23; blaCTX-M-15; qnrB1; mph(A); mph(E); msr(E); tet(A); sul1; sul2; aac(3)-IId; aac(6')-Ib-cr5; aadA1; aph(3'')-Ib; aph(6)-Id; armA; blaNDM-1; arr-2; ble,13,24,0,Other,CC25-03,ST335-03,ERR11502778,86
ERR7197834,ERR7197834,ERR7197834,ERS8210686,South Africa,Human,Urine,No,2021,5,335,25,Other,1,1,87,87,,Supplied isolate accession workbook,1,1,0,1,blaOXA-1; blaOXA-10; cmlA5; floR; dfrA14; dfrA23; blaCTX-M-15; qnrB1; mph(A); tet(A); sul1; sul2; aac(3)-IIe; aac(6')-Ib-cr5; aadA1; aph(3'')-Ib; aph(6)-Id; arr-2; qacEdelta1,11,19,0,Other,CC25-03,ST335-03,ERR7197834,87
ERR9079758,ERR9079758,ERR9079758,ERS10862849,South Africa,Human,Blood culture,Yes,2021,5,335,25,Other,1,1,88,88,,Supplied isolate accession workbook,1,1,1,1,blaTEM-1; blaOXA-1; floR; dfrA14; blaCTX-M-15; qnrB1; mph(A); mph(E); msr(E); tet(A); sul1; sul2; aac(3)-IId; aac(6')-Ib-cr5; aph(3'')-Ib; aph(6)-Id; armA; blaNDM-1; qacE; ble,12,20,0,Other,CC25-03,ST335-03,ERR9079758,88
ERR6806255,ERR6806255,ERR6806255,ERS7644978,South Africa,Human,Blood culture,Yes,2021,5,335,25,Other,1,1,89,89,,Supplied isolate accession workbook,1,1,1,1,blaOXA-1; blaOXA-10; cmlA5; floR; dfrA14; dfrA23; blaCTX-M-15; qnrB1; mph(A); tet(A); sul1; sul2; aac(3)-IIe; aac(6')-Ib-cr5; aadA1; aph(3'')-Ib; aph(6)-Id; blaOXA-48; arr-2; qacEdelta1,11,20,0,Other,CC25-03,ST335-03,ERR6806255,89
ERR6805990,ERR6805990,ERR6805990,ERS7644713,South Africa,Human,Rectal swab,No,2020,5,335,25,Other,1,1,90,90,,Supplied isolate accession workbook,0,1,0,1,blaOXA-1; blaOXA-10; cmlA5; floR; dfrA14; dfrA23; blaCTX-M-15; mph(A); tet(A); sul1; sul2; aac(3)-IIe; aac(6')-Ib-cr5; aadA1; aph(3'')-Ib; aph(6)-Id; arr-2; qacEdelta1,10,18,0,Other,CC25-03,ST335-03,ERR6805990,90
ERR6806776,ERR6806776,ERR6806776,ERS7645497,South Africa,Human,Stool,No,2021,5,335,25,Other,1,1,91,91,,Supplied isolate accession workbook,1,1,0,1,blaOXA-1; blaOXA-10; cmlA5; floR; dfrA14; dfrA23; blaCTX-M-15; qnrB1; mph(A); tet(A); sul1; sul2; aac(3)-IIe; aac(6')-Ib-cr5; aadA1; aph(3'')-Ib; aph(6)-Id; arr-2; qacEdelta1,11,19,0,Other,CC25-03,ST335-03,ERR6806776,91
ERR5750995,ERR5750995,ERR5750995,ERS6282641,South Africa,Human,Stool,No,2020,5,335,25,Other,1,1,92,92,,Supplied isolate accession workbook,1,1,0,1,blaOXA-1; blaOXA-10; cmlA5; floR; dfrA14; dfrA23; blaCTX-M-15; qnrB1; mph(A); tet(A); sul1; sul2; aac(3)-IIe; aac(6')-Ib-cr5; aadA1; aph(3'')-Ib; aph(6)-Id; arr-2; qacEdelta1,11,19,0,Other,CC25-03,ST335-03,ERR5750995,92
ERR6806749,ERR6806749,ERR6806749,ERS7645470,South Africa,Human,Blood culture,Yes,2021,5,335,25,Other,1,1,93,93,,Supplied isolate accession workbook,1,1,0,1,blaOXA-1; blaOXA-10; cmlA5; floR; dfrA14; dfrA23; blaCTX-M-15; qnrB1; mph(A); tet(A); sul1; sul2; aac(3)-IIe; aac(6')-Ib-cr5; aadA1; aph(3'')-Ib; aph(6)-Id; arr-2; qacEdelta1,11,19,0,Other,CC25-03,ST335-03,ERR6806749,93
ERR6805998,ERR6805998,ERR6805998,ERS7644721,South Africa,Human,Urine,No,2020,5,335,25,Other,1,1,94,94,,Supplied isolate accession workbook,1,1,0,1,blaOXA-1; blaOXA-10; cmlA5; floR; dfrA14; dfrA23; blaCTX-M-15; qnrB1; mph(A); tet(A); sul1; sul2; aac(3)-IIe; aac(6')-Ib-cr5; aadA1; aph(3'')-Ib; aph(6)-Id; arr-2; qacEdelta1,11,19,0,Other,CC25-03,ST335-03,ERR6805998,94
ERR6806833,ERR6806833,ERR6806833,ERS7645554,South Africa,Human,Urine,No,2020,5,335,25,Other,1,1,95,95,,Supplied isolate accession workbook,1,1,0,1,blaOXA-1; blaOXA-10; cmlA5; floR; dfrA14; dfrA23; blaCTX-M-15; qnrB1; mph(A); tet(A); sul1; sul2; aac(3)-IIe; aac(6')-Ib-cr5; aadA1; aph(3'')-Ib; aph(6)-Id; arr-2; qacEdelta1,11,19,0,Other,CC25-03,ST335-03,ERR6806833,95
ERR12080226,ERR12080226,ERR12080226,ERS16430401,South Africa,Human,Blood culture,Yes,2023,5,335,25,Other,1,1,96,96,,Supplied isolate accession workbook,0,0,0,0,floR; dfrA14; tet(A); sul2; aph(3'')-Ib; aph(6)-Id,5,6,0,Other,CC25-03,ST335-03,ERR12080226,96
ERR12321283,ERR12321283,ERR12321283,ERS17171917,South Africa,Human,Stool,No,2023,5,335,25,Other,1,1,97,97,,Supplied isolate accession workbook,1,1,0,1,blaOXA-1; blaOXA-10; cmlA5; floR; dfrA14; dfrA23; blaCTX-M-15; qnrB1; mph(A); tet(A); sul1; sul2; aac(3)-IIe; aac(6')-Ib-cr5; aadA1; aph(3'')-Ib; aph(6)-Id; arr-2; qacEdelta1,11,19,0,Other,CC25-03,ST335-03,ERR12321283,97
ERR12321282,ERR12321282,ERR12321282,ERS17171916,South Africa,Human,Stool,No,2023,5,335,25,Other,1,1,98,98,,Supplied isolate accession workbook,1,1,0,1,blaOXA-1; blaOXA-10; cmlA5; floR; dfrA14; dfrA23; blaCTX-M-15; qnrB1; mph(A); tet(A); sul1; sul2; aac(3)-IIe; aac(6')-Ib-cr5; aadA1; aph(3'')-Ib; aph(6)-Id; arr-2; qacEdelta1,11,19,0,Other,CC25-03,ST335-03,ERR12321282,98
ERR12067314,ERR12067314,ERR12067314,ERS16390336,South Africa,Human,Blood culture,Yes,2023,5,335,25,Other,1,1,99,99,,Supplied isolate accession workbook,1,1,0,1,blaOXA-1; blaOXA-10; cmlA5; floR; dfrA14; dfrA23; blaCTX-M-15; qnrB1; mph(A); tet(A); sul1; sul2; aac(3)-IIe; aac(6')-Ib-cr5; aadA1; aph(3'')-Ib; aph(6)-Id; arr-2; qacEdelta1,11,19,0,Other,CC25-03,ST335-03,ERR12067314,99
ERR12321281,ERR12321281,ERR12321281,ERS17171915,South Africa,Human,Blood culture,Yes,2023,5,335,25,Other,1,1,100,100,,Supplied isolate accession workbook,1,1,1,1,blaTEM-1; blaOXA-1; blaOXA-10; cmlA5; floR; dfrA14; dfrA23; blaCTX-M-15; qnrB1; mph(A); mph(E); msr(E); tet(A); sul1; sul2; aac(3)-IId; aac(3)-IIe; aac(6')-Ib-cr5; aadA1; aph(3'')-Ib; aph(6)-Id; blaNDM-1; arr-2; ble,13,24,0,Other,CC25-04,ST335-04,ERR12321281,100
ERR12142634,ERR12142634,ERR12142634,ERS16508101,South Africa,Human,Blood culture,Yes,2023,5,335,25,Other,1,1,101,101,,Supplied isolate accession workbook,1,1,1,1,blaTEM-1; blaOXA-1; blaOXA-10; cmlA5; floR; dfrA14; dfrA23; blaCTX-M-15; qnrB1; mph(A); mph(E); msr(E); tet(A); sul1; sul2; aac(6')-Ib-cr5; aadA1; aph(3'')-Ib; aph(6)-Id; armA; blaNDM-1; arr-2; ble,13,23,0,Other,CC25-04,ST335-04,ERR12142634,101
ERR6753111,ERR6753111,ERR6753111,ERS7770331,South Africa,Human,Stool,No,2020,5,335,25,Other,1,1,102,102,,Supplied isolate accession workbook,1,1,0,1,blaOXA-1; blaOXA-10; cmlA5; floR; dfrA14; dfrA23; blaCTX-M-15; qnrB1; mph(A); tet(A); sul1; sul2; aac(3)-IIe; aac(6')-Ib-cr5; aadA1; aph(3'')-Ib; aph(6)-Id; arr-2; qacEdelta1,11,19,0,Other,CC25-04,ST335-04,ERR6753111,102
ERR6806796,ERR6806796,ERR6806796,ERS7645517,South Africa,Human,Blood culture,Yes,2020,5,335,25,Other,1,1,103,103,,Supplied isolate accession workbook,1,1,0,0,blaOXA-1; blaOXA-10; cmlA5; floR; dfrA14; dfrA23; blaCTX-M-15; qnrB1; tet(A); sul1; sul2; aac(3)-IIe; aac(6')-Ib-cr5; aadA1; aph(3'')-Ib; aph(6)-Id; arr-2; qacEdelta1,10,18,0,Other,CC25-04,ST335-04,ERR6806796,103
ERR6806789,ERR6806789,ERR6806789,ERS7645510,South Africa,Human,Stool,No,2021,5,335,25,Other,1,1,104,104,,Supplied isolate accession workbook,1,1,0,1,blaOXA-1; blaOXA-10; cmlA5; floR; dfrA14; dfrA23; blaCTX-M-15; qnrB1; mph(A); tet(A); sul1; sul2; aac(3)-IIe; aac(6')-Ib-cr5; aadA1; aph(3'')-Ib; aph(6)-Id; arr-2; qacEdelta1,11,19,0,Other,CC25-04,ST335-04,ERR6806789,104
ERR9971918,ERR9971918,ERR9971918,ERS12480441,South Africa,Human,Stool,No,2021,5,335,25,Other,1,1,105,105,,Supplied isolate accession workbook,1,1,0,1,blaOXA-1; blaOXA-10; cmlA5; floR; dfrA14; dfrA23; blaCTX-M-15; qnrB1; mph(A); tet(A); sul1; sul2; aac(3)-IIe; aac(6')-Ib-cr5; aadA1; aph(3'')-Ib; aph(6)-Id; arr-2; qacEdelta1,11,19,0,Other,CC25-04,ST335-04,ERR9971918,105
ERR7197741,ERR7197741,ERR7197741,ERS8210595,South Africa,Human,Stool,No,2021,5,335,25,Other,1,1,106,106,,Supplied isolate accession workbook,1,1,0,1,blaOXA-1; floR; dfrA14; blaCTX-M-15; qnrB1; mph(A); tet(A); sul2; aac(3)-IIe; aac(6')-Ib-cr5; aph(3'')-Ib; aph(6)-Id,9,12,0,Other,CC25-04,ST335-04,ERR7197741,106
ERR5751808,ERR5751808,ERR5751808,ERS6283454,South Africa,Human,Unspecified - human,No,2020,5,335,25,Other,1,1,107,107,,Supplied isolate accession workbook,1,1,0,1,blaOXA-1; floR; dfrA14; blaCTX-M-15; qnrB1; mph(A); tet(A); sul2; aac(3)-IIe; aac(6')-Ib-cr5; aph(3'')-Ib; aph(6)-Id,9,12,0,Other,CC25-04,ST335-04,ERR5751808,107
ERR12321280,ERR12321280,ERR12321280,ERS17171914,South Africa,Human,Stool,No,2023,5,335,25,Other,1,1,108,108,,Supplied isolate accession workbook,1,1,0,1,blaOXA-1; blaOXA-10; cmlA5; floR; dfrA14; blaCTX-M-15; qnrB1; mph(A); tet(A); sul1; sul2; aac(3)-IIe; aac(6')-Ib-cr5; aadA1; aph(3'')-Ib; aph(6)-Id; arr-2; qacEdelta1,11,18,0,Other,CC25-04,ST335-04,ERR12321280,108
ERR9692774,ERR9692774,ERR9692774,ERS11935911,South Africa,Human,Unspecified - human,No,2020,5,335,25,Other,1,1,109,109,,Supplied isolate accession workbook,1,1,0,1,blaOXA-1; blaOXA-10; cmlA5; floR; dfrA14; blaCTX-M-15; qnrB1; mph(A); tet(A); sul1; sul2; aac(3)-IIe; aac(6')-Ib-cr5; aadA1; aph(3'')-Ib; aph(6)-Id; arr-2; qacEdelta1,11,18,0,Other,CC25-04,ST335-04,ERR9692774,109
ERR6752863,ERR6752863,ERR6752863,ERS7770083,South Africa,Human,Unspecified - human,No,2020,5,335,25,Other,1,1,110,110,,Supplied isolate accession workbook,1,1,0,1,blaOXA-1; floR; dfrA14; blaCTX-M-15; qnrB1; mph(A); tet(A); sul2; aac(3)-IIe; aac(6')-Ib-cr5; aph(3'')-Ib; aph(6)-Id,9,12,0,Other,CC25-04,ST335-04,ERR6752863,110
SRR9273829,SRR9273829,SRR9273829,SRS4947096,United Kingdom,Human,Unspecified - human,No,2019,5,335,25,Other,1,1,111,111,,Supplied isolate accession workbook,0,1,0,0,blaOXA-10; cmlA5; floR; dfrA23; blaCTX-M-15; tet(A); sul1; sul2; aac(3)-IIe; aadA1; aph(3'')-Ib; aph(6)-Id; qacEdelta1,7,13,0,Other,CC25-04,ST335-04,SRR9273829,111
ERR9079830,ERR9079830,ERR9079830,ERS10862921,South Africa,Human,Blood culture,Yes,2021,5,335,25,Other,1,1,112,112,,Supplied isolate accession workbook,1,1,0,0,blaOXA-1; blaOXA-10; cmlA5; floR; dfrA23; blaCTX-M-15; qnrB1; tet(A); sul1; sul2; aac(3)-II; aac(6')-Ib-cr5; aadA1; aph(3'')-Ib; aph(6)-Id; arr-2; qacEdelta1,10,17,0,Other,CC25-04,ST335-04,ERR9079830,112
ERR10880116,ERR10880116,ERR10880116,ERS14631590,South Africa,Human,Blood culture,Yes,2022,5,335,25,Other,1,1,113,113,,Supplied isolate accession workbook,1,1,0,0,blaOXA-1; blaOXA-10; cmlA5; dfrA23; blaCTX-M-15; qnrB1; tet(A); sul1; sul2; aac(3)-IIe; aac(6')-Ib-cr5; aadA1; aph(3'')-Ib; aph(6)-Id; arr-2; qacEdelta1,10,16,0,Other,CC25-04,ST335-04,ERR10880116,113
ERR5751304,ERR5751304,ERR5751304,ERS6282950,South Africa,Human,Stool,No,2020,5,335,25,Other,1,1,114,114,,Supplied isolate accession workbook,1,1,0,1,blaOXA-1; floR; dfrA14; blaCTX-M-15; qnrB1; mph(A); tet(A); sul2; aac(3)-IIe; aac(6')-Ib-cr5; aph(3'')-Ib; aph(6)-Id,9,12,0,Other,CC25-04,ST335-04,ERR5751304,114
ERR6806714,ERR6806714,ERR6806714,ERS7645435,South Africa,Human,Unspecified - human,No,2020,5,335,25,Other,1,1,115,115,,Supplied isolate accession workbook,1,1,0,0,blaTEM-1; blaOXA-10; cmlA5; floR; dfrA23; blaCTX-M-15; qnrB1; tet(A); sul1; sul2; aac(3)-IIe; aadA1; aph(3'')-Ib; aph(6)-Id; arr-2; qacEdelta1,9,16,0,Other,CC25-04,ST335-04,ERR6806714,115
ERR5751296,ERR5751296,ERR5751296,ERS6282942,South Africa,Human,Rectal swab,No,2020,5,335,25,Other,1,1,116,116,,Supplied isolate accession workbook,1,1,0,1,blaOXA-1; blaOXA-10; cmlA5; floR; dfrA14; dfrA23; blaCTX-M-15; qnrB1; mph(A); tet(A); sul1; sul2; aac(3)-IIe; aac(6')-Ib-cr5; aadA1; aph(3'')-Ib; aph(6)-Id; arr-2; qacEdelta1,11,19,0,Other,CC25-04,ST335-04,ERR5751296,116
ERR4451427,ERR4451427,ERR4451427,ERS4936998,South Africa,Human,Unspecified - human,No,2020,5,335,25,Other,1,1,117,117,,Supplied isolate accession workbook,1,1,0,1,blaOXA-1; blaOXA-10; cmlA5; floR; dfrA14; dfrA23; blaCTX-M-15; qnrB1; mph(A); tet(A); sul1; sul2; aac(3)-IIe; aac(6')-Ib-cr5; aadA1; aph(3'')-Ib; aph(6)-Id; arr-2; qacEdelta1,11,19,0,Other,CC25-04,ST335-04,ERR4451427,117
ERR6806125,ERR6806125,ERR6806125,ERS7644848,South Africa,Human,Unspecified - human,No,2020,5,335,25,Other,1,1,118,118,,Supplied isolate accession workbook,1,1,0,1,blaOXA-1; blaOXA-10; cmlA5; floR; dfrA14; dfrA23; blaCTX-M-15; qnrB1; mph(A); tet(A); sul1; sul2; aac(3)-IIe; aac(6')-Ib-cr5; aadA1; aph(3'')-Ib; aph(6)-Id; arr-2; qacEdelta1,11,19,0,Other,CC25-04,ST335-04,ERR6806125,118
ERR6806317,ERR6806317,ERR6806317,ERS7645040,South Africa,Human,Stool,No,2020,5,335,25,Other,1,1,119,119,,Supplied isolate accession workbook,0,1,0,1,blaTEM-1; catA1; floR; dfrA14; blaCTX-M-15; mph(A); tet(A); sul2; aadA1; aph(3'')-Ib; aph(6)-Id,7,11,0,Other,CC25-04,ST335-04,ERR6806317,119
ERR12067371,ERR12067371,ERR12067371,ERS16390441,South Africa,Human,Urine,No,2023,5,335,25,Other,1,1,120,120,,Supplied isolate accession workbook,1,1,0,1,blaTEM-1; blaOXA-1; blaOXA-10; catA1; cmlA5; floR; dfrA14; dfrA23; blaCTX-M-15; qnrB1; mph(A); tet(A); sul1; sul2; aac(3)-IIe; aac(6')-Ib-cr5; aadA1; aph(3'')-Ib; aph(6)-Id; arr-2; qacEdelta1,11,21,0,Other,CC25-04,ST335-04,ERR12067371,120
ERR6806075,ERR6806075,ERR6806075,ERS7644798,South Africa,Human,Urine,No,2021,5,335,25,Other,1,1,121,121,,Supplied isolate accession workbook,0,0,0,0,blaTEM-1; blaCTX-M-15; gyrB_S464F; tet(A); sul2; aac(3)-IIe; aph(3'')-Ib; aph(6)-Id,6,8,0,Other,CC25-04,ST335-04,ERR6806075,121
ERR10176870,ERR10176870,ERR10176870,ERS13445953,South Africa,Human,Stool,No,2022,5,335,25,Other,1,1,122,122,,Supplied isolate accession workbook,0,0,0,1,blaTEM-1; blaOXA-1; dfrA14; blaCTX-M-15; qnrB1; mph(A); tet(A); sul2; aac(3)-IIe; aac(6')-Ib-cr5; aph(3'')-Ib; aph(6)-Id,9,12,0,Other,CC25-04,ST335-04,ERR10176870,122
ERR10460856,ERR10460856,ERR10460856,ERS13656118,South Africa,Human,Stool,No,2022,5,335,25,Other,1,1,123,123,,Supplied isolate accession workbook,0,0,0,1,blaTEM-1; blaOXA-1; dfrA14; blaCTX-M-15; qnrB1; mph(A); tet(A); sul2; aac(3)-IIe; aac(6')-Ib-cr5; aph(3'')-Ib; aph(6)-Id,9,12,0,Other,CC25-04,ST335-04,ERR10460856,123
ERR10460902,ERR10460902,ERR10460902,ERS13656164,South Africa,Human,Stool,No,2022,5,335,25,Other,1,1,124,124,,Supplied isolate accession workbook,0,0,0,1,blaTEM-1; blaOXA-1; dfrA14; blaCTX-M-15; qnrB1; mph(A); tet(A); sul2; aac(3)-IIe; aac(6')-Ib-cr5; aph(3'')-Ib; aph(6)-Id,9,12,0,Other,CC25-04,ST335-04,ERR10460902,124
ERR6806726,ERR6806726,ERR6806726,ERS7645447,South Africa,Human,Blood culture,Yes,2020,5,335,25,Other,1,1,125,125,,Supplied isolate accession workbook,0,0,0,0,blaTEM-1; blaOXA-1; dfrA14; blaCTX-M-15; qnrB1; sul2; sul3; aac(3)-IIe; aac(6')-Ib-cr5; aph(6)-Id,7,10,0,Other,CC25-04,ST335-04,ERR6806726,125
ERR12078572,ERR12078572,ERR12078572,ERS16427368,South Africa,Human,Stool,No,Other,5,335,25,Other,1,1,126,126,,Supplied isolate accession workbook,1,1,0,1,blaOXA-1; blaOXA-10; cmlA5; dfrA14; dfrA23; blaCTX-M-15; qnrB1; mph(A); tet(A); sul1; sul2; aac(3)-IIe; aac(6')-Ib-cr5; aadA1; aph(3'')-Ib; aph(6)-Id; arr-2; qacEdelta1,11,18,0,Other,CC25-04,ST335-04,ERR12078572,126
ERR11747320,ERR11747320,ERR11747320,ERS16093242,South Africa,Human,Urine,No,2023,5,335,25,Other,1,1,127,127,,Supplied isolate accession workbook,1,1,0,1,blaTEM-1; blaOXA-1; blaOXA-10; cmlA5; dfrA14; dfrA23; blaCTX-M-15; qnrB1; mph(A); tet(A); sul1; sul2; aac(3)-IIe; aac(6')-Ib-cr5; aadA1; aph(3'')-Ib; aph(6)-Id; arr-2; qacEdelta1,11,19,0,Other,CC25-04,ST335-04,ERR11747320,127
ERR12495482,ERR12495482,ERR12495482,ERS17748274,South Africa,Human,Stool,No,2023,5,335,25,Other,1,1,128,128,,Supplied isolate accession workbook,1,1,0,1,blaTEM-1; blaOXA-1; blaOXA-10; cmlA5; dfrA14; dfrA23; blaCTX-M-15; qnrB1; mph(A); tet(A); sul1; sul2; aac(3)-IIe; aac(6')-Ib-cr5; aadA1; aph(3'')-Ib; aph(6)-Id; arr-2; qacEdelta1,11,19,0,Other,CC25-04,ST335-04,ERR12495482,128
ERR5751726,ERR5751726,ERR5751726,ERS6283372,South Africa,Human,Urine,No,2020,5,335,25,Other,1,1,129,129,,Supplied isolate accession workbook,0,0,0,0,blaTEM-1; blaOXA-1; dfrA14; blaCTX-M-15; tet(A); sul2; aac(3)-IIe; aac(6')-Ib-cr5; aph(3'')-Ib; aph(6)-Id,7,10,0,Other,CC25-04,ST335-04,ERR5751726,129
ERR6806512,ERR6806512,ERR6806512,ERS7645233,South Africa,Human,Stool,No,2021,5,335,25,Other,1,1,130,130,,Supplied isolate accession workbook,1,1,0,0,blaTEM-1; blaOXA-1; blaOXA-10; cmlA5; dfrA14; dfrA23; blaCTX-M-15; qnrB1; tet(A); sul1; sul2; aac(3)-IIe; aac(6')-Ib-cr5; aadA1; aph(3'')-Ib; aph(6)-Id; arr-2; qacEdelta1,10,18,0,Other,CC25-04,ST335-04,ERR6806512,130
ERR9924209,ERR9924209,ERR9924209,ERS12382480,South Africa,Human,Stool,No,2021,5,335,25,Other,1,1,131,131,,Supplied isolate accession workbook,1,1,0,1,blaTEM-1; blaOXA-1; blaOXA-10; cmlA5; dfrA14; dfrA23; blaCTX-M-15; qnrB1; mph(A); tet(A); sul1; sul2; aac(3)-IIe; aac(6')-Ib-cr5; aadA1; aph(3'')-Ib; aph(6)-Id; arr-3; qacEdelta1,11,19,0,Other,CC25-04,ST335-04,ERR9924209,131
ERR10460483,ERR10460483,ERR10460483,ERS13655839,South Africa,Human,Stool,No,2022,4,335,25,South African outbreak,1,1,132,132,,Supplied isolate accession workbook,0,0,0,1,blaSCO-1; blaTEM-1; blaOXA-1; dfrA12; blaCTX-M-15; mph(A); sul1; sul2; aac(3)-IId; aac(6')-Ib-cr5; aadA2; aph(3'')-Ib; aph(6)-Id; qacEdelta1,8,14,0,Other,CC25-05,ST335-05,ERR10460483,132
ERR9785511,ERR9785511,ERR9785511,ERS12086359,South Africa,Human,Stool,No,2022,4,335,25,South African outbreak,1,1,133,133,,Supplied isolate accession workbook,0,0,0,1,blaSCO-1; blaTEM-1; blaOXA-1; dfrA12; blaCTX-M-15; mph(A); sul1; sul2; aac(3)-IId; aac(6')-Ib-cr5; aadA2; aph(3'')-Ib; aph(6)-Id; qacEdelta1,8,14,0,Other,CC25-05,ST335-05,ERR9785511,133
ERR10087012,ERR10087012,ERR10087012,ERS12761375,South Africa,Human,Rectal swab,No,2022,4,335,25,South African outbreak,1,1,134,134,,Supplied isolate accession workbook,1,1,0,1,blaSCO-1; blaTEM-1; blaOXA-1; blaOXA-10; cmlA5; dfrA12; dfrA23; blaCTX-M-15; qnrB1; mph(A); sul1; sul2; aac(3)-IId; aac(6')-Ib-cr5; aadA1; aadA2; aph(3'')-Ib; aph(6)-Id; arr-2; qacEdelta1,10,20,0,Other,CC25-05,ST335-05,ERR10087012,134
ERR9079768,ERR9079768,ERR9079768,ERS10862859,South Africa,Human,Stool,No,2021,4,335,25,Other,1,1,135,135,,Supplied isolate accession workbook,0,1,0,1,blaSCO-1; blaTEM-1; blaOXA-1; blaOXA-10; cmlA5; dfrA12; dfrA23; blaCTX-M-15; mph(A); sul1; sul2; aac(3)-IId; aac(6')-Ib-cr5; aadA1; aadA2; aph(3'')-Ib; aph(6)-Id; arr-2; qacEdelta1,9,19,0,Other,CC25-05,ST335-05,ERR9079768,135
ERR9822149,ERR9822149,ERR9822149,ERS12149066,South Africa,Human,Stool,No,2022,4,335,25,South African outbreak,1,1,136,136,,Supplied isolate accession workbook,1,1,0,1,blaSCO-1; blaTEM-1; blaOXA-1; blaOXA-10; cmlA5; dfrA12; dfrA23; blaCTX-M-15; qnrB1; mph(A); sul1; sul2; aac(3)-IId; aac(6')-Ib-cr5; aadA1; aadA2; aph(3'')-Ib; aph(6)-Id; arr-2; qacEdelta1,10,20,0,Other,CC25-05,ST335-05,ERR9822149,136
ERR9822145,ERR9822145,ERR9822145,ERS12149062,South Africa,Human,Stool,No,2022,4,335,25,South African outbreak,1,1,137,137,,Supplied isolate accession workbook,1,1,0,0,blaSCO-1; blaTEM-1; blaOXA-1; blaOXA-10; cmlA5; dfrA23; blaCTX-M-15; qnrB1; sul1; sul2; aac(6')-Ib-cr5; aadA1; aph(3'')-Ib; aph(6)-Id; arr-2; qacEdelta1,9,16,0,Other,CC25-05,ST335-05,ERR9822145,137
ERR9822146,ERR9822146,ERR9822146,ERS12149063,South Africa,Human,Stool,No,2022,4,335,25,South African outbreak,1,1,138,138,,Supplied isolate accession workbook,1,1,0,1,blaSCO-1; blaTEM-1; blaOXA-1; blaOXA-10; cmlA5; dfrA12; dfrA23; blaCTX-M-15; qnrB1; mph(A); sul1; sul2; aac(3)-IId; aac(6')-Ib-cr5; aadA1; aadA2; aph(3'')-Ib; aph(6)-Id; arr-2; qacEdelta1,10,20,0,Other,CC25-05,ST335-05,ERR9822146,138
ERR9785509,ERR9785509,ERR9785509,ERS12086357,South Africa,Human,Stool,No,2022,4,335,25,South African outbreak,1,1,139,139,,Supplied isolate accession workbook,1,1,0,1,blaSCO-1; blaTEM-1; blaOXA-1; blaOXA-10; cmlA5; dfrA12; dfrA23; blaCTX-M-15; qnrB1; mph(A); sul1; sul2; aac(3)-IId; aac(6')-Ib-cr5; aadA1; aadA2; aph(3'')-Ib; aph(6)-Id; arr-2; qacEdelta1,10,20,0,Other,CC25-05,ST335-05,ERR9785509,139
ERR10176872,ERR10176872,ERR10176872,ERS13445955,South Africa,Human,Stool,No,2022,4,335,25,South African outbreak,1,1,140,140,,Supplied isolate accession workbook,1,1,0,1,blaSCO-1; blaTEM-1; blaOXA-1; blaOXA-10; cmlA5; dfrA12; dfrA23; blaCTX-M-15; qnrB1; mph(A); sul1; sul2; aac(3)-IId; aac(6')-Ib-cr5; aadA1; aadA2; aph(3'')-Ib; aph(6)-Id; arr-2; qacEdelta1,10,20,0,Other,CC25-05,ST335-05,ERR10176872,140
ERR9966389,ERR9966389,ERR9966389,ERS12472976,South Africa,Human,Stool,No,2022,4,335,25,South African outbreak,1,1,141,141,,Supplied isolate accession workbook,1,1,0,1,blaSCO-1; blaTEM-1; blaOXA-1; blaOXA-10; cmlA5; dfrA12; dfrA23; blaCTX-M-15; qnrB1; mph(A); sul1; sul2; aac(3)-IId; aac(6')-Ib-cr5; aadA1; aadA2; aph(3'')-Ib; aph(6)-Id; arr-2; qacEdelta1,10,20,0,Other,CC25-05,ST335-05,ERR9966389,141
ERR10460765,ERR10460765,ERR10460765,ERS13656027,South Africa,Human,Stool,No,2022,4,335,25,South African outbreak,1,1,142,142,,Supplied isolate accession workbook,1,1,0,1,blaSCO-1; blaTEM-1; blaOXA-1; blaOXA-10; cmlA5; dfrA12; dfrA23; blaCTX-M-15; qnrB1; mph(A); sul1; sul2; aac(3)-IId; aac(6')-Ib-cr5; aadA1; aadA2; aph(3'')-Ib; aph(6)-Id; arr-2; qacEdelta1,10,20,0,Other,CC25-05,ST335-05,ERR10460765,142
ERR10109275,ERR10109275,ERR10109275,ERS12792508,South Africa,Human,Stool,No,2022,4,335,25,South African outbreak,1,1,143,143,,Supplied isolate accession workbook,1,1,0,1,blaSCO-1; blaTEM-1; blaOXA-1; blaOXA-10; cmlA5; dfrA12; dfrA23; blaCTX-M-15; qnrB1; mph(A); sul1; sul2; aac(3)-IId; aac(6')-Ib-cr5; aph(3'')-Ib; aph(6)-Id; arr-2; qacEdelta1,10,18,0,Other,CC25-05,ST335-05,ERR10109275,143
ERR11807704,ERR11807704,ERR11807704,ERS16229032,South Africa,Human,Stool,NO,2023,4,335,25,Other,1,1,144,144,,Supplied isolate accession workbook,1,1,0,1,blaSCO-1; blaTEM-1; blaOXA-10; cmlA5; dfrA12; dfrA23; blaCTX-M-15; qnrB1; mph(A); sul1; sul2; aac(3)-IId; aadA1; aadA2; aph(3'')-Ib; aph(6)-Id; arr-2; qacEdelta1,9,18,0,Other,CC25-05,ST335-05,ERR11807704,144
ERR10109276,ERR10109276,ERR10109276,ERS12792509,South Africa,Human,Rectal swab,No,2022,4,335,25,South African outbreak,1,1,145,145,,Supplied isolate accession workbook,1,1,0,1,blaSCO-1; blaTEM-1; blaOXA-10; cmlA5; dfrA12; dfrA23; blaCTX-M-15; qnrB1; mph(A); sul1; sul2; aac(3)-IId; aadA1; aadA2; aph(3'')-Ib; aph(6)-Id; arr-2; qacEdelta1,9,18,0,Other,CC25-05,ST335-05,ERR10109276,145
ERR9785510,ERR9785510,ERR9785510,ERS12086358,South Africa,Human,Stool,No,2022,4,335,25,South African outbreak,1,1,146,146,,Supplied isolate accession workbook,1,1,0,1,blaSCO-1; blaTEM-1; blaOXA-1; blaOXA-10; cmlA5; dfrA12; dfrA23; blaCTX-M-15; qnrB1; mph(A); sul1; sul2; aac(3)-IId; aac(6')-Ib-cr5; aadA1; aadA2; aph(3'')-Ib; aph(6)-Id; arr-2; qacEdelta1,10,20,0,Other,CC25-05,ST335-05,ERR9785510,146
ERR9820422,ERR9820422,ERR9820422,ERS12147978,South Africa,Human,Stool,No,2022,4,335,25,South African outbreak,1,1,147,147,,Supplied isolate accession workbook,1,1,0,1,blaSCO-1; blaTEM-1; blaOXA-1; blaOXA-10; cmlA5; dfrA12; dfrA23; blaCTX-M-15; qnrB1; mph(A); sul1; sul2; aac(3)-IId; aac(6')-Ib-cr5; aadA1; aadA2; aph(3'')-Ib; aph(6)-Id; arr-2; qacEdelta1,10,20,0,Other,CC25-05,ST335-05,ERR9820422,147
ERR10880181,ERR10880181,ERR10880181,ERS14631653,South Africa,Human,Urine,No,2022,4,335,25,Other,1,1,148,148,,Supplied isolate accession workbook,1,1,0,1,blaSCO-1; blaTEM-1; blaOXA-1; blaOXA-10; cmlA5; dfrA12; dfrA23; blaCTX-M-15; qnrB1; mph(A); sul1; sul2; aac(3)-IId; aac(6')-Ib-cr5; aadA1; aadA2; aph(3'')-Ib; aph(6)-Id; arr-2; qacEdelta1,10,20,0,Other,CC25-05,ST335-05,ERR10880181,148
ERR10088101,ERR10088101,ERR10088101,ERS12764179,South Africa,Human,Stool,No,2022,4,335,25,South African outbreak,1,1,149,149,,Supplied isolate accession workbook,1,1,0,1,blaSCO-1; blaTEM-1; blaOXA-1; blaOXA-10; cmlA5; dfrA12; dfrA23; blaCTX-M-15; qnrB1; mph(A); sul1; sul2; aac(3)-IId; aac(6')-Ib-cr5; aadA1; aadA2; aph(3'')-Ib; aph(6)-Id; arr-2; qacEdelta1,10,20,0,Other,CC25-05,ST335-05,ERR10088101,149
ERR12312688,ERR12312688,ERR12312688,ERS17080491,South Africa,Human,Stool,No,2023,4,335,25,Other,1,1,150,150,,Supplied isolate accession workbook,1,1,0,1,blaSCO-1; blaTEM-1; blaOXA-1; blaOXA-10; cmlA5; dfrA12; dfrA23; blaCTX-M-15; qnrB1; mph(A); sul1; sul2; aac(3)-IId; aac(6')-Ib-cr5; aadA1; aadA2; aph(3'')-Ib; aph(6)-Id; arr-2; qacEdelta1,10,20,0,Other,CC25-05,ST335-05,ERR12312688,150
ERR11201827,ERR11201827,ERR11201827,ERS14886263,South Africa,Human,Stool,No,2022,4,335,25,Other,1,1,151,151,,Supplied isolate accession workbook,1,1,0,1,blaSCO-1; blaTEM-1; blaOXA-1; blaOXA-10; cmlA5; dfrA12; dfrA23; blaCTX-M-15; qnrB1; mph(A); sul1; sul2; aac(3)-IId; aac(6')-Ib-cr5; aadA1; aadA2; aph(3'')-Ib; aph(6)-Id; arr-2; qacEdelta1,10,20,0,Other,CC25-05,ST335-05,ERR11201827,151
ERR12312689,ERR12312689,ERR12312689,ERS17080492,South Africa,Human,Stool,No,2023,4,335,25,Other,1,1,152,152,,Supplied isolate accession workbook,1,1,0,1,blaSCO-1; blaTEM-1; blaOXA-1; blaOXA-10; cmlA5; dfrA12; dfrA23; blaCTX-M-15; qnrB1; mph(A); sul1; sul2; aac(3)-IId; aac(6')-Ib-cr5; aadA1; aadA2; aph(3'')-Ib; aph(6)-Id; arr-2; qacEdelta1,10,20,0,Other,CC25-05,ST335-05,ERR12312689,152
ERR12495485,ERR12495485,ERR12495485,ERS17748277,South Africa,Human,Unspecified - human,No,2023,4,335,25,Other,1,1,153,153,,Supplied isolate accession workbook,1,1,0,1,blaSCO-1; blaTEM-1; blaOXA-1; blaOXA-10; cmlA5; dfrA12; dfrA23; blaCTX-M-15; qnrB1; mph(A); sul1; sul2; aac(3)-IId; aac(6')-Ib-cr5; aadA1; aadA2; aph(3'')-Ib; aph(6)-Id; arr-2; qacEdelta1,10,20,0,Other,CC25-05,ST335-05,ERR12495485,153
ERR12312692,ERR12312692,ERR12312692,ERS17080495,South Africa,Human,Blood culture,Yes,2023,4,335,25,Other,1,1,154,154,,Supplied isolate accession workbook,1,1,0,1,blaSCO-1; blaTEM-1; blaOXA-1; blaOXA-10; cmlA5; dfrA12; dfrA23; blaCTX-M-15; qnrB1; mph(A); sul1; sul2; aac(3)-IId; aac(6')-Ib-cr5; aadA1; aadA2; aph(3'')-Ib; aph(6)-Id; arr-2; qacEdelta1,10,20,0,Other,CC25-05,ST335-05,ERR12312692,154
ERR10123168,ERR10123168,ERR10123168,ERS12853251,South Africa,Human,Rectal swab,No,2022,4,335,25,South African outbreak,1,1,155,155,,Supplied isolate accession workbook,1,1,0,1,blaSCO-1; blaTEM-1; blaOXA-1; blaOXA-10; cmlA5; dfrA12; dfrA23; blaCTX-M-15; qnrB1; mph(A); sul1; sul2; aac(3)-IId; aac(6')-Ib-cr5; aadA1; aadA2; aph(3'')-Ib; aph(6)-Id; arr-2; qacEdelta1,10,20,0,Other,CC25-05,ST335-05,ERR10123168,155
ERR10123167,ERR10123167,ERR10123167,ERS12853250,South Africa,Human,Rectal swab,No,2022,4,335,25,South African outbreak,1,1,156,156,,Supplied isolate accession workbook,1,1,0,1,blaSCO-1; blaTEM-1; blaOXA-1; blaOXA-10; cmlA5; dfrA12; dfrA23; blaCTX-M-15; qnrB1; mph(A); sul1; sul2; aac(3)-IId; aac(6')-Ib-cr5; aadA1; aadA2; aph(3'')-Ib; aph(6)-Id; arr-2; qacEdelta1,10,20,0,Other,CC25-05,ST335-05,ERR10123167,156
ERR9966387,ERR9966387,ERR9966387,ERS12472974,South Africa,Human,Stool,No,2022,4,335,25,South African outbreak,1,1,157,157,,Supplied isolate accession workbook,1,1,0,1,blaSCO-1; blaTEM-1; blaOXA-1; blaOXA-10; cmlA5; dfrA12; dfrA23; blaCTX-M-15; qnrB1; mph(A); sul1; sul2; aac(3)-IId; aac(6')-Ib-cr5; aadA1; aadA2; aph(3'')-Ib; aph(6)-Id; arr-2; qacEdelta1,10,20,0,Other,CC25-05,ST335-05,ERR9966387,157
ERR10949310,ERR10949310,ERR10949310,ERS14699590,South Africa,Human,Rectal swab,No,2022,4,335,25,Other,1,1,158,158,,Supplied isolate accession workbook,1,1,0,1,blaSCO-1; blaTEM-1; blaOXA-1; blaOXA-10; cmlA5; dfrA12; dfrA23; blaCTX-M-15; qnrB1; mph(A); sul1; sul2; aac(3)-IId; aac(6')-Ib-cr5; aadA1; aadA2; aph(3'')-Ib; aph(6)-Id; arr-2; qacEdelta1,10,20,0,Other,CC25-05,ST335-05,ERR10949310,158
ERR10460875,ERR10460875,ERR10460875,ERS13656137,South Africa,Human,Stool,No,2022,4,335,25,South African outbreak,1,1,159,159,,Supplied isolate accession workbook,1,1,0,1,blaSCO-1; blaTEM-1; blaOXA-1; blaOXA-10; cmlA5; dfrA12; dfrA23; blaCTX-M-15; qnrB1; mph(A); sul1; sul2; aac(3)-IId; aac(6')-Ib-cr5; aadA1; aadA2; aph(3'')-Ib; aph(6)-Id; arr-2; qacEdelta1,10,20,0,Other,CC25-05,ST335-05,ERR10460875,159
ERR9966390,ERR9966390,ERR9966390,ERS12472977,South Africa,Human,Stool,No,2022,4,335,25,South African outbreak,1,1,160,160,,Supplied isolate accession workbook,1,1,0,1,blaSCO-1; blaTEM-1; blaOXA-1; blaOXA-10; cmlA5; dfrA12; dfrA23; blaCTX-M-15; qnrB1; mph(A); sul1; sul2; aac(3)-IId; aac(6')-Ib-cr5; aadA1; aadA2; aph(3'')-Ib; aph(6)-Id; arr-2; qacEdelta1,10,20,0,Other,CC25-05,ST335-05,ERR9966390,160
ERR10176866,ERR10176866,ERR10176866,ERS13445949,South Africa,Human,Unspecified - human,No,2022,4,335,25,South African outbreak,1,1,161,161,,Supplied isolate accession workbook,1,1,0,1,blaSCO-1; blaTEM-1; blaOXA-1; blaOXA-10; cmlA5; dfrA12; dfrA23; blaCTX-M-15; qnrB1; mph(A); sul1; sul2; aac(3)-IId; aac(6')-Ib-cr5; aadA1; aadA2; aph(3'')-Ib; aph(6)-Id; arr-2; qacEdelta1,10,20,0,Other,CC25-05,ST335-05,ERR10176866,161
ERR10460687,ERR10460687,ERR10460687,ERS13655949,South Africa,Human,Stool,No,2022,4,335,25,South African outbreak,1,1,162,162,,Supplied isolate accession workbook,1,1,0,1,blaSCO-1; blaTEM-1; blaOXA-1; blaOXA-10; cmlA5; dfrA12; dfrA23; blaCTX-M-15; qnrB1; mph(A); sul1; sul2; aac(3)-IId; aac(6')-Ib-cr5; aadA1; aadA2; aph(3'')-Ib; aph(6)-Id; arr-2; qacEdelta1,10,20,0,Other,CC25-05,ST335-05,ERR10460687,162
ERR12078573,ERR12078573,ERR12078573,ERS16427369,South Africa,Human,Urine,No,2023,4,335,25,Other,1,1,163,163,,Supplied isolate accession workbook,1,1,0,1,blaSCO-1; blaTEM-1; blaOXA-1; blaOXA-10; cmlA5; dfrA12; dfrA23; blaCTX-M-15; qnrB1; mph(A); sul1; sul2; aac(3)-IId; aac(6')-Ib-cr5; aadA1; aadA2; aph(3'')-Ib; aph(6)-Id; arr-2; qacEdelta1,10,20,0,Other,CC25-06,ST335-06,ERR12078573,163
ERR9785512,ERR9785512,ERR9785512,ERS12086360,South Africa,Human,Stool,No,2022,4,335,25,South African outbreak,1,1,164,164,,Supplied isolate accession workbook,1,1,0,1,blaSCO-1; blaTEM-1; blaOXA-1; blaOXA-10; cmlA5; dfrA12; dfrA23; blaCTX-M-15; qnrB1; mph(A); sul1; sul2; aac(3)-IId; aac(6')-Ib-cr5; aadA1; aadA2; aph(3'')-Ib; aph(6)-Id; arr-2; qacEdelta1,10,20,0,Other,CC25-06,ST335-06,ERR9785512,164
ERR12165616,ERR12165616,ERR12165616,ERS16536124,South Africa,Human,Stool,No,2023,4,335,25,Other,1,1,165,165,,Supplied isolate accession workbook,1,1,0,1,blaSCO-1; blaTEM-1; blaOXA-1; blaOXA-10; cmlA5; dfrA12; dfrA23; blaCTX-M-15; qnrB1; mph(A); sul1; sul2; aac(3)-IId; aac(6')-Ib-cr5; aadA1; aadA2; aph(3'')-Ib; aph(6)-Id; arr-2; qacEdelta1,10,20,0,Other,CC25-06,ST335-06,ERR12165616,165
ERR10460887,ERR10460887,ERR10460887,ERS13656149,South Africa,Human,Stool,No,2022,4,335,25,South African outbreak,1,1,166,166,,Supplied isolate accession workbook,0,1,0,0,blaSCO-1; blaTEM-1; blaOXA-1; blaOXA-10; cmlA5; dfrA23; blaCTX-M-15; sul1; sul2; aac(6')-Ib-cr5; aadA1; aph(3'')-Ib; aph(6)-Id; arr-2; qacEdelta1,8,15,0,Other,CC25-06,ST335-06,ERR10460887,166
ERR10880335,ERR10880335,ERR10880335,ERS14631805,South Africa,Human,Stool,No,2022,4,335,25,Other,1,1,167,167,,Supplied isolate accession workbook,0,1,0,0,blaSCO-1; blaTEM-1; blaOXA-1; blaOXA-10; cmlA5; dfrA23; blaCTX-M-15; sul1; sul2; aac(6')-Ib-cr5; aadA1; aph(3'')-Ib; aph(6)-Id; arr-2; qacEdelta1,8,15,0,Other,CC25-06,ST335-06,ERR10880335,167
ERR10880156,ERR10880156,ERR10880156,ERS14631629,South Africa,Human,Unspecified - human,No,2022,4,335,25,Other,1,1,168,168,,Supplied isolate accession workbook,0,1,0,0,blaSCO-1; blaTEM-1; blaOXA-1; blaOXA-10; cmlA5; dfrA23; blaCTX-M-15; sul1; sul2; aac(6')-Ib-cr5; aadA1; aph(3'')-Ib; aph(6)-Id; arr-2; qacEdelta1,8,15,0,Other,CC25-06,ST335-06,ERR10880156,168
ERR10880377,ERR10880377,ERR10880377,ERS14631847,South Africa,Human,Blood culture,Yes,2022,4,335,25,Other,1,1,169,169,,Supplied isolate accession workbook,0,1,0,0,blaSCO-1; blaTEM-1; blaOXA-1; blaOXA-10; cmlA5; dfrA23; blaCTX-M-15; sul1; sul2; aac(6')-Ib-cr5; aadA1; aph(3'')-Ib; aph(6)-Id; arr-2; qacEdelta1,8,15,0,Other,CC25-06,ST335-06,ERR10880377,169
ERR10088105,ERR10088105,ERR10088105,ERS12764183,South Africa,Human,Stool,No,2022,4,335,25,South African outbreak,1,1,170,170,,Supplied isolate accession workbook,1,1,0,1,blaSCO-1; blaTEM-1; blaOXA-1; blaOXA-10; cmlA5; dfrA12; dfrA23; blaCTX-M-15; qnrB1; mph(A); sul1; sul2; aac(3)-IId; aac(6')-Ib-cr5; aadA1; aadA2; aph(3'')-Ib; aph(6)-Id; arr-2; qacEdelta1,10,20,0,Other,CC25-06,ST335-06,ERR10088105,170
ERR12321284,ERR12321284,ERR12321284,ERS17171918,South Africa,Human,Stool,No,2023,4,335,25,Other,1,1,171,171,,Supplied isolate accession workbook,1,1,0,0,blaSCO-1; blaTEM-1; blaOXA-1; blaOXA-10; cmlA5; dfrA23; blaCTX-M-15; qnrB1; sul1; sul2; aac(6')-Ib-cr5; aadA1; aph(3'')-Ib; aph(6)-Id; arr-2; qacEdelta1,9,16,0,Other,CC25-06,ST335-06,ERR12321284,171
ERR9966388,ERR9966388,ERR9966388,ERS12472975,South Africa,Human,Stool,No,2022,4,335,25,South African outbreak,1,1,172,172,,Supplied isolate accession workbook,1,1,0,1,blaSCO-1; blaTEM-1; blaOXA-1; blaOXA-10; cmlA5; dfrA12; dfrA23; blaCTX-M-15; qnrB1; mph(A); sul1; sul2; aac(3)-IId; aac(6')-Ib-cr5; aadA1; aadA2; aph(3'')-Ib; aph(6)-Id; arr-2; qacEdelta1,10,20,0,Other,CC25-06,ST335-06,ERR9966388,172
ERR10026000,ERR10026000,ERR10026000,ERS12558864,South Africa,Human,Stool,No,2022,4,335,25,South African outbreak,1,1,173,173,,Supplied isolate accession workbook,1,1,0,1,blaSCO-1; blaTEM-1; blaOXA-1; blaOXA-10; cmlA5; dfrA12; dfrA23; blaCTX-M-15; qnrB1; mph(A); sul1; sul2; aac(3)-IId; aac(6')-Ib-cr5; aadA1; aadA2; aph(3'')-Ib; aph(6)-Id; arr-2; qacEdelta1,10,20,0,Other,CC25-06,ST335-06,ERR10026000,173
ERR9822144,ERR9822144,ERR9822144,ERS12149061,South Africa,Human,Stool,No,2022,4,335,25,South African outbreak,1,1,174,174,,Supplied isolate accession workbook,1,1,0,1,blaSCO-1; blaTEM-1; blaOXA-1; blaOXA-10; cmlA5; dfrA12; dfrA23; blaCTX-M-15; qnrB1; mph(A); sul1; sul2; aac(3)-IId; aac(6')-Ib-cr5; aadA1; aadA2; aph(3'')-Ib; aph(6)-Id; arr-2; qacEdelta1,10,20,0,Other,CC25-06,ST335-06,ERR9822144,174
ERR10088104,ERR10088104,ERR10088104,ERS12764182,South Africa,Human,Unspecified - human,No,2022,4,335,25,South African outbreak,1,1,175,175,,Supplied isolate accession workbook,1,1,0,1,blaSCO-1; blaTEM-1; blaOXA-1; blaOXA-10; cmlA5; dfrA12; dfrA23; blaCTX-M-15; qnrB1; mph(A); sul1; sul2; aac(3)-IId; aac(6')-Ib-cr5; aadA1; aadA2; aph(3'')-Ib; aph(6)-Id; arr-2; qacEdelta1,10,20,0,Other,CC25-06,ST335-06,ERR10088104,175
ERR10088102,ERR10088102,ERR10088102,ERS12764180,South Africa,Human,Blood culture,Yes,2022,4,335,25,South African outbreak,1,1,176,176,,Supplied isolate accession workbook,1,1,0,1,blaSCO-1; blaTEM-1; blaOXA-1; blaOXA-10; cmlA5; dfrA12; dfrA23; blaCTX-M-15; qnrB1; mph(A); sul1; sul2; aac(3)-IId; aac(6')-Ib-cr5; aadA1; aadA2; aph(3'')-Ib; aph(6)-Id; arr-2; qacEdelta1,10,20,0,Other,CC25-06,ST335-06,ERR10088102,176
ERR9822151,ERR9822151,ERR9822151,ERS12149068,South Africa,Human,Unspecified - human,No,2022,4,335,25,South African outbreak,1,1,177,177,,Supplied isolate accession workbook,1,1,0,1,blaSCO-1; blaTEM-1; blaOXA-1; blaOXA-10; cmlA5; dfrA12; dfrA23; blaCTX-M-15; qnrB1; mph(A); sul1; sul2; aac(3)-IId; aac(6')-Ib-cr5; aadA1; aadA2; aph(3'')-Ib; aph(6)-Id; arr-2; qacEdelta1,10,20,0,Other,CC25-06,ST335-06,ERR9822151,177
ERR10109255,ERR10109255,ERR10109255,ERS12792488,South Africa,Human,Blood culture,Yes,2022,4,335,25,South African outbreak,1,1,178,178,,Supplied isolate accession workbook,1,1,0,1,blaSCO-1; blaOXA-1; blaOXA-10; cmlA5; dfrA12; dfrA23; blaCTX-M-15; qnrB1; mph(A); sul1; sul2; aac(3)-IId; aac(6')-Ib-cr5; aadA1; aadA2; aph(3'')-Ib; aph(6)-Id; arr-2; qacEdelta1,10,19,0,Other,CC25-06,ST335-06,ERR10109255,178
ERR11810274,ERR11810274,ERR11810274,ERS16232368,South Africa,Human,Urine,No,2023,4,335,25,Other,1,1,179,179,,Supplied isolate accession workbook,1,1,0,1,blaSCO-1; blaTEM-1; blaOXA-1; blaOXA-10; cmlA5; dfrA12; dfrA23; blaCTX-M-15; qnrB1; mph(A); sul1; sul2; aac(3)-IId; aac(6')-Ib-cr5; aadA1; aadA2; aph(3'')-Ib; aph(6)-Id; arr-2; qacEdelta1,10,20,0,Other,CC25-06,ST335-06,ERR11810274,179
ERR9966386,ERR9966386,ERR9966386,ERS12472973,South Africa,Human,Blood culture,Yes,2022,4,335,25,South African outbreak,1,1,180,180,,Supplied isolate accession workbook,1,1,0,1,blaSCO-1; blaTEM-1; blaOXA-1; blaOXA-10; cmlA5; dfrA12; dfrA23; blaCTX-M-15; qnrB1; mph(A); sul1; sul2; aac(3)-IId; aac(6')-Ib-cr5; aadA1; aadA2; aph(3'')-Ib; aph(6)-Id; arr-2; qacEdelta1,10,20,0,Other,CC25-06,ST335-06,ERR9966386,180
ERR12259395,ERR12259395,ERR12259395,ERS16917052,South Africa,Human,Stool,No,2023,4,335,25,Other,1,1,181,181,,Supplied isolate accession workbook,1,1,0,1,blaSCO-1; blaTEM-1; blaOXA-1; blaOXA-10; cmlA5; dfrA12; dfrA23; blaCTX-M-15; qnrB1; mph(A); sul1; sul2; aac(3)-IId; aac(6')-Ib-cr5; aadA1; aadA2; aph(3'')-Ib; aph(6)-Id; arr-2; qacEdelta1,10,20,0,Other,CC25-06,ST335-06,ERR12259395,181
ERR12091513,ERR12091513,ERR12091513,ERS16451565,South Africa,Human,Blood culture,Yes,2023,4,335,25,Other,1,1,182,182,,Supplied isolate accession workbook,1,1,0,1,blaSCO-1; blaTEM-1; blaOXA-1; blaOXA-10; cmlA5; dfrA12; dfrA23; blaCTX-M-15; qnrB1; mph(A); sul1; sul2; aac(3)-IId; aac(6')-Ib-cr5; aadA1; aadA2; aph(3'')-Ib; aph(6)-Id; arr-2; qacEdelta1,10,20,0,Other,CC25-06,ST335-06,ERR12091513,182
ERR10125140,ERR10125140,ERR10125140,ERS13358373,South Africa,Human,Stool,No,2022,4,335,25,South African outbreak,1,1,183,183,,Supplied isolate accession workbook,1,1,0,1,blaSCO-1; blaTEM-1; blaOXA-10; cmlA5; dfrA12; dfrA23; blaCTX-M-15; qnrB1; mph(A); sul1; sul2; aac(3)-IId; aadA1; aadA2; aph(3'')-Ib; aph(6)-Id; arr-2; qacEdelta1,9,18,0,Other,CC25-06,ST335-06,ERR10125140,183
ERR10949303,ERR10949303,ERR10949303,ERS14699583,South Africa,Human,Stool,No,2022,4,335,25,Other,1,1,184,184,,Supplied isolate accession workbook,1,1,0,1,blaSCO-1; blaTEM-1; blaOXA-1; blaOXA-10; cmlA5; dfrA12; dfrA23; blaCTX-M-15; qnrB1; mph(A); sul1; sul2; aac(3)-IId; aac(6')-Ib-cr5; aadA1; aadA2; aph(3'')-Ib; aph(6)-Id; arr-2; qacEdelta1,10,20,0,Other,CC25-06,ST335-06,ERR10949303,184
ERR10109277,ERR10109277,ERR10109277,ERS12792510,South Africa,Human,Stool,No,2022,4,335,25,South African outbreak,1,1,185,185,,Supplied isolate accession workbook,1,1,0,1,blaSCO-1; blaTEM-1; blaOXA-1; blaOXA-10; cmlA5; dfrA12; dfrA23; blaCTX-M-15; qnrB1; mph(A); sul1; sul2; aac(3)-IId; aac(6')-Ib-cr5; aadA1; aadA2; aph(3'')-Ib; aph(6)-Id; arr-2; qacEdelta1,10,20,0,Other,CC25-06,ST335-06,ERR10109277,185
ERR10087013,ERR10087013,ERR10087013,ERS12761376,South Africa,Human,Stool,No,2022,4,335,25,South African outbreak,1,1,186,186,,Supplied isolate accession workbook,1,1,0,1,blaSCO-1; blaTEM-1; blaOXA-1; blaOXA-10; cmlA5; dfrA12; dfrA23; blaCTX-M-15; qnrB1; mph(A); sul1; sul2; aac(3)-IId; aac(6')-Ib-cr5; aadA1; aadA2; aph(3'')-Ib; aph(6)-Id; arr-2; qacEdelta1,10,20,0,Other,CC25-06,ST335-06,ERR10087013,186
ERR12146144,ERR12146144,ERR12146144,ERS16512534,South Africa,Human,Stool,No,2023,4,335,25,Other,1,1,187,187,,Supplied isolate accession workbook,1,1,0,1,blaSCO-1; blaTEM-1; blaOXA-1; blaOXA-10; cmlA5; dfrA12; dfrA23; blaCTX-M-15; qnrB1; mph(A); sul1; sul2; aac(3)-IId; aac(6')-Ib-cr5; aadA1; aadA2; aph(3'')-Ib; aph(6)-Id; arr-2; qacEdelta1,10,20,0,Other,CC25-06,ST335-06,ERR12146144,187
ERR11219811,ERR11219811,ERR11219811,ERS14904191,South Africa,Human,Unspecified - human,No,2022,4,335,25,Other,1,1,188,188,,Supplied isolate accession workbook,1,1,0,1,blaSCO-1; blaTEM-1; blaOXA-1; blaOXA-10; cmlA5; dfrA12; dfrA23; blaCTX-M-15; qnrB1; mph(A); sul1; sul2; aac(3)-IId; aac(6')-Ib-cr5; aadA1; aadA2; aph(3'')-Ib; aph(6)-Id; arr-2; qacEdelta1,10,20,0,Other,CC25-06,ST335-06,ERR11219811,188
ERR11420238,ERR11420238,ERR11420238,ERS15420059,South Africa,Human,Blood culture,Yes,2022,4,335,25,Other,1,1,189,189,,Supplied isolate accession workbook,1,1,0,1,blaSCO-1; blaTEM-1; blaOXA-1; blaOXA-10; cmlA5; dfrA12; dfrA23; blaCTX-M-15; qnrB1; mph(A); sul1; sul2; aac(3)-IId; aac(6')-Ib-cr5; aadA1; aadA2; aph(3'')-Ib; aph(6)-Id; arr-2; qacEdelta1,10,20,0,Other,CC25-06,ST335-06,ERR11420238,189
ERR11437918,ERR11437918,ERR11437918,ERS15424282,South Africa,Human,Rectal swab,No,2023,4,335,25,Other,1,1,190,190,,Supplied isolate accession workbook,1,1,0,1,blaSCO-1; blaTEM-1; blaOXA-1; blaOXA-10; cmlA5; dfrA12; dfrA23; blaCTX-M-15; qnrB1; mph(A); sul1; sul2; aac(3)-IId; aac(6')-Ib-cr5; aadA1; aadA2; aph(3'')-Ib; aph(6)-Id; arr-2; qacEdelta1,10,20,0,Other,CC25-06,ST335-06,ERR11437918,190
ERR11807709,ERR11807709,ERR11807709,ERS16229037,South Africa,Human,Unspecified - human,No,2023,4,335,25,Other,1,1,191,191,,Supplied isolate accession workbook,1,1,0,1,blaSCO-1; blaTEM-1; blaOXA-1; blaOXA-10; cmlA5; dfrA12; dfrA23; blaCTX-M-15; qnrB1; mph(A); sul1; sul2; aac(3)-IId; aac(6')-Ib-cr5; aadA1; aadA2; aph(3'')-Ib; aph(6)-Id; arr-2; qacEdelta1,10,20,0,Other,CC25-06,ST335-06,ERR11807709,191
ERR10880183,ERR10880183,ERR10880183,ERS14631655,South Africa,Human,Urine,No,2022,4,335,25,Other,1,1,192,192,,Supplied isolate accession workbook,1,1,0,0,blaSCO-1; blaTEM-1; blaOXA-1; blaOXA-10; cmlA5; dfrA23; blaCTX-M-15; qnrB1; sul1; sul2; aac(6')-Ib-cr5; aadA1; aph(3'')-Ib; aph(6)-Id; arr-2; qacEdelta1,9,16,0,Other,CC25-06,ST335-06,ERR10880183,192
ERR10880311,ERR10880311,ERR10880311,ERS14631781,South Africa,Human,Urine,No,2022,4,335,25,Other,1,1,193,193,,Supplied isolate accession workbook,1,1,0,0,blaSCO-1; blaTEM-1; blaOXA-1; blaOXA-10; cmlA5; dfrA23; blaCTX-M-15; qnrB1; sul1; sul2; aac(6')-Ib-cr5; aadA1; aph(3'')-Ib; aph(6)-Id; arr-2; qacEdelta1,9,16,0,Other,CC25-06,ST335-06,ERR10880311,193
ERR10109274,ERR10109274,ERR10109274,ERS12792507,South Africa,Human,Stool,No,2022,4,335,25,South African outbreak,1,1,194,194,,Supplied isolate accession workbook,1,1,0,1,blaSCO-1; blaTEM-1; blaOXA-1; blaOXA-10; cmlA5; dfrA12; dfrA23; blaCTX-M-15; qnrB1; mph(A); sul1; sul2; aac(3)-IId; aac(6')-Ib-cr5; aadA1; aadA2; aph(3'')-Ib; aph(6)-Id; arr-2; qacEdelta1,10,20,0,Other,CC25-07,ST335-07,ERR10109274,194
ERR12552381,ERR12552381,ERR12552381,ERS18038303,South Africa,Human,Stool,No,2023,4,335,25,Other,1,1,195,195,,Supplied isolate accession workbook,1,1,0,1,blaSCO-1; blaTEM-1; blaOXA-1; blaOXA-10; cmlA5; dfrA12; dfrA23; blaCTX-M-15; qnrB1; mph(A); sul1; sul2; aac(3)-IId; aac(6')-Ib-cr5; aadA1; aadA2; aph(3'')-Ib; aph(6)-Id; arr-2; qacEdelta1,10,20,0,Other,CC25-07,ST335-07,ERR12552381,195
ERR12552377,ERR12552377,ERR12552377,ERS18038298,South Africa,Human,Blood culture,Yes,2023,4,335,25,Other,1,1,196,196,,Supplied isolate accession workbook,1,1,0,1,blaSCO-1; blaTEM-1; blaOXA-1; blaOXA-10; cmlA5; dfrA12; dfrA23; blaCTX-M-15; qnrB1; mph(A); sul1; sul2; aac(3)-IId; aac(6')-Ib-cr5; aadA1; aadA2; aph(3'')-Ib; aph(6)-Id; arr-2; qacEdelta1,10,20,0,Other,CC25-07,ST335-07,ERR12552377,196
ERR11896635,ERR11896635,ERR11896635,ERS16295999,South Africa,Human,Stool,No,2023,4,335,25,Other,1,1,197,197,,Supplied isolate accession workbook,1,1,0,1,blaSCO-1; blaTEM-1; blaOXA-1; blaOXA-10; cmlA5; dfrA12; dfrA23; blaCTX-M-15; qnrB1; mph(A); sul1; sul2; aac(3)-IId; aac(6')-Ib-cr5; aadA1; aadA2; aph(3'')-Ib; aph(6)-Id; arr-2; qacEdelta1,10,20,0,Other,CC25-07,ST335-07,ERR11896635,197
ERR9079508,ERR9079508,ERR9079508,ERS10862599,South Africa,Human,Stool,No,2021,4,335,25,Other,1,1,198,198,,Supplied isolate accession workbook,1,1,0,1,blaSCO-1; blaTEM-1; blaOXA-1; blaOXA-10; cmlA5; dfrA12; dfrA23; blaCTX-M-15; qnrB1; mph(A); sul1; sul2; aac(3)-IId; aac(6')-Ib-cr5; aadA1; aadA2; aph(3'')-Ib; aph(6)-Id; arr-2; qacEdelta1,10,20,0,Other,CC25-07,ST335-07,ERR9079508,198
ERR9420153,ERR9420153,ERR9420153,ERS11375563,South Africa,Human,Unspecified - human,No,2021,4,335,25,Other,1,1,199,199,,Supplied isolate accession workbook,1,1,0,0,blaSCO-1; blaTEM-1; blaOXA-1; blaOXA-10; cmlA5; dfrA23; blaCTX-M-15; qnrB1; sul1; sul2; aac(6')-Ib-cr5; aadA1; aph(3'')-Ib; aph(6)-Id; arr-2; qacEdelta1,9,16,0,Other,CC25-07,ST335-07,ERR9420153,199
ERR10117717,ERR10117717,ERR10117717,ERS12849498,South Africa,Human,Stool,No,2021,4,335,25,Other,1,1,200,200,,Supplied isolate accession workbook,1,1,0,0,blaSCO-1; blaTEM-1; blaOXA-1; blaOXA-10; cmlA5; dfrA23; blaCTX-M-15; qnrB1; sul1; sul2; aac(6')-Ib-cr5; aadA1; aph(3'')-Ib; aph(6)-Id; arr-2; qacEdelta1,9,16,0,Other,CC25-07,ST335-07,ERR10117717,200
ERR6806600,ERR6806600,ERR6806600,ERS7645321,South Africa,Human,Urine,No,2021,4,335,25,Other,1,1,201,201,,Supplied isolate accession workbook,1,1,0,0,blaSCO-1; blaTEM-1; blaOXA-1; blaOXA-10; cmlA5; dfrA23; blaCTX-M-15; qnrB1; sul1; sul2; aac(6')-Ib-cr5; aadA1; aph(3'')-Ib; aph(6)-Id; arr-2; qacEdelta1,9,16,0,Other,CC25-07,ST335-07,ERR6806600,201
ERR7197757,ERR7197757,ERR7197757,ERS8210611,South Africa,Human,Blood culture,Yes,2020,4,335,25,Other,1,1,202,202,,Supplied isolate accession workbook,1,1,0,0,blaSCO-1; blaTEM-1; blaOXA-1; blaOXA-10; cmlA5; dfrA23; blaCTX-M-15; qnrB1; sul1; sul2; aac(6')-Ib-cr5; aadA1; aph(3'')-Ib; aph(6)-Id; arr-2; qacEdelta1,9,16,0,Other,CC25-07,ST335-07,ERR7197757,202
ERR6806028,ERR6806028,ERR6806028,ERS7644751,South Africa,Human,Stool,No,2020,4,335,25,Other,1,1,203,203,,Supplied isolate accession workbook,1,1,0,0,blaSCO-1; blaTEM-1; blaOXA-1; blaOXA-10; cmlA5; dfrA23; blaCTX-M-15; qnrB1; sul1; sul2; aac(6')-Ib-cr5; aadA1; aph(3'')-Ib; aph(6)-Id; arr-2; qacEdelta1,9,16,0,Other,CC25-07,ST335-07,ERR6806028,203
ERR9288082,ERR9288082,ERR9288082,ERS11025439,South Africa,Human,Blood culture,Yes,2021,4,335,25,Other,1,1,204,204,,Supplied isolate accession workbook,1,1,0,0,blaSCO-1; blaTEM-1; blaOXA-1; blaOXA-10; cmlA5; dfrA23; blaCTX-M-15; qnrB1; sul1; sul2; aac(6')-Ib-cr5; aadA1; aph(3'')-Ib; aph(6)-Id; arr-2; qacEdelta1,9,16,0,Other,CC25-07,ST335-07,ERR9288082,204
ERR11455881,ERR11455881,ERR11455881,ERS15530597,South Africa,Human,Stool,No,2023,4,335,25,Other,1,1,205,205,,Supplied isolate accession workbook,1,1,0,0,blaSCO-1; blaTEM-1; blaOXA-1; blaOXA-10; cmlA5; dfrA23; blaCTX-M-15; qnrB1; sul1; sul2; aac(6')-Ib-cr5; aadA1; aph(3'')-Ib; aph(6)-Id; arr-2; qacEdelta1,9,16,0,Other,CC25-07,ST335-07,ERR11455881,205
ERR6806632,ERR6806632,ERR6806632,ERS7645353,South Africa,Human,Unspecified - human,No,2021,4,335,25,Other,1,1,206,206,,Supplied isolate accession workbook,1,1,0,0,blaTEM-1; blaOXA-10; cmlA5; dfrA23; blaCTX-M-15; qnrB1; sul1; sul2; aadA1; aph(3'')-Ib; aph(6)-Id; arr-2; qacEdelta1,8,13,0,Other,CC25-07,ST335-07,ERR6806632,206
ERR4451478,ERR4451478,ERR4451478,ERS4937049,South Africa,Human,Stool,No,2020,4,335,25,Other,1,1,207,207,,Supplied isolate accession workbook,1,1,0,0,blaSCO-1; blaTEM-1; blaOXA-1; blaOXA-10; cmlA5; dfrA23; blaCTX-M-15; qnrB1; sul1; sul2; aac(6')-Ib-cr5; aadA1; aph(3'')-Ib; aph(6)-Id; arr-2; qacEdelta1,9,16,0,Other,CC25-07,ST335-07,ERR4451478,207
ERR12302226,ERR12302226,ERR12302226,ERS17016853,South Africa,Human,Blood culture,Yes,2023,4,335,25,Other,1,1,208,208,,Supplied isolate accession workbook,1,1,0,0,blaSCO-1; blaTEM-1; blaOXA-1; blaOXA-10; cmlA5; dfrA23; blaCTX-M-15; qnrB1; sul1; sul2; aac(6')-Ib-cr5; aadA1; aph(3'')-Ib; aph(6)-Id; arr-2; qacEdelta1,9,16,0,Other,CC25-07,ST335-07,ERR12302226,208
ERR12552384,ERR12552384,ERR12552384,ERS18038306,South Africa,Human,Urine,No,2023,4,335,25,Other,1,1,209,209,,Supplied isolate accession workbook,1,1,0,0,blaSCO-1; blaTEM-1; blaOXA-1; blaOXA-10; cmlA5; dfrA23; blaCTX-M-15; qnrB1; sul1; sul2; aac(6')-Ib-cr5; aadA1; aph(3'')-Ib; aph(6)-Id; arr-2; qacEdelta1,9,16,0,Other,CC25-07,ST335-07,ERR12552384,209
ERR12067334,ERR12067334,ERR12067334,ERS16390356,South Africa,Human,Stool,No,2022,4,335,25,Other,1,1,210,210,,Supplied isolate accession workbook,1,1,0,0,blaSCO-1; blaTEM-1; blaOXA-1; blaOXA-10; cmlA5; dfrA23; blaCTX-M-15; qnrB1; sul1; sul2; aac(6')-Ib-cr5; aadA1; aph(3'')-Ib; aph(6)-Id; arr-2; qacEdelta1,9,16,0,Other,CC25-07,ST335-07,ERR12067334,210
ERR10880424,ERR10880424,ERR10880424,ERS14631894,South Africa,Human,Unspecified - human,No,2022,4,335,25,Other,1,1,211,211,,Supplied isolate accession workbook,1,1,0,0,blaSCO-1; blaTEM-1; blaOXA-1; blaOXA-10; cmlA5; dfrA23; blaCTX-M-15; qnrB1; sul1; sul2; aac(6')-Ib-cr5; aadA1; aph(3'')-Ib; aph(6)-Id; arr-2; qacEdelta1,9,16,0,Other,CC25-07,ST335-07,ERR10880424,211
ERR10123158,ERR10123158,ERR10123158,ERS12853241,South Africa,Human,Stool,No,2022,4,335,25,Other,1,1,212,212,,Supplied isolate accession workbook,1,1,0,0,blaSCO-1; blaTEM-1; blaOXA-1; blaOXA-10; cmlA5; dfrA23; blaCTX-M-15; qnrB1; sul1; sul2; aac(6')-Ib-cr5; aadA1; aph(3'')-Ib; aph(6)-Id; arr-2; qacEdelta1,9,16,0,Other,CC25-07,ST335-07,ERR10123158,212
ERR10176869,ERR10176869,ERR10176869,ERS13445952,South Africa,Human,Blood culture,Yes,2022,4,335,25,Other,1,1,213,213,,Supplied isolate accession workbook,1,1,0,1,blaSCO-1; blaOXA-1; blaOXA-10; catA1; cmlA5; floR; dfrA14; dfrA23; blaCTX-M-15; qnrB1; mph(A); tet(A); sul1; sul2; aac(6')-Ib-cr5; aadA1; aph(3'')-Ib; aph(6)-Id; arr-2; qacEdelta1,11,20,0,Other,CC25-07,ST335-07,ERR10176869,213
ERR10880230,ERR10880230,ERR10880230,ERS14631701,South Africa,Human,Stool,No,2022,4,335,25,Other,1,1,214,214,,Supplied isolate accession workbook,1,1,0,1,blaSCO-1; blaOXA-1; blaOXA-10; catA1; cmlA5; floR; dfrA14; dfrA23; blaCTX-M-15; qnrB1; mph(A); tet(A); sul1; sul2; aac(6')-Ib-cr5; aadA1; aph(3'')-Ib; aph(6)-Id; arr-2; qacEdelta1,11,20,0,Other,CC25-07,ST335-07,ERR10880230,214
ERR11453719,ERR11453719,ERR11453719,ERS15482004,South Africa,Human,Stool,No,2022,4,335,25,Other,1,1,215,215,,Supplied isolate accession workbook,1,1,0,0,blaSCO-1; blaOXA-1; blaOXA-10; catA1; cmlA5; floR; dfrA14; dfrA23; blaCTX-M-15; qnrB1; tet(A); sul1; sul2; aac(6')-Ib-cr5; aadA1; aph(3'')-Ib; aph(6)-Id; arr-2; qacEdelta1,10,19,0,Other,CC25-07,ST335-07,ERR11453719,215
ERR10880157,ERR10880157,ERR10880157,ERS14631630,South Africa,Human,Urine,No,2022,4,335,25,Other,1,1,216,216,,Supplied isolate accession workbook,1,1,0,0,blaSCO-1; blaOXA-1; blaOXA-10; catA1; cmlA5; floR; dfrA14; dfrA23; blaCTX-M-15; qnrB1; tet(A); sul1; sul2; aac(6')-Ib-cr5; aadA1; aph(3'')-Ib; aph(6)-Id; arr-2; qacEdelta1,10,19,0,Other,CC25-07,ST335-07,ERR10880157,216
ERR11872767,ERR11872767,ERR11872767,ERS16284746,South Africa,Human,Blood culture,Yes,2023,4,335,25,Other,1,1,217,217,,Supplied isolate accession workbook,1,1,0,1,blaSCO-1; blaOXA-1; blaOXA-10; catA1; cmlA5; floR; dfrA14; dfrA23; blaCTX-M-15; qnrB1; mph(A); tet(A); sul1; sul2; aac(6')-Ib-cr5; aadA1; aph(3'')-Ib; aph(6)-Id; arr-2; qacEdelta1,11,20,0,Other,CC25-07,ST335-07,ERR11872767,217
ERR6752889,ERR6752889,ERR6752889,ERS7770109,South Africa,Human,Urine,No,2020,4,335,25,Other,1,1,218,218,,Supplied isolate accession workbook,1,1,0,1,blaSCO-1; blaOXA-1; blaOXA-10; catA1; cmlA5; floR; dfrA14; dfrA23; blaCTX-M-15; qnrB1; mph(A); tet(A); sul1; sul2; aac(6')-Ib-cr5; aadA1; aph(3'')-Ib; aph(6)-Id; arr-2; qacEdelta1,11,20,0,Other,CC25-07,ST335-07,ERR6752889,218
ERR9288143,ERR9288143,ERR9288143,ERS11025500,South Africa,Human,Blood culture,Yes,2021,4,335,25,Other,1,1,219,219,,Supplied isolate accession workbook,1,1,0,1,blaSCO-1; blaOXA-1; blaOXA-10; catA1; cmlA5; floR; dfrA14; dfrA23; blaCTX-M-15; qnrB1; mph(A); tet(A); sul1; sul2; aac(6')-Ib-cr5; aadA1; aph(3'')-Ib; aph(6)-Id; arr-2; qacEdelta1,11,20,0,Other,CC25-07,ST335-07,ERR9288143,219
ERR5751308,ERR5751308,ERR5751308,ERS6282954,South Africa,Human,Stool,No,2020,4,335,25,Other,1,1,220,220,,Supplied isolate accession workbook,0,1,0,0,blaSCO-1; blaOXA-10; cmlA5; floR; dfrA23; blaCTX-M-15; blaTEM-63; tet(A); sul1; sul2; aac(3)-IIe; aadA1; aph(3'')-Ib; aph(6)-Id; arr-2; qacEdelta1,8,16,0,Other,CC25-07,ST335-07,ERR5751308,220
ERR4399358,ERR4399358,ERR4399358,ERS4873397,South Africa,No information,No information,No,2001,4,335,25,Other,1,1,221,221,,Supplied isolate accession workbook,0,1,0,1,blaSCO-1; blaOXA-10; cmlA5; floR; dfrA14; dfrA23; blaSHV-5; blaTEM-131; mph(A); tet(A); sul1; sul2; aac(3)-IIe; aac(6')-Ib; aadA1; aph(3'')-Ib; aph(6)-Id; arr-2; qacEdelta1,9,19,0,Other,CC25-07,ST335-07,ERR4399358,221
ERR4399957,ERR4399957,ERR4399957,ERS4873996,Uganda,No information,No information,No,2001,4,335,25,Other,1,1,222,222,,Supplied isolate accession workbook,0,1,0,1,blaSCO-1; blaOXA-10; cmlA5; floR; dfrA14; dfrA23; blaSHV-5; blaTEM-131; mph(A); tet(A); sul1; sul2; aac(3)-IIe; aac(6')-Ib; aadA1; aph(3'')-Ib; aph(6)-Id; arr-2; qacEdelta1,9,19,0,Other,CC25-07,ST335-07,ERR4399957,222
ERR4399362,ERR4399362,ERR4399362,ERS4873401,South Africa,No information,No information,No,2001,4,335,25,Other,1,1,223,223,,Supplied isolate accession workbook,0,1,0,1,blaSCO-1; blaOXA-10; cmlA5; floR; dfrA14; dfrA23; blaTEM-131; mph(A); tet(A); sul1; sul2; aac(3)-IIe; aadA1; aph(3'')-Ib; aph(6)-Id; arr-2; qacEdelta1,9,17,0,Other,CC25-07,ST335-07,ERR4399362,223
SRR13833609,SRR13833609,SRR13833609,SRS8357639,United Kingdom,Human,Unspecified - human,No,2021,4,335,25,Other,1,1,224,224,,Supplied isolate accession workbook,0,0,0,0,,0,0,0,Other,CC25-07,ST335-07,SRR13833609,224
SRR13719289,SRR13719289,SRR13719289,SRS8264772,Brazil,Swine,veterinary clinical/research| pig; swine intestine (Sus scrofa),No,2018,1,216,25,Other,1,0,225,,,Supplied isolate accession workbook,0,0,0,0,qnrB19; sul2,3,2,0,Other,CC25-08,Other,SRR13719289,225
SRR13719614,SRR13719614,SRR13719614,SRS8265095,Brazil,Avian,animal feed; hydrolyzed feather animal meal,No,2018,1,216,25,Other,1,0,226,,,Supplied isolate accession workbook,0,0,0,0,qnrB19,1,1,0,Other,CC25-08,Other,SRR13719614,226
SRR13313312,SRR13313312,SRR13313312,SRS7929273,Brazil,Human,urine; Homo sapiens,No,2018,1,216,25,Other,1,0,227,,,Supplied isolate accession workbook,0,0,0,0,qnrB19,1,1,0,Other,CC25-08,Other,SRR13313312,227
SRR13313295,SRR13313295,SRR13313295,SRS7929255,Brazil,Avian,hydrolized feather animal meal,No,2018,1,216,25,Other,1,0,228,,,Supplied isolate accession workbook,0,0,0,0,,1,0,0,Other,CC25-08,Other,SRR13313295,228
SRR13719196,SRR13719196,SRR13719196,SRS8264689,Brazil,Avian,animal feed; feather animal meal,No,2017,1,216,25,Other,1,0,229,,,Supplied isolate accession workbook,0,0,0,0,qnrB19,1,1,0,Other,CC25-08,Other,SRR13719196,229
SRR13277434,SRR13277434,SRR13277434,SRS7902285,Brazil,Avian,feather animal meal,No,2017,1,216,25,Other,1,0,230,,,Supplied isolate accession workbook,0,0,0,0,qnrB19,1,1,0,Other,CC25-08,Other,SRR13277434,230
SRR13277416,SRR13277416,SRR13277416,SRS7902267,Brazil,Unspecified Meat,sausage,No,2017,1,216,25,Other,1,0,231,,,Supplied isolate accession workbook,0,0,0,0,qnrB19,1,1,0,Other,CC25-08,Other,SRR13277416,231
SRR13277412,SRR13277412,SRR13277412,SRS7902263,Brazil,Avian,hydrolyzed blood and feather animal meal,No,2017,1,216,25,Other,1,0,232,,,Supplied isolate accession workbook,0,0,0,0,qnrB19,1,1,0,Other,CC25-08,Other,SRR13277412,232
SRR13311773,SRR13311773,SRR13311773,SRS7927857,Brazil,Soil/Dust,cleaning wipe,No,2016,1,216,25,Other,1,0,233,,,Supplied isolate accession workbook,0,0,0,0,qnrB19,1,1,0,Other,CC25-08,Other,SRR13311773,233
SRR13313309,SRR13313309,SRR13313309,SRS7929272,Brazil,Avian,hydrolyzed feather animal meal,No,2018,1,216,25,Other,1,0,234,,,Supplied isolate accession workbook,0,0,0,0,,0,0,0,Other,CC25-08,Other,SRR13313309,234
SRR27481822,SRR27481822,SRR27481822,SRS20103709,Brazil,Water/River,environmental-water; Stream,No,2022,1,216,25,Other,1,0,235,,,Supplied isolate accession workbook,0,0,0,0,qnrB19,1,1,0,Other,CC25-08,Other,SRR27481822,235
SRR27481651,SRR27481651,SRR27481651,SRS20103539,Brazil,Water/River,environmental-water; Stream,No,2022,1,216,25,Other,1,0,236,,,Supplied isolate accession workbook,0,0,0,0,qnrB19,1,1,0,Other,CC25-08,Other,SRR27481651,236
SRR27481649,SRR27481649,SRR27481649,SRS20103537,Brazil,Water/River,environmental-water; Stream,No,2022,1,216,25,Other,1,0,237,,,Supplied isolate accession workbook,0,0,0,0,qnrB19,1,1,0,Other,CC25-08,Other,SRR27481649,237
SRR27481520,SRR27481520,SRR27481520,SRS20103408,Brazil,Water/River,environmental-water; Stream,No,2022,1,216,25,Other,1,0,238,,,Supplied isolate accession workbook,0,0,0,0,qnrB19,1,1,0,Other,CC25-08,Other,SRR27481520,238
SRR27481815,SRR27481815,SRR27481815,SRS20103703,Brazil,Water/River,environmental-water; Stream,No,2022,1,216,25,Other,1,0,239,,,Supplied isolate accession workbook,0,0,0,0,qnrB19,1,1,0,Other,CC25-08,Other,SRR27481815,239
SRR7130368,SRR7130368,SRR7130368,SRS3268540,Brazil,ND/Others,environmental-abattoir; slaughterhouse,No,2016,1,216,25,Other,1,0,240,,,Supplied isolate accession workbook,0,0,0,0,qnrB19,1,1,0,Other,CC25-08,Other,SRR7130368,240
SRR7130370,SRR7130370,SRR7130370,SRS3268551,Brazil,ND/Others,environmental-abattoir; slaughterhouse,No,2016,1,216,25,Other,1,0,241,,,Supplied isolate accession workbook,0,0,0,0,qnrB19,1,1,0,Other,CC25-08,Other,SRR7130370,241
SRR7130371,SRR7130371,SRR7130371,SRS3268550,Brazil,ND/Others,environmental-abattoir; slaughterhouse,No,2016,1,216,25,Other,1,0,242,,,Supplied isolate accession workbook,0,0,0,0,qnrB19,1,1,0,Other,CC25-08,Other,SRR7130371,242
SRR13312061,SRR13312061,SRR13312061,SRS7927934,Brazil,Soil/Dust,cleaning wipe,No,2016,1,216,25,Other,1,0,243,,,Supplied isolate accession workbook,0,0,0,0,qnrB19,1,1,0,Other,CC25-08,Other,SRR13312061,243
SRR7130369,SRR7130369,SRR7130369,SRS3268548,Brazil,ND/Others,environmental-abattoir; slaughterhouse,No,2016,1,216,25,Other,1,0,244,,,Supplied isolate accession workbook,0,0,0,0,qnrB19,1,1,0,Other,CC25-08,Other,SRR7130369,244
ERR4400834,ERR4400834,ERR4400834,ERS4874873,Taiwan,Human,Unspecified - human,No,2007,1,216,25,Other,1,0,245,,,Supplied isolate accession workbook,0,0,0,0,gyrA_S83F,1,1,0,Other,CC25-08,Other,ERR4400834,245
ERR4338896,ERR4338896,ERR4338896,ERS3475552,Taiwan,Human,Unspecified - human,No,2004,1,216,25,Other,1,0,246,,,Supplied isolate accession workbook,0,0,0,0,gyrA_S83F,1,1,0,Other,CC25-09,Other,ERR4338896,246
ERR4338560,ERR4338560,ERR4338560,ERS3475259,Taiwan,Human,Unspecified - human,No,2005,1,216,25,Other,1,0,247,,,Supplied isolate accession workbook,0,0,0,0,gyrA_S83F,1,1,0,Other,CC25-09,Other,ERR4338560,247
SRR1106479,SRR1106479,SRR1106479,SRS528706,Taiwan,Human,Unspecified - human,No,2002,1,216,25,Other,1,0,248,,,Supplied isolate accession workbook,0,0,0,0,gyrA_S83F,1,1,0,Other,CC25-09,Other,SRR1106479,248
ERR3581536,ERR3581536,ERR3581536,ERS3859332,Germany,ND/Others,environment,No,2019,1,216,25,Other,1,0,249,,,Supplied isolate accession workbook,0,0,0,0,,0,0,0,Other,CC25-09,Other,ERR3581536,249
SRR8369293,SRR8369293,SRR8369293,SRS4186707,United Kingdom,Human,Unspecified - human,No,2018,1,216,25,Other,1,0,250,,,Supplied isolate accession workbook,0,0,0,0,,0,0,0,Other,CC25-09,Other,SRR8369293,250
SRR7842526,SRR7842526,SRR7842526,SRS3786626,United Kingdom,Human,Unspecified - human,No,2018,1,216,25,Other,1,0,251,,,Supplied isolate accession workbook,0,0,0,0,,0,0,0,Other,CC25-09,Other,SRR7842526,251
SRR8297279,SRR8297279,SRR8297279,SRS4120730,United Kingdom,Human,Unspecified - human,No,2018,1,216,25,Other,1,0,252,,,Supplied isolate accession workbook,0,0,0,0,,0,0,0,Other,CC25-09,Other,SRR8297279,252
SRR7850690,SRR7850690,SRR7850690,SRS3787773,United Kingdom,Human,Unspecified - human,No,2018,1,216,25,Other,1,0,253,,,Supplied isolate accession workbook,0,0,0,0,,0,0,0,Other,CC25-09,Other,SRR7850690,253
SRR7884719,SRR7884719,SRR7884719,SRS3807500,United Kingdom,Human,Unspecified - human,No,2018,1,216,25,Other,1,0,254,,,Supplied isolate accession workbook,0,0,0,0,,0,0,0,Other,CC25-09,Other,SRR7884719,254
SRR8350305,SRR8350305,SRR8350305,SRS4170645,United Kingdom,Human,Unspecified - human,No,2018,1,216,25,Other,1,0,255,,,Supplied isolate accession workbook,0,0,0,0,,0,0,0,Other,CC25-09,Other,SRR8350305,255
SRR15853458,SRR15853458,SRR15853458,SRS10124007,United Kingdom,ND/Others,animal,No,2021,1,216,25,Other,1,0,256,,,Supplied isolate accession workbook,0,0,0,0,dfrA1; sul2; aph(3'')-Ib; aph(6)-Id,3,4,0,Other,CC25-09,Other,SRR15853458,256
SRR21224019,SRR21224019,SRR21224019,SRS14800828,United Kingdom,Human,Unspecified - human,No,2022,1,216,25,Other,1,0,257,,,Supplied isolate accession workbook,0,0,0,0,,0,0,0,Other,CC25-09,Other,SRR21224019,257
SRR20212638,SRR20212638,SRR20212638,SRS13887098,Russia,Other,Other,No,Other,1,216,25,Other,1,0,258,,,Supplied isolate accession workbook,0,0,0,0,,0,0,0,Other,CC25-09,Other,SRR20212638,258
SRR8706049,SRR8706049,SRR8706049,SRS4470608,United Kingdom,Human,Unspecified - human,No,2015,1,216,25,Other,1,0,259,,,Supplied isolate accession workbook,0,0,0,0,,0,0,0,Other,CC25-09,Other,SRR8706049,259
SRR16227977,SRR16227977,SRR16227977,SRS10471325,United Kingdom,Human,Unspecified - human,No,2021,1,216,25,Other,1,0,260,,,Supplied isolate accession workbook,0,0,0,0,,0,0,0,Other,CC25-09,Other,SRR16227977,260
ERR4399344,ERR4399344,ERR4399344,ERS4873383,Netherlands,Human,Other,No,2006,1,216,25,Other,1,0,261,,,Supplied isolate accession workbook,0,0,0,0,,0,0,0,Other,CC25-09,Other,ERR4399344,261
SRR7841631,SRR7841631,SRR7841631,SRS3785776,United Kingdom,Human,Unspecified - human,No,2018,1,216,25,Other,1,0,262,,,Supplied isolate accession workbook,0,0,0,0,,0,0,0,Other,CC25-09,Other,SRR7841631,262
SRR22691594,SRR22691594,SRR22691594,SRS16098242,United Kingdom,Human,Unspecified - human,No,2022,1,216,25,Other,1,0,263,,,Supplied isolate accession workbook,0,0,0,0,,0,0,0,Other,CC25-09,Other,SRR22691594,263
SRR16301618,SRR16301618,SRR16301618,SRS10536204,United Kingdom,Human,Unspecified - human,No,2021,1,216,25,Other,1,0,264,,,Supplied isolate accession workbook,0,0,0,0,,0,0,0,Other,CC25-09,Other,SRR16301618,264
ERR10109287,ERR10109287,ERR10109287,ERS12792520,South Africa,Human,Stool,No,2022,1,216,25,Other,1,0,265,,,Supplied isolate accession workbook,0,0,0,0,,0,0,0,Other,CC25-09,Other,ERR10109287,265
ERR9680890,ERR9680890,ERR9680890,ERS11915228,South Africa,Human,Stool,No,2020,1,216,25,Other,1,0,266,,,Supplied isolate accession workbook,0,0,0,0,,0,0,0,Other,CC25-09,Other,ERR9680890,266
SRR14921286,SRR14921286,SRR14921286,SRS9280452,United Kingdom,Human,Unspecified - human,No,2021,3,216,25,Other,1,0,267,,,Supplied isolate accession workbook,0,0,0,0,floR; dfrA15; dfrA17; qnrB19; tet(A); sul1; aac(3)-VIa; aadA1; aadA5; aph(3')-Ia; qacEdelta1,7,11,0,Other,CC25-10,Other,SRR14921286,267
SRR28295566,SRR28295566,SRR28295566,SRS20726766,United Kingdom,Human,Unspecified - human,No,2021,3,216,25,Other,1,0,268,,,Supplied isolate accession workbook,0,0,0,0,qnrB19,1,1,0,Other,CC25-10,Other,SRR28295566,268
ERR4145363,ERR4145363,ERR4145363,ERS4396976,Nigeria,Poultry,Poultry faeces,No,2018,3,216,25,Other,1,0,269,,,Supplied isolate accession workbook,0,0,0,0,floR; dfrA15; dfrA17; qnrB19; tet(A); aac(3)-VIa; aadA1; aadA5; aph(3')-Ia; qacEdelta1,7,10,0,Other,CC25-10,Other,ERR4145363,269
ERR4145392,ERR4145392,ERR4145392,ERS4397008,Nigeria,Poultry,Poultry faeces,No,2018,3,216,25,Other,1,0,270,,,Supplied isolate accession workbook,0,0,0,0,floR; dfrA15; dfrA17; qnrB19; tet(A); aac(3)-VIa; aadA1; aadA5; aph(3')-Ia; qacEdelta1,7,10,0,Other,CC25-10,Other,ERR4145392,270
ERR4145410,ERR4145410,ERR4145410,ERS4397023,Nigeria,Poultry,Poultry faeces,No,2018,3,216,25,Other,1,0,271,,,Supplied isolate accession workbook,0,0,0,0,floR; dfrA15; dfrA17; qnrB19; tet(A); aac(3)-VIa; aadA1; aadA5; aph(3')-Ia; qacEdelta1,7,10,0,Other,CC25-10,Other,ERR4145410,271
ERR4145345,ERR4145345,ERR4145345,ERS4396958,Nigeria,Poultry,Poultry faeces,No,2018,3,216,25,Other,1,0,272,,,Supplied isolate accession workbook,0,0,0,0,floR; dfrA15; dfrA17; qnrB19; tet(A); sul1; aac(3)-VIa; aadA1; aadA5; aph(3')-Ia; qacEdelta1,7,11,0,Other,CC25-10,Other,ERR4145345,272
SRR8325561,SRR8325561,SRR8325561,SRS4149673,United Kingdom,Human,Homo sapiens; human,No,2018,3,216,25,Other,1,0,273,,,Supplied isolate accession workbook,0,0,0,0,qnrB19,1,1,0,Other,CC25-10,Other,SRR8325561,273
SRR8293522,SRR8293522,SRR8293522,SRS4117556,United Kingdom,Human,Homo sapiens; human,No,2018,3,216,25,Other,1,0,274,,,Supplied isolate accession workbook,0,0,0,0,qnrB19,1,1,0,Other,CC25-10,Other,SRR8293522,274
ERR4145388,ERR4145388,ERR4145388,ERS4397004,Nigeria,Poultry,Poultry faeces,No,2018,3,216,25,Other,1,0,275,,,Supplied isolate accession workbook,0,0,0,0,qnrB19,1,1,0,Other,CC25-10,Other,ERR4145388,275
ERR4145353,ERR4145353,ERR4145353,ERS4396966,Nigeria,Poultry,Poultry faeces,No,2018,3,216,25,Other,1,0,276,,,Supplied isolate accession workbook,0,0,0,0,qnrB19,1,1,0,Other,CC25-10,Other,ERR4145353,276
SRR10326268,SRR10326268,SRR10326268,SRS5556410,United Kingdom,Human,Unspecified - human,No,2019,3,216,25,Other,1,0,277,,,Supplied isolate accession workbook,0,0,0,0,qnrB19,1,1,0,Other,CC25-10,Other,SRR10326268,277
SRR9627787,SRR9627787,SRR9627787,SRS5049327,United Kingdom,Human,Homo sapiens; human,No,2019,3,216,25,Other,1,0,278,,,Supplied isolate accession workbook,0,0,0,0,qnrB19,1,1,0,Other,CC25-10,Other,SRR9627787,278
SRR27762886,SRR27762886,SRR27762886,SRS20282324,United States,Other,Other,No,2024,3,216,25,Other,1,0,279,,,Supplied isolate accession workbook,0,0,0,0,qnrB19,1,1,0,Other,CC25-10,Other,SRR27762886,279
SRR10992537,SRR10992537,SRR10992537,SRS6083279,United Kingdom,Human,Unspecified - human,No,2020,3,216,25,Other,1,0,280,,,Supplied isolate accession workbook,0,0,0,0,qnrB19,1,1,0,Other,CC25-10,Other,SRR10992537,280
SRR1646109,SRR1646109,SRR1646109,SRS740757,United Kingdom,Human,Unspecified - human,No,2012,3,216,25,Other,1,0,281,,,Supplied isolate accession workbook,0,0,0,0,qnrB19,1,1,0,Other,CC25-10,Other,SRR1646109,281
SRR7427053,SRR7427053,SRR7427053,SRS3460827,United Kingdom,Human,Homo sapiens; human,No,2015,3,216,25,Other,1,0,282,,,Supplied isolate accession workbook,0,1,0,0,blaLAP-2; catA1; dfrA1; qnrB19; qnrS1; tet(A); sul1; aadA1; qacEdelta1,8,9,0,Other,CC25-10,Other,SRR7427053,282
SRR8503644,SRR8503644,SRR8503644,SRS4305031,United Kingdom,Human,Homo sapiens; human,No,2018,3,216,25,Other,1,0,283,,,Supplied isolate accession workbook,0,0,0,0,qnrB19,1,1,0,Other,CC25-10,Other,SRR8503644,283
SRR7457932,SRR7457932,SRR7457932,SRS3490531,United Kingdom,Human,Homo sapiens; human,No,2015,3,5028,25,Other,1,0,284,,,Supplied isolate accession workbook,0,0,0,0,qnrB19,1,1,0,Other,CC25-10,Other,SRR7457932,284
SRR2917137,SRR2917137,SRR2917137,SRS1163111,United States,Human,Age: 40-49,No,2015,2,216,25,Other,1,0,285,,,Supplied isolate accession workbook,0,0,0,0,blaCTX-M-2; qnrB19; sul1; aac(3)-VIa; aadA1; qacEdelta1; ramR_T18P,6,7,0,Other,CC25-11,Other,SRR2917137,285
SRR2917139,SRR2917139,SRR2917139,SRS1163371,United States,Human,Age: 50-59; stool,No,2015,2,216,25,Other,1,0,286,,,Supplied isolate accession workbook,0,0,0,0,blaCTX-M-2; qnrB19; sul1; aac(3)-VIa; aadA1; qacEdelta1; ramR_T18P,6,7,0,Other,CC25-11,Other,SRR2917139,286
SRR3137069,SRR3137069,SRR3137069,SRS1271326,United States,Human,Age: 60-69; stool,No,2015,2,216,25,Other,1,0,287,,,Supplied isolate accession workbook,0,0,0,0,blaCTX-M-2; qnrB19; sul1; aac(3)-VIa; aadA1; qacEdelta1; ramR_T18P,6,7,0,Other,CC25-11,Other,SRR3137069,287
SRR6107195,SRR6107195,SRR6107195,SRS2546827,United States,Other,Other,No,Other,2,216,25,Other,1,0,288,,,Supplied isolate accession workbook,0,0,0,0,blaCTX-M-2; qnrB19; sul1; aac(3)-VIa; aadA1; qacEdelta1; ramR_T18P,6,7,0,Other,CC25-11,Other,SRR6107195,288
SRR2917138,SRR2917138,SRR2917138,SRS1163368,United States,Human,Age: 50-59; stool,No,2015,2,216,25,Other,1,0,289,,,Supplied isolate accession workbook,0,0,0,0,blaCTX-M-2; qnrB19; sul1; aac(3)-VIa; aadA1; qacEdelta1; ramR_T18P,6,7,0,Other,CC25-11,Other,SRR2917138,289
SRR2917136,SRR2917136,SRR2917136,SRS1163110,United States,Human,Age: 60-69; urine,No,2015,2,216,25,Other,1,0,290,,,Supplied isolate accession workbook,0,0,0,0,blaCTX-M-2; qnrB19; sul1; aac(3)-VIa; aadA1; qacEdelta1,5,6,0,Other,CC25-11,Other,SRR2917136,290
SRR5084265,SRR5084265,SRR5084265,SRS1841914,United States,Human,Age: 60-69; stool,No,2016,2,216,25,Other,1,0,291,,,Supplied isolate accession workbook,0,0,0,0,qnrB19; sul1; aac(3)-VIa; aadA1; qacEdelta1,4,5,0,Other,CC25-11,Other,SRR5084265,291
SRR5121494,SRR5121494,SRR5121494,SRS1871658,United States,Human,Age: 50-59; blood,Yes,2016,2,216,25,Other,1,0,292,,,Supplied isolate accession workbook,0,0,0,0,qnrB19; sul1; aadA1; qacEdelta1; ramR_T18P,5,5,0,Other,CC25-11,Other,SRR5121494,292
SRR3001933,SRR3001933,SRR3001933,SRS1207317,United States,Human,Age: 40-49; stool,No,2015,2,216,25,Other,1,0,293,,,Supplied isolate accession workbook,0,0,0,0,blaCTX-M-2; qnrB19; sul1; aac(3)-VIa; aadA1; qacEdelta1,5,6,0,Other,CC25-11,Other,SRR3001933,293
SRR5121497,SRR5121497,SRR5121497,SRS1871661,United States,Human,Age: 50-59; urine,No,2015,2,216,25,Other,1,0,294,,,Supplied isolate accession workbook,0,0,0,0,blaCTX-M-2; qnrB19; sul1; aac(3)-VIa; aadA1; qacEdelta1,5,6,0,Other,CC25-11,Other,SRR5121497,294
SRR2917140,SRR2917140,SRR2917140,SRS1163372,United States,Human,Age: 50-59; urine,No,2015,2,216,25,Other,1,0,295,,,Supplied isolate accession workbook,0,0,0,0,blaCTX-M-2; qnrB19; sul1; aac(3)-VIa; aadA1; qacEdelta1,5,6,0,Other,CC25-11,Other,SRR2917140,295
ERR10368770,ERR10368770,ERR10368770,ERS13570760,Portugal,Human,Clinical,No,2015,2,216,25,Other,1,0,296,,,Supplied isolate accession workbook,0,0,0,0,blaCTX-M-2; qnrB19; sul1; aac(3)-VIa; aadA1; qacEdelta1,5,6,0,Other,CC25-11,Other,ERR10368770,296
ERR160996,ERR160996,ERR160996,ERS106247,Other,Other,Other,No,Other,2,216,25,Other,1,0,297,,,Supplied isolate accession workbook,0,0,0,0,qnrB19,2,1,0,Other,CC25-11,Other,ERR160996,297
SRR5056398,SRR5056398,SRR5056398,SRS1819954,Other,Other,Other,No,Other,2,216,25,Other,1,0,298,,,Supplied isolate accession workbook,0,0,0,0,qnrB19,1,1,0,Other,CC25-11,Other,SRR5056398,298
ERR3635287,ERR3635287,ERR3635287,ERS3943502,Other,Other,Other,No,2007,2,216,25,Other,1,0,299,,,Supplied isolate accession workbook,0,0,0,0,qnrB19,1,1,0,Other,CC25-11,Other,ERR3635287,299
SRR22175068,SRR22175068,SRR22175068,SRS15655135,Mexico,Water/River,environmental-water; river,No,2021,2,216,25,Other,1,0,300,,,Supplied isolate accession workbook,0,0,0,0,qnrB19,1,1,0,Other,CC25-11,Other,SRR22175068,300
SRR21787058,SRR21787058,SRR21787058,SRS15307356,Mexico,Water/River,environmental-water; pond,No,2021,2,216,25,Other,1,0,301,,,Supplied isolate accession workbook,0,0,0,0,qnrB19,1,1,0,Other,CC25-11,Other,SRR21787058,301
SRR21787324,SRR21787324,SRR21787324,SRS15307594,Mexico,Water/River,environmental-water; pond,No,2021,2,216,25,Other,1,0,302,,,Supplied isolate accession workbook,0,0,0,0,qnrB19,1,1,0,Other,CC25-11,Other,SRR21787324,302
SRR26858817,SRR26858817,SRR26858817,SRS19562298,United States,Other,Other,No,2023,2,216,25,Other,1,0,303,,,Supplied isolate accession workbook,0,0,0,0,qnrB19,1,1,0,Other,CC25-11,Other,SRR26858817,303
SRR27185117,SRR27185117,SRR27185117,SRS19839564,United States,Other,Other,No,2023,2,216,25,Other,1,0,304,,,Supplied isolate accession workbook,0,0,0,0,qnrB19,1,1,0,Other,CC25-11,Other,SRR27185117,304
SRR21535455,SRR21535455,SRR21535455,SRS15086134,Mexico,Water/River,environmental-water; River,No,2021,2,216,25,Other,1,0,305,,,Supplied isolate accession workbook,0,0,0,0,qnrB19,1,1,0,Other,CC25-11,Other,SRR21535455,305
SRR21535466,SRR21535466,SRR21535466,SRS15086139,Mexico,Water/River,environmental-water; River,No,2021,2,216,25,Other,1,0,306,,,Supplied isolate accession workbook,0,0,0,0,qnrB19,1,1,0,Other,CC25-11,Other,SRR21535466,306
SRR26050334,SRR26050334,SRR26050334,SRS18873009,United States,Other,Other,No,2023,2,216,25,Other,1,0,307,,,Supplied isolate accession workbook,0,0,0,0,qnrB19,1,1,0,Other,CC25-12,Other,SRR26050334,307
SRR5379276,SRR5379276,SRR5379276,SRS2073636,United States,Other,Other,No,Other,2,216,25,Other,1,0,308,,,Supplied isolate accession workbook,0,0,0,0,qnrB19,1,1,0,Other,CC25-12,Other,SRR5379276,308
SRR6457657,SRR6457657,SRR6457657,SRS2822385,United States,Other,Other,No,Other,2,216,25,Other,1,0,309,,,Supplied isolate accession workbook,0,0,0,0,qnrB19,1,1,0,Other,CC25-12,Other,SRR6457657,309
SRR14360286,SRR14360286,SRR14360286,SRS8802471,United States,Other,Other,No,2021,2,216,25,Other,1,0,310,,,Supplied isolate accession workbook,0,0,0,0,qnrB,1,1,0,Other,CC25-12,Other,SRR14360286,310
SRR8137438,SRR8137438,SRR8137438,SRS3998326,United Kingdom,Human,Homo sapiens; human,No,2018,2,216,25,Other,1,0,311,,,Supplied isolate accession workbook,0,0,0,0,qnrB19,1,1,0,Other,CC25-12,Other,SRR8137438,311
ERR3635266,ERR3635266,ERR3635266,ERS3943481,Other,Other,Other,No,2002,2,216,25,Other,1,0,312,,,Supplied isolate accession workbook,0,0,0,0,,0,0,0,Other,CC25-12,Other,ERR3635266,312
SRR1973602,SRR1973602,SRR1973602,SRS909371,Colombia,Dairy,cheese,No,2007,2,216,25,Other,1,0,313,,,Supplied isolate accession workbook,0,0,0,0,,0,0,0,Other,CC25-12,Other,SRR1973602,313
SRR3002514,SRR3002514,SRR3002514,SRS1207369,United States,Human,Age: 30-39; stool,No,2008,2,216,25,Other,1,0,314,,,Supplied isolate accession workbook,0,0,0,0,,0,0,0,Other,CC25-12,Other,SRR3002514,314
SRR7467291,SRR7467291,SRR7467291,SRS3498154,United States,Other,Other,No,Other,2,216,25,Other,1,0,315,,,Supplied isolate accession workbook,0,0,0,0,qnrB19,1,1,0,Other,CC25-12,Other,SRR7467291,315
ERR4400884,ERR4400884,ERR4400884,ERS4874923,South Africa,Other,Other,No,2001,2,216,25,Other,1,0,316,,,Supplied isolate accession workbook,1,1,0,0,blaSCO-1; blaOXA-10; cmlA5; floR; dfrA23; blaTEM-63; gyrA_D87N; tet(A); sul1; sul2; aac(3)-IIe; aadA1; aph(3'')-Ib; aph(6)-Id; arr-2; qacEdelta1,9,16,0,Other,CC25-12,Other,ERR4400884,316
ERR4399363,ERR4399363,ERR4399363,ERS4873402,South Africa,No information,No information,No,2001,2,216,25,Other,1,0,317,,,Supplied isolate accession workbook,1,1,0,0,blaSCO-1; blaOXA-10; cmlA5; floR; dfrA23; blaTEM-63; gyrA_D87N; tet(A); sul1; sul2; aac(3)-IIe; aadA1; aph(3'')-Ib; aph(6)-Id; arr-2; qacEdelta1,9,16,0,Other,CC25-12,Other,ERR4399363,317
ERR4401298,ERR4401298,ERR4401298,ERS4875337,South Africa,Other,Other,No,2001,2,216,25,Other,1,0,318,,,Supplied isolate accession workbook,1,1,0,0,blaSCO-1; blaOXA-10; cmlA5; floR; dfrA23; blaTEM-63; gyrA_D87N; tet(A); sul1; sul2; aac(3)-IIe; aadA1; aph(3'')-Ib; aph(6)-Id; arr-2; qacEdelta1,9,16,0,Other,CC25-12,Other,ERR4401298,318
ERR4400265,ERR4400265,ERR4400265,ERS4874304,South Africa,Other,Other,No,2001,2,216,25,Other,1,0,319,,,Supplied isolate accession workbook,1,1,0,0,blaSCO-1; blaOXA-10; cmlA5; floR; dfrA23; blaTEM-63; gyrA_D87N; tet(A); sul1; sul2; aac(3)-IIe; aadA1; aph(3'')-Ib; aph(6)-Id; arr-2; qacEdelta1,9,16,0,Other,CC25-12,Other,ERR4400265,319
ERR4401598,ERR4401598,ERR4401598,ERS4875637,South Africa,Other,Other,No,2001,2,216,25,Other,1,0,320,,,Supplied isolate accession workbook,1,1,0,0,blaSCO-1; blaOXA-10; cmlA5; floR; dfrA23; blaTEM-63; gyrA_D87N; tet(A); sul1; sul2; aac(3)-IIe; aadA1; aph(3'')-Ib; aph(6)-Id; arr-2; qacEdelta1,9,16,0,Other,CC25-12,Other,ERR4401598,320
ERR4401297,ERR4401297,ERR4401297,ERS4875336,South Africa,Other,Other,No,2001,2,216,25,Other,1,0,321,,,Supplied isolate accession workbook,1,1,0,0,blaSCO-1; blaOXA-10; cmlA5; floR; dfrA23; blaTEM-63; gyrA_D87N; tet(A); sul1; sul2; aac(3)-IIe; aadA1; aph(3'')-Ib; aph(6)-Id; arr-2; qacEdelta1,9,16,0,Other,CC25-12,Other,ERR4401297,321
ERR4401299,ERR4401299,ERR4401299,ERS4875338,South Africa,Other,Other,No,2001,2,216,25,Other,1,0,322,,,Supplied isolate accession workbook,1,1,0,0,blaSCO-1; blaOXA-10; cmlA5; floR; dfrA23; blaTEM-63; gyrA_D87N; tet(A); sul1; sul2; aac(3)-IIe; aadA1; aph(3'')-Ib; aph(6)-Id; arr-2; qacEdelta1,9,16,0,Other,CC25-12,Other,ERR4401299,322
ERR6806710,ERR6806710,ERR6806710,ERS7645431,South Africa,Human,Stool,No,2020,2,216,25,Other,1,0,323,,,Supplied isolate accession workbook,0,0,0,0,,0,0,0,Other,CC25-12,Other,ERR6806710,323
SRR952929,SRR952929,SRR952929,SRS470636,United States,Plant,paprika-Raw imported Material,No,2000,2,216,25,Other,1,0,324,,,Supplied isolate accession workbook,0,0,0,0,,0,0,0,Other,CC25-12,Other,SRR952929,324
SRR7292863,SRR7292863,SRR7292863,SRS3406279,United Kingdom,Human,Unspecified - human,No,2017,2,216,25,Other,1,0,325,,,Supplied isolate accession workbook,0,0,0,0,,0,0,0,Other,CC25-12,Other,SRR7292863,325
SRR1966891,SRR1966891,SRR1966891,SRS903511,United Kingdom,Human,Unspecified - human,No,2014,2,216,25,Other,1,0,326,,,Supplied isolate accession workbook,0,0,0,0,,0,0,0,Other,CC25-12,Other,SRR1966891,326
SRR1967735,SRR1967735,SRR1967735,SRS904472,United Kingdom,Human,Unspecified - human,No,2014,2,216,25,Other,1,0,327,,,Supplied isolate accession workbook,0,0,0,0,,0,0,0,Other,CC25-12,Other,SRR1967735,327
