"isolate_id","gene","present"
"CNSP0U","blaLAP-2",0
"ERR9929342","blaLAP-2",0
"ERR9966382","blaLAP-2",0
"CNS6QU","blaLAP-2",0
"CNS7YP","blaLAP-2",0
"BKRRIF","blaLAP-2",0
"44341_3_96","blaLAP-2",0
"44341_3_21","blaLAP-2",0
"CIV13VE5","blaLAP-2",0
"CIU149H1","blaLAP-2",0
"CIV146E8","blaLAP-2",0
"CIU13XS1","blaLAP-2",0
"CIV140E6","blaLAP-2",0
"CIV140E1","blaLAP-2",0
"CIT15GH1","blaLAP-2",0
"CIV13XE5","blaLAP-2",0
"CIV13YE6","blaLAP-2",0
"CIS15MR1","blaLAP-2",0
"CIV13UE4","blaLAP-2",0
"CAAXQV","blaLAP-2",0
"CIV140E7","blaLAP-2",0
"CIS15HB1","blaLAP-2",0
"CIV13RE2","blaLAP-2",0
"CIT15GS1","blaLAP-2",0
"CIV142E6","blaLAP-2",0
"44341_4_275","blaLAP-2",0
"44341_3_310","blaLAP-2",0
"CIU145B1","blaLAP-2",0
"CIV143E2","blaLAP-2",0
"CIT15FH1","blaLAP-2",0
"CIV147E3","blaLAP-2",0
"CIT15EB1","blaLAP-2",0
"CIV13PE7","blaLAP-2",0
"CIV13XE8","blaLAP-2",0
"44341_3_304","blaLAP-2",0
"44341_3_305","blaLAP-2",0
"44341_3_281","blaLAP-2",0
"44341_3_136","blaLAP-2",0
"44341_3_128","blaLAP-2",0
"44341_3_131","blaLAP-2",0
"CIT159B1","blaLAP-2",0
"CIS153C1","blaLAP-2",0
"CIV13XE2","blaLAP-2",0
"CIT15FB1","blaLAP-2",0
"CIV13XU1","blaLAP-2",0
"CIV143U1","blaLAP-2",0
"CIV143E9","blaLAP-2",0
"CNS1F3","blaLAP-2",0
"CAAYSI","blaLAP-2",0
"CIV141E6","blaLAP-2",0
"CIV140U1","blaLAP-2",0
"CIV140E4","blaLAP-2",0
"CIV143E4","blaLAP-2",0
"CIV144E6","blaLAP-2",0
"CIV13YE8","blaLAP-2",0
"CIV144U1","blaLAP-2",0
"BKRMVD","blaLAP-2",0
"CAAXBN","blaLAP-2",0
"44341_3_165","blaLAP-2",0
"ERR10113269","blaLAP-2",0
"ERR6752971","blaLAP-2",0
"ERR5751227","blaLAP-2",0
"ERR12142619","blaLAP-2",0
"ERR9976609","blaLAP-2",0
"ERR11219800","blaLAP-2",0
"ERR9079830","blaLAP-2",0
"ERR10880116","blaLAP-2",0
"ERR5751304","blaLAP-2",0
"ERR6806714","blaLAP-2",0
"ERR11872767","blaLAP-2",0
"ERR10176869","blaLAP-2",0
"ERR10880230","blaLAP-2",0
"ERR11453719","blaLAP-2",0
"ERR10880157","blaLAP-2",0
"ERR6752889","blaLAP-2",0
"ERR9288143","blaLAP-2",0
"ERR6806632","blaLAP-2",0
"ERR9288082","blaLAP-2",0
"ERR6806600","blaLAP-2",0
"ERR9420153","blaLAP-2",0
"ERR10117717","blaLAP-2",0
"ERR10109274","blaLAP-2",0
"ERR10880183","blaLAP-2",0
"ERR10880311","blaLAP-2",0
"ERR11420238","blaLAP-2",0
"ERR11437918","blaLAP-2",0
"ERR11807709","blaLAP-2",0
"ERR12146144","blaLAP-2",0
"ERR10109277","blaLAP-2",0
"ERR10087013","blaLAP-2",0
"ERR11219811","blaLAP-2",0
"ERR9966386","blaLAP-2",0
"ERR12259395","blaLAP-2",0
"ERR12091513","blaLAP-2",0
"ERR10125140","blaLAP-2",0
"ERR10949303","blaLAP-2",0
"ERR11810274","blaLAP-2",0
"ERR9785512","blaLAP-2",0
"ERR10176866","blaLAP-2",0
"ERR10460687","blaLAP-2",0
"ERR12078573","blaLAP-2",0
"ERR12165616","blaLAP-2",0
"ERR10880377","blaLAP-2",0
"ERR10460887","blaLAP-2",0
"ERR10880335","blaLAP-2",0
"ERR10880156","blaLAP-2",0
"ERR10088105","blaLAP-2",0
"ERR12321284","blaLAP-2",0
"ERR9966388","blaLAP-2",0
"ERR12495485","blaLAP-2",0
"ERR12312692","blaLAP-2",0
"ERR12312689","blaLAP-2",0
"ERR12312688","blaLAP-2",0
"ERR11201827","blaLAP-2",0
"ERR10088101","blaLAP-2",0
"ERR10880181","blaLAP-2",0
"ERR9820422","blaLAP-2",0
"ERR9785510","blaLAP-2",0
"ERR11807704","blaLAP-2",0
"ERR10109276","blaLAP-2",0
"ERR9966389","blaLAP-2",0
"ERR9785509","blaLAP-2",0
"ERR10087012","blaLAP-2",0
"ERR10460483","blaLAP-2",0
"ERR9785511","blaLAP-2",0
"ERR9079768","blaLAP-2",0
"ERR9822149","blaLAP-2",0
"ERR9822145","blaLAP-2",0
"ERR9822146","blaLAP-2",0
"ERR10176872","blaLAP-2",0
"ERR10460765","blaLAP-2",0
"ERR10109275","blaLAP-2",0
"ERR9966390","blaLAP-2",0
"ERR10123168","blaLAP-2",0
"ERR10123167","blaLAP-2",0
"ERR9966387","blaLAP-2",0
"ERR10949310","blaLAP-2",0
"ERR10460875","blaLAP-2",0
"ERR10109255","blaLAP-2",0
"ERR9822151","blaLAP-2",0
"ERR10088102","blaLAP-2",0
"ERR10088104","blaLAP-2",0
"ERR10026000","blaLAP-2",0
"ERR9822144","blaLAP-2",0
"ERR11896635","blaLAP-2",0
"ERR12552381","blaLAP-2",0
"ERR12552377","blaLAP-2",0
"ERR9079508","blaLAP-2",0
"ERR7197757","blaLAP-2",0
"ERR6806028","blaLAP-2",0
"ERR11455881","blaLAP-2",0
"ERR4451478","blaLAP-2",0
"ERR10880424","blaLAP-2",0
"ERR12067334","blaLAP-2",0
"ERR12302226","blaLAP-2",0
"ERR12552384","blaLAP-2",0
"ERR10123158","blaLAP-2",0
"ERR5751308","blaLAP-2",0
"ERR4399358","blaLAP-2",0
"ERR4399957","blaLAP-2",0
"ERR4399362","blaLAP-2",0
"SRR13833609","blaLAP-2",0
"ERR6806726","blaLAP-2",0
"ERR10460902","blaLAP-2",0
"ERR10460856","blaLAP-2",0
"ERR6806075","blaLAP-2",0
"ERR10176870","blaLAP-2",0
"ERR12078572","blaLAP-2",0
"ERR11747320","blaLAP-2",0
"ERR12495482","blaLAP-2",0
"ERR9924209","blaLAP-2",0
"ERR5751726","blaLAP-2",0
"ERR6806512","blaLAP-2",0
"ERR6806317","blaLAP-2",0
"ERR12067371","blaLAP-2",0
"ERR6806125","blaLAP-2",0
"ERR5751296","blaLAP-2",0
"ERR4451427","blaLAP-2",0
"SRR9273829","blaLAP-2",0
"ERR6752863","blaLAP-2",0
"ERR12321280","blaLAP-2",0
"ERR9692774","blaLAP-2",0
"ERR6805998","blaLAP-2",0
"ERR6806833","blaLAP-2",0
"ERR6806749","blaLAP-2",0
"ERR6806776","blaLAP-2",0
"ERR5750995","blaLAP-2",0
"ERR6806255","blaLAP-2",0
"ERR6805990","blaLAP-2",0
"ERR11747325","blaLAP-2",0
"ERR11502778","blaLAP-2",0
"ERR7197834","blaLAP-2",0
"ERR9079758","blaLAP-2",0
"ERR12321281","blaLAP-2",0
"ERR12142634","blaLAP-2",0
"ERR12067314","blaLAP-2",0
"ERR12321282","blaLAP-2",0
"ERR12080226","blaLAP-2",0
"ERR12321283","blaLAP-2",0
"ERR6753111","blaLAP-2",0
"ERR6806796","blaLAP-2",0
"ERR6806789","blaLAP-2",0
"ERR9971918","blaLAP-2",0
"ERR7197741","blaLAP-2",0
"ERR5751808","blaLAP-2",0
"ERR10438737","blaLAP-2",0
"CLL6CH","blaLAP-2",0
"CAARE3","blaLAP-2",0
"CAAQXB","blaLAP-2",0
"CAAR9T","blaLAP-2",0
"CAAQUT","blaLAP-2",0
"CNSFP4","blaLAP-2",0
"CNSDXZ","blaLAP-2",0
"CAAP2A","blaLAP-2",0
"44341_3_268","blaLAP-2",0
"44341_3_280","blaLAP-2",0
"44341_3_262","blaLAP-2",0
"44341_3_265","blaLAP-2",0
"44341_4_286","blaLAP-2",0
"CAAYDF","blaLAP-2",0
"CLL3JA","blaLAP-2",0
"ERR9941258","blaLAP-2",0
"CNSLL4","blaLAP-2",0
"CNSKFP","blaLAP-2",0
"CNSP0U","blaSCO-1",0
"ERR9929342","blaSCO-1",0
"ERR9966382","blaSCO-1",0
"CNS6QU","blaSCO-1",0
"CNS7YP","blaSCO-1",0
"BKRRIF","blaSCO-1",0
"44341_3_96","blaSCO-1",0
"44341_3_21","blaSCO-1",0
"CIV13VE5","blaSCO-1",0
"CIU149H1","blaSCO-1",0
"CIV146E8","blaSCO-1",0
"CIU13XS1","blaSCO-1",0
"CIV140E6","blaSCO-1",0
"CIV140E1","blaSCO-1",0
"CIT15GH1","blaSCO-1",0
"CIV13XE5","blaSCO-1",0
"CIV13YE6","blaSCO-1",0
"CIS15MR1","blaSCO-1",0
"CIV13UE4","blaSCO-1",0
"CAAXQV","blaSCO-1",0
"CIV140E7","blaSCO-1",0
"CIS15HB1","blaSCO-1",0
"CIV13RE2","blaSCO-1",0
"CIT15GS1","blaSCO-1",0
"CIV142E6","blaSCO-1",0
"44341_4_275","blaSCO-1",0
"44341_3_310","blaSCO-1",0
"CIU145B1","blaSCO-1",0
"CIV143E2","blaSCO-1",0
"CIT15FH1","blaSCO-1",0
"CIV147E3","blaSCO-1",0
"CIT15EB1","blaSCO-1",0
"CIV13PE7","blaSCO-1",0
"CIV13XE8","blaSCO-1",0
"44341_3_304","blaSCO-1",0
"44341_3_305","blaSCO-1",0
"44341_3_281","blaSCO-1",0
"44341_3_136","blaSCO-1",0
"44341_3_128","blaSCO-1",0
"44341_3_131","blaSCO-1",0
"CIT159B1","blaSCO-1",0
"CIS153C1","blaSCO-1",0
"CIV13XE2","blaSCO-1",0
"CIT15FB1","blaSCO-1",0
"CIV13XU1","blaSCO-1",0
"CIV143U1","blaSCO-1",0
"CIV143E9","blaSCO-1",0
"CNS1F3","blaSCO-1",0
"CAAYSI","blaSCO-1",0
"CIV141E6","blaSCO-1",0
"CIV140U1","blaSCO-1",0
"CIV140E4","blaSCO-1",0
"CIV143E4","blaSCO-1",0
"CIV144E6","blaSCO-1",0
"CIV13YE8","blaSCO-1",0
"CIV144U1","blaSCO-1",0
"BKRMVD","blaSCO-1",0
"CAAXBN","blaSCO-1",0
"44341_3_165","blaSCO-1",0
"ERR10113269","blaSCO-1",0
"ERR6752971","blaSCO-1",0
"ERR5751227","blaSCO-1",0
"ERR12142619","blaSCO-1",0
"ERR9976609","blaSCO-1",0
"ERR11219800","blaSCO-1",0
"ERR9079830","blaSCO-1",0
"ERR10880116","blaSCO-1",0
"ERR5751304","blaSCO-1",0
"ERR6806714","blaSCO-1",0
"ERR11872767","blaSCO-1",1
"ERR10176869","blaSCO-1",1
"ERR10880230","blaSCO-1",1
"ERR11453719","blaSCO-1",1
"ERR10880157","blaSCO-1",1
"ERR6752889","blaSCO-1",1
"ERR9288143","blaSCO-1",1
"ERR6806632","blaSCO-1",0
"ERR9288082","blaSCO-1",1
"ERR6806600","blaSCO-1",1
"ERR9420153","blaSCO-1",1
"ERR10117717","blaSCO-1",1
"ERR10109274","blaSCO-1",1
"ERR10880183","blaSCO-1",1
"ERR10880311","blaSCO-1",1
"ERR11420238","blaSCO-1",1
"ERR11437918","blaSCO-1",1
"ERR11807709","blaSCO-1",1
"ERR12146144","blaSCO-1",1
"ERR10109277","blaSCO-1",1
"ERR10087013","blaSCO-1",1
"ERR11219811","blaSCO-1",1
"ERR9966386","blaSCO-1",1
"ERR12259395","blaSCO-1",1
"ERR12091513","blaSCO-1",1
"ERR10125140","blaSCO-1",1
"ERR10949303","blaSCO-1",1
"ERR11810274","blaSCO-1",1
"ERR9785512","blaSCO-1",1
"ERR10176866","blaSCO-1",1
"ERR10460687","blaSCO-1",1
"ERR12078573","blaSCO-1",1
"ERR12165616","blaSCO-1",1
"ERR10880377","blaSCO-1",1
"ERR10460887","blaSCO-1",1
"ERR10880335","blaSCO-1",1
"ERR10880156","blaSCO-1",1
"ERR10088105","blaSCO-1",1
"ERR12321284","blaSCO-1",1
"ERR9966388","blaSCO-1",1
"ERR12495485","blaSCO-1",1
"ERR12312692","blaSCO-1",1
"ERR12312689","blaSCO-1",1
"ERR12312688","blaSCO-1",1
"ERR11201827","blaSCO-1",1
"ERR10088101","blaSCO-1",1
"ERR10880181","blaSCO-1",1
"ERR9820422","blaSCO-1",1
"ERR9785510","blaSCO-1",1
"ERR11807704","blaSCO-1",1
"ERR10109276","blaSCO-1",1
"ERR9966389","blaSCO-1",1
"ERR9785509","blaSCO-1",1
"ERR10087012","blaSCO-1",1
"ERR10460483","blaSCO-1",1
"ERR9785511","blaSCO-1",1
"ERR9079768","blaSCO-1",1
"ERR9822149","blaSCO-1",1
"ERR9822145","blaSCO-1",1
"ERR9822146","blaSCO-1",1
"ERR10176872","blaSCO-1",1
"ERR10460765","blaSCO-1",1
"ERR10109275","blaSCO-1",1
"ERR9966390","blaSCO-1",1
"ERR10123168","blaSCO-1",1
"ERR10123167","blaSCO-1",1
"ERR9966387","blaSCO-1",1
"ERR10949310","blaSCO-1",1
"ERR10460875","blaSCO-1",1
"ERR10109255","blaSCO-1",1
"ERR9822151","blaSCO-1",1
"ERR10088102","blaSCO-1",1
"ERR10088104","blaSCO-1",1
"ERR10026000","blaSCO-1",1
"ERR9822144","blaSCO-1",1
"ERR11896635","blaSCO-1",1
"ERR12552381","blaSCO-1",1
"ERR12552377","blaSCO-1",1
"ERR9079508","blaSCO-1",1
"ERR7197757","blaSCO-1",1
"ERR6806028","blaSCO-1",1
"ERR11455881","blaSCO-1",1
"ERR4451478","blaSCO-1",1
"ERR10880424","blaSCO-1",1
"ERR12067334","blaSCO-1",1
"ERR12302226","blaSCO-1",1
"ERR12552384","blaSCO-1",1
"ERR10123158","blaSCO-1",1
"ERR5751308","blaSCO-1",1
"ERR4399358","blaSCO-1",1
"ERR4399957","blaSCO-1",1
"ERR4399362","blaSCO-1",1
"SRR13833609","blaSCO-1",0
"ERR6806726","blaSCO-1",0
"ERR10460902","blaSCO-1",0
"ERR10460856","blaSCO-1",0
"ERR6806075","blaSCO-1",0
"ERR10176870","blaSCO-1",0
"ERR12078572","blaSCO-1",0
"ERR11747320","blaSCO-1",0
"ERR12495482","blaSCO-1",0
"ERR9924209","blaSCO-1",0
"ERR5751726","blaSCO-1",0
"ERR6806512","blaSCO-1",0
"ERR6806317","blaSCO-1",0
"ERR12067371","blaSCO-1",0
"ERR6806125","blaSCO-1",0
"ERR5751296","blaSCO-1",0
"ERR4451427","blaSCO-1",0
"SRR9273829","blaSCO-1",0
"ERR6752863","blaSCO-1",0
"ERR12321280","blaSCO-1",0
"ERR9692774","blaSCO-1",0
"ERR6805998","blaSCO-1",0
"ERR6806833","blaSCO-1",0
"ERR6806749","blaSCO-1",0
"ERR6806776","blaSCO-1",0
"ERR5750995","blaSCO-1",0
"ERR6806255","blaSCO-1",0
"ERR6805990","blaSCO-1",0
"ERR11747325","blaSCO-1",0
"ERR11502778","blaSCO-1",0
"ERR7197834","blaSCO-1",0
"ERR9079758","blaSCO-1",0
"ERR12321281","blaSCO-1",0
"ERR12142634","blaSCO-1",0
"ERR12067314","blaSCO-1",0
"ERR12321282","blaSCO-1",0
"ERR12080226","blaSCO-1",0
"ERR12321283","blaSCO-1",0
"ERR6753111","blaSCO-1",0
"ERR6806796","blaSCO-1",0
"ERR6806789","blaSCO-1",0
"ERR9971918","blaSCO-1",0
"ERR7197741","blaSCO-1",0
"ERR5751808","blaSCO-1",0
"ERR10438737","blaSCO-1",0
"CLL6CH","blaSCO-1",0
"CAARE3","blaSCO-1",0
"CAAQXB","blaSCO-1",0
"CAAR9T","blaSCO-1",0
"CAAQUT","blaSCO-1",0
"CNSFP4","blaSCO-1",0
"CNSDXZ","blaSCO-1",0
"CAAP2A","blaSCO-1",0
"44341_3_268","blaSCO-1",0
"44341_3_280","blaSCO-1",0
"44341_3_262","blaSCO-1",0
"44341_3_265","blaSCO-1",0
"44341_4_286","blaSCO-1",0
"CAAYDF","blaSCO-1",0
"CLL3JA","blaSCO-1",0
"ERR9941258","blaSCO-1",0
"CNSLL4","blaSCO-1",0
"CNSKFP","blaSCO-1",0
"CNSP0U","blaTEM-1",0
"ERR9929342","blaTEM-1",0
"ERR9966382","blaTEM-1",0
"CNS6QU","blaTEM-1",0
"CNS7YP","blaTEM-1",0
"BKRRIF","blaTEM-1",0
"44341_3_96","blaTEM-1",0
"44341_3_21","blaTEM-1",0
"CIV13VE5","blaTEM-1",0
"CIU149H1","blaTEM-1",0
"CIV146E8","blaTEM-1",0
"CIU13XS1","blaTEM-1",0
"CIV140E6","blaTEM-1",0
"CIV140E1","blaTEM-1",0
"CIT15GH1","blaTEM-1",0
"CIV13XE5","blaTEM-1",0
"CIV13YE6","blaTEM-1",0
"CIS15MR1","blaTEM-1",0
"CIV13UE4","blaTEM-1",0
"CAAXQV","blaTEM-1",0
"CIV140E7","blaTEM-1",0
"CIS15HB1","blaTEM-1",0
"CIV13RE2","blaTEM-1",0
"CIT15GS1","blaTEM-1",0
"CIV142E6","blaTEM-1",0
"44341_4_275","blaTEM-1",0
"44341_3_310","blaTEM-1",0
"CIU145B1","blaTEM-1",0
"CIV143E2","blaTEM-1",0
"CIT15FH1","blaTEM-1",0
"CIV147E3","blaTEM-1",0
"CIT15EB1","blaTEM-1",0
"CIV13PE7","blaTEM-1",0
"CIV13XE8","blaTEM-1",0
"44341_3_304","blaTEM-1",0
"44341_3_305","blaTEM-1",0
"44341_3_281","blaTEM-1",0
"44341_3_136","blaTEM-1",0
"44341_3_128","blaTEM-1",0
"44341_3_131","blaTEM-1",0
"CIT159B1","blaTEM-1",0
"CIS153C1","blaTEM-1",0
"CIV13XE2","blaTEM-1",0
"CIT15FB1","blaTEM-1",0
"CIV13XU1","blaTEM-1",0
"CIV143U1","blaTEM-1",0
"CIV143E9","blaTEM-1",0
"CNS1F3","blaTEM-1",0
"CAAYSI","blaTEM-1",0
"CIV141E6","blaTEM-1",0
"CIV140U1","blaTEM-1",0
"CIV140E4","blaTEM-1",0
"CIV143E4","blaTEM-1",0
"CIV144E6","blaTEM-1",0
"CIV13YE8","blaTEM-1",0
"CIV144U1","blaTEM-1",0
"BKRMVD","blaTEM-1",0
"CAAXBN","blaTEM-1",0
"44341_3_165","blaTEM-1",0
"ERR10113269","blaTEM-1",0
"ERR6752971","blaTEM-1",1
"ERR5751227","blaTEM-1",1
"ERR12142619","blaTEM-1",0
"ERR9976609","blaTEM-1",0
"ERR11219800","blaTEM-1",0
"ERR9079830","blaTEM-1",0
"ERR10880116","blaTEM-1",0
"ERR5751304","blaTEM-1",0
"ERR6806714","blaTEM-1",1
"ERR11872767","blaTEM-1",0
"ERR10176869","blaTEM-1",0
"ERR10880230","blaTEM-1",0
"ERR11453719","blaTEM-1",0
"ERR10880157","blaTEM-1",0
"ERR6752889","blaTEM-1",0
"ERR9288143","blaTEM-1",0
"ERR6806632","blaTEM-1",1
"ERR9288082","blaTEM-1",1
"ERR6806600","blaTEM-1",1
"ERR9420153","blaTEM-1",1
"ERR10117717","blaTEM-1",1
"ERR10109274","blaTEM-1",1
"ERR10880183","blaTEM-1",1
"ERR10880311","blaTEM-1",1
"ERR11420238","blaTEM-1",1
"ERR11437918","blaTEM-1",1
"ERR11807709","blaTEM-1",1
"ERR12146144","blaTEM-1",1
"ERR10109277","blaTEM-1",1
"ERR10087013","blaTEM-1",1
"ERR11219811","blaTEM-1",1
"ERR9966386","blaTEM-1",1
"ERR12259395","blaTEM-1",1
"ERR12091513","blaTEM-1",1
"ERR10125140","blaTEM-1",1
"ERR10949303","blaTEM-1",1
"ERR11810274","blaTEM-1",1
"ERR9785512","blaTEM-1",1
"ERR10176866","blaTEM-1",1
"ERR10460687","blaTEM-1",1
"ERR12078573","blaTEM-1",1
"ERR12165616","blaTEM-1",1
"ERR10880377","blaTEM-1",1
"ERR10460887","blaTEM-1",1
"ERR10880335","blaTEM-1",1
"ERR10880156","blaTEM-1",1
"ERR10088105","blaTEM-1",1
"ERR12321284","blaTEM-1",1
"ERR9966388","blaTEM-1",1
"ERR12495485","blaTEM-1",1
"ERR12312692","blaTEM-1",1
"ERR12312689","blaTEM-1",1
"ERR12312688","blaTEM-1",1
"ERR11201827","blaTEM-1",1
"ERR10088101","blaTEM-1",1
"ERR10880181","blaTEM-1",1
"ERR9820422","blaTEM-1",1
"ERR9785510","blaTEM-1",1
"ERR11807704","blaTEM-1",1
"ERR10109276","blaTEM-1",1
"ERR9966389","blaTEM-1",1
"ERR9785509","blaTEM-1",1
"ERR10087012","blaTEM-1",1
"ERR10460483","blaTEM-1",1
"ERR9785511","blaTEM-1",1
"ERR9079768","blaTEM-1",1
"ERR9822149","blaTEM-1",1
"ERR9822145","blaTEM-1",1
"ERR9822146","blaTEM-1",1
"ERR10176872","blaTEM-1",1
"ERR10460765","blaTEM-1",1
"ERR10109275","blaTEM-1",1
"ERR9966390","blaTEM-1",1
"ERR10123168","blaTEM-1",1
"ERR10123167","blaTEM-1",1
"ERR9966387","blaTEM-1",1
"ERR10949310","blaTEM-1",1
"ERR10460875","blaTEM-1",1
"ERR10109255","blaTEM-1",0
"ERR9822151","blaTEM-1",1
"ERR10088102","blaTEM-1",1
"ERR10088104","blaTEM-1",1
"ERR10026000","blaTEM-1",1
"ERR9822144","blaTEM-1",1
"ERR11896635","blaTEM-1",1
"ERR12552381","blaTEM-1",1
"ERR12552377","blaTEM-1",1
"ERR9079508","blaTEM-1",1
"ERR7197757","blaTEM-1",1
"ERR6806028","blaTEM-1",1
"ERR11455881","blaTEM-1",1
"ERR4451478","blaTEM-1",1
"ERR10880424","blaTEM-1",1
"ERR12067334","blaTEM-1",1
"ERR12302226","blaTEM-1",1
"ERR12552384","blaTEM-1",1
"ERR10123158","blaTEM-1",1
"ERR5751308","blaTEM-1",0
"ERR4399358","blaTEM-1",0
"ERR4399957","blaTEM-1",0
"ERR4399362","blaTEM-1",0
"SRR13833609","blaTEM-1",0
"ERR6806726","blaTEM-1",1
"ERR10460902","blaTEM-1",1
"ERR10460856","blaTEM-1",1
"ERR6806075","blaTEM-1",1
"ERR10176870","blaTEM-1",1
"ERR12078572","blaTEM-1",0
"ERR11747320","blaTEM-1",1
"ERR12495482","blaTEM-1",1
"ERR9924209","blaTEM-1",1
"ERR5751726","blaTEM-1",1
"ERR6806512","blaTEM-1",1
"ERR6806317","blaTEM-1",1
"ERR12067371","blaTEM-1",1
"ERR6806125","blaTEM-1",0
"ERR5751296","blaTEM-1",0
"ERR4451427","blaTEM-1",0
"SRR9273829","blaTEM-1",0
"ERR6752863","blaTEM-1",0
"ERR12321280","blaTEM-1",0
"ERR9692774","blaTEM-1",0
"ERR6805998","blaTEM-1",0
"ERR6806833","blaTEM-1",0
"ERR6806749","blaTEM-1",0
"ERR6806776","blaTEM-1",0
"ERR5750995","blaTEM-1",0
"ERR6806255","blaTEM-1",0
"ERR6805990","blaTEM-1",0
"ERR11747325","blaTEM-1",1
"ERR11502778","blaTEM-1",1
"ERR7197834","blaTEM-1",0
"ERR9079758","blaTEM-1",1
"ERR12321281","blaTEM-1",1
"ERR12142634","blaTEM-1",1
"ERR12067314","blaTEM-1",0
"ERR12321282","blaTEM-1",0
"ERR12080226","blaTEM-1",0
"ERR12321283","blaTEM-1",0
"ERR6753111","blaTEM-1",0
"ERR6806796","blaTEM-1",0
"ERR6806789","blaTEM-1",0
"ERR9971918","blaTEM-1",0
"ERR7197741","blaTEM-1",0
"ERR5751808","blaTEM-1",0
"ERR10438737","blaTEM-1",0
"CLL6CH","blaTEM-1",0
"CAARE3","blaTEM-1",0
"CAAQXB","blaTEM-1",0
"CAAR9T","blaTEM-1",0
"CAAQUT","blaTEM-1",0
"CNSFP4","blaTEM-1",0
"CNSDXZ","blaTEM-1",0
"CAAP2A","blaTEM-1",0
"44341_3_268","blaTEM-1",0
"44341_3_280","blaTEM-1",0
"44341_3_262","blaTEM-1",0
"44341_3_265","blaTEM-1",0
"44341_4_286","blaTEM-1",0
"CAAYDF","blaTEM-1",0
"CLL3JA","blaTEM-1",0
"ERR9941258","blaTEM-1",0
"CNSLL4","blaTEM-1",0
"CNSKFP","blaTEM-1",0
"CNSP0U","blaOXA-1",0
"ERR9929342","blaOXA-1",1
"ERR9966382","blaOXA-1",1
"CNS6QU","blaOXA-1",1
"CNS7YP","blaOXA-1",1
"BKRRIF","blaOXA-1",1
"44341_3_96","blaOXA-1",1
"44341_3_21","blaOXA-1",1
"CIV13VE5","blaOXA-1",1
"CIU149H1","blaOXA-1",1
"CIV146E8","blaOXA-1",1
"CIU13XS1","blaOXA-1",1
"CIV140E6","blaOXA-1",1
"CIV140E1","blaOXA-1",1
"CIT15GH1","blaOXA-1",1
"CIV13XE5","blaOXA-1",1
"CIV13YE6","blaOXA-1",1
"CIS15MR1","blaOXA-1",1
"CIV13UE4","blaOXA-1",1
"CAAXQV","blaOXA-1",1
"CIV140E7","blaOXA-1",1
"CIS15HB1","blaOXA-1",1
"CIV13RE2","blaOXA-1",1
"CIT15GS1","blaOXA-1",1
"CIV142E6","blaOXA-1",1
"44341_4_275","blaOXA-1",1
"44341_3_310","blaOXA-1",1
"CIU145B1","blaOXA-1",1
"CIV143E2","blaOXA-1",1
"CIT15FH1","blaOXA-1",1
"CIV147E3","blaOXA-1",1
"CIT15EB1","blaOXA-1",1
"CIV13PE7","blaOXA-1",1
"CIV13XE8","blaOXA-1",1
"44341_3_304","blaOXA-1",1
"44341_3_305","blaOXA-1",1
"44341_3_281","blaOXA-1",1
"44341_3_136","blaOXA-1",1
"44341_3_128","blaOXA-1",1
"44341_3_131","blaOXA-1",1
"CIT159B1","blaOXA-1",1
"CIS153C1","blaOXA-1",1
"CIV13XE2","blaOXA-1",1
"CIT15FB1","blaOXA-1",1
"CIV13XU1","blaOXA-1",1
"CIV143U1","blaOXA-1",1
"CIV143E9","blaOXA-1",1
"CNS1F3","blaOXA-1",1
"CAAYSI","blaOXA-1",1
"CIV141E6","blaOXA-1",1
"CIV140U1","blaOXA-1",1
"CIV140E4","blaOXA-1",1
"CIV143E4","blaOXA-1",1
"CIV144E6","blaOXA-1",1
"CIV13YE8","blaOXA-1",1
"CIV144U1","blaOXA-1",1
"BKRMVD","blaOXA-1",1
"CAAXBN","blaOXA-1",1
"44341_3_165","blaOXA-1",1
"ERR10113269","blaOXA-1",1
"ERR6752971","blaOXA-1",1
"ERR5751227","blaOXA-1",1
"ERR12142619","blaOXA-1",1
"ERR9976609","blaOXA-1",1
"ERR11219800","blaOXA-1",1
"ERR9079830","blaOXA-1",1
"ERR10880116","blaOXA-1",1
"ERR5751304","blaOXA-1",1
"ERR6806714","blaOXA-1",0
"ERR11872767","blaOXA-1",1
"ERR10176869","blaOXA-1",1
"ERR10880230","blaOXA-1",1
"ERR11453719","blaOXA-1",1
"ERR10880157","blaOXA-1",1
"ERR6752889","blaOXA-1",1
"ERR9288143","blaOXA-1",1
"ERR6806632","blaOXA-1",0
"ERR9288082","blaOXA-1",1
"ERR6806600","blaOXA-1",1
"ERR9420153","blaOXA-1",1
"ERR10117717","blaOXA-1",1
"ERR10109274","blaOXA-1",1
"ERR10880183","blaOXA-1",1
"ERR10880311","blaOXA-1",1
"ERR11420238","blaOXA-1",1
"ERR11437918","blaOXA-1",1
"ERR11807709","blaOXA-1",1
"ERR12146144","blaOXA-1",1
"ERR10109277","blaOXA-1",1
"ERR10087013","blaOXA-1",1
"ERR11219811","blaOXA-1",1
"ERR9966386","blaOXA-1",1
"ERR12259395","blaOXA-1",1
"ERR12091513","blaOXA-1",1
"ERR10125140","blaOXA-1",0
"ERR10949303","blaOXA-1",1
"ERR11810274","blaOXA-1",1
"ERR9785512","blaOXA-1",1
"ERR10176866","blaOXA-1",1
"ERR10460687","blaOXA-1",1
"ERR12078573","blaOXA-1",1
"ERR12165616","blaOXA-1",1
"ERR10880377","blaOXA-1",1
"ERR10460887","blaOXA-1",1
"ERR10880335","blaOXA-1",1
"ERR10880156","blaOXA-1",1
"ERR10088105","blaOXA-1",1
"ERR12321284","blaOXA-1",1
"ERR9966388","blaOXA-1",1
"ERR12495485","blaOXA-1",1
"ERR12312692","blaOXA-1",1
"ERR12312689","blaOXA-1",1
"ERR12312688","blaOXA-1",1
"ERR11201827","blaOXA-1",1
"ERR10088101","blaOXA-1",1
"ERR10880181","blaOXA-1",1
"ERR9820422","blaOXA-1",1
"ERR9785510","blaOXA-1",1
"ERR11807704","blaOXA-1",0
"ERR10109276","blaOXA-1",0
"ERR9966389","blaOXA-1",1
"ERR9785509","blaOXA-1",1
"ERR10087012","blaOXA-1",1
"ERR10460483","blaOXA-1",1
"ERR9785511","blaOXA-1",1
"ERR9079768","blaOXA-1",1
"ERR9822149","blaOXA-1",1
"ERR9822145","blaOXA-1",1
"ERR9822146","blaOXA-1",1
"ERR10176872","blaOXA-1",1
"ERR10460765","blaOXA-1",1
"ERR10109275","blaOXA-1",1
"ERR9966390","blaOXA-1",1
"ERR10123168","blaOXA-1",1
"ERR10123167","blaOXA-1",1
"ERR9966387","blaOXA-1",1
"ERR10949310","blaOXA-1",1
"ERR10460875","blaOXA-1",1
"ERR10109255","blaOXA-1",1
"ERR9822151","blaOXA-1",1
"ERR10088102","blaOXA-1",1
"ERR10088104","blaOXA-1",1
"ERR10026000","blaOXA-1",1
"ERR9822144","blaOXA-1",1
"ERR11896635","blaOXA-1",1
"ERR12552381","blaOXA-1",1
"ERR12552377","blaOXA-1",1
"ERR9079508","blaOXA-1",1
"ERR7197757","blaOXA-1",1
"ERR6806028","blaOXA-1",1
"ERR11455881","blaOXA-1",1
"ERR4451478","blaOXA-1",1
"ERR10880424","blaOXA-1",1
"ERR12067334","blaOXA-1",1
"ERR12302226","blaOXA-1",1
"ERR12552384","blaOXA-1",1
"ERR10123158","blaOXA-1",1
"ERR5751308","blaOXA-1",0
"ERR4399358","blaOXA-1",0
"ERR4399957","blaOXA-1",0
"ERR4399362","blaOXA-1",0
"SRR13833609","blaOXA-1",0
"ERR6806726","blaOXA-1",1
"ERR10460902","blaOXA-1",1
"ERR10460856","blaOXA-1",1
"ERR6806075","blaOXA-1",0
"ERR10176870","blaOXA-1",1
"ERR12078572","blaOXA-1",1
"ERR11747320","blaOXA-1",1
"ERR12495482","blaOXA-1",1
"ERR9924209","blaOXA-1",1
"ERR5751726","blaOXA-1",1
"ERR6806512","blaOXA-1",1
"ERR6806317","blaOXA-1",0
"ERR12067371","blaOXA-1",1
"ERR6806125","blaOXA-1",1
"ERR5751296","blaOXA-1",1
"ERR4451427","blaOXA-1",1
"SRR9273829","blaOXA-1",0
"ERR6752863","blaOXA-1",1
"ERR12321280","blaOXA-1",1
"ERR9692774","blaOXA-1",1
"ERR6805998","blaOXA-1",1
"ERR6806833","blaOXA-1",1
"ERR6806749","blaOXA-1",1
"ERR6806776","blaOXA-1",1
"ERR5750995","blaOXA-1",1
"ERR6806255","blaOXA-1",1
"ERR6805990","blaOXA-1",1
"ERR11747325","blaOXA-1",1
"ERR11502778","blaOXA-1",1
"ERR7197834","blaOXA-1",1
"ERR9079758","blaOXA-1",1
"ERR12321281","blaOXA-1",1
"ERR12142634","blaOXA-1",1
"ERR12067314","blaOXA-1",1
"ERR12321282","blaOXA-1",1
"ERR12080226","blaOXA-1",0
"ERR12321283","blaOXA-1",1
"ERR6753111","blaOXA-1",1
"ERR6806796","blaOXA-1",1
"ERR6806789","blaOXA-1",1
"ERR9971918","blaOXA-1",1
"ERR7197741","blaOXA-1",1
"ERR5751808","blaOXA-1",1
"ERR10438737","blaOXA-1",0
"CLL6CH","blaOXA-1",1
"CAARE3","blaOXA-1",1
"CAAQXB","blaOXA-1",1
"CAAR9T","blaOXA-1",1
"CAAQUT","blaOXA-1",1
"CNSFP4","blaOXA-1",1
"CNSDXZ","blaOXA-1",1
"CAAP2A","blaOXA-1",1
"44341_3_268","blaOXA-1",1
"44341_3_280","blaOXA-1",1
"44341_3_262","blaOXA-1",1
"44341_3_265","blaOXA-1",1
"44341_4_286","blaOXA-1",1
"CAAYDF","blaOXA-1",1
"CLL3JA","blaOXA-1",1
"ERR9941258","blaOXA-1",1
"CNSLL4","blaOXA-1",0
"CNSKFP","blaOXA-1",0
"CNSP0U","blaOXA-10",1
"ERR9929342","blaOXA-10",1
"ERR9966382","blaOXA-10",1
"CNS6QU","blaOXA-10",1
"CNS7YP","blaOXA-10",1
"BKRRIF","blaOXA-10",1
"44341_3_96","blaOXA-10",1
"44341_3_21","blaOXA-10",1
"CIV13VE5","blaOXA-10",1
"CIU149H1","blaOXA-10",1
"CIV146E8","blaOXA-10",1
"CIU13XS1","blaOXA-10",1
"CIV140E6","blaOXA-10",1
"CIV140E1","blaOXA-10",1
"CIT15GH1","blaOXA-10",1
"CIV13XE5","blaOXA-10",1
"CIV13YE6","blaOXA-10",1
"CIS15MR1","blaOXA-10",1
"CIV13UE4","blaOXA-10",1
"CAAXQV","blaOXA-10",1
"CIV140E7","blaOXA-10",1
"CIS15HB1","blaOXA-10",1
"CIV13RE2","blaOXA-10",1
"CIT15GS1","blaOXA-10",1
"CIV142E6","blaOXA-10",1
"44341_4_275","blaOXA-10",1
"44341_3_310","blaOXA-10",1
"CIU145B1","blaOXA-10",1
"CIV143E2","blaOXA-10",1
"CIT15FH1","blaOXA-10",1
"CIV147E3","blaOXA-10",1
"CIT15EB1","blaOXA-10",1
"CIV13PE7","blaOXA-10",1
"CIV13XE8","blaOXA-10",1
"44341_3_304","blaOXA-10",1
"44341_3_305","blaOXA-10",1
"44341_3_281","blaOXA-10",1
"44341_3_136","blaOXA-10",1
"44341_3_128","blaOXA-10",1
"44341_3_131","blaOXA-10",1
"CIT159B1","blaOXA-10",1
"CIS153C1","blaOXA-10",1
"CIV13XE2","blaOXA-10",1
"CIT15FB1","blaOXA-10",1
"CIV13XU1","blaOXA-10",1
"CIV143U1","blaOXA-10",1
"CIV143E9","blaOXA-10",1
"CNS1F3","blaOXA-10",1
"CAAYSI","blaOXA-10",1
"CIV141E6","blaOXA-10",1
"CIV140U1","blaOXA-10",1
"CIV140E4","blaOXA-10",1
"CIV143E4","blaOXA-10",1
"CIV144E6","blaOXA-10",1
"CIV13YE8","blaOXA-10",1
"CIV144U1","blaOXA-10",1
"BKRMVD","blaOXA-10",1
"CAAXBN","blaOXA-10",1
"44341_3_165","blaOXA-10",1
"ERR10113269","blaOXA-10",0
"ERR6752971","blaOXA-10",1
"ERR5751227","blaOXA-10",1
"ERR12142619","blaOXA-10",1
"ERR9976609","blaOXA-10",1
"ERR11219800","blaOXA-10",1
"ERR9079830","blaOXA-10",1
"ERR10880116","blaOXA-10",1
"ERR5751304","blaOXA-10",0
"ERR6806714","blaOXA-10",1
"ERR11872767","blaOXA-10",1
"ERR10176869","blaOXA-10",1
"ERR10880230","blaOXA-10",1
"ERR11453719","blaOXA-10",1
"ERR10880157","blaOXA-10",1
"ERR6752889","blaOXA-10",1
"ERR9288143","blaOXA-10",1
"ERR6806632","blaOXA-10",1
"ERR9288082","blaOXA-10",1
"ERR6806600","blaOXA-10",1
"ERR9420153","blaOXA-10",1
"ERR10117717","blaOXA-10",1
"ERR10109274","blaOXA-10",1
"ERR10880183","blaOXA-10",1
"ERR10880311","blaOXA-10",1
"ERR11420238","blaOXA-10",1
"ERR11437918","blaOXA-10",1
"ERR11807709","blaOXA-10",1
"ERR12146144","blaOXA-10",1
"ERR10109277","blaOXA-10",1
"ERR10087013","blaOXA-10",1
"ERR11219811","blaOXA-10",1
"ERR9966386","blaOXA-10",1
"ERR12259395","blaOXA-10",1
"ERR12091513","blaOXA-10",1
"ERR10125140","blaOXA-10",1
"ERR10949303","blaOXA-10",1
"ERR11810274","blaOXA-10",1
"ERR9785512","blaOXA-10",1
"ERR10176866","blaOXA-10",1
"ERR10460687","blaOXA-10",1
"ERR12078573","blaOXA-10",1
"ERR12165616","blaOXA-10",1
"ERR10880377","blaOXA-10",1
"ERR10460887","blaOXA-10",1
"ERR10880335","blaOXA-10",1
"ERR10880156","blaOXA-10",1
"ERR10088105","blaOXA-10",1
"ERR12321284","blaOXA-10",1
"ERR9966388","blaOXA-10",1
"ERR12495485","blaOXA-10",1
"ERR12312692","blaOXA-10",1
"ERR12312689","blaOXA-10",1
"ERR12312688","blaOXA-10",1
"ERR11201827","blaOXA-10",1
"ERR10088101","blaOXA-10",1
"ERR10880181","blaOXA-10",1
"ERR9820422","blaOXA-10",1
"ERR9785510","blaOXA-10",1
"ERR11807704","blaOXA-10",1
"ERR10109276","blaOXA-10",1
"ERR9966389","blaOXA-10",1
"ERR9785509","blaOXA-10",1
"ERR10087012","blaOXA-10",1
"ERR10460483","blaOXA-10",0
"ERR9785511","blaOXA-10",0
"ERR9079768","blaOXA-10",1
"ERR9822149","blaOXA-10",1
"ERR9822145","blaOXA-10",1
"ERR9822146","blaOXA-10",1
"ERR10176872","blaOXA-10",1
"ERR10460765","blaOXA-10",1
"ERR10109275","blaOXA-10",1
"ERR9966390","blaOXA-10",1
"ERR10123168","blaOXA-10",1
"ERR10123167","blaOXA-10",1
"ERR9966387","blaOXA-10",1
"ERR10949310","blaOXA-10",1
"ERR10460875","blaOXA-10",1
"ERR10109255","blaOXA-10",1
"ERR9822151","blaOXA-10",1
"ERR10088102","blaOXA-10",1
"ERR10088104","blaOXA-10",1
"ERR10026000","blaOXA-10",1
"ERR9822144","blaOXA-10",1
"ERR11896635","blaOXA-10",1
"ERR12552381","blaOXA-10",1
"ERR12552377","blaOXA-10",1
"ERR9079508","blaOXA-10",1
"ERR7197757","blaOXA-10",1
"ERR6806028","blaOXA-10",1
"ERR11455881","blaOXA-10",1
"ERR4451478","blaOXA-10",1
"ERR10880424","blaOXA-10",1
"ERR12067334","blaOXA-10",1
"ERR12302226","blaOXA-10",1
"ERR12552384","blaOXA-10",1
"ERR10123158","blaOXA-10",1
"ERR5751308","blaOXA-10",1
"ERR4399358","blaOXA-10",1
"ERR4399957","blaOXA-10",1
"ERR4399362","blaOXA-10",1
"SRR13833609","blaOXA-10",0
"ERR6806726","blaOXA-10",0
"ERR10460902","blaOXA-10",0
"ERR10460856","blaOXA-10",0
"ERR6806075","blaOXA-10",0
"ERR10176870","blaOXA-10",0
"ERR12078572","blaOXA-10",1
"ERR11747320","blaOXA-10",1
"ERR12495482","blaOXA-10",1
"ERR9924209","blaOXA-10",1
"ERR5751726","blaOXA-10",0
"ERR6806512","blaOXA-10",1
"ERR6806317","blaOXA-10",0
"ERR12067371","blaOXA-10",1
"ERR6806125","blaOXA-10",1
"ERR5751296","blaOXA-10",1
"ERR4451427","blaOXA-10",1
"SRR9273829","blaOXA-10",1
"ERR6752863","blaOXA-10",0
"ERR12321280","blaOXA-10",1
"ERR9692774","blaOXA-10",1
"ERR6805998","blaOXA-10",1
"ERR6806833","blaOXA-10",1
"ERR6806749","blaOXA-10",1
"ERR6806776","blaOXA-10",1
"ERR5750995","blaOXA-10",1
"ERR6806255","blaOXA-10",1
"ERR6805990","blaOXA-10",1
"ERR11747325","blaOXA-10",1
"ERR11502778","blaOXA-10",1
"ERR7197834","blaOXA-10",1
"ERR9079758","blaOXA-10",0
"ERR12321281","blaOXA-10",1
"ERR12142634","blaOXA-10",1
"ERR12067314","blaOXA-10",1
"ERR12321282","blaOXA-10",1
"ERR12080226","blaOXA-10",0
"ERR12321283","blaOXA-10",1
"ERR6753111","blaOXA-10",1
"ERR6806796","blaOXA-10",1
"ERR6806789","blaOXA-10",1
"ERR9971918","blaOXA-10",1
"ERR7197741","blaOXA-10",0
"ERR5751808","blaOXA-10",0
"ERR10438737","blaOXA-10",1
"CLL6CH","blaOXA-10",1
"CAARE3","blaOXA-10",1
"CAAQXB","blaOXA-10",1
"CAAR9T","blaOXA-10",1
"CAAQUT","blaOXA-10",1
"CNSFP4","blaOXA-10",1
"CNSDXZ","blaOXA-10",1
"CAAP2A","blaOXA-10",1
"44341_3_268","blaOXA-10",1
"44341_3_280","blaOXA-10",1
"44341_3_262","blaOXA-10",1
"44341_3_265","blaOXA-10",1
"44341_4_286","blaOXA-10",1
"CAAYDF","blaOXA-10",1
"CLL3JA","blaOXA-10",1
"ERR9941258","blaOXA-10",1
"CNSLL4","blaOXA-10",1
"CNSKFP","blaOXA-10",1
"CNSP0U","catA1",0
"ERR9929342","catA1",0
"ERR9966382","catA1",0
"CNS6QU","catA1",0
"CNS7YP","catA1",0
"BKRRIF","catA1",0
"44341_3_96","catA1",0
"44341_3_21","catA1",0
"CIV13VE5","catA1",0
"CIU149H1","catA1",0
"CIV146E8","catA1",0
"CIU13XS1","catA1",0
"CIV140E6","catA1",0
"CIV140E1","catA1",0
"CIT15GH1","catA1",0
"CIV13XE5","catA1",0
"CIV13YE6","catA1",0
"CIS15MR1","catA1",0
"CIV13UE4","catA1",0
"CAAXQV","catA1",0
"CIV140E7","catA1",0
"CIS15HB1","catA1",0
"CIV13RE2","catA1",0
"CIT15GS1","catA1",0
"CIV142E6","catA1",0
"44341_4_275","catA1",0
"44341_3_310","catA1",0
"CIU145B1","catA1",0
"CIV143E2","catA1",0
"CIT15FH1","catA1",0
"CIV147E3","catA1",0
"CIT15EB1","catA1",0
"CIV13PE7","catA1",0
"CIV13XE8","catA1",0
"44341_3_304","catA1",0
"44341_3_305","catA1",0
"44341_3_281","catA1",0
"44341_3_136","catA1",0
"44341_3_128","catA1",0
"44341_3_131","catA1",0
"CIT159B1","catA1",0
"CIS153C1","catA1",0
"CIV13XE2","catA1",0
"CIT15FB1","catA1",0
"CIV13XU1","catA1",0
"CIV143U1","catA1",0
"CIV143E9","catA1",0
"CNS1F3","catA1",0
"CAAYSI","catA1",0
"CIV141E6","catA1",0
"CIV140U1","catA1",0
"CIV140E4","catA1",0
"CIV143E4","catA1",0
"CIV144E6","catA1",0
"CIV13YE8","catA1",0
"CIV144U1","catA1",0
"BKRMVD","catA1",0
"CAAXBN","catA1",0
"44341_3_165","catA1",0
"ERR10113269","catA1",0
"ERR6752971","catA1",0
"ERR5751227","catA1",0
"ERR12142619","catA1",0
"ERR9976609","catA1",0
"ERR11219800","catA1",0
"ERR9079830","catA1",0
"ERR10880116","catA1",0
"ERR5751304","catA1",0
"ERR6806714","catA1",0
"ERR11872767","catA1",1
"ERR10176869","catA1",1
"ERR10880230","catA1",1
"ERR11453719","catA1",1
"ERR10880157","catA1",1
"ERR6752889","catA1",1
"ERR9288143","catA1",1
"ERR6806632","catA1",0
"ERR9288082","catA1",0
"ERR6806600","catA1",0
"ERR9420153","catA1",0
"ERR10117717","catA1",0
"ERR10109274","catA1",0
"ERR10880183","catA1",0
"ERR10880311","catA1",0
"ERR11420238","catA1",0
"ERR11437918","catA1",0
"ERR11807709","catA1",0
"ERR12146144","catA1",0
"ERR10109277","catA1",0
"ERR10087013","catA1",0
"ERR11219811","catA1",0
"ERR9966386","catA1",0
"ERR12259395","catA1",0
"ERR12091513","catA1",0
"ERR10125140","catA1",0
"ERR10949303","catA1",0
"ERR11810274","catA1",0
"ERR9785512","catA1",0
"ERR10176866","catA1",0
"ERR10460687","catA1",0
"ERR12078573","catA1",0
"ERR12165616","catA1",0
"ERR10880377","catA1",0
"ERR10460887","catA1",0
"ERR10880335","catA1",0
"ERR10880156","catA1",0
"ERR10088105","catA1",0
"ERR12321284","catA1",0
"ERR9966388","catA1",0
"ERR12495485","catA1",0
"ERR12312692","catA1",0
"ERR12312689","catA1",0
"ERR12312688","catA1",0
"ERR11201827","catA1",0
"ERR10088101","catA1",0
"ERR10880181","catA1",0
"ERR9820422","catA1",0
"ERR9785510","catA1",0
"ERR11807704","catA1",0
"ERR10109276","catA1",0
"ERR9966389","catA1",0
"ERR9785509","catA1",0
"ERR10087012","catA1",0
"ERR10460483","catA1",0
"ERR9785511","catA1",0
"ERR9079768","catA1",0
"ERR9822149","catA1",0
"ERR9822145","catA1",0
"ERR9822146","catA1",0
"ERR10176872","catA1",0
"ERR10460765","catA1",0
"ERR10109275","catA1",0
"ERR9966390","catA1",0
"ERR10123168","catA1",0
"ERR10123167","catA1",0
"ERR9966387","catA1",0
"ERR10949310","catA1",0
"ERR10460875","catA1",0
"ERR10109255","catA1",0
"ERR9822151","catA1",0
"ERR10088102","catA1",0
"ERR10088104","catA1",0
"ERR10026000","catA1",0
"ERR9822144","catA1",0
"ERR11896635","catA1",0
"ERR12552381","catA1",0
"ERR12552377","catA1",0
"ERR9079508","catA1",0
"ERR7197757","catA1",0
"ERR6806028","catA1",0
"ERR11455881","catA1",0
"ERR4451478","catA1",0
"ERR10880424","catA1",0
"ERR12067334","catA1",0
"ERR12302226","catA1",0
"ERR12552384","catA1",0
"ERR10123158","catA1",0
"ERR5751308","catA1",0
"ERR4399358","catA1",0
"ERR4399957","catA1",0
"ERR4399362","catA1",0
"SRR13833609","catA1",0
"ERR6806726","catA1",0
"ERR10460902","catA1",0
"ERR10460856","catA1",0
"ERR6806075","catA1",0
"ERR10176870","catA1",0
"ERR12078572","catA1",0
"ERR11747320","catA1",0
"ERR12495482","catA1",0
"ERR9924209","catA1",0
"ERR5751726","catA1",0
"ERR6806512","catA1",0
"ERR6806317","catA1",1
"ERR12067371","catA1",1
"ERR6806125","catA1",0
"ERR5751296","catA1",0
"ERR4451427","catA1",0
"SRR9273829","catA1",0
"ERR6752863","catA1",0
"ERR12321280","catA1",0
"ERR9692774","catA1",0
"ERR6805998","catA1",0
"ERR6806833","catA1",0
"ERR6806749","catA1",0
"ERR6806776","catA1",0
"ERR5750995","catA1",0
"ERR6806255","catA1",0
"ERR6805990","catA1",0
"ERR11747325","catA1",0
"ERR11502778","catA1",0
"ERR7197834","catA1",0
"ERR9079758","catA1",0
"ERR12321281","catA1",0
"ERR12142634","catA1",0
"ERR12067314","catA1",0
"ERR12321282","catA1",0
"ERR12080226","catA1",0
"ERR12321283","catA1",0
"ERR6753111","catA1",0
"ERR6806796","catA1",0
"ERR6806789","catA1",0
"ERR9971918","catA1",0
"ERR7197741","catA1",0
"ERR5751808","catA1",0
"ERR10438737","catA1",0
"CLL6CH","catA1",0
"CAARE3","catA1",0
"CAAQXB","catA1",0
"CAAR9T","catA1",0
"CAAQUT","catA1",0
"CNSFP4","catA1",0
"CNSDXZ","catA1",0
"CAAP2A","catA1",0
"44341_3_268","catA1",0
"44341_3_280","catA1",0
"44341_3_262","catA1",0
"44341_3_265","catA1",0
"44341_4_286","catA1",0
"CAAYDF","catA1",0
"CLL3JA","catA1",0
"ERR9941258","catA1",0
"CNSLL4","catA1",0
"CNSKFP","catA1",0
"CNSP0U","cmlA5",1
"ERR9929342","cmlA5",1
"ERR9966382","cmlA5",1
"CNS6QU","cmlA5",1
"CNS7YP","cmlA5",1
"BKRRIF","cmlA5",1
"44341_3_96","cmlA5",1
"44341_3_21","cmlA5",1
"CIV13VE5","cmlA5",1
"CIU149H1","cmlA5",1
"CIV146E8","cmlA5",1
"CIU13XS1","cmlA5",1
"CIV140E6","cmlA5",1
"CIV140E1","cmlA5",1
"CIT15GH1","cmlA5",1
"CIV13XE5","cmlA5",1
"CIV13YE6","cmlA5",1
"CIS15MR1","cmlA5",1
"CIV13UE4","cmlA5",1
"CAAXQV","cmlA5",1
"CIV140E7","cmlA5",1
"CIS15HB1","cmlA5",1
"CIV13RE2","cmlA5",1
"CIT15GS1","cmlA5",1
"CIV142E6","cmlA5",1
"44341_4_275","cmlA5",1
"44341_3_310","cmlA5",1
"CIU145B1","cmlA5",1
"CIV143E2","cmlA5",1
"CIT15FH1","cmlA5",1
"CIV147E3","cmlA5",1
"CIT15EB1","cmlA5",1
"CIV13PE7","cmlA5",1
"CIV13XE8","cmlA5",1
"44341_3_304","cmlA5",1
"44341_3_305","cmlA5",1
"44341_3_281","cmlA5",1
"44341_3_136","cmlA5",1
"44341_3_128","cmlA5",1
"44341_3_131","cmlA5",1
"CIT159B1","cmlA5",1
"CIS153C1","cmlA5",1
"CIV13XE2","cmlA5",1
"CIT15FB1","cmlA5",1
"CIV13XU1","cmlA5",1
"CIV143U1","cmlA5",1
"CIV143E9","cmlA5",1
"CNS1F3","cmlA5",1
"CAAYSI","cmlA5",1
"CIV141E6","cmlA5",1
"CIV140U1","cmlA5",1
"CIV140E4","cmlA5",1
"CIV143E4","cmlA5",1
"CIV144E6","cmlA5",1
"CIV13YE8","cmlA5",1
"CIV144U1","cmlA5",1
"BKRMVD","cmlA5",1
"CAAXBN","cmlA5",1
"44341_3_165","cmlA5",1
"ERR10113269","cmlA5",0
"ERR6752971","cmlA5",1
"ERR5751227","cmlA5",1
"ERR12142619","cmlA5",1
"ERR9976609","cmlA5",1
"ERR11219800","cmlA5",1
"ERR9079830","cmlA5",1
"ERR10880116","cmlA5",1
"ERR5751304","cmlA5",0
"ERR6806714","cmlA5",1
"ERR11872767","cmlA5",1
"ERR10176869","cmlA5",1
"ERR10880230","cmlA5",1
"ERR11453719","cmlA5",1
"ERR10880157","cmlA5",1
"ERR6752889","cmlA5",1
"ERR9288143","cmlA5",1
"ERR6806632","cmlA5",1
"ERR9288082","cmlA5",1
"ERR6806600","cmlA5",1
"ERR9420153","cmlA5",1
"ERR10117717","cmlA5",1
"ERR10109274","cmlA5",1
"ERR10880183","cmlA5",1
"ERR10880311","cmlA5",1
"ERR11420238","cmlA5",1
"ERR11437918","cmlA5",1
"ERR11807709","cmlA5",1
"ERR12146144","cmlA5",1
"ERR10109277","cmlA5",1
"ERR10087013","cmlA5",1
"ERR11219811","cmlA5",1
"ERR9966386","cmlA5",1
"ERR12259395","cmlA5",1
"ERR12091513","cmlA5",1
"ERR10125140","cmlA5",1
"ERR10949303","cmlA5",1
"ERR11810274","cmlA5",1
"ERR9785512","cmlA5",1
"ERR10176866","cmlA5",1
"ERR10460687","cmlA5",1
"ERR12078573","cmlA5",1
"ERR12165616","cmlA5",1
"ERR10880377","cmlA5",1
"ERR10460887","cmlA5",1
"ERR10880335","cmlA5",1
"ERR10880156","cmlA5",1
"ERR10088105","cmlA5",1
"ERR12321284","cmlA5",1
"ERR9966388","cmlA5",1
"ERR12495485","cmlA5",1
"ERR12312692","cmlA5",1
"ERR12312689","cmlA5",1
"ERR12312688","cmlA5",1
"ERR11201827","cmlA5",1
"ERR10088101","cmlA5",1
"ERR10880181","cmlA5",1
"ERR9820422","cmlA5",1
"ERR9785510","cmlA5",1
"ERR11807704","cmlA5",1
"ERR10109276","cmlA5",1
"ERR9966389","cmlA5",1
"ERR9785509","cmlA5",1
"ERR10087012","cmlA5",1
"ERR10460483","cmlA5",0
"ERR9785511","cmlA5",0
"ERR9079768","cmlA5",1
"ERR9822149","cmlA5",1
"ERR9822145","cmlA5",1
"ERR9822146","cmlA5",1
"ERR10176872","cmlA5",1
"ERR10460765","cmlA5",1
"ERR10109275","cmlA5",1
"ERR9966390","cmlA5",1
"ERR10123168","cmlA5",1
"ERR10123167","cmlA5",1
"ERR9966387","cmlA5",1
"ERR10949310","cmlA5",1
"ERR10460875","cmlA5",1
"ERR10109255","cmlA5",1
"ERR9822151","cmlA5",1
"ERR10088102","cmlA5",1
"ERR10088104","cmlA5",1
"ERR10026000","cmlA5",1
"ERR9822144","cmlA5",1
"ERR11896635","cmlA5",1
"ERR12552381","cmlA5",1
"ERR12552377","cmlA5",1
"ERR9079508","cmlA5",1
"ERR7197757","cmlA5",1
"ERR6806028","cmlA5",1
"ERR11455881","cmlA5",1
"ERR4451478","cmlA5",1
"ERR10880424","cmlA5",1
"ERR12067334","cmlA5",1
"ERR12302226","cmlA5",1
"ERR12552384","cmlA5",1
"ERR10123158","cmlA5",1
"ERR5751308","cmlA5",1
"ERR4399358","cmlA5",1
"ERR4399957","cmlA5",1
"ERR4399362","cmlA5",1
"SRR13833609","cmlA5",0
"ERR6806726","cmlA5",0
"ERR10460902","cmlA5",0
"ERR10460856","cmlA5",0
"ERR6806075","cmlA5",0
"ERR10176870","cmlA5",0
"ERR12078572","cmlA5",1
"ERR11747320","cmlA5",1
"ERR12495482","cmlA5",1
"ERR9924209","cmlA5",1
"ERR5751726","cmlA5",0
"ERR6806512","cmlA5",1
"ERR6806317","cmlA5",0
"ERR12067371","cmlA5",1
"ERR6806125","cmlA5",1
"ERR5751296","cmlA5",1
"ERR4451427","cmlA5",1
"SRR9273829","cmlA5",1
"ERR6752863","cmlA5",0
"ERR12321280","cmlA5",1
"ERR9692774","cmlA5",1
"ERR6805998","cmlA5",1
"ERR6806833","cmlA5",1
"ERR6806749","cmlA5",1
"ERR6806776","cmlA5",1
"ERR5750995","cmlA5",1
"ERR6806255","cmlA5",1
"ERR6805990","cmlA5",1
"ERR11747325","cmlA5",1
"ERR11502778","cmlA5",1
"ERR7197834","cmlA5",1
"ERR9079758","cmlA5",0
"ERR12321281","cmlA5",1
"ERR12142634","cmlA5",1
"ERR12067314","cmlA5",1
"ERR12321282","cmlA5",1
"ERR12080226","cmlA5",0
"ERR12321283","cmlA5",1
"ERR6753111","cmlA5",1
"ERR6806796","cmlA5",1
"ERR6806789","cmlA5",1
"ERR9971918","cmlA5",1
"ERR7197741","cmlA5",0
"ERR5751808","cmlA5",0
"ERR10438737","cmlA5",1
"CLL6CH","cmlA5",1
"CAARE3","cmlA5",1
"CAAQXB","cmlA5",1
"CAAR9T","cmlA5",1
"CAAQUT","cmlA5",1
"CNSFP4","cmlA5",1
"CNSDXZ","cmlA5",1
"CAAP2A","cmlA5",1
"44341_3_268","cmlA5",1
"44341_3_280","cmlA5",1
"44341_3_262","cmlA5",1
"44341_3_265","cmlA5",1
"44341_4_286","cmlA5",1
"CAAYDF","cmlA5",1
"CLL3JA","cmlA5",1
"ERR9941258","cmlA5",1
"CNSLL4","cmlA5",1
"CNSKFP","cmlA5",1
"CNSP0U","floR",1
"ERR9929342","floR",1
"ERR9966382","floR",1
"CNS6QU","floR",1
"CNS7YP","floR",1
"BKRRIF","floR",1
"44341_3_96","floR",1
"44341_3_21","floR",1
"CIV13VE5","floR",1
"CIU149H1","floR",1
"CIV146E8","floR",1
"CIU13XS1","floR",1
"CIV140E6","floR",1
"CIV140E1","floR",1
"CIT15GH1","floR",1
"CIV13XE5","floR",1
"CIV13YE6","floR",1
"CIS15MR1","floR",1
"CIV13UE4","floR",1
"CAAXQV","floR",1
"CIV140E7","floR",1
"CIS15HB1","floR",1
"CIV13RE2","floR",1
"CIT15GS1","floR",1
"CIV142E6","floR",1
"44341_4_275","floR",1
"44341_3_310","floR",1
"CIU145B1","floR",1
"CIV143E2","floR",1
"CIT15FH1","floR",1
"CIV147E3","floR",1
"CIT15EB1","floR",1
"CIV13PE7","floR",1
"CIV13XE8","floR",1
"44341_3_304","floR",1
"44341_3_305","floR",1
"44341_3_281","floR",1
"44341_3_136","floR",1
"44341_3_128","floR",1
"44341_3_131","floR",1
"CIT159B1","floR",1
"CIS153C1","floR",1
"CIV13XE2","floR",1
"CIT15FB1","floR",1
"CIV13XU1","floR",1
"CIV143U1","floR",1
"CIV143E9","floR",1
"CNS1F3","floR",1
"CAAYSI","floR",1
"CIV141E6","floR",1
"CIV140U1","floR",1
"CIV140E4","floR",1
"CIV143E4","floR",1
"CIV144E6","floR",1
"CIV13YE8","floR",1
"CIV144U1","floR",1
"BKRMVD","floR",1
"CAAXBN","floR",1
"44341_3_165","floR",1
"ERR10113269","floR",1
"ERR6752971","floR",1
"ERR5751227","floR",1
"ERR12142619","floR",1
"ERR9976609","floR",1
"ERR11219800","floR",1
"ERR9079830","floR",1
"ERR10880116","floR",0
"ERR5751304","floR",1
"ERR6806714","floR",1
"ERR11872767","floR",1
"ERR10176869","floR",1
"ERR10880230","floR",1
"ERR11453719","floR",1
"ERR10880157","floR",1
"ERR6752889","floR",1
"ERR9288143","floR",1
"ERR6806632","floR",0
"ERR9288082","floR",0
"ERR6806600","floR",0
"ERR9420153","floR",0
"ERR10117717","floR",0
"ERR10109274","floR",0
"ERR10880183","floR",0
"ERR10880311","floR",0
"ERR11420238","floR",0
"ERR11437918","floR",0
"ERR11807709","floR",0
"ERR12146144","floR",0
"ERR10109277","floR",0
"ERR10087013","floR",0
"ERR11219811","floR",0
"ERR9966386","floR",0
"ERR12259395","floR",0
"ERR12091513","floR",0
"ERR10125140","floR",0
"ERR10949303","floR",0
"ERR11810274","floR",0
"ERR9785512","floR",0
"ERR10176866","floR",0
"ERR10460687","floR",0
"ERR12078573","floR",0
"ERR12165616","floR",0
"ERR10880377","floR",0
"ERR10460887","floR",0
"ERR10880335","floR",0
"ERR10880156","floR",0
"ERR10088105","floR",0
"ERR12321284","floR",0
"ERR9966388","floR",0
"ERR12495485","floR",0
"ERR12312692","floR",0
"ERR12312689","floR",0
"ERR12312688","floR",0
"ERR11201827","floR",0
"ERR10088101","floR",0
"ERR10880181","floR",0
"ERR9820422","floR",0
"ERR9785510","floR",0
"ERR11807704","floR",0
"ERR10109276","floR",0
"ERR9966389","floR",0
"ERR9785509","floR",0
"ERR10087012","floR",0
"ERR10460483","floR",0
"ERR9785511","floR",0
"ERR9079768","floR",0
"ERR9822149","floR",0
"ERR9822145","floR",0
"ERR9822146","floR",0
"ERR10176872","floR",0
"ERR10460765","floR",0
"ERR10109275","floR",0
"ERR9966390","floR",0
"ERR10123168","floR",0
"ERR10123167","floR",0
"ERR9966387","floR",0
"ERR10949310","floR",0
"ERR10460875","floR",0
"ERR10109255","floR",0
"ERR9822151","floR",0
"ERR10088102","floR",0
"ERR10088104","floR",0
"ERR10026000","floR",0
"ERR9822144","floR",0
"ERR11896635","floR",0
"ERR12552381","floR",0
"ERR12552377","floR",0
"ERR9079508","floR",0
"ERR7197757","floR",0
"ERR6806028","floR",0
"ERR11455881","floR",0
"ERR4451478","floR",0
"ERR10880424","floR",0
"ERR12067334","floR",0
"ERR12302226","floR",0
"ERR12552384","floR",0
"ERR10123158","floR",0
"ERR5751308","floR",1
"ERR4399358","floR",1
"ERR4399957","floR",1
"ERR4399362","floR",1
"SRR13833609","floR",0
"ERR6806726","floR",0
"ERR10460902","floR",0
"ERR10460856","floR",0
"ERR6806075","floR",0
"ERR10176870","floR",0
"ERR12078572","floR",0
"ERR11747320","floR",0
"ERR12495482","floR",0
"ERR9924209","floR",0
"ERR5751726","floR",0
"ERR6806512","floR",0
"ERR6806317","floR",1
"ERR12067371","floR",1
"ERR6806125","floR",1
"ERR5751296","floR",1
"ERR4451427","floR",1
"SRR9273829","floR",1
"ERR6752863","floR",1
"ERR12321280","floR",1
"ERR9692774","floR",1
"ERR6805998","floR",1
"ERR6806833","floR",1
"ERR6806749","floR",1
"ERR6806776","floR",1
"ERR5750995","floR",1
"ERR6806255","floR",1
"ERR6805990","floR",1
"ERR11747325","floR",1
"ERR11502778","floR",1
"ERR7197834","floR",1
"ERR9079758","floR",1
"ERR12321281","floR",1
"ERR12142634","floR",1
"ERR12067314","floR",1
"ERR12321282","floR",1
"ERR12080226","floR",1
"ERR12321283","floR",1
"ERR6753111","floR",1
"ERR6806796","floR",1
"ERR6806789","floR",1
"ERR9971918","floR",1
"ERR7197741","floR",1
"ERR5751808","floR",1
"ERR10438737","floR",1
"CLL6CH","floR",1
"CAARE3","floR",0
"CAAQXB","floR",0
"CAAR9T","floR",0
"CAAQUT","floR",0
"CNSFP4","floR",1
"CNSDXZ","floR",1
"CAAP2A","floR",1
"44341_3_268","floR",1
"44341_3_280","floR",1
"44341_3_262","floR",1
"44341_3_265","floR",1
"44341_4_286","floR",1
"CAAYDF","floR",1
"CLL3JA","floR",1
"ERR9941258","floR",1
"CNSLL4","floR",1
"CNSKFP","floR",1
"CNSP0U","dfrA1",0
"ERR9929342","dfrA1",0
"ERR9966382","dfrA1",0
"CNS6QU","dfrA1",0
"CNS7YP","dfrA1",0
"BKRRIF","dfrA1",0
"44341_3_96","dfrA1",0
"44341_3_21","dfrA1",0
"CIV13VE5","dfrA1",0
"CIU149H1","dfrA1",0
"CIV146E8","dfrA1",0
"CIU13XS1","dfrA1",0
"CIV140E6","dfrA1",0
"CIV140E1","dfrA1",0
"CIT15GH1","dfrA1",0
"CIV13XE5","dfrA1",0
"CIV13YE6","dfrA1",0
"CIS15MR1","dfrA1",0
"CIV13UE4","dfrA1",0
"CAAXQV","dfrA1",0
"CIV140E7","dfrA1",0
"CIS15HB1","dfrA1",0
"CIV13RE2","dfrA1",0
"CIT15GS1","dfrA1",0
"CIV142E6","dfrA1",0
"44341_4_275","dfrA1",0
"44341_3_310","dfrA1",0
"CIU145B1","dfrA1",0
"CIV143E2","dfrA1",0
"CIT15FH1","dfrA1",0
"CIV147E3","dfrA1",0
"CIT15EB1","dfrA1",0
"CIV13PE7","dfrA1",0
"CIV13XE8","dfrA1",0
"44341_3_304","dfrA1",0
"44341_3_305","dfrA1",0
"44341_3_281","dfrA1",0
"44341_3_136","dfrA1",0
"44341_3_128","dfrA1",0
"44341_3_131","dfrA1",0
"CIT159B1","dfrA1",0
"CIS153C1","dfrA1",0
"CIV13XE2","dfrA1",0
"CIT15FB1","dfrA1",0
"CIV13XU1","dfrA1",0
"CIV143U1","dfrA1",0
"CIV143E9","dfrA1",0
"CNS1F3","dfrA1",0
"CAAYSI","dfrA1",0
"CIV141E6","dfrA1",0
"CIV140U1","dfrA1",0
"CIV140E4","dfrA1",0
"CIV143E4","dfrA1",0
"CIV144E6","dfrA1",0
"CIV13YE8","dfrA1",0
"CIV144U1","dfrA1",0
"BKRMVD","dfrA1",0
"CAAXBN","dfrA1",0
"44341_3_165","dfrA1",0
"ERR10113269","dfrA1",0
"ERR6752971","dfrA1",0
"ERR5751227","dfrA1",0
"ERR12142619","dfrA1",0
"ERR9976609","dfrA1",0
"ERR11219800","dfrA1",0
"ERR9079830","dfrA1",0
"ERR10880116","dfrA1",0
"ERR5751304","dfrA1",0
"ERR6806714","dfrA1",0
"ERR11872767","dfrA1",0
"ERR10176869","dfrA1",0
"ERR10880230","dfrA1",0
"ERR11453719","dfrA1",0
"ERR10880157","dfrA1",0
"ERR6752889","dfrA1",0
"ERR9288143","dfrA1",0
"ERR6806632","dfrA1",0
"ERR9288082","dfrA1",0
"ERR6806600","dfrA1",0
"ERR9420153","dfrA1",0
"ERR10117717","dfrA1",0
"ERR10109274","dfrA1",0
"ERR10880183","dfrA1",0
"ERR10880311","dfrA1",0
"ERR11420238","dfrA1",0
"ERR11437918","dfrA1",0
"ERR11807709","dfrA1",0
"ERR12146144","dfrA1",0
"ERR10109277","dfrA1",0
"ERR10087013","dfrA1",0
"ERR11219811","dfrA1",0
"ERR9966386","dfrA1",0
"ERR12259395","dfrA1",0
"ERR12091513","dfrA1",0
"ERR10125140","dfrA1",0
"ERR10949303","dfrA1",0
"ERR11810274","dfrA1",0
"ERR9785512","dfrA1",0
"ERR10176866","dfrA1",0
"ERR10460687","dfrA1",0
"ERR12078573","dfrA1",0
"ERR12165616","dfrA1",0
"ERR10880377","dfrA1",0
"ERR10460887","dfrA1",0
"ERR10880335","dfrA1",0
"ERR10880156","dfrA1",0
"ERR10088105","dfrA1",0
"ERR12321284","dfrA1",0
"ERR9966388","dfrA1",0
"ERR12495485","dfrA1",0
"ERR12312692","dfrA1",0
"ERR12312689","dfrA1",0
"ERR12312688","dfrA1",0
"ERR11201827","dfrA1",0
"ERR10088101","dfrA1",0
"ERR10880181","dfrA1",0
"ERR9820422","dfrA1",0
"ERR9785510","dfrA1",0
"ERR11807704","dfrA1",0
"ERR10109276","dfrA1",0
"ERR9966389","dfrA1",0
"ERR9785509","dfrA1",0
"ERR10087012","dfrA1",0
"ERR10460483","dfrA1",0
"ERR9785511","dfrA1",0
"ERR9079768","dfrA1",0
"ERR9822149","dfrA1",0
"ERR9822145","dfrA1",0
"ERR9822146","dfrA1",0
"ERR10176872","dfrA1",0
"ERR10460765","dfrA1",0
"ERR10109275","dfrA1",0
"ERR9966390","dfrA1",0
"ERR10123168","dfrA1",0
"ERR10123167","dfrA1",0
"ERR9966387","dfrA1",0
"ERR10949310","dfrA1",0
"ERR10460875","dfrA1",0
"ERR10109255","dfrA1",0
"ERR9822151","dfrA1",0
"ERR10088102","dfrA1",0
"ERR10088104","dfrA1",0
"ERR10026000","dfrA1",0
"ERR9822144","dfrA1",0
"ERR11896635","dfrA1",0
"ERR12552381","dfrA1",0
"ERR12552377","dfrA1",0
"ERR9079508","dfrA1",0
"ERR7197757","dfrA1",0
"ERR6806028","dfrA1",0
"ERR11455881","dfrA1",0
"ERR4451478","dfrA1",0
"ERR10880424","dfrA1",0
"ERR12067334","dfrA1",0
"ERR12302226","dfrA1",0
"ERR12552384","dfrA1",0
"ERR10123158","dfrA1",0
"ERR5751308","dfrA1",0
"ERR4399358","dfrA1",0
"ERR4399957","dfrA1",0
"ERR4399362","dfrA1",0
"SRR13833609","dfrA1",0
"ERR6806726","dfrA1",0
"ERR10460902","dfrA1",0
"ERR10460856","dfrA1",0
"ERR6806075","dfrA1",0
"ERR10176870","dfrA1",0
"ERR12078572","dfrA1",0
"ERR11747320","dfrA1",0
"ERR12495482","dfrA1",0
"ERR9924209","dfrA1",0
"ERR5751726","dfrA1",0
"ERR6806512","dfrA1",0
"ERR6806317","dfrA1",0
"ERR12067371","dfrA1",0
"ERR6806125","dfrA1",0
"ERR5751296","dfrA1",0
"ERR4451427","dfrA1",0
"SRR9273829","dfrA1",0
"ERR6752863","dfrA1",0
"ERR12321280","dfrA1",0
"ERR9692774","dfrA1",0
"ERR6805998","dfrA1",0
"ERR6806833","dfrA1",0
"ERR6806749","dfrA1",0
"ERR6806776","dfrA1",0
"ERR5750995","dfrA1",0
"ERR6806255","dfrA1",0
"ERR6805990","dfrA1",0
"ERR11747325","dfrA1",0
"ERR11502778","dfrA1",0
"ERR7197834","dfrA1",0
"ERR9079758","dfrA1",0
"ERR12321281","dfrA1",0
"ERR12142634","dfrA1",0
"ERR12067314","dfrA1",0
"ERR12321282","dfrA1",0
"ERR12080226","dfrA1",0
"ERR12321283","dfrA1",0
"ERR6753111","dfrA1",0
"ERR6806796","dfrA1",0
"ERR6806789","dfrA1",0
"ERR9971918","dfrA1",0
"ERR7197741","dfrA1",0
"ERR5751808","dfrA1",0
"ERR10438737","dfrA1",0
"CLL6CH","dfrA1",0
"CAARE3","dfrA1",0
"CAAQXB","dfrA1",0
"CAAR9T","dfrA1",0
"CAAQUT","dfrA1",0
"CNSFP4","dfrA1",0
"CNSDXZ","dfrA1",0
"CAAP2A","dfrA1",0
"44341_3_268","dfrA1",0
"44341_3_280","dfrA1",0
"44341_3_262","dfrA1",0
"44341_3_265","dfrA1",0
"44341_4_286","dfrA1",0
"CAAYDF","dfrA1",0
"CLL3JA","dfrA1",0
"ERR9941258","dfrA1",0
"CNSLL4","dfrA1",0
"CNSKFP","dfrA1",0
"CNSP0U","dfrA12",0
"ERR9929342","dfrA12",0
"ERR9966382","dfrA12",0
"CNS6QU","dfrA12",0
"CNS7YP","dfrA12",0
"BKRRIF","dfrA12",0
"44341_3_96","dfrA12",0
"44341_3_21","dfrA12",0
"CIV13VE5","dfrA12",0
"CIU149H1","dfrA12",0
"CIV146E8","dfrA12",0
"CIU13XS1","dfrA12",0
"CIV140E6","dfrA12",0
"CIV140E1","dfrA12",0
"CIT15GH1","dfrA12",0
"CIV13XE5","dfrA12",0
"CIV13YE6","dfrA12",0
"CIS15MR1","dfrA12",0
"CIV13UE4","dfrA12",0
"CAAXQV","dfrA12",0
"CIV140E7","dfrA12",0
"CIS15HB1","dfrA12",0
"CIV13RE2","dfrA12",0
"CIT15GS1","dfrA12",0
"CIV142E6","dfrA12",0
"44341_4_275","dfrA12",0
"44341_3_310","dfrA12",0
"CIU145B1","dfrA12",0
"CIV143E2","dfrA12",0
"CIT15FH1","dfrA12",0
"CIV147E3","dfrA12",0
"CIT15EB1","dfrA12",0
"CIV13PE7","dfrA12",0
"CIV13XE8","dfrA12",0
"44341_3_304","dfrA12",0
"44341_3_305","dfrA12",0
"44341_3_281","dfrA12",0
"44341_3_136","dfrA12",0
"44341_3_128","dfrA12",0
"44341_3_131","dfrA12",0
"CIT159B1","dfrA12",0
"CIS153C1","dfrA12",0
"CIV13XE2","dfrA12",0
"CIT15FB1","dfrA12",0
"CIV13XU1","dfrA12",0
"CIV143U1","dfrA12",0
"CIV143E9","dfrA12",0
"CNS1F3","dfrA12",0
"CAAYSI","dfrA12",0
"CIV141E6","dfrA12",0
"CIV140U1","dfrA12",0
"CIV140E4","dfrA12",0
"CIV143E4","dfrA12",0
"CIV144E6","dfrA12",0
"CIV13YE8","dfrA12",0
"CIV144U1","dfrA12",0
"BKRMVD","dfrA12",0
"CAAXBN","dfrA12",0
"44341_3_165","dfrA12",0
"ERR10113269","dfrA12",0
"ERR6752971","dfrA12",0
"ERR5751227","dfrA12",0
"ERR12142619","dfrA12",0
"ERR9976609","dfrA12",0
"ERR11219800","dfrA12",0
"ERR9079830","dfrA12",0
"ERR10880116","dfrA12",0
"ERR5751304","dfrA12",0
"ERR6806714","dfrA12",0
"ERR11872767","dfrA12",0
"ERR10176869","dfrA12",0
"ERR10880230","dfrA12",0
"ERR11453719","dfrA12",0
"ERR10880157","dfrA12",0
"ERR6752889","dfrA12",0
"ERR9288143","dfrA12",0
"ERR6806632","dfrA12",0
"ERR9288082","dfrA12",0
"ERR6806600","dfrA12",0
"ERR9420153","dfrA12",0
"ERR10117717","dfrA12",0
"ERR10109274","dfrA12",1
"ERR10880183","dfrA12",0
"ERR10880311","dfrA12",0
"ERR11420238","dfrA12",1
"ERR11437918","dfrA12",1
"ERR11807709","dfrA12",1
"ERR12146144","dfrA12",1
"ERR10109277","dfrA12",1
"ERR10087013","dfrA12",1
"ERR11219811","dfrA12",1
"ERR9966386","dfrA12",1
"ERR12259395","dfrA12",1
"ERR12091513","dfrA12",1
"ERR10125140","dfrA12",1
"ERR10949303","dfrA12",1
"ERR11810274","dfrA12",1
"ERR9785512","dfrA12",1
"ERR10176866","dfrA12",1
"ERR10460687","dfrA12",1
"ERR12078573","dfrA12",1
"ERR12165616","dfrA12",1
"ERR10880377","dfrA12",0
"ERR10460887","dfrA12",0
"ERR10880335","dfrA12",0
"ERR10880156","dfrA12",0
"ERR10088105","dfrA12",1
"ERR12321284","dfrA12",0
"ERR9966388","dfrA12",1
"ERR12495485","dfrA12",1
"ERR12312692","dfrA12",1
"ERR12312689","dfrA12",1
"ERR12312688","dfrA12",1
"ERR11201827","dfrA12",1
"ERR10088101","dfrA12",1
"ERR10880181","dfrA12",1
"ERR9820422","dfrA12",1
"ERR9785510","dfrA12",1
"ERR11807704","dfrA12",1
"ERR10109276","dfrA12",1
"ERR9966389","dfrA12",1
"ERR9785509","dfrA12",1
"ERR10087012","dfrA12",1
"ERR10460483","dfrA12",1
"ERR9785511","dfrA12",1
"ERR9079768","dfrA12",1
"ERR9822149","dfrA12",1
"ERR9822145","dfrA12",0
"ERR9822146","dfrA12",1
"ERR10176872","dfrA12",1
"ERR10460765","dfrA12",1
"ERR10109275","dfrA12",1
"ERR9966390","dfrA12",1
"ERR10123168","dfrA12",1
"ERR10123167","dfrA12",1
"ERR9966387","dfrA12",1
"ERR10949310","dfrA12",1
"ERR10460875","dfrA12",1
"ERR10109255","dfrA12",1
"ERR9822151","dfrA12",1
"ERR10088102","dfrA12",1
"ERR10088104","dfrA12",1
"ERR10026000","dfrA12",1
"ERR9822144","dfrA12",1
"ERR11896635","dfrA12",1
"ERR12552381","dfrA12",1
"ERR12552377","dfrA12",1
"ERR9079508","dfrA12",1
"ERR7197757","dfrA12",0
"ERR6806028","dfrA12",0
"ERR11455881","dfrA12",0
"ERR4451478","dfrA12",0
"ERR10880424","dfrA12",0
"ERR12067334","dfrA12",0
"ERR12302226","dfrA12",0
"ERR12552384","dfrA12",0
"ERR10123158","dfrA12",0
"ERR5751308","dfrA12",0
"ERR4399358","dfrA12",0
"ERR4399957","dfrA12",0
"ERR4399362","dfrA12",0
"SRR13833609","dfrA12",0
"ERR6806726","dfrA12",0
"ERR10460902","dfrA12",0
"ERR10460856","dfrA12",0
"ERR6806075","dfrA12",0
"ERR10176870","dfrA12",0
"ERR12078572","dfrA12",0
"ERR11747320","dfrA12",0
"ERR12495482","dfrA12",0
"ERR9924209","dfrA12",0
"ERR5751726","dfrA12",0
"ERR6806512","dfrA12",0
"ERR6806317","dfrA12",0
"ERR12067371","dfrA12",0
"ERR6806125","dfrA12",0
"ERR5751296","dfrA12",0
"ERR4451427","dfrA12",0
"SRR9273829","dfrA12",0
"ERR6752863","dfrA12",0
"ERR12321280","dfrA12",0
"ERR9692774","dfrA12",0
"ERR6805998","dfrA12",0
"ERR6806833","dfrA12",0
"ERR6806749","dfrA12",0
"ERR6806776","dfrA12",0
"ERR5750995","dfrA12",0
"ERR6806255","dfrA12",0
"ERR6805990","dfrA12",0
"ERR11747325","dfrA12",0
"ERR11502778","dfrA12",0
"ERR7197834","dfrA12",0
"ERR9079758","dfrA12",0
"ERR12321281","dfrA12",0
"ERR12142634","dfrA12",0
"ERR12067314","dfrA12",0
"ERR12321282","dfrA12",0
"ERR12080226","dfrA12",0
"ERR12321283","dfrA12",0
"ERR6753111","dfrA12",0
"ERR6806796","dfrA12",0
"ERR6806789","dfrA12",0
"ERR9971918","dfrA12",0
"ERR7197741","dfrA12",0
"ERR5751808","dfrA12",0
"ERR10438737","dfrA12",0
"CLL6CH","dfrA12",0
"CAARE3","dfrA12",0
"CAAQXB","dfrA12",0
"CAAR9T","dfrA12",0
"CAAQUT","dfrA12",0
"CNSFP4","dfrA12",0
"CNSDXZ","dfrA12",0
"CAAP2A","dfrA12",0
"44341_3_268","dfrA12",0
"44341_3_280","dfrA12",0
"44341_3_262","dfrA12",0
"44341_3_265","dfrA12",0
"44341_4_286","dfrA12",0
"CAAYDF","dfrA12",0
"CLL3JA","dfrA12",0
"ERR9941258","dfrA12",0
"CNSLL4","dfrA12",0
"CNSKFP","dfrA12",0
"CNSP0U","dfrA14",0
"ERR9929342","dfrA14",0
"ERR9966382","dfrA14",0
"CNS6QU","dfrA14",0
"CNS7YP","dfrA14",0
"BKRRIF","dfrA14",0
"44341_3_96","dfrA14",0
"44341_3_21","dfrA14",0
"CIV13VE5","dfrA14",0
"CIU149H1","dfrA14",0
"CIV146E8","dfrA14",0
"CIU13XS1","dfrA14",0
"CIV140E6","dfrA14",0
"CIV140E1","dfrA14",0
"CIT15GH1","dfrA14",0
"CIV13XE5","dfrA14",0
"CIV13YE6","dfrA14",0
"CIS15MR1","dfrA14",0
"CIV13UE4","dfrA14",0
"CAAXQV","dfrA14",0
"CIV140E7","dfrA14",0
"CIS15HB1","dfrA14",0
"CIV13RE2","dfrA14",0
"CIT15GS1","dfrA14",0
"CIV142E6","dfrA14",0
"44341_4_275","dfrA14",0
"44341_3_310","dfrA14",0
"CIU145B1","dfrA14",0
"CIV143E2","dfrA14",0
"CIT15FH1","dfrA14",0
"CIV147E3","dfrA14",0
"CIT15EB1","dfrA14",0
"CIV13PE7","dfrA14",0
"CIV13XE8","dfrA14",0
"44341_3_304","dfrA14",0
"44341_3_305","dfrA14",0
"44341_3_281","dfrA14",0
"44341_3_136","dfrA14",0
"44341_3_128","dfrA14",0
"44341_3_131","dfrA14",0
"CIT159B1","dfrA14",0
"CIS153C1","dfrA14",0
"CIV13XE2","dfrA14",0
"CIT15FB1","dfrA14",0
"CIV13XU1","dfrA14",0
"CIV143U1","dfrA14",0
"CIV143E9","dfrA14",0
"CNS1F3","dfrA14",0
"CAAYSI","dfrA14",0
"CIV141E6","dfrA14",0
"CIV140U1","dfrA14",0
"CIV140E4","dfrA14",0
"CIV143E4","dfrA14",0
"CIV144E6","dfrA14",0
"CIV13YE8","dfrA14",0
"CIV144U1","dfrA14",0
"BKRMVD","dfrA14",0
"CAAXBN","dfrA14",0
"44341_3_165","dfrA14",0
"ERR10113269","dfrA14",1
"ERR6752971","dfrA14",0
"ERR5751227","dfrA14",0
"ERR12142619","dfrA14",1
"ERR9976609","dfrA14",1
"ERR11219800","dfrA14",1
"ERR9079830","dfrA14",0
"ERR10880116","dfrA14",0
"ERR5751304","dfrA14",1
"ERR6806714","dfrA14",0
"ERR11872767","dfrA14",1
"ERR10176869","dfrA14",1
"ERR10880230","dfrA14",1
"ERR11453719","dfrA14",1
"ERR10880157","dfrA14",1
"ERR6752889","dfrA14",1
"ERR9288143","dfrA14",1
"ERR6806632","dfrA14",0
"ERR9288082","dfrA14",0
"ERR6806600","dfrA14",0
"ERR9420153","dfrA14",0
"ERR10117717","dfrA14",0
"ERR10109274","dfrA14",0
"ERR10880183","dfrA14",0
"ERR10880311","dfrA14",0
"ERR11420238","dfrA14",0
"ERR11437918","dfrA14",0
"ERR11807709","dfrA14",0
"ERR12146144","dfrA14",0
"ERR10109277","dfrA14",0
"ERR10087013","dfrA14",0
"ERR11219811","dfrA14",0
"ERR9966386","dfrA14",0
"ERR12259395","dfrA14",0
"ERR12091513","dfrA14",0
"ERR10125140","dfrA14",0
"ERR10949303","dfrA14",0
"ERR11810274","dfrA14",0
"ERR9785512","dfrA14",0
"ERR10176866","dfrA14",0
"ERR10460687","dfrA14",0
"ERR12078573","dfrA14",0
"ERR12165616","dfrA14",0
"ERR10880377","dfrA14",0
"ERR10460887","dfrA14",0
"ERR10880335","dfrA14",0
"ERR10880156","dfrA14",0
"ERR10088105","dfrA14",0
"ERR12321284","dfrA14",0
"ERR9966388","dfrA14",0
"ERR12495485","dfrA14",0
"ERR12312692","dfrA14",0
"ERR12312689","dfrA14",0
"ERR12312688","dfrA14",0
"ERR11201827","dfrA14",0
"ERR10088101","dfrA14",0
"ERR10880181","dfrA14",0
"ERR9820422","dfrA14",0
"ERR9785510","dfrA14",0
"ERR11807704","dfrA14",0
"ERR10109276","dfrA14",0
"ERR9966389","dfrA14",0
"ERR9785509","dfrA14",0
"ERR10087012","dfrA14",0
"ERR10460483","dfrA14",0
"ERR9785511","dfrA14",0
"ERR9079768","dfrA14",0
"ERR9822149","dfrA14",0
"ERR9822145","dfrA14",0
"ERR9822146","dfrA14",0
"ERR10176872","dfrA14",0
"ERR10460765","dfrA14",0
"ERR10109275","dfrA14",0
"ERR9966390","dfrA14",0
"ERR10123168","dfrA14",0
"ERR10123167","dfrA14",0
"ERR9966387","dfrA14",0
"ERR10949310","dfrA14",0
"ERR10460875","dfrA14",0
"ERR10109255","dfrA14",0
"ERR9822151","dfrA14",0
"ERR10088102","dfrA14",0
"ERR10088104","dfrA14",0
"ERR10026000","dfrA14",0
"ERR9822144","dfrA14",0
"ERR11896635","dfrA14",0
"ERR12552381","dfrA14",0
"ERR12552377","dfrA14",0
"ERR9079508","dfrA14",0
"ERR7197757","dfrA14",0
"ERR6806028","dfrA14",0
"ERR11455881","dfrA14",0
"ERR4451478","dfrA14",0
"ERR10880424","dfrA14",0
"ERR12067334","dfrA14",0
"ERR12302226","dfrA14",0
"ERR12552384","dfrA14",0
"ERR10123158","dfrA14",0
"ERR5751308","dfrA14",0
"ERR4399358","dfrA14",1
"ERR4399957","dfrA14",1
"ERR4399362","dfrA14",1
"SRR13833609","dfrA14",0
"ERR6806726","dfrA14",1
"ERR10460902","dfrA14",1
"ERR10460856","dfrA14",1
"ERR6806075","dfrA14",0
"ERR10176870","dfrA14",1
"ERR12078572","dfrA14",1
"ERR11747320","dfrA14",1
"ERR12495482","dfrA14",1
"ERR9924209","dfrA14",1
"ERR5751726","dfrA14",1
"ERR6806512","dfrA14",1
"ERR6806317","dfrA14",1
"ERR12067371","dfrA14",1
"ERR6806125","dfrA14",1
"ERR5751296","dfrA14",1
"ERR4451427","dfrA14",1
"SRR9273829","dfrA14",0
"ERR6752863","dfrA14",1
"ERR12321280","dfrA14",1
"ERR9692774","dfrA14",1
"ERR6805998","dfrA14",1
"ERR6806833","dfrA14",1
"ERR6806749","dfrA14",1
"ERR6806776","dfrA14",1
"ERR5750995","dfrA14",1
"ERR6806255","dfrA14",1
"ERR6805990","dfrA14",1
"ERR11747325","dfrA14",1
"ERR11502778","dfrA14",1
"ERR7197834","dfrA14",1
"ERR9079758","dfrA14",1
"ERR12321281","dfrA14",1
"ERR12142634","dfrA14",1
"ERR12067314","dfrA14",1
"ERR12321282","dfrA14",1
"ERR12080226","dfrA14",1
"ERR12321283","dfrA14",1
"ERR6753111","dfrA14",1
"ERR6806796","dfrA14",1
"ERR6806789","dfrA14",1
"ERR9971918","dfrA14",1
"ERR7197741","dfrA14",1
"ERR5751808","dfrA14",1
"ERR10438737","dfrA14",0
"CLL6CH","dfrA14",0
"CAARE3","dfrA14",0
"CAAQXB","dfrA14",0
"CAAR9T","dfrA14",0
"CAAQUT","dfrA14",0
"CNSFP4","dfrA14",0
"CNSDXZ","dfrA14",0
"CAAP2A","dfrA14",0
"44341_3_268","dfrA14",0
"44341_3_280","dfrA14",0
"44341_3_262","dfrA14",0
"44341_3_265","dfrA14",0
"44341_4_286","dfrA14",0
"CAAYDF","dfrA14",0
"CLL3JA","dfrA14",0
"ERR9941258","dfrA14",0
"CNSLL4","dfrA14",0
"CNSKFP","dfrA14",0
"CNSP0U","dfrA15",0
"ERR9929342","dfrA15",0
"ERR9966382","dfrA15",0
"CNS6QU","dfrA15",0
"CNS7YP","dfrA15",0
"BKRRIF","dfrA15",0
"44341_3_96","dfrA15",0
"44341_3_21","dfrA15",0
"CIV13VE5","dfrA15",0
"CIU149H1","dfrA15",0
"CIV146E8","dfrA15",0
"CIU13XS1","dfrA15",0
"CIV140E6","dfrA15",0
"CIV140E1","dfrA15",0
"CIT15GH1","dfrA15",0
"CIV13XE5","dfrA15",0
"CIV13YE6","dfrA15",0
"CIS15MR1","dfrA15",0
"CIV13UE4","dfrA15",0
"CAAXQV","dfrA15",0
"CIV140E7","dfrA15",0
"CIS15HB1","dfrA15",0
"CIV13RE2","dfrA15",0
"CIT15GS1","dfrA15",0
"CIV142E6","dfrA15",0
"44341_4_275","dfrA15",0
"44341_3_310","dfrA15",0
"CIU145B1","dfrA15",0
"CIV143E2","dfrA15",0
"CIT15FH1","dfrA15",0
"CIV147E3","dfrA15",0
"CIT15EB1","dfrA15",0
"CIV13PE7","dfrA15",0
"CIV13XE8","dfrA15",0
"44341_3_304","dfrA15",0
"44341_3_305","dfrA15",0
"44341_3_281","dfrA15",0
"44341_3_136","dfrA15",0
"44341_3_128","dfrA15",0
"44341_3_131","dfrA15",0
"CIT159B1","dfrA15",0
"CIS153C1","dfrA15",0
"CIV13XE2","dfrA15",0
"CIT15FB1","dfrA15",0
"CIV13XU1","dfrA15",0
"CIV143U1","dfrA15",0
"CIV143E9","dfrA15",0
"CNS1F3","dfrA15",0
"CAAYSI","dfrA15",0
"CIV141E6","dfrA15",0
"CIV140U1","dfrA15",0
"CIV140E4","dfrA15",0
"CIV143E4","dfrA15",0
"CIV144E6","dfrA15",0
"CIV13YE8","dfrA15",0
"CIV144U1","dfrA15",0
"BKRMVD","dfrA15",0
"CAAXBN","dfrA15",0
"44341_3_165","dfrA15",0
"ERR10113269","dfrA15",0
"ERR6752971","dfrA15",0
"ERR5751227","dfrA15",0
"ERR12142619","dfrA15",0
"ERR9976609","dfrA15",0
"ERR11219800","dfrA15",0
"ERR9079830","dfrA15",0
"ERR10880116","dfrA15",0
"ERR5751304","dfrA15",0
"ERR6806714","dfrA15",0
"ERR11872767","dfrA15",0
"ERR10176869","dfrA15",0
"ERR10880230","dfrA15",0
"ERR11453719","dfrA15",0
"ERR10880157","dfrA15",0
"ERR6752889","dfrA15",0
"ERR9288143","dfrA15",0
"ERR6806632","dfrA15",0
"ERR9288082","dfrA15",0
"ERR6806600","dfrA15",0
"ERR9420153","dfrA15",0
"ERR10117717","dfrA15",0
"ERR10109274","dfrA15",0
"ERR10880183","dfrA15",0
"ERR10880311","dfrA15",0
"ERR11420238","dfrA15",0
"ERR11437918","dfrA15",0
"ERR11807709","dfrA15",0
"ERR12146144","dfrA15",0
"ERR10109277","dfrA15",0
"ERR10087013","dfrA15",0
"ERR11219811","dfrA15",0
"ERR9966386","dfrA15",0
"ERR12259395","dfrA15",0
"ERR12091513","dfrA15",0
"ERR10125140","dfrA15",0
"ERR10949303","dfrA15",0
"ERR11810274","dfrA15",0
"ERR9785512","dfrA15",0
"ERR10176866","dfrA15",0
"ERR10460687","dfrA15",0
"ERR12078573","dfrA15",0
"ERR12165616","dfrA15",0
"ERR10880377","dfrA15",0
"ERR10460887","dfrA15",0
"ERR10880335","dfrA15",0
"ERR10880156","dfrA15",0
"ERR10088105","dfrA15",0
"ERR12321284","dfrA15",0
"ERR9966388","dfrA15",0
"ERR12495485","dfrA15",0
"ERR12312692","dfrA15",0
"ERR12312689","dfrA15",0
"ERR12312688","dfrA15",0
"ERR11201827","dfrA15",0
"ERR10088101","dfrA15",0
"ERR10880181","dfrA15",0
"ERR9820422","dfrA15",0
"ERR9785510","dfrA15",0
"ERR11807704","dfrA15",0
"ERR10109276","dfrA15",0
"ERR9966389","dfrA15",0
"ERR9785509","dfrA15",0
"ERR10087012","dfrA15",0
"ERR10460483","dfrA15",0
"ERR9785511","dfrA15",0
"ERR9079768","dfrA15",0
"ERR9822149","dfrA15",0
"ERR9822145","dfrA15",0
"ERR9822146","dfrA15",0
"ERR10176872","dfrA15",0
"ERR10460765","dfrA15",0
"ERR10109275","dfrA15",0
"ERR9966390","dfrA15",0
"ERR10123168","dfrA15",0
"ERR10123167","dfrA15",0
"ERR9966387","dfrA15",0
"ERR10949310","dfrA15",0
"ERR10460875","dfrA15",0
"ERR10109255","dfrA15",0
"ERR9822151","dfrA15",0
"ERR10088102","dfrA15",0
"ERR10088104","dfrA15",0
"ERR10026000","dfrA15",0
"ERR9822144","dfrA15",0
"ERR11896635","dfrA15",0
"ERR12552381","dfrA15",0
"ERR12552377","dfrA15",0
"ERR9079508","dfrA15",0
"ERR7197757","dfrA15",0
"ERR6806028","dfrA15",0
"ERR11455881","dfrA15",0
"ERR4451478","dfrA15",0
"ERR10880424","dfrA15",0
"ERR12067334","dfrA15",0
"ERR12302226","dfrA15",0
"ERR12552384","dfrA15",0
"ERR10123158","dfrA15",0
"ERR5751308","dfrA15",0
"ERR4399358","dfrA15",0
"ERR4399957","dfrA15",0
"ERR4399362","dfrA15",0
"SRR13833609","dfrA15",0
"ERR6806726","dfrA15",0
"ERR10460902","dfrA15",0
"ERR10460856","dfrA15",0
"ERR6806075","dfrA15",0
"ERR10176870","dfrA15",0
"ERR12078572","dfrA15",0
"ERR11747320","dfrA15",0
"ERR12495482","dfrA15",0
"ERR9924209","dfrA15",0
"ERR5751726","dfrA15",0
"ERR6806512","dfrA15",0
"ERR6806317","dfrA15",0
"ERR12067371","dfrA15",0
"ERR6806125","dfrA15",0
"ERR5751296","dfrA15",0
"ERR4451427","dfrA15",0
"SRR9273829","dfrA15",0
"ERR6752863","dfrA15",0
"ERR12321280","dfrA15",0
"ERR9692774","dfrA15",0
"ERR6805998","dfrA15",0
"ERR6806833","dfrA15",0
"ERR6806749","dfrA15",0
"ERR6806776","dfrA15",0
"ERR5750995","dfrA15",0
"ERR6806255","dfrA15",0
"ERR6805990","dfrA15",0
"ERR11747325","dfrA15",0
"ERR11502778","dfrA15",0
"ERR7197834","dfrA15",0
"ERR9079758","dfrA15",0
"ERR12321281","dfrA15",0
"ERR12142634","dfrA15",0
"ERR12067314","dfrA15",0
"ERR12321282","dfrA15",0
"ERR12080226","dfrA15",0
"ERR12321283","dfrA15",0
"ERR6753111","dfrA15",0
"ERR6806796","dfrA15",0
"ERR6806789","dfrA15",0
"ERR9971918","dfrA15",0
"ERR7197741","dfrA15",0
"ERR5751808","dfrA15",0
"ERR10438737","dfrA15",0
"CLL6CH","dfrA15",0
"CAARE3","dfrA15",0
"CAAQXB","dfrA15",0
"CAAR9T","dfrA15",0
"CAAQUT","dfrA15",0
"CNSFP4","dfrA15",0
"CNSDXZ","dfrA15",0
"CAAP2A","dfrA15",0
"44341_3_268","dfrA15",0
"44341_3_280","dfrA15",0
"44341_3_262","dfrA15",0
"44341_3_265","dfrA15",0
"44341_4_286","dfrA15",0
"CAAYDF","dfrA15",0
"CLL3JA","dfrA15",0
"ERR9941258","dfrA15",0
"CNSLL4","dfrA15",0
"CNSKFP","dfrA15",0
"CNSP0U","dfrA17",0
"ERR9929342","dfrA17",0
"ERR9966382","dfrA17",0
"CNS6QU","dfrA17",0
"CNS7YP","dfrA17",0
"BKRRIF","dfrA17",0
"44341_3_96","dfrA17",0
"44341_3_21","dfrA17",0
"CIV13VE5","dfrA17",0
"CIU149H1","dfrA17",0
"CIV146E8","dfrA17",0
"CIU13XS1","dfrA17",0
"CIV140E6","dfrA17",0
"CIV140E1","dfrA17",0
"CIT15GH1","dfrA17",0
"CIV13XE5","dfrA17",0
"CIV13YE6","dfrA17",0
"CIS15MR1","dfrA17",0
"CIV13UE4","dfrA17",0
"CAAXQV","dfrA17",0
"CIV140E7","dfrA17",0
"CIS15HB1","dfrA17",0
"CIV13RE2","dfrA17",0
"CIT15GS1","dfrA17",0
"CIV142E6","dfrA17",0
"44341_4_275","dfrA17",0
"44341_3_310","dfrA17",0
"CIU145B1","dfrA17",0
"CIV143E2","dfrA17",0
"CIT15FH1","dfrA17",0
"CIV147E3","dfrA17",0
"CIT15EB1","dfrA17",0
"CIV13PE7","dfrA17",0
"CIV13XE8","dfrA17",0
"44341_3_304","dfrA17",0
"44341_3_305","dfrA17",0
"44341_3_281","dfrA17",0
"44341_3_136","dfrA17",0
"44341_3_128","dfrA17",0
"44341_3_131","dfrA17",0
"CIT159B1","dfrA17",0
"CIS153C1","dfrA17",0
"CIV13XE2","dfrA17",0
"CIT15FB1","dfrA17",0
"CIV13XU1","dfrA17",0
"CIV143U1","dfrA17",0
"CIV143E9","dfrA17",0
"CNS1F3","dfrA17",0
"CAAYSI","dfrA17",0
"CIV141E6","dfrA17",0
"CIV140U1","dfrA17",0
"CIV140E4","dfrA17",0
"CIV143E4","dfrA17",0
"CIV144E6","dfrA17",0
"CIV13YE8","dfrA17",0
"CIV144U1","dfrA17",0
"BKRMVD","dfrA17",0
"CAAXBN","dfrA17",0
"44341_3_165","dfrA17",0
"ERR10113269","dfrA17",0
"ERR6752971","dfrA17",0
"ERR5751227","dfrA17",0
"ERR12142619","dfrA17",0
"ERR9976609","dfrA17",0
"ERR11219800","dfrA17",0
"ERR9079830","dfrA17",0
"ERR10880116","dfrA17",0
"ERR5751304","dfrA17",0
"ERR6806714","dfrA17",0
"ERR11872767","dfrA17",0
"ERR10176869","dfrA17",0
"ERR10880230","dfrA17",0
"ERR11453719","dfrA17",0
"ERR10880157","dfrA17",0
"ERR6752889","dfrA17",0
"ERR9288143","dfrA17",0
"ERR6806632","dfrA17",0
"ERR9288082","dfrA17",0
"ERR6806600","dfrA17",0
"ERR9420153","dfrA17",0
"ERR10117717","dfrA17",0
"ERR10109274","dfrA17",0
"ERR10880183","dfrA17",0
"ERR10880311","dfrA17",0
"ERR11420238","dfrA17",0
"ERR11437918","dfrA17",0
"ERR11807709","dfrA17",0
"ERR12146144","dfrA17",0
"ERR10109277","dfrA17",0
"ERR10087013","dfrA17",0
"ERR11219811","dfrA17",0
"ERR9966386","dfrA17",0
"ERR12259395","dfrA17",0
"ERR12091513","dfrA17",0
"ERR10125140","dfrA17",0
"ERR10949303","dfrA17",0
"ERR11810274","dfrA17",0
"ERR9785512","dfrA17",0
"ERR10176866","dfrA17",0
"ERR10460687","dfrA17",0
"ERR12078573","dfrA17",0
"ERR12165616","dfrA17",0
"ERR10880377","dfrA17",0
"ERR10460887","dfrA17",0
"ERR10880335","dfrA17",0
"ERR10880156","dfrA17",0
"ERR10088105","dfrA17",0
"ERR12321284","dfrA17",0
"ERR9966388","dfrA17",0
"ERR12495485","dfrA17",0
"ERR12312692","dfrA17",0
"ERR12312689","dfrA17",0
"ERR12312688","dfrA17",0
"ERR11201827","dfrA17",0
"ERR10088101","dfrA17",0
"ERR10880181","dfrA17",0
"ERR9820422","dfrA17",0
"ERR9785510","dfrA17",0
"ERR11807704","dfrA17",0
"ERR10109276","dfrA17",0
"ERR9966389","dfrA17",0
"ERR9785509","dfrA17",0
"ERR10087012","dfrA17",0
"ERR10460483","dfrA17",0
"ERR9785511","dfrA17",0
"ERR9079768","dfrA17",0
"ERR9822149","dfrA17",0
"ERR9822145","dfrA17",0
"ERR9822146","dfrA17",0
"ERR10176872","dfrA17",0
"ERR10460765","dfrA17",0
"ERR10109275","dfrA17",0
"ERR9966390","dfrA17",0
"ERR10123168","dfrA17",0
"ERR10123167","dfrA17",0
"ERR9966387","dfrA17",0
"ERR10949310","dfrA17",0
"ERR10460875","dfrA17",0
"ERR10109255","dfrA17",0
"ERR9822151","dfrA17",0
"ERR10088102","dfrA17",0
"ERR10088104","dfrA17",0
"ERR10026000","dfrA17",0
"ERR9822144","dfrA17",0
"ERR11896635","dfrA17",0
"ERR12552381","dfrA17",0
"ERR12552377","dfrA17",0
"ERR9079508","dfrA17",0
"ERR7197757","dfrA17",0
"ERR6806028","dfrA17",0
"ERR11455881","dfrA17",0
"ERR4451478","dfrA17",0
"ERR10880424","dfrA17",0
"ERR12067334","dfrA17",0
"ERR12302226","dfrA17",0
"ERR12552384","dfrA17",0
"ERR10123158","dfrA17",0
"ERR5751308","dfrA17",0
"ERR4399358","dfrA17",0
"ERR4399957","dfrA17",0
"ERR4399362","dfrA17",0
"SRR13833609","dfrA17",0
"ERR6806726","dfrA17",0
"ERR10460902","dfrA17",0
"ERR10460856","dfrA17",0
"ERR6806075","dfrA17",0
"ERR10176870","dfrA17",0
"ERR12078572","dfrA17",0
"ERR11747320","dfrA17",0
"ERR12495482","dfrA17",0
"ERR9924209","dfrA17",0
"ERR5751726","dfrA17",0
"ERR6806512","dfrA17",0
"ERR6806317","dfrA17",0
"ERR12067371","dfrA17",0
"ERR6806125","dfrA17",0
"ERR5751296","dfrA17",0
"ERR4451427","dfrA17",0
"SRR9273829","dfrA17",0
"ERR6752863","dfrA17",0
"ERR12321280","dfrA17",0
"ERR9692774","dfrA17",0
"ERR6805998","dfrA17",0
"ERR6806833","dfrA17",0
"ERR6806749","dfrA17",0
"ERR6806776","dfrA17",0
"ERR5750995","dfrA17",0
"ERR6806255","dfrA17",0
"ERR6805990","dfrA17",0
"ERR11747325","dfrA17",0
"ERR11502778","dfrA17",0
"ERR7197834","dfrA17",0
"ERR9079758","dfrA17",0
"ERR12321281","dfrA17",0
"ERR12142634","dfrA17",0
"ERR12067314","dfrA17",0
"ERR12321282","dfrA17",0
"ERR12080226","dfrA17",0
"ERR12321283","dfrA17",0
"ERR6753111","dfrA17",0
"ERR6806796","dfrA17",0
"ERR6806789","dfrA17",0
"ERR9971918","dfrA17",0
"ERR7197741","dfrA17",0
"ERR5751808","dfrA17",0
"ERR10438737","dfrA17",0
"CLL6CH","dfrA17",0
"CAARE3","dfrA17",0
"CAAQXB","dfrA17",0
"CAAR9T","dfrA17",0
"CAAQUT","dfrA17",0
"CNSFP4","dfrA17",0
"CNSDXZ","dfrA17",0
"CAAP2A","dfrA17",0
"44341_3_268","dfrA17",0
"44341_3_280","dfrA17",0
"44341_3_262","dfrA17",0
"44341_3_265","dfrA17",0
"44341_4_286","dfrA17",0
"CAAYDF","dfrA17",0
"CLL3JA","dfrA17",0
"ERR9941258","dfrA17",0
"CNSLL4","dfrA17",0
"CNSKFP","dfrA17",0
"CNSP0U","dfrA23",1
"ERR9929342","dfrA23",1
"ERR9966382","dfrA23",1
"CNS6QU","dfrA23",1
"CNS7YP","dfrA23",1
"BKRRIF","dfrA23",1
"44341_3_96","dfrA23",1
"44341_3_21","dfrA23",1
"CIV13VE5","dfrA23",1
"CIU149H1","dfrA23",1
"CIV146E8","dfrA23",1
"CIU13XS1","dfrA23",1
"CIV140E6","dfrA23",1
"CIV140E1","dfrA23",1
"CIT15GH1","dfrA23",1
"CIV13XE5","dfrA23",1
"CIV13YE6","dfrA23",1
"CIS15MR1","dfrA23",1
"CIV13UE4","dfrA23",1
"CAAXQV","dfrA23",1
"CIV140E7","dfrA23",1
"CIS15HB1","dfrA23",1
"CIV13RE2","dfrA23",1
"CIT15GS1","dfrA23",1
"CIV142E6","dfrA23",1
"44341_4_275","dfrA23",1
"44341_3_310","dfrA23",1
"CIU145B1","dfrA23",1
"CIV143E2","dfrA23",1
"CIT15FH1","dfrA23",1
"CIV147E3","dfrA23",1
"CIT15EB1","dfrA23",1
"CIV13PE7","dfrA23",1
"CIV13XE8","dfrA23",1
"44341_3_304","dfrA23",1
"44341_3_305","dfrA23",1
"44341_3_281","dfrA23",1
"44341_3_136","dfrA23",1
"44341_3_128","dfrA23",1
"44341_3_131","dfrA23",1
"CIT159B1","dfrA23",1
"CIS153C1","dfrA23",1
"CIV13XE2","dfrA23",1
"CIT15FB1","dfrA23",1
"CIV13XU1","dfrA23",1
"CIV143U1","dfrA23",1
"CIV143E9","dfrA23",1
"CNS1F3","dfrA23",1
"CAAYSI","dfrA23",1
"CIV141E6","dfrA23",1
"CIV140U1","dfrA23",1
"CIV140E4","dfrA23",1
"CIV143E4","dfrA23",1
"CIV144E6","dfrA23",1
"CIV13YE8","dfrA23",1
"CIV144U1","dfrA23",1
"BKRMVD","dfrA23",1
"CAAXBN","dfrA23",1
"44341_3_165","dfrA23",1
"ERR10113269","dfrA23",0
"ERR6752971","dfrA23",1
"ERR5751227","dfrA23",1
"ERR12142619","dfrA23",1
"ERR9976609","dfrA23",1
"ERR11219800","dfrA23",1
"ERR9079830","dfrA23",1
"ERR10880116","dfrA23",1
"ERR5751304","dfrA23",0
"ERR6806714","dfrA23",1
"ERR11872767","dfrA23",1
"ERR10176869","dfrA23",1
"ERR10880230","dfrA23",1
"ERR11453719","dfrA23",1
"ERR10880157","dfrA23",1
"ERR6752889","dfrA23",1
"ERR9288143","dfrA23",1
"ERR6806632","dfrA23",1
"ERR9288082","dfrA23",1
"ERR6806600","dfrA23",1
"ERR9420153","dfrA23",1
"ERR10117717","dfrA23",1
"ERR10109274","dfrA23",1
"ERR10880183","dfrA23",1
"ERR10880311","dfrA23",1
"ERR11420238","dfrA23",1
"ERR11437918","dfrA23",1
"ERR11807709","dfrA23",1
"ERR12146144","dfrA23",1
"ERR10109277","dfrA23",1
"ERR10087013","dfrA23",1
"ERR11219811","dfrA23",1
"ERR9966386","dfrA23",1
"ERR12259395","dfrA23",1
"ERR12091513","dfrA23",1
"ERR10125140","dfrA23",1
"ERR10949303","dfrA23",1
"ERR11810274","dfrA23",1
"ERR9785512","dfrA23",1
"ERR10176866","dfrA23",1
"ERR10460687","dfrA23",1
"ERR12078573","dfrA23",1
"ERR12165616","dfrA23",1
"ERR10880377","dfrA23",1
"ERR10460887","dfrA23",1
"ERR10880335","dfrA23",1
"ERR10880156","dfrA23",1
"ERR10088105","dfrA23",1
"ERR12321284","dfrA23",1
"ERR9966388","dfrA23",1
"ERR12495485","dfrA23",1
"ERR12312692","dfrA23",1
"ERR12312689","dfrA23",1
"ERR12312688","dfrA23",1
"ERR11201827","dfrA23",1
"ERR10088101","dfrA23",1
"ERR10880181","dfrA23",1
"ERR9820422","dfrA23",1
"ERR9785510","dfrA23",1
"ERR11807704","dfrA23",1
"ERR10109276","dfrA23",1
"ERR9966389","dfrA23",1
"ERR9785509","dfrA23",1
"ERR10087012","dfrA23",1
"ERR10460483","dfrA23",0
"ERR9785511","dfrA23",0
"ERR9079768","dfrA23",1
"ERR9822149","dfrA23",1
"ERR9822145","dfrA23",1
"ERR9822146","dfrA23",1
"ERR10176872","dfrA23",1
"ERR10460765","dfrA23",1
"ERR10109275","dfrA23",1
"ERR9966390","dfrA23",1
"ERR10123168","dfrA23",1
"ERR10123167","dfrA23",1
"ERR9966387","dfrA23",1
"ERR10949310","dfrA23",1
"ERR10460875","dfrA23",1
"ERR10109255","dfrA23",1
"ERR9822151","dfrA23",1
"ERR10088102","dfrA23",1
"ERR10088104","dfrA23",1
"ERR10026000","dfrA23",1
"ERR9822144","dfrA23",1
"ERR11896635","dfrA23",1
"ERR12552381","dfrA23",1
"ERR12552377","dfrA23",1
"ERR9079508","dfrA23",1
"ERR7197757","dfrA23",1
"ERR6806028","dfrA23",1
"ERR11455881","dfrA23",1
"ERR4451478","dfrA23",1
"ERR10880424","dfrA23",1
"ERR12067334","dfrA23",1
"ERR12302226","dfrA23",1
"ERR12552384","dfrA23",1
"ERR10123158","dfrA23",1
"ERR5751308","dfrA23",1
"ERR4399358","dfrA23",1
"ERR4399957","dfrA23",1
"ERR4399362","dfrA23",1
"SRR13833609","dfrA23",0
"ERR6806726","dfrA23",0
"ERR10460902","dfrA23",0
"ERR10460856","dfrA23",0
"ERR6806075","dfrA23",0
"ERR10176870","dfrA23",0
"ERR12078572","dfrA23",1
"ERR11747320","dfrA23",1
"ERR12495482","dfrA23",1
"ERR9924209","dfrA23",1
"ERR5751726","dfrA23",0
"ERR6806512","dfrA23",1
"ERR6806317","dfrA23",0
"ERR12067371","dfrA23",1
"ERR6806125","dfrA23",1
"ERR5751296","dfrA23",1
"ERR4451427","dfrA23",1
"SRR9273829","dfrA23",1
"ERR6752863","dfrA23",0
"ERR12321280","dfrA23",0
"ERR9692774","dfrA23",0
"ERR6805998","dfrA23",1
"ERR6806833","dfrA23",1
"ERR6806749","dfrA23",1
"ERR6806776","dfrA23",1
"ERR5750995","dfrA23",1
"ERR6806255","dfrA23",1
"ERR6805990","dfrA23",1
"ERR11747325","dfrA23",1
"ERR11502778","dfrA23",1
"ERR7197834","dfrA23",1
"ERR9079758","dfrA23",0
"ERR12321281","dfrA23",1
"ERR12142634","dfrA23",1
"ERR12067314","dfrA23",1
"ERR12321282","dfrA23",1
"ERR12080226","dfrA23",0
"ERR12321283","dfrA23",1
"ERR6753111","dfrA23",1
"ERR6806796","dfrA23",1
"ERR6806789","dfrA23",1
"ERR9971918","dfrA23",1
"ERR7197741","dfrA23",0
"ERR5751808","dfrA23",0
"ERR10438737","dfrA23",1
"CLL6CH","dfrA23",1
"CAARE3","dfrA23",1
"CAAQXB","dfrA23",1
"CAAR9T","dfrA23",1
"CAAQUT","dfrA23",1
"CNSFP4","dfrA23",1
"CNSDXZ","dfrA23",1
"CAAP2A","dfrA23",1
"44341_3_268","dfrA23",1
"44341_3_280","dfrA23",1
"44341_3_262","dfrA23",1
"44341_3_265","dfrA23",1
"44341_4_286","dfrA23",1
"CAAYDF","dfrA23",1
"CLL3JA","dfrA23",1
"ERR9941258","dfrA23",1
"CNSLL4","dfrA23",1
"CNSKFP","dfrA23",1
"CNSP0U","blaCTX-M-15",1
"ERR9929342","blaCTX-M-15",1
"ERR9966382","blaCTX-M-15",1
"CNS6QU","blaCTX-M-15",1
"CNS7YP","blaCTX-M-15",1
"BKRRIF","blaCTX-M-15",1
"44341_3_96","blaCTX-M-15",1
"44341_3_21","blaCTX-M-15",1
"CIV13VE5","blaCTX-M-15",1
"CIU149H1","blaCTX-M-15",1
"CIV146E8","blaCTX-M-15",1
"CIU13XS1","blaCTX-M-15",1
"CIV140E6","blaCTX-M-15",1
"CIV140E1","blaCTX-M-15",1
"CIT15GH1","blaCTX-M-15",1
"CIV13XE5","blaCTX-M-15",1
"CIV13YE6","blaCTX-M-15",1
"CIS15MR1","blaCTX-M-15",1
"CIV13UE4","blaCTX-M-15",1
"CAAXQV","blaCTX-M-15",1
"CIV140E7","blaCTX-M-15",1
"CIS15HB1","blaCTX-M-15",1
"CIV13RE2","blaCTX-M-15",1
"CIT15GS1","blaCTX-M-15",1
"CIV142E6","blaCTX-M-15",1
"44341_4_275","blaCTX-M-15",1
"44341_3_310","blaCTX-M-15",1
"CIU145B1","blaCTX-M-15",1
"CIV143E2","blaCTX-M-15",1
"CIT15FH1","blaCTX-M-15",1
"CIV147E3","blaCTX-M-15",1
"CIT15EB1","blaCTX-M-15",1
"CIV13PE7","blaCTX-M-15",1
"CIV13XE8","blaCTX-M-15",1
"44341_3_304","blaCTX-M-15",1
"44341_3_305","blaCTX-M-15",1
"44341_3_281","blaCTX-M-15",1
"44341_3_136","blaCTX-M-15",0
"44341_3_128","blaCTX-M-15",1
"44341_3_131","blaCTX-M-15",1
"CIT159B1","blaCTX-M-15",1
"CIS153C1","blaCTX-M-15",1
"CIV13XE2","blaCTX-M-15",1
"CIT15FB1","blaCTX-M-15",1
"CIV13XU1","blaCTX-M-15",1
"CIV143U1","blaCTX-M-15",1
"CIV143E9","blaCTX-M-15",1
"CNS1F3","blaCTX-M-15",1
"CAAYSI","blaCTX-M-15",1
"CIV141E6","blaCTX-M-15",1
"CIV140U1","blaCTX-M-15",1
"CIV140E4","blaCTX-M-15",1
"CIV143E4","blaCTX-M-15",1
"CIV144E6","blaCTX-M-15",1
"CIV13YE8","blaCTX-M-15",1
"CIV144U1","blaCTX-M-15",1
"BKRMVD","blaCTX-M-15",1
"CAAXBN","blaCTX-M-15",1
"44341_3_165","blaCTX-M-15",1
"ERR10113269","blaCTX-M-15",1
"ERR6752971","blaCTX-M-15",1
"ERR5751227","blaCTX-M-15",1
"ERR12142619","blaCTX-M-15",1
"ERR9976609","blaCTX-M-15",1
"ERR11219800","blaCTX-M-15",1
"ERR9079830","blaCTX-M-15",1
"ERR10880116","blaCTX-M-15",1
"ERR5751304","blaCTX-M-15",1
"ERR6806714","blaCTX-M-15",1
"ERR11872767","blaCTX-M-15",1
"ERR10176869","blaCTX-M-15",1
"ERR10880230","blaCTX-M-15",1
"ERR11453719","blaCTX-M-15",1
"ERR10880157","blaCTX-M-15",1
"ERR6752889","blaCTX-M-15",1
"ERR9288143","blaCTX-M-15",1
"ERR6806632","blaCTX-M-15",1
"ERR9288082","blaCTX-M-15",1
"ERR6806600","blaCTX-M-15",1
"ERR9420153","blaCTX-M-15",1
"ERR10117717","blaCTX-M-15",1
"ERR10109274","blaCTX-M-15",1
"ERR10880183","blaCTX-M-15",1
"ERR10880311","blaCTX-M-15",1
"ERR11420238","blaCTX-M-15",1
"ERR11437918","blaCTX-M-15",1
"ERR11807709","blaCTX-M-15",1
"ERR12146144","blaCTX-M-15",1
"ERR10109277","blaCTX-M-15",1
"ERR10087013","blaCTX-M-15",1
"ERR11219811","blaCTX-M-15",1
"ERR9966386","blaCTX-M-15",1
"ERR12259395","blaCTX-M-15",1
"ERR12091513","blaCTX-M-15",1
"ERR10125140","blaCTX-M-15",1
"ERR10949303","blaCTX-M-15",1
"ERR11810274","blaCTX-M-15",1
"ERR9785512","blaCTX-M-15",1
"ERR10176866","blaCTX-M-15",1
"ERR10460687","blaCTX-M-15",1
"ERR12078573","blaCTX-M-15",1
"ERR12165616","blaCTX-M-15",1
"ERR10880377","blaCTX-M-15",1
"ERR10460887","blaCTX-M-15",1
"ERR10880335","blaCTX-M-15",1
"ERR10880156","blaCTX-M-15",1
"ERR10088105","blaCTX-M-15",1
"ERR12321284","blaCTX-M-15",1
"ERR9966388","blaCTX-M-15",1
"ERR12495485","blaCTX-M-15",1
"ERR12312692","blaCTX-M-15",1
"ERR12312689","blaCTX-M-15",1
"ERR12312688","blaCTX-M-15",1
"ERR11201827","blaCTX-M-15",1
"ERR10088101","blaCTX-M-15",1
"ERR10880181","blaCTX-M-15",1
"ERR9820422","blaCTX-M-15",1
"ERR9785510","blaCTX-M-15",1
"ERR11807704","blaCTX-M-15",1
"ERR10109276","blaCTX-M-15",1
"ERR9966389","blaCTX-M-15",1
"ERR9785509","blaCTX-M-15",1
"ERR10087012","blaCTX-M-15",1
"ERR10460483","blaCTX-M-15",1
"ERR9785511","blaCTX-M-15",1
"ERR9079768","blaCTX-M-15",1
"ERR9822149","blaCTX-M-15",1
"ERR9822145","blaCTX-M-15",1
"ERR9822146","blaCTX-M-15",1
"ERR10176872","blaCTX-M-15",1
"ERR10460765","blaCTX-M-15",1
"ERR10109275","blaCTX-M-15",1
"ERR9966390","blaCTX-M-15",1
"ERR10123168","blaCTX-M-15",1
"ERR10123167","blaCTX-M-15",1
"ERR9966387","blaCTX-M-15",1
"ERR10949310","blaCTX-M-15",1
"ERR10460875","blaCTX-M-15",1
"ERR10109255","blaCTX-M-15",1
"ERR9822151","blaCTX-M-15",1
"ERR10088102","blaCTX-M-15",1
"ERR10088104","blaCTX-M-15",1
"ERR10026000","blaCTX-M-15",1
"ERR9822144","blaCTX-M-15",1
"ERR11896635","blaCTX-M-15",1
"ERR12552381","blaCTX-M-15",1
"ERR12552377","blaCTX-M-15",1
"ERR9079508","blaCTX-M-15",1
"ERR7197757","blaCTX-M-15",1
"ERR6806028","blaCTX-M-15",1
"ERR11455881","blaCTX-M-15",1
"ERR4451478","blaCTX-M-15",1
"ERR10880424","blaCTX-M-15",1
"ERR12067334","blaCTX-M-15",1
"ERR12302226","blaCTX-M-15",1
"ERR12552384","blaCTX-M-15",1
"ERR10123158","blaCTX-M-15",1
"ERR5751308","blaCTX-M-15",1
"ERR4399358","blaCTX-M-15",0
"ERR4399957","blaCTX-M-15",0
"ERR4399362","blaCTX-M-15",0
"SRR13833609","blaCTX-M-15",0
"ERR6806726","blaCTX-M-15",1
"ERR10460902","blaCTX-M-15",1
"ERR10460856","blaCTX-M-15",1
"ERR6806075","blaCTX-M-15",1
"ERR10176870","blaCTX-M-15",1
"ERR12078572","blaCTX-M-15",1
"ERR11747320","blaCTX-M-15",1
"ERR12495482","blaCTX-M-15",1
"ERR9924209","blaCTX-M-15",1
"ERR5751726","blaCTX-M-15",1
"ERR6806512","blaCTX-M-15",1
"ERR6806317","blaCTX-M-15",1
"ERR12067371","blaCTX-M-15",1
"ERR6806125","blaCTX-M-15",1
"ERR5751296","blaCTX-M-15",1
"ERR4451427","blaCTX-M-15",1
"SRR9273829","blaCTX-M-15",1
"ERR6752863","blaCTX-M-15",1
"ERR12321280","blaCTX-M-15",1
"ERR9692774","blaCTX-M-15",1
"ERR6805998","blaCTX-M-15",1
"ERR6806833","blaCTX-M-15",1
"ERR6806749","blaCTX-M-15",1
"ERR6806776","blaCTX-M-15",1
"ERR5750995","blaCTX-M-15",1
"ERR6806255","blaCTX-M-15",1
"ERR6805990","blaCTX-M-15",1
"ERR11747325","blaCTX-M-15",1
"ERR11502778","blaCTX-M-15",1
"ERR7197834","blaCTX-M-15",1
"ERR9079758","blaCTX-M-15",1
"ERR12321281","blaCTX-M-15",1
"ERR12142634","blaCTX-M-15",1
"ERR12067314","blaCTX-M-15",1
"ERR12321282","blaCTX-M-15",1
"ERR12080226","blaCTX-M-15",0
"ERR12321283","blaCTX-M-15",1
"ERR6753111","blaCTX-M-15",1
"ERR6806796","blaCTX-M-15",1
"ERR6806789","blaCTX-M-15",1
"ERR9971918","blaCTX-M-15",1
"ERR7197741","blaCTX-M-15",1
"ERR5751808","blaCTX-M-15",1
"ERR10438737","blaCTX-M-15",1
"CLL6CH","blaCTX-M-15",1
"CAARE3","blaCTX-M-15",1
"CAAQXB","blaCTX-M-15",1
"CAAR9T","blaCTX-M-15",1
"CAAQUT","blaCTX-M-15",1
"CNSFP4","blaCTX-M-15",1
"CNSDXZ","blaCTX-M-15",1
"CAAP2A","blaCTX-M-15",1
"44341_3_268","blaCTX-M-15",1
"44341_3_280","blaCTX-M-15",1
"44341_3_262","blaCTX-M-15",1
"44341_3_265","blaCTX-M-15",1
"44341_4_286","blaCTX-M-15",1
"CAAYDF","blaCTX-M-15",1
"CLL3JA","blaCTX-M-15",1
"ERR9941258","blaCTX-M-15",1
"CNSLL4","blaCTX-M-15",1
"CNSKFP","blaCTX-M-15",1
"CNSP0U","blaCTX-M-2",0
"ERR9929342","blaCTX-M-2",0
"ERR9966382","blaCTX-M-2",0
"CNS6QU","blaCTX-M-2",0
"CNS7YP","blaCTX-M-2",0
"BKRRIF","blaCTX-M-2",0
"44341_3_96","blaCTX-M-2",0
"44341_3_21","blaCTX-M-2",0
"CIV13VE5","blaCTX-M-2",0
"CIU149H1","blaCTX-M-2",0
"CIV146E8","blaCTX-M-2",0
"CIU13XS1","blaCTX-M-2",0
"CIV140E6","blaCTX-M-2",0
"CIV140E1","blaCTX-M-2",0
"CIT15GH1","blaCTX-M-2",0
"CIV13XE5","blaCTX-M-2",0
"CIV13YE6","blaCTX-M-2",0
"CIS15MR1","blaCTX-M-2",0
"CIV13UE4","blaCTX-M-2",0
"CAAXQV","blaCTX-M-2",0
"CIV140E7","blaCTX-M-2",0
"CIS15HB1","blaCTX-M-2",0
"CIV13RE2","blaCTX-M-2",0
"CIT15GS1","blaCTX-M-2",0
"CIV142E6","blaCTX-M-2",0
"44341_4_275","blaCTX-M-2",0
"44341_3_310","blaCTX-M-2",0
"CIU145B1","blaCTX-M-2",0
"CIV143E2","blaCTX-M-2",0
"CIT15FH1","blaCTX-M-2",0
"CIV147E3","blaCTX-M-2",0
"CIT15EB1","blaCTX-M-2",0
"CIV13PE7","blaCTX-M-2",0
"CIV13XE8","blaCTX-M-2",0
"44341_3_304","blaCTX-M-2",0
"44341_3_305","blaCTX-M-2",0
"44341_3_281","blaCTX-M-2",0
"44341_3_136","blaCTX-M-2",0
"44341_3_128","blaCTX-M-2",0
"44341_3_131","blaCTX-M-2",0
"CIT159B1","blaCTX-M-2",0
"CIS153C1","blaCTX-M-2",0
"CIV13XE2","blaCTX-M-2",0
"CIT15FB1","blaCTX-M-2",0
"CIV13XU1","blaCTX-M-2",0
"CIV143U1","blaCTX-M-2",0
"CIV143E9","blaCTX-M-2",0
"CNS1F3","blaCTX-M-2",0
"CAAYSI","blaCTX-M-2",0
"CIV141E6","blaCTX-M-2",0
"CIV140U1","blaCTX-M-2",0
"CIV140E4","blaCTX-M-2",0
"CIV143E4","blaCTX-M-2",0
"CIV144E6","blaCTX-M-2",0
"CIV13YE8","blaCTX-M-2",0
"CIV144U1","blaCTX-M-2",0
"BKRMVD","blaCTX-M-2",0
"CAAXBN","blaCTX-M-2",0
"44341_3_165","blaCTX-M-2",0
"ERR10113269","blaCTX-M-2",0
"ERR6752971","blaCTX-M-2",0
"ERR5751227","blaCTX-M-2",0
"ERR12142619","blaCTX-M-2",0
"ERR9976609","blaCTX-M-2",0
"ERR11219800","blaCTX-M-2",0
"ERR9079830","blaCTX-M-2",0
"ERR10880116","blaCTX-M-2",0
"ERR5751304","blaCTX-M-2",0
"ERR6806714","blaCTX-M-2",0
"ERR11872767","blaCTX-M-2",0
"ERR10176869","blaCTX-M-2",0
"ERR10880230","blaCTX-M-2",0
"ERR11453719","blaCTX-M-2",0
"ERR10880157","blaCTX-M-2",0
"ERR6752889","blaCTX-M-2",0
"ERR9288143","blaCTX-M-2",0
"ERR6806632","blaCTX-M-2",0
"ERR9288082","blaCTX-M-2",0
"ERR6806600","blaCTX-M-2",0
"ERR9420153","blaCTX-M-2",0
"ERR10117717","blaCTX-M-2",0
"ERR10109274","blaCTX-M-2",0
"ERR10880183","blaCTX-M-2",0
"ERR10880311","blaCTX-M-2",0
"ERR11420238","blaCTX-M-2",0
"ERR11437918","blaCTX-M-2",0
"ERR11807709","blaCTX-M-2",0
"ERR12146144","blaCTX-M-2",0
"ERR10109277","blaCTX-M-2",0
"ERR10087013","blaCTX-M-2",0
"ERR11219811","blaCTX-M-2",0
"ERR9966386","blaCTX-M-2",0
"ERR12259395","blaCTX-M-2",0
"ERR12091513","blaCTX-M-2",0
"ERR10125140","blaCTX-M-2",0
"ERR10949303","blaCTX-M-2",0
"ERR11810274","blaCTX-M-2",0
"ERR9785512","blaCTX-M-2",0
"ERR10176866","blaCTX-M-2",0
"ERR10460687","blaCTX-M-2",0
"ERR12078573","blaCTX-M-2",0
"ERR12165616","blaCTX-M-2",0
"ERR10880377","blaCTX-M-2",0
"ERR10460887","blaCTX-M-2",0
"ERR10880335","blaCTX-M-2",0
"ERR10880156","blaCTX-M-2",0
"ERR10088105","blaCTX-M-2",0
"ERR12321284","blaCTX-M-2",0
"ERR9966388","blaCTX-M-2",0
"ERR12495485","blaCTX-M-2",0
"ERR12312692","blaCTX-M-2",0
"ERR12312689","blaCTX-M-2",0
"ERR12312688","blaCTX-M-2",0
"ERR11201827","blaCTX-M-2",0
"ERR10088101","blaCTX-M-2",0
"ERR10880181","blaCTX-M-2",0
"ERR9820422","blaCTX-M-2",0
"ERR9785510","blaCTX-M-2",0
"ERR11807704","blaCTX-M-2",0
"ERR10109276","blaCTX-M-2",0
"ERR9966389","blaCTX-M-2",0
"ERR9785509","blaCTX-M-2",0
"ERR10087012","blaCTX-M-2",0
"ERR10460483","blaCTX-M-2",0
"ERR9785511","blaCTX-M-2",0
"ERR9079768","blaCTX-M-2",0
"ERR9822149","blaCTX-M-2",0
"ERR9822145","blaCTX-M-2",0
"ERR9822146","blaCTX-M-2",0
"ERR10176872","blaCTX-M-2",0
"ERR10460765","blaCTX-M-2",0
"ERR10109275","blaCTX-M-2",0
"ERR9966390","blaCTX-M-2",0
"ERR10123168","blaCTX-M-2",0
"ERR10123167","blaCTX-M-2",0
"ERR9966387","blaCTX-M-2",0
"ERR10949310","blaCTX-M-2",0
"ERR10460875","blaCTX-M-2",0
"ERR10109255","blaCTX-M-2",0
"ERR9822151","blaCTX-M-2",0
"ERR10088102","blaCTX-M-2",0
"ERR10088104","blaCTX-M-2",0
"ERR10026000","blaCTX-M-2",0
"ERR9822144","blaCTX-M-2",0
"ERR11896635","blaCTX-M-2",0
"ERR12552381","blaCTX-M-2",0
"ERR12552377","blaCTX-M-2",0
"ERR9079508","blaCTX-M-2",0
"ERR7197757","blaCTX-M-2",0
"ERR6806028","blaCTX-M-2",0
"ERR11455881","blaCTX-M-2",0
"ERR4451478","blaCTX-M-2",0
"ERR10880424","blaCTX-M-2",0
"ERR12067334","blaCTX-M-2",0
"ERR12302226","blaCTX-M-2",0
"ERR12552384","blaCTX-M-2",0
"ERR10123158","blaCTX-M-2",0
"ERR5751308","blaCTX-M-2",0
"ERR4399358","blaCTX-M-2",0
"ERR4399957","blaCTX-M-2",0
"ERR4399362","blaCTX-M-2",0
"SRR13833609","blaCTX-M-2",0
"ERR6806726","blaCTX-M-2",0
"ERR10460902","blaCTX-M-2",0
"ERR10460856","blaCTX-M-2",0
"ERR6806075","blaCTX-M-2",0
"ERR10176870","blaCTX-M-2",0
"ERR12078572","blaCTX-M-2",0
"ERR11747320","blaCTX-M-2",0
"ERR12495482","blaCTX-M-2",0
"ERR9924209","blaCTX-M-2",0
"ERR5751726","blaCTX-M-2",0
"ERR6806512","blaCTX-M-2",0
"ERR6806317","blaCTX-M-2",0
"ERR12067371","blaCTX-M-2",0
"ERR6806125","blaCTX-M-2",0
"ERR5751296","blaCTX-M-2",0
"ERR4451427","blaCTX-M-2",0
"SRR9273829","blaCTX-M-2",0
"ERR6752863","blaCTX-M-2",0
"ERR12321280","blaCTX-M-2",0
"ERR9692774","blaCTX-M-2",0
"ERR6805998","blaCTX-M-2",0
"ERR6806833","blaCTX-M-2",0
"ERR6806749","blaCTX-M-2",0
"ERR6806776","blaCTX-M-2",0
"ERR5750995","blaCTX-M-2",0
"ERR6806255","blaCTX-M-2",0
"ERR6805990","blaCTX-M-2",0
"ERR11747325","blaCTX-M-2",0
"ERR11502778","blaCTX-M-2",0
"ERR7197834","blaCTX-M-2",0
"ERR9079758","blaCTX-M-2",0
"ERR12321281","blaCTX-M-2",0
"ERR12142634","blaCTX-M-2",0
"ERR12067314","blaCTX-M-2",0
"ERR12321282","blaCTX-M-2",0
"ERR12080226","blaCTX-M-2",0
"ERR12321283","blaCTX-M-2",0
"ERR6753111","blaCTX-M-2",0
"ERR6806796","blaCTX-M-2",0
"ERR6806789","blaCTX-M-2",0
"ERR9971918","blaCTX-M-2",0
"ERR7197741","blaCTX-M-2",0
"ERR5751808","blaCTX-M-2",0
"ERR10438737","blaCTX-M-2",0
"CLL6CH","blaCTX-M-2",0
"CAARE3","blaCTX-M-2",0
"CAAQXB","blaCTX-M-2",0
"CAAR9T","blaCTX-M-2",0
"CAAQUT","blaCTX-M-2",0
"CNSFP4","blaCTX-M-2",0
"CNSDXZ","blaCTX-M-2",0
"CAAP2A","blaCTX-M-2",0
"44341_3_268","blaCTX-M-2",0
"44341_3_280","blaCTX-M-2",0
"44341_3_262","blaCTX-M-2",0
"44341_3_265","blaCTX-M-2",0
"44341_4_286","blaCTX-M-2",0
"CAAYDF","blaCTX-M-2",0
"CLL3JA","blaCTX-M-2",0
"ERR9941258","blaCTX-M-2",0
"CNSLL4","blaCTX-M-2",0
"CNSKFP","blaCTX-M-2",0
"CNSP0U","blaSHV-5",0
"ERR9929342","blaSHV-5",0
"ERR9966382","blaSHV-5",0
"CNS6QU","blaSHV-5",0
"CNS7YP","blaSHV-5",0
"BKRRIF","blaSHV-5",0
"44341_3_96","blaSHV-5",0
"44341_3_21","blaSHV-5",0
"CIV13VE5","blaSHV-5",0
"CIU149H1","blaSHV-5",0
"CIV146E8","blaSHV-5",0
"CIU13XS1","blaSHV-5",0
"CIV140E6","blaSHV-5",0
"CIV140E1","blaSHV-5",0
"CIT15GH1","blaSHV-5",0
"CIV13XE5","blaSHV-5",0
"CIV13YE6","blaSHV-5",0
"CIS15MR1","blaSHV-5",0
"CIV13UE4","blaSHV-5",0
"CAAXQV","blaSHV-5",0
"CIV140E7","blaSHV-5",0
"CIS15HB1","blaSHV-5",0
"CIV13RE2","blaSHV-5",0
"CIT15GS1","blaSHV-5",0
"CIV142E6","blaSHV-5",0
"44341_4_275","blaSHV-5",0
"44341_3_310","blaSHV-5",0
"CIU145B1","blaSHV-5",0
"CIV143E2","blaSHV-5",0
"CIT15FH1","blaSHV-5",0
"CIV147E3","blaSHV-5",0
"CIT15EB1","blaSHV-5",0
"CIV13PE7","blaSHV-5",0
"CIV13XE8","blaSHV-5",0
"44341_3_304","blaSHV-5",0
"44341_3_305","blaSHV-5",0
"44341_3_281","blaSHV-5",0
"44341_3_136","blaSHV-5",0
"44341_3_128","blaSHV-5",0
"44341_3_131","blaSHV-5",0
"CIT159B1","blaSHV-5",0
"CIS153C1","blaSHV-5",0
"CIV13XE2","blaSHV-5",0
"CIT15FB1","blaSHV-5",0
"CIV13XU1","blaSHV-5",0
"CIV143U1","blaSHV-5",0
"CIV143E9","blaSHV-5",0
"CNS1F3","blaSHV-5",0
"CAAYSI","blaSHV-5",0
"CIV141E6","blaSHV-5",0
"CIV140U1","blaSHV-5",0
"CIV140E4","blaSHV-5",0
"CIV143E4","blaSHV-5",0
"CIV144E6","blaSHV-5",0
"CIV13YE8","blaSHV-5",0
"CIV144U1","blaSHV-5",0
"BKRMVD","blaSHV-5",0
"CAAXBN","blaSHV-5",0
"44341_3_165","blaSHV-5",0
"ERR10113269","blaSHV-5",0
"ERR6752971","blaSHV-5",0
"ERR5751227","blaSHV-5",0
"ERR12142619","blaSHV-5",0
"ERR9976609","blaSHV-5",0
"ERR11219800","blaSHV-5",0
"ERR9079830","blaSHV-5",0
"ERR10880116","blaSHV-5",0
"ERR5751304","blaSHV-5",0
"ERR6806714","blaSHV-5",0
"ERR11872767","blaSHV-5",0
"ERR10176869","blaSHV-5",0
"ERR10880230","blaSHV-5",0
"ERR11453719","blaSHV-5",0
"ERR10880157","blaSHV-5",0
"ERR6752889","blaSHV-5",0
"ERR9288143","blaSHV-5",0
"ERR6806632","blaSHV-5",0
"ERR9288082","blaSHV-5",0
"ERR6806600","blaSHV-5",0
"ERR9420153","blaSHV-5",0
"ERR10117717","blaSHV-5",0
"ERR10109274","blaSHV-5",0
"ERR10880183","blaSHV-5",0
"ERR10880311","blaSHV-5",0
"ERR11420238","blaSHV-5",0
"ERR11437918","blaSHV-5",0
"ERR11807709","blaSHV-5",0
"ERR12146144","blaSHV-5",0
"ERR10109277","blaSHV-5",0
"ERR10087013","blaSHV-5",0
"ERR11219811","blaSHV-5",0
"ERR9966386","blaSHV-5",0
"ERR12259395","blaSHV-5",0
"ERR12091513","blaSHV-5",0
"ERR10125140","blaSHV-5",0
"ERR10949303","blaSHV-5",0
"ERR11810274","blaSHV-5",0
"ERR9785512","blaSHV-5",0
"ERR10176866","blaSHV-5",0
"ERR10460687","blaSHV-5",0
"ERR12078573","blaSHV-5",0
"ERR12165616","blaSHV-5",0
"ERR10880377","blaSHV-5",0
"ERR10460887","blaSHV-5",0
"ERR10880335","blaSHV-5",0
"ERR10880156","blaSHV-5",0
"ERR10088105","blaSHV-5",0
"ERR12321284","blaSHV-5",0
"ERR9966388","blaSHV-5",0
"ERR12495485","blaSHV-5",0
"ERR12312692","blaSHV-5",0
"ERR12312689","blaSHV-5",0
"ERR12312688","blaSHV-5",0
"ERR11201827","blaSHV-5",0
"ERR10088101","blaSHV-5",0
"ERR10880181","blaSHV-5",0
"ERR9820422","blaSHV-5",0
"ERR9785510","blaSHV-5",0
"ERR11807704","blaSHV-5",0
"ERR10109276","blaSHV-5",0
"ERR9966389","blaSHV-5",0
"ERR9785509","blaSHV-5",0
"ERR10087012","blaSHV-5",0
"ERR10460483","blaSHV-5",0
"ERR9785511","blaSHV-5",0
"ERR9079768","blaSHV-5",0
"ERR9822149","blaSHV-5",0
"ERR9822145","blaSHV-5",0
"ERR9822146","blaSHV-5",0
"ERR10176872","blaSHV-5",0
"ERR10460765","blaSHV-5",0
"ERR10109275","blaSHV-5",0
"ERR9966390","blaSHV-5",0
"ERR10123168","blaSHV-5",0
"ERR10123167","blaSHV-5",0
"ERR9966387","blaSHV-5",0
"ERR10949310","blaSHV-5",0
"ERR10460875","blaSHV-5",0
"ERR10109255","blaSHV-5",0
"ERR9822151","blaSHV-5",0
"ERR10088102","blaSHV-5",0
"ERR10088104","blaSHV-5",0
"ERR10026000","blaSHV-5",0
"ERR9822144","blaSHV-5",0
"ERR11896635","blaSHV-5",0
"ERR12552381","blaSHV-5",0
"ERR12552377","blaSHV-5",0
"ERR9079508","blaSHV-5",0
"ERR7197757","blaSHV-5",0
"ERR6806028","blaSHV-5",0
"ERR11455881","blaSHV-5",0
"ERR4451478","blaSHV-5",0
"ERR10880424","blaSHV-5",0
"ERR12067334","blaSHV-5",0
"ERR12302226","blaSHV-5",0
"ERR12552384","blaSHV-5",0
"ERR10123158","blaSHV-5",0
"ERR5751308","blaSHV-5",0
"ERR4399358","blaSHV-5",1
"ERR4399957","blaSHV-5",1
"ERR4399362","blaSHV-5",0
"SRR13833609","blaSHV-5",0
"ERR6806726","blaSHV-5",0
"ERR10460902","blaSHV-5",0
"ERR10460856","blaSHV-5",0
"ERR6806075","blaSHV-5",0
"ERR10176870","blaSHV-5",0
"ERR12078572","blaSHV-5",0
"ERR11747320","blaSHV-5",0
"ERR12495482","blaSHV-5",0
"ERR9924209","blaSHV-5",0
"ERR5751726","blaSHV-5",0
"ERR6806512","blaSHV-5",0
"ERR6806317","blaSHV-5",0
"ERR12067371","blaSHV-5",0
"ERR6806125","blaSHV-5",0
"ERR5751296","blaSHV-5",0
"ERR4451427","blaSHV-5",0
"SRR9273829","blaSHV-5",0
"ERR6752863","blaSHV-5",0
"ERR12321280","blaSHV-5",0
"ERR9692774","blaSHV-5",0
"ERR6805998","blaSHV-5",0
"ERR6806833","blaSHV-5",0
"ERR6806749","blaSHV-5",0
"ERR6806776","blaSHV-5",0
"ERR5750995","blaSHV-5",0
"ERR6806255","blaSHV-5",0
"ERR6805990","blaSHV-5",0
"ERR11747325","blaSHV-5",0
"ERR11502778","blaSHV-5",0
"ERR7197834","blaSHV-5",0
"ERR9079758","blaSHV-5",0
"ERR12321281","blaSHV-5",0
"ERR12142634","blaSHV-5",0
"ERR12067314","blaSHV-5",0
"ERR12321282","blaSHV-5",0
"ERR12080226","blaSHV-5",0
"ERR12321283","blaSHV-5",0
"ERR6753111","blaSHV-5",0
"ERR6806796","blaSHV-5",0
"ERR6806789","blaSHV-5",0
"ERR9971918","blaSHV-5",0
"ERR7197741","blaSHV-5",0
"ERR5751808","blaSHV-5",0
"ERR10438737","blaSHV-5",0
"CLL6CH","blaSHV-5",0
"CAARE3","blaSHV-5",0
"CAAQXB","blaSHV-5",0
"CAAR9T","blaSHV-5",0
"CAAQUT","blaSHV-5",0
"CNSFP4","blaSHV-5",0
"CNSDXZ","blaSHV-5",0
"CAAP2A","blaSHV-5",0
"44341_3_268","blaSHV-5",0
"44341_3_280","blaSHV-5",0
"44341_3_262","blaSHV-5",0
"44341_3_265","blaSHV-5",0
"44341_4_286","blaSHV-5",0
"CAAYDF","blaSHV-5",0
"CLL3JA","blaSHV-5",0
"ERR9941258","blaSHV-5",0
"CNSLL4","blaSHV-5",0
"CNSKFP","blaSHV-5",0
"CNSP0U","blaTEM-131",0
"ERR9929342","blaTEM-131",0
"ERR9966382","blaTEM-131",0
"CNS6QU","blaTEM-131",0
"CNS7YP","blaTEM-131",0
"BKRRIF","blaTEM-131",0
"44341_3_96","blaTEM-131",0
"44341_3_21","blaTEM-131",0
"CIV13VE5","blaTEM-131",0
"CIU149H1","blaTEM-131",0
"CIV146E8","blaTEM-131",0
"CIU13XS1","blaTEM-131",0
"CIV140E6","blaTEM-131",0
"CIV140E1","blaTEM-131",0
"CIT15GH1","blaTEM-131",0
"CIV13XE5","blaTEM-131",0
"CIV13YE6","blaTEM-131",0
"CIS15MR1","blaTEM-131",0
"CIV13UE4","blaTEM-131",0
"CAAXQV","blaTEM-131",0
"CIV140E7","blaTEM-131",0
"CIS15HB1","blaTEM-131",0
"CIV13RE2","blaTEM-131",0
"CIT15GS1","blaTEM-131",0
"CIV142E6","blaTEM-131",0
"44341_4_275","blaTEM-131",0
"44341_3_310","blaTEM-131",0
"CIU145B1","blaTEM-131",0
"CIV143E2","blaTEM-131",0
"CIT15FH1","blaTEM-131",0
"CIV147E3","blaTEM-131",0
"CIT15EB1","blaTEM-131",0
"CIV13PE7","blaTEM-131",0
"CIV13XE8","blaTEM-131",0
"44341_3_304","blaTEM-131",0
"44341_3_305","blaTEM-131",0
"44341_3_281","blaTEM-131",0
"44341_3_136","blaTEM-131",0
"44341_3_128","blaTEM-131",0
"44341_3_131","blaTEM-131",0
"CIT159B1","blaTEM-131",0
"CIS153C1","blaTEM-131",0
"CIV13XE2","blaTEM-131",0
"CIT15FB1","blaTEM-131",0
"CIV13XU1","blaTEM-131",0
"CIV143U1","blaTEM-131",0
"CIV143E9","blaTEM-131",0
"CNS1F3","blaTEM-131",0
"CAAYSI","blaTEM-131",0
"CIV141E6","blaTEM-131",0
"CIV140U1","blaTEM-131",0
"CIV140E4","blaTEM-131",0
"CIV143E4","blaTEM-131",0
"CIV144E6","blaTEM-131",0
"CIV13YE8","blaTEM-131",0
"CIV144U1","blaTEM-131",0
"BKRMVD","blaTEM-131",0
"CAAXBN","blaTEM-131",0
"44341_3_165","blaTEM-131",0
"ERR10113269","blaTEM-131",0
"ERR6752971","blaTEM-131",0
"ERR5751227","blaTEM-131",0
"ERR12142619","blaTEM-131",0
"ERR9976609","blaTEM-131",0
"ERR11219800","blaTEM-131",0
"ERR9079830","blaTEM-131",0
"ERR10880116","blaTEM-131",0
"ERR5751304","blaTEM-131",0
"ERR6806714","blaTEM-131",0
"ERR11872767","blaTEM-131",0
"ERR10176869","blaTEM-131",0
"ERR10880230","blaTEM-131",0
"ERR11453719","blaTEM-131",0
"ERR10880157","blaTEM-131",0
"ERR6752889","blaTEM-131",0
"ERR9288143","blaTEM-131",0
"ERR6806632","blaTEM-131",0
"ERR9288082","blaTEM-131",0
"ERR6806600","blaTEM-131",0
"ERR9420153","blaTEM-131",0
"ERR10117717","blaTEM-131",0
"ERR10109274","blaTEM-131",0
"ERR10880183","blaTEM-131",0
"ERR10880311","blaTEM-131",0
"ERR11420238","blaTEM-131",0
"ERR11437918","blaTEM-131",0
"ERR11807709","blaTEM-131",0
"ERR12146144","blaTEM-131",0
"ERR10109277","blaTEM-131",0
"ERR10087013","blaTEM-131",0
"ERR11219811","blaTEM-131",0
"ERR9966386","blaTEM-131",0
"ERR12259395","blaTEM-131",0
"ERR12091513","blaTEM-131",0
"ERR10125140","blaTEM-131",0
"ERR10949303","blaTEM-131",0
"ERR11810274","blaTEM-131",0
"ERR9785512","blaTEM-131",0
"ERR10176866","blaTEM-131",0
"ERR10460687","blaTEM-131",0
"ERR12078573","blaTEM-131",0
"ERR12165616","blaTEM-131",0
"ERR10880377","blaTEM-131",0
"ERR10460887","blaTEM-131",0
"ERR10880335","blaTEM-131",0
"ERR10880156","blaTEM-131",0
"ERR10088105","blaTEM-131",0
"ERR12321284","blaTEM-131",0
"ERR9966388","blaTEM-131",0
"ERR12495485","blaTEM-131",0
"ERR12312692","blaTEM-131",0
"ERR12312689","blaTEM-131",0
"ERR12312688","blaTEM-131",0
"ERR11201827","blaTEM-131",0
"ERR10088101","blaTEM-131",0
"ERR10880181","blaTEM-131",0
"ERR9820422","blaTEM-131",0
"ERR9785510","blaTEM-131",0
"ERR11807704","blaTEM-131",0
"ERR10109276","blaTEM-131",0
"ERR9966389","blaTEM-131",0
"ERR9785509","blaTEM-131",0
"ERR10087012","blaTEM-131",0
"ERR10460483","blaTEM-131",0
"ERR9785511","blaTEM-131",0
"ERR9079768","blaTEM-131",0
"ERR9822149","blaTEM-131",0
"ERR9822145","blaTEM-131",0
"ERR9822146","blaTEM-131",0
"ERR10176872","blaTEM-131",0
"ERR10460765","blaTEM-131",0
"ERR10109275","blaTEM-131",0
"ERR9966390","blaTEM-131",0
"ERR10123168","blaTEM-131",0
"ERR10123167","blaTEM-131",0
"ERR9966387","blaTEM-131",0
"ERR10949310","blaTEM-131",0
"ERR10460875","blaTEM-131",0
"ERR10109255","blaTEM-131",0
"ERR9822151","blaTEM-131",0
"ERR10088102","blaTEM-131",0
"ERR10088104","blaTEM-131",0
"ERR10026000","blaTEM-131",0
"ERR9822144","blaTEM-131",0
"ERR11896635","blaTEM-131",0
"ERR12552381","blaTEM-131",0
"ERR12552377","blaTEM-131",0
"ERR9079508","blaTEM-131",0
"ERR7197757","blaTEM-131",0
"ERR6806028","blaTEM-131",0
"ERR11455881","blaTEM-131",0
"ERR4451478","blaTEM-131",0
"ERR10880424","blaTEM-131",0
"ERR12067334","blaTEM-131",0
"ERR12302226","blaTEM-131",0
"ERR12552384","blaTEM-131",0
"ERR10123158","blaTEM-131",0
"ERR5751308","blaTEM-131",0
"ERR4399358","blaTEM-131",1
"ERR4399957","blaTEM-131",1
"ERR4399362","blaTEM-131",1
"SRR13833609","blaTEM-131",0
"ERR6806726","blaTEM-131",0
"ERR10460902","blaTEM-131",0
"ERR10460856","blaTEM-131",0
"ERR6806075","blaTEM-131",0
"ERR10176870","blaTEM-131",0
"ERR12078572","blaTEM-131",0
"ERR11747320","blaTEM-131",0
"ERR12495482","blaTEM-131",0
"ERR9924209","blaTEM-131",0
"ERR5751726","blaTEM-131",0
"ERR6806512","blaTEM-131",0
"ERR6806317","blaTEM-131",0
"ERR12067371","blaTEM-131",0
"ERR6806125","blaTEM-131",0
"ERR5751296","blaTEM-131",0
"ERR4451427","blaTEM-131",0
"SRR9273829","blaTEM-131",0
"ERR6752863","blaTEM-131",0
"ERR12321280","blaTEM-131",0
"ERR9692774","blaTEM-131",0
"ERR6805998","blaTEM-131",0
"ERR6806833","blaTEM-131",0
"ERR6806749","blaTEM-131",0
"ERR6806776","blaTEM-131",0
"ERR5750995","blaTEM-131",0
"ERR6806255","blaTEM-131",0
"ERR6805990","blaTEM-131",0
"ERR11747325","blaTEM-131",0
"ERR11502778","blaTEM-131",0
"ERR7197834","blaTEM-131",0
"ERR9079758","blaTEM-131",0
"ERR12321281","blaTEM-131",0
"ERR12142634","blaTEM-131",0
"ERR12067314","blaTEM-131",0
"ERR12321282","blaTEM-131",0
"ERR12080226","blaTEM-131",0
"ERR12321283","blaTEM-131",0
"ERR6753111","blaTEM-131",0
"ERR6806796","blaTEM-131",0
"ERR6806789","blaTEM-131",0
"ERR9971918","blaTEM-131",0
"ERR7197741","blaTEM-131",0
"ERR5751808","blaTEM-131",0
"ERR10438737","blaTEM-131",0
"CLL6CH","blaTEM-131",0
"CAARE3","blaTEM-131",0
"CAAQXB","blaTEM-131",0
"CAAR9T","blaTEM-131",0
"CAAQUT","blaTEM-131",0
"CNSFP4","blaTEM-131",0
"CNSDXZ","blaTEM-131",0
"CAAP2A","blaTEM-131",0
"44341_3_268","blaTEM-131",0
"44341_3_280","blaTEM-131",0
"44341_3_262","blaTEM-131",0
"44341_3_265","blaTEM-131",0
"44341_4_286","blaTEM-131",0
"CAAYDF","blaTEM-131",0
"CLL3JA","blaTEM-131",0
"ERR9941258","blaTEM-131",0
"CNSLL4","blaTEM-131",0
"CNSKFP","blaTEM-131",0
"CNSP0U","blaTEM-63",0
"ERR9929342","blaTEM-63",0
"ERR9966382","blaTEM-63",0
"CNS6QU","blaTEM-63",0
"CNS7YP","blaTEM-63",0
"BKRRIF","blaTEM-63",0
"44341_3_96","blaTEM-63",0
"44341_3_21","blaTEM-63",0
"CIV13VE5","blaTEM-63",0
"CIU149H1","blaTEM-63",0
"CIV146E8","blaTEM-63",0
"CIU13XS1","blaTEM-63",0
"CIV140E6","blaTEM-63",0
"CIV140E1","blaTEM-63",0
"CIT15GH1","blaTEM-63",0
"CIV13XE5","blaTEM-63",0
"CIV13YE6","blaTEM-63",0
"CIS15MR1","blaTEM-63",0
"CIV13UE4","blaTEM-63",0
"CAAXQV","blaTEM-63",0
"CIV140E7","blaTEM-63",0
"CIS15HB1","blaTEM-63",0
"CIV13RE2","blaTEM-63",0
"CIT15GS1","blaTEM-63",0
"CIV142E6","blaTEM-63",0
"44341_4_275","blaTEM-63",0
"44341_3_310","blaTEM-63",0
"CIU145B1","blaTEM-63",0
"CIV143E2","blaTEM-63",0
"CIT15FH1","blaTEM-63",0
"CIV147E3","blaTEM-63",0
"CIT15EB1","blaTEM-63",0
"CIV13PE7","blaTEM-63",0
"CIV13XE8","blaTEM-63",0
"44341_3_304","blaTEM-63",0
"44341_3_305","blaTEM-63",0
"44341_3_281","blaTEM-63",0
"44341_3_136","blaTEM-63",0
"44341_3_128","blaTEM-63",0
"44341_3_131","blaTEM-63",0
"CIT159B1","blaTEM-63",0
"CIS153C1","blaTEM-63",0
"CIV13XE2","blaTEM-63",0
"CIT15FB1","blaTEM-63",0
"CIV13XU1","blaTEM-63",0
"CIV143U1","blaTEM-63",0
"CIV143E9","blaTEM-63",0
"CNS1F3","blaTEM-63",0
"CAAYSI","blaTEM-63",0
"CIV141E6","blaTEM-63",0
"CIV140U1","blaTEM-63",0
"CIV140E4","blaTEM-63",0
"CIV143E4","blaTEM-63",0
"CIV144E6","blaTEM-63",0
"CIV13YE8","blaTEM-63",0
"CIV144U1","blaTEM-63",0
"BKRMVD","blaTEM-63",0
"CAAXBN","blaTEM-63",0
"44341_3_165","blaTEM-63",0
"ERR10113269","blaTEM-63",0
"ERR6752971","blaTEM-63",0
"ERR5751227","blaTEM-63",0
"ERR12142619","blaTEM-63",0
"ERR9976609","blaTEM-63",0
"ERR11219800","blaTEM-63",0
"ERR9079830","blaTEM-63",0
"ERR10880116","blaTEM-63",0
"ERR5751304","blaTEM-63",0
"ERR6806714","blaTEM-63",0
"ERR11872767","blaTEM-63",0
"ERR10176869","blaTEM-63",0
"ERR10880230","blaTEM-63",0
"ERR11453719","blaTEM-63",0
"ERR10880157","blaTEM-63",0
"ERR6752889","blaTEM-63",0
"ERR9288143","blaTEM-63",0
"ERR6806632","blaTEM-63",0
"ERR9288082","blaTEM-63",0
"ERR6806600","blaTEM-63",0
"ERR9420153","blaTEM-63",0
"ERR10117717","blaTEM-63",0
"ERR10109274","blaTEM-63",0
"ERR10880183","blaTEM-63",0
"ERR10880311","blaTEM-63",0
"ERR11420238","blaTEM-63",0
"ERR11437918","blaTEM-63",0
"ERR11807709","blaTEM-63",0
"ERR12146144","blaTEM-63",0
"ERR10109277","blaTEM-63",0
"ERR10087013","blaTEM-63",0
"ERR11219811","blaTEM-63",0
"ERR9966386","blaTEM-63",0
"ERR12259395","blaTEM-63",0
"ERR12091513","blaTEM-63",0
"ERR10125140","blaTEM-63",0
"ERR10949303","blaTEM-63",0
"ERR11810274","blaTEM-63",0
"ERR9785512","blaTEM-63",0
"ERR10176866","blaTEM-63",0
"ERR10460687","blaTEM-63",0
"ERR12078573","blaTEM-63",0
"ERR12165616","blaTEM-63",0
"ERR10880377","blaTEM-63",0
"ERR10460887","blaTEM-63",0
"ERR10880335","blaTEM-63",0
"ERR10880156","blaTEM-63",0
"ERR10088105","blaTEM-63",0
"ERR12321284","blaTEM-63",0
"ERR9966388","blaTEM-63",0
"ERR12495485","blaTEM-63",0
"ERR12312692","blaTEM-63",0
"ERR12312689","blaTEM-63",0
"ERR12312688","blaTEM-63",0
"ERR11201827","blaTEM-63",0
"ERR10088101","blaTEM-63",0
"ERR10880181","blaTEM-63",0
"ERR9820422","blaTEM-63",0
"ERR9785510","blaTEM-63",0
"ERR11807704","blaTEM-63",0
"ERR10109276","blaTEM-63",0
"ERR9966389","blaTEM-63",0
"ERR9785509","blaTEM-63",0
"ERR10087012","blaTEM-63",0
"ERR10460483","blaTEM-63",0
"ERR9785511","blaTEM-63",0
"ERR9079768","blaTEM-63",0
"ERR9822149","blaTEM-63",0
"ERR9822145","blaTEM-63",0
"ERR9822146","blaTEM-63",0
"ERR10176872","blaTEM-63",0
"ERR10460765","blaTEM-63",0
"ERR10109275","blaTEM-63",0
"ERR9966390","blaTEM-63",0
"ERR10123168","blaTEM-63",0
"ERR10123167","blaTEM-63",0
"ERR9966387","blaTEM-63",0
"ERR10949310","blaTEM-63",0
"ERR10460875","blaTEM-63",0
"ERR10109255","blaTEM-63",0
"ERR9822151","blaTEM-63",0
"ERR10088102","blaTEM-63",0
"ERR10088104","blaTEM-63",0
"ERR10026000","blaTEM-63",0
"ERR9822144","blaTEM-63",0
"ERR11896635","blaTEM-63",0
"ERR12552381","blaTEM-63",0
"ERR12552377","blaTEM-63",0
"ERR9079508","blaTEM-63",0
"ERR7197757","blaTEM-63",0
"ERR6806028","blaTEM-63",0
"ERR11455881","blaTEM-63",0
"ERR4451478","blaTEM-63",0
"ERR10880424","blaTEM-63",0
"ERR12067334","blaTEM-63",0
"ERR12302226","blaTEM-63",0
"ERR12552384","blaTEM-63",0
"ERR10123158","blaTEM-63",0
"ERR5751308","blaTEM-63",1
"ERR4399358","blaTEM-63",0
"ERR4399957","blaTEM-63",0
"ERR4399362","blaTEM-63",0
"SRR13833609","blaTEM-63",0
"ERR6806726","blaTEM-63",0
"ERR10460902","blaTEM-63",0
"ERR10460856","blaTEM-63",0
"ERR6806075","blaTEM-63",0
"ERR10176870","blaTEM-63",0
"ERR12078572","blaTEM-63",0
"ERR11747320","blaTEM-63",0
"ERR12495482","blaTEM-63",0
"ERR9924209","blaTEM-63",0
"ERR5751726","blaTEM-63",0
"ERR6806512","blaTEM-63",0
"ERR6806317","blaTEM-63",0
"ERR12067371","blaTEM-63",0
"ERR6806125","blaTEM-63",0
"ERR5751296","blaTEM-63",0
"ERR4451427","blaTEM-63",0
"SRR9273829","blaTEM-63",0
"ERR6752863","blaTEM-63",0
"ERR12321280","blaTEM-63",0
"ERR9692774","blaTEM-63",0
"ERR6805998","blaTEM-63",0
"ERR6806833","blaTEM-63",0
"ERR6806749","blaTEM-63",0
"ERR6806776","blaTEM-63",0
"ERR5750995","blaTEM-63",0
"ERR6806255","blaTEM-63",0
"ERR6805990","blaTEM-63",0
"ERR11747325","blaTEM-63",0
"ERR11502778","blaTEM-63",0
"ERR7197834","blaTEM-63",0
"ERR9079758","blaTEM-63",0
"ERR12321281","blaTEM-63",0
"ERR12142634","blaTEM-63",0
"ERR12067314","blaTEM-63",0
"ERR12321282","blaTEM-63",0
"ERR12080226","blaTEM-63",0
"ERR12321283","blaTEM-63",0
"ERR6753111","blaTEM-63",0
"ERR6806796","blaTEM-63",0
"ERR6806789","blaTEM-63",0
"ERR9971918","blaTEM-63",0
"ERR7197741","blaTEM-63",0
"ERR5751808","blaTEM-63",0
"ERR10438737","blaTEM-63",0
"CLL6CH","blaTEM-63",0
"CAARE3","blaTEM-63",0
"CAAQXB","blaTEM-63",0
"CAAR9T","blaTEM-63",0
"CAAQUT","blaTEM-63",0
"CNSFP4","blaTEM-63",0
"CNSDXZ","blaTEM-63",0
"CAAP2A","blaTEM-63",0
"44341_3_268","blaTEM-63",0
"44341_3_280","blaTEM-63",0
"44341_3_262","blaTEM-63",0
"44341_3_265","blaTEM-63",0
"44341_4_286","blaTEM-63",0
"CAAYDF","blaTEM-63",0
"CLL3JA","blaTEM-63",0
"ERR9941258","blaTEM-63",0
"CNSLL4","blaTEM-63",0
"CNSKFP","blaTEM-63",0
"CNSP0U","qnrB",0
"ERR9929342","qnrB",0
"ERR9966382","qnrB",0
"CNS6QU","qnrB",0
"CNS7YP","qnrB",0
"BKRRIF","qnrB",0
"44341_3_96","qnrB",0
"44341_3_21","qnrB",0
"CIV13VE5","qnrB",0
"CIU149H1","qnrB",0
"CIV146E8","qnrB",0
"CIU13XS1","qnrB",0
"CIV140E6","qnrB",0
"CIV140E1","qnrB",0
"CIT15GH1","qnrB",0
"CIV13XE5","qnrB",0
"CIV13YE6","qnrB",0
"CIS15MR1","qnrB",0
"CIV13UE4","qnrB",0
"CAAXQV","qnrB",0
"CIV140E7","qnrB",0
"CIS15HB1","qnrB",0
"CIV13RE2","qnrB",0
"CIT15GS1","qnrB",0
"CIV142E6","qnrB",0
"44341_4_275","qnrB",0
"44341_3_310","qnrB",0
"CIU145B1","qnrB",0
"CIV143E2","qnrB",0
"CIT15FH1","qnrB",0
"CIV147E3","qnrB",0
"CIT15EB1","qnrB",0
"CIV13PE7","qnrB",0
"CIV13XE8","qnrB",0
"44341_3_304","qnrB",0
"44341_3_305","qnrB",0
"44341_3_281","qnrB",0
"44341_3_136","qnrB",0
"44341_3_128","qnrB",0
"44341_3_131","qnrB",0
"CIT159B1","qnrB",0
"CIS153C1","qnrB",0
"CIV13XE2","qnrB",0
"CIT15FB1","qnrB",0
"CIV13XU1","qnrB",0
"CIV143U1","qnrB",0
"CIV143E9","qnrB",0
"CNS1F3","qnrB",0
"CAAYSI","qnrB",0
"CIV141E6","qnrB",0
"CIV140U1","qnrB",0
"CIV140E4","qnrB",0
"CIV143E4","qnrB",0
"CIV144E6","qnrB",0
"CIV13YE8","qnrB",0
"CIV144U1","qnrB",0
"BKRMVD","qnrB",0
"CAAXBN","qnrB",0
"44341_3_165","qnrB",0
"ERR10113269","qnrB",0
"ERR6752971","qnrB",0
"ERR5751227","qnrB",0
"ERR12142619","qnrB",0
"ERR9976609","qnrB",0
"ERR11219800","qnrB",0
"ERR9079830","qnrB",0
"ERR10880116","qnrB",0
"ERR5751304","qnrB",0
"ERR6806714","qnrB",0
"ERR11872767","qnrB",0
"ERR10176869","qnrB",0
"ERR10880230","qnrB",0
"ERR11453719","qnrB",0
"ERR10880157","qnrB",0
"ERR6752889","qnrB",0
"ERR9288143","qnrB",0
"ERR6806632","qnrB",0
"ERR9288082","qnrB",0
"ERR6806600","qnrB",0
"ERR9420153","qnrB",0
"ERR10117717","qnrB",0
"ERR10109274","qnrB",0
"ERR10880183","qnrB",0
"ERR10880311","qnrB",0
"ERR11420238","qnrB",0
"ERR11437918","qnrB",0
"ERR11807709","qnrB",0
"ERR12146144","qnrB",0
"ERR10109277","qnrB",0
"ERR10087013","qnrB",0
"ERR11219811","qnrB",0
"ERR9966386","qnrB",0
"ERR12259395","qnrB",0
"ERR12091513","qnrB",0
"ERR10125140","qnrB",0
"ERR10949303","qnrB",0
"ERR11810274","qnrB",0
"ERR9785512","qnrB",0
"ERR10176866","qnrB",0
"ERR10460687","qnrB",0
"ERR12078573","qnrB",0
"ERR12165616","qnrB",0
"ERR10880377","qnrB",0
"ERR10460887","qnrB",0
"ERR10880335","qnrB",0
"ERR10880156","qnrB",0
"ERR10088105","qnrB",0
"ERR12321284","qnrB",0
"ERR9966388","qnrB",0
"ERR12495485","qnrB",0
"ERR12312692","qnrB",0
"ERR12312689","qnrB",0
"ERR12312688","qnrB",0
"ERR11201827","qnrB",0
"ERR10088101","qnrB",0
"ERR10880181","qnrB",0
"ERR9820422","qnrB",0
"ERR9785510","qnrB",0
"ERR11807704","qnrB",0
"ERR10109276","qnrB",0
"ERR9966389","qnrB",0
"ERR9785509","qnrB",0
"ERR10087012","qnrB",0
"ERR10460483","qnrB",0
"ERR9785511","qnrB",0
"ERR9079768","qnrB",0
"ERR9822149","qnrB",0
"ERR9822145","qnrB",0
"ERR9822146","qnrB",0
"ERR10176872","qnrB",0
"ERR10460765","qnrB",0
"ERR10109275","qnrB",0
"ERR9966390","qnrB",0
"ERR10123168","qnrB",0
"ERR10123167","qnrB",0
"ERR9966387","qnrB",0
"ERR10949310","qnrB",0
"ERR10460875","qnrB",0
"ERR10109255","qnrB",0
"ERR9822151","qnrB",0
"ERR10088102","qnrB",0
"ERR10088104","qnrB",0
"ERR10026000","qnrB",0
"ERR9822144","qnrB",0
"ERR11896635","qnrB",0
"ERR12552381","qnrB",0
"ERR12552377","qnrB",0
"ERR9079508","qnrB",0
"ERR7197757","qnrB",0
"ERR6806028","qnrB",0
"ERR11455881","qnrB",0
"ERR4451478","qnrB",0
"ERR10880424","qnrB",0
"ERR12067334","qnrB",0
"ERR12302226","qnrB",0
"ERR12552384","qnrB",0
"ERR10123158","qnrB",0
"ERR5751308","qnrB",0
"ERR4399358","qnrB",0
"ERR4399957","qnrB",0
"ERR4399362","qnrB",0
"SRR13833609","qnrB",0
"ERR6806726","qnrB",0
"ERR10460902","qnrB",0
"ERR10460856","qnrB",0
"ERR6806075","qnrB",0
"ERR10176870","qnrB",0
"ERR12078572","qnrB",0
"ERR11747320","qnrB",0
"ERR12495482","qnrB",0
"ERR9924209","qnrB",0
"ERR5751726","qnrB",0
"ERR6806512","qnrB",0
"ERR6806317","qnrB",0
"ERR12067371","qnrB",0
"ERR6806125","qnrB",0
"ERR5751296","qnrB",0
"ERR4451427","qnrB",0
"SRR9273829","qnrB",0
"ERR6752863","qnrB",0
"ERR12321280","qnrB",0
"ERR9692774","qnrB",0
"ERR6805998","qnrB",0
"ERR6806833","qnrB",0
"ERR6806749","qnrB",0
"ERR6806776","qnrB",0
"ERR5750995","qnrB",0
"ERR6806255","qnrB",0
"ERR6805990","qnrB",0
"ERR11747325","qnrB",0
"ERR11502778","qnrB",0
"ERR7197834","qnrB",0
"ERR9079758","qnrB",0
"ERR12321281","qnrB",0
"ERR12142634","qnrB",0
"ERR12067314","qnrB",0
"ERR12321282","qnrB",0
"ERR12080226","qnrB",0
"ERR12321283","qnrB",0
"ERR6753111","qnrB",0
"ERR6806796","qnrB",0
"ERR6806789","qnrB",0
"ERR9971918","qnrB",0
"ERR7197741","qnrB",0
"ERR5751808","qnrB",0
"ERR10438737","qnrB",0
"CLL6CH","qnrB",0
"CAARE3","qnrB",0
"CAAQXB","qnrB",0
"CAAR9T","qnrB",0
"CAAQUT","qnrB",0
"CNSFP4","qnrB",0
"CNSDXZ","qnrB",0
"CAAP2A","qnrB",0
"44341_3_268","qnrB",0
"44341_3_280","qnrB",0
"44341_3_262","qnrB",0
"44341_3_265","qnrB",0
"44341_4_286","qnrB",0
"CAAYDF","qnrB",0
"CLL3JA","qnrB",0
"ERR9941258","qnrB",0
"CNSLL4","qnrB",0
"CNSKFP","qnrB",0
"CNSP0U","qnrB1",1
"ERR9929342","qnrB1",1
"ERR9966382","qnrB1",1
"CNS6QU","qnrB1",1
"CNS7YP","qnrB1",1
"BKRRIF","qnrB1",1
"44341_3_96","qnrB1",0
"44341_3_21","qnrB1",1
"CIV13VE5","qnrB1",1
"CIU149H1","qnrB1",1
"CIV146E8","qnrB1",1
"CIU13XS1","qnrB1",1
"CIV140E6","qnrB1",1
"CIV140E1","qnrB1",1
"CIT15GH1","qnrB1",1
"CIV13XE5","qnrB1",1
"CIV13YE6","qnrB1",1
"CIS15MR1","qnrB1",1
"CIV13UE4","qnrB1",1
"CAAXQV","qnrB1",1
"CIV140E7","qnrB1",1
"CIS15HB1","qnrB1",1
"CIV13RE2","qnrB1",1
"CIT15GS1","qnrB1",1
"CIV142E6","qnrB1",1
"44341_4_275","qnrB1",1
"44341_3_310","qnrB1",1
"CIU145B1","qnrB1",1
"CIV143E2","qnrB1",1
"CIT15FH1","qnrB1",1
"CIV147E3","qnrB1",1
"CIT15EB1","qnrB1",1
"CIV13PE7","qnrB1",1
"CIV13XE8","qnrB1",1
"44341_3_304","qnrB1",1
"44341_3_305","qnrB1",1
"44341_3_281","qnrB1",1
"44341_3_136","qnrB1",1
"44341_3_128","qnrB1",1
"44341_3_131","qnrB1",1
"CIT159B1","qnrB1",1
"CIS153C1","qnrB1",1
"CIV13XE2","qnrB1",1
"CIT15FB1","qnrB1",1
"CIV13XU1","qnrB1",1
"CIV143U1","qnrB1",1
"CIV143E9","qnrB1",1
"CNS1F3","qnrB1",1
"CAAYSI","qnrB1",1
"CIV141E6","qnrB1",1
"CIV140U1","qnrB1",1
"CIV140E4","qnrB1",1
"CIV143E4","qnrB1",1
"CIV144E6","qnrB1",1
"CIV13YE8","qnrB1",1
"CIV144U1","qnrB1",1
"BKRMVD","qnrB1",1
"CAAXBN","qnrB1",1
"44341_3_165","qnrB1",1
"ERR10113269","qnrB1",1
"ERR6752971","qnrB1",1
"ERR5751227","qnrB1",1
"ERR12142619","qnrB1",1
"ERR9976609","qnrB1",1
"ERR11219800","qnrB1",1
"ERR9079830","qnrB1",1
"ERR10880116","qnrB1",1
"ERR5751304","qnrB1",1
"ERR6806714","qnrB1",1
"ERR11872767","qnrB1",1
"ERR10176869","qnrB1",1
"ERR10880230","qnrB1",1
"ERR11453719","qnrB1",1
"ERR10880157","qnrB1",1
"ERR6752889","qnrB1",1
"ERR9288143","qnrB1",1
"ERR6806632","qnrB1",1
"ERR9288082","qnrB1",1
"ERR6806600","qnrB1",1
"ERR9420153","qnrB1",1
"ERR10117717","qnrB1",1
"ERR10109274","qnrB1",1
"ERR10880183","qnrB1",1
"ERR10880311","qnrB1",1
"ERR11420238","qnrB1",1
"ERR11437918","qnrB1",1
"ERR11807709","qnrB1",1
"ERR12146144","qnrB1",1
"ERR10109277","qnrB1",1
"ERR10087013","qnrB1",1
"ERR11219811","qnrB1",1
"ERR9966386","qnrB1",1
"ERR12259395","qnrB1",1
"ERR12091513","qnrB1",1
"ERR10125140","qnrB1",1
"ERR10949303","qnrB1",1
"ERR11810274","qnrB1",1
"ERR9785512","qnrB1",1
"ERR10176866","qnrB1",1
"ERR10460687","qnrB1",1
"ERR12078573","qnrB1",1
"ERR12165616","qnrB1",1
"ERR10880377","qnrB1",0
"ERR10460887","qnrB1",0
"ERR10880335","qnrB1",0
"ERR10880156","qnrB1",0
"ERR10088105","qnrB1",1
"ERR12321284","qnrB1",1
"ERR9966388","qnrB1",1
"ERR12495485","qnrB1",1
"ERR12312692","qnrB1",1
"ERR12312689","qnrB1",1
"ERR12312688","qnrB1",1
"ERR11201827","qnrB1",1
"ERR10088101","qnrB1",1
"ERR10880181","qnrB1",1
"ERR9820422","qnrB1",1
"ERR9785510","qnrB1",1
"ERR11807704","qnrB1",1
"ERR10109276","qnrB1",1
"ERR9966389","qnrB1",1
"ERR9785509","qnrB1",1
"ERR10087012","qnrB1",1
"ERR10460483","qnrB1",0
"ERR9785511","qnrB1",0
"ERR9079768","qnrB1",0
"ERR9822149","qnrB1",1
"ERR9822145","qnrB1",1
"ERR9822146","qnrB1",1
"ERR10176872","qnrB1",1
"ERR10460765","qnrB1",1
"ERR10109275","qnrB1",1
"ERR9966390","qnrB1",1
"ERR10123168","qnrB1",1
"ERR10123167","qnrB1",1
"ERR9966387","qnrB1",1
"ERR10949310","qnrB1",1
"ERR10460875","qnrB1",1
"ERR10109255","qnrB1",1
"ERR9822151","qnrB1",1
"ERR10088102","qnrB1",1
"ERR10088104","qnrB1",1
"ERR10026000","qnrB1",1
"ERR9822144","qnrB1",1
"ERR11896635","qnrB1",1
"ERR12552381","qnrB1",1
"ERR12552377","qnrB1",1
"ERR9079508","qnrB1",1
"ERR7197757","qnrB1",1
"ERR6806028","qnrB1",1
"ERR11455881","qnrB1",1
"ERR4451478","qnrB1",1
"ERR10880424","qnrB1",1
"ERR12067334","qnrB1",1
"ERR12302226","qnrB1",1
"ERR12552384","qnrB1",1
"ERR10123158","qnrB1",1
"ERR5751308","qnrB1",0
"ERR4399358","qnrB1",0
"ERR4399957","qnrB1",0
"ERR4399362","qnrB1",0
"SRR13833609","qnrB1",0
"ERR6806726","qnrB1",1
"ERR10460902","qnrB1",1
"ERR10460856","qnrB1",1
"ERR6806075","qnrB1",0
"ERR10176870","qnrB1",1
"ERR12078572","qnrB1",1
"ERR11747320","qnrB1",1
"ERR12495482","qnrB1",1
"ERR9924209","qnrB1",1
"ERR5751726","qnrB1",0
"ERR6806512","qnrB1",1
"ERR6806317","qnrB1",0
"ERR12067371","qnrB1",1
"ERR6806125","qnrB1",1
"ERR5751296","qnrB1",1
"ERR4451427","qnrB1",1
"SRR9273829","qnrB1",0
"ERR6752863","qnrB1",1
"ERR12321280","qnrB1",1
"ERR9692774","qnrB1",1
"ERR6805998","qnrB1",1
"ERR6806833","qnrB1",1
"ERR6806749","qnrB1",1
"ERR6806776","qnrB1",1
"ERR5750995","qnrB1",1
"ERR6806255","qnrB1",1
"ERR6805990","qnrB1",0
"ERR11747325","qnrB1",1
"ERR11502778","qnrB1",1
"ERR7197834","qnrB1",1
"ERR9079758","qnrB1",1
"ERR12321281","qnrB1",1
"ERR12142634","qnrB1",1
"ERR12067314","qnrB1",1
"ERR12321282","qnrB1",1
"ERR12080226","qnrB1",0
"ERR12321283","qnrB1",1
"ERR6753111","qnrB1",1
"ERR6806796","qnrB1",1
"ERR6806789","qnrB1",1
"ERR9971918","qnrB1",1
"ERR7197741","qnrB1",1
"ERR5751808","qnrB1",1
"ERR10438737","qnrB1",1
"CLL6CH","qnrB1",1
"CAARE3","qnrB1",1
"CAAQXB","qnrB1",1
"CAAR9T","qnrB1",1
"CAAQUT","qnrB1",1
"CNSFP4","qnrB1",0
"CNSDXZ","qnrB1",1
"CAAP2A","qnrB1",1
"44341_3_268","qnrB1",1
"44341_3_280","qnrB1",1
"44341_3_262","qnrB1",1
"44341_3_265","qnrB1",1
"44341_4_286","qnrB1",1
"CAAYDF","qnrB1",1
"CLL3JA","qnrB1",1
"ERR9941258","qnrB1",1
"CNSLL4","qnrB1",1
"CNSKFP","qnrB1",1
"CNSP0U","qnrB19",0
"ERR9929342","qnrB19",0
"ERR9966382","qnrB19",0
"CNS6QU","qnrB19",0
"CNS7YP","qnrB19",0
"BKRRIF","qnrB19",0
"44341_3_96","qnrB19",0
"44341_3_21","qnrB19",0
"CIV13VE5","qnrB19",0
"CIU149H1","qnrB19",0
"CIV146E8","qnrB19",0
"CIU13XS1","qnrB19",0
"CIV140E6","qnrB19",0
"CIV140E1","qnrB19",0
"CIT15GH1","qnrB19",0
"CIV13XE5","qnrB19",0
"CIV13YE6","qnrB19",0
"CIS15MR1","qnrB19",0
"CIV13UE4","qnrB19",0
"CAAXQV","qnrB19",0
"CIV140E7","qnrB19",0
"CIS15HB1","qnrB19",0
"CIV13RE2","qnrB19",0
"CIT15GS1","qnrB19",0
"CIV142E6","qnrB19",0
"44341_4_275","qnrB19",0
"44341_3_310","qnrB19",0
"CIU145B1","qnrB19",0
"CIV143E2","qnrB19",0
"CIT15FH1","qnrB19",0
"CIV147E3","qnrB19",0
"CIT15EB1","qnrB19",0
"CIV13PE7","qnrB19",0
"CIV13XE8","qnrB19",0
"44341_3_304","qnrB19",0
"44341_3_305","qnrB19",0
"44341_3_281","qnrB19",0
"44341_3_136","qnrB19",0
"44341_3_128","qnrB19",0
"44341_3_131","qnrB19",0
"CIT159B1","qnrB19",0
"CIS153C1","qnrB19",0
"CIV13XE2","qnrB19",0
"CIT15FB1","qnrB19",0
"CIV13XU1","qnrB19",0
"CIV143U1","qnrB19",0
"CIV143E9","qnrB19",0
"CNS1F3","qnrB19",0
"CAAYSI","qnrB19",0
"CIV141E6","qnrB19",0
"CIV140U1","qnrB19",0
"CIV140E4","qnrB19",0
"CIV143E4","qnrB19",0
"CIV144E6","qnrB19",0
"CIV13YE8","qnrB19",0
"CIV144U1","qnrB19",0
"BKRMVD","qnrB19",0
"CAAXBN","qnrB19",0
"44341_3_165","qnrB19",0
"ERR10113269","qnrB19",0
"ERR6752971","qnrB19",0
"ERR5751227","qnrB19",0
"ERR12142619","qnrB19",0
"ERR9976609","qnrB19",0
"ERR11219800","qnrB19",0
"ERR9079830","qnrB19",0
"ERR10880116","qnrB19",0
"ERR5751304","qnrB19",0
"ERR6806714","qnrB19",0
"ERR11872767","qnrB19",0
"ERR10176869","qnrB19",0
"ERR10880230","qnrB19",0
"ERR11453719","qnrB19",0
"ERR10880157","qnrB19",0
"ERR6752889","qnrB19",0
"ERR9288143","qnrB19",0
"ERR6806632","qnrB19",0
"ERR9288082","qnrB19",0
"ERR6806600","qnrB19",0
"ERR9420153","qnrB19",0
"ERR10117717","qnrB19",0
"ERR10109274","qnrB19",0
"ERR10880183","qnrB19",0
"ERR10880311","qnrB19",0
"ERR11420238","qnrB19",0
"ERR11437918","qnrB19",0
"ERR11807709","qnrB19",0
"ERR12146144","qnrB19",0
"ERR10109277","qnrB19",0
"ERR10087013","qnrB19",0
"ERR11219811","qnrB19",0
"ERR9966386","qnrB19",0
"ERR12259395","qnrB19",0
"ERR12091513","qnrB19",0
"ERR10125140","qnrB19",0
"ERR10949303","qnrB19",0
"ERR11810274","qnrB19",0
"ERR9785512","qnrB19",0
"ERR10176866","qnrB19",0
"ERR10460687","qnrB19",0
"ERR12078573","qnrB19",0
"ERR12165616","qnrB19",0
"ERR10880377","qnrB19",0
"ERR10460887","qnrB19",0
"ERR10880335","qnrB19",0
"ERR10880156","qnrB19",0
"ERR10088105","qnrB19",0
"ERR12321284","qnrB19",0
"ERR9966388","qnrB19",0
"ERR12495485","qnrB19",0
"ERR12312692","qnrB19",0
"ERR12312689","qnrB19",0
"ERR12312688","qnrB19",0
"ERR11201827","qnrB19",0
"ERR10088101","qnrB19",0
"ERR10880181","qnrB19",0
"ERR9820422","qnrB19",0
"ERR9785510","qnrB19",0
"ERR11807704","qnrB19",0
"ERR10109276","qnrB19",0
"ERR9966389","qnrB19",0
"ERR9785509","qnrB19",0
"ERR10087012","qnrB19",0
"ERR10460483","qnrB19",0
"ERR9785511","qnrB19",0
"ERR9079768","qnrB19",0
"ERR9822149","qnrB19",0
"ERR9822145","qnrB19",0
"ERR9822146","qnrB19",0
"ERR10176872","qnrB19",0
"ERR10460765","qnrB19",0
"ERR10109275","qnrB19",0
"ERR9966390","qnrB19",0
"ERR10123168","qnrB19",0
"ERR10123167","qnrB19",0
"ERR9966387","qnrB19",0
"ERR10949310","qnrB19",0
"ERR10460875","qnrB19",0
"ERR10109255","qnrB19",0
"ERR9822151","qnrB19",0
"ERR10088102","qnrB19",0
"ERR10088104","qnrB19",0
"ERR10026000","qnrB19",0
"ERR9822144","qnrB19",0
"ERR11896635","qnrB19",0
"ERR12552381","qnrB19",0
"ERR12552377","qnrB19",0
"ERR9079508","qnrB19",0
"ERR7197757","qnrB19",0
"ERR6806028","qnrB19",0
"ERR11455881","qnrB19",0
"ERR4451478","qnrB19",0
"ERR10880424","qnrB19",0
"ERR12067334","qnrB19",0
"ERR12302226","qnrB19",0
"ERR12552384","qnrB19",0
"ERR10123158","qnrB19",0
"ERR5751308","qnrB19",0
"ERR4399358","qnrB19",0
"ERR4399957","qnrB19",0
"ERR4399362","qnrB19",0
"SRR13833609","qnrB19",0
"ERR6806726","qnrB19",0
"ERR10460902","qnrB19",0
"ERR10460856","qnrB19",0
"ERR6806075","qnrB19",0
"ERR10176870","qnrB19",0
"ERR12078572","qnrB19",0
"ERR11747320","qnrB19",0
"ERR12495482","qnrB19",0
"ERR9924209","qnrB19",0
"ERR5751726","qnrB19",0
"ERR6806512","qnrB19",0
"ERR6806317","qnrB19",0
"ERR12067371","qnrB19",0
"ERR6806125","qnrB19",0
"ERR5751296","qnrB19",0
"ERR4451427","qnrB19",0
"SRR9273829","qnrB19",0
"ERR6752863","qnrB19",0
"ERR12321280","qnrB19",0
"ERR9692774","qnrB19",0
"ERR6805998","qnrB19",0
"ERR6806833","qnrB19",0
"ERR6806749","qnrB19",0
"ERR6806776","qnrB19",0
"ERR5750995","qnrB19",0
"ERR6806255","qnrB19",0
"ERR6805990","qnrB19",0
"ERR11747325","qnrB19",0
"ERR11502778","qnrB19",0
"ERR7197834","qnrB19",0
"ERR9079758","qnrB19",0
"ERR12321281","qnrB19",0
"ERR12142634","qnrB19",0
"ERR12067314","qnrB19",0
"ERR12321282","qnrB19",0
"ERR12080226","qnrB19",0
"ERR12321283","qnrB19",0
"ERR6753111","qnrB19",0
"ERR6806796","qnrB19",0
"ERR6806789","qnrB19",0
"ERR9971918","qnrB19",0
"ERR7197741","qnrB19",0
"ERR5751808","qnrB19",0
"ERR10438737","qnrB19",0
"CLL6CH","qnrB19",0
"CAARE3","qnrB19",0
"CAAQXB","qnrB19",0
"CAAR9T","qnrB19",0
"CAAQUT","qnrB19",0
"CNSFP4","qnrB19",0
"CNSDXZ","qnrB19",0
"CAAP2A","qnrB19",0
"44341_3_268","qnrB19",0
"44341_3_280","qnrB19",0
"44341_3_262","qnrB19",0
"44341_3_265","qnrB19",0
"44341_4_286","qnrB19",0
"CAAYDF","qnrB19",0
"CLL3JA","qnrB19",0
"ERR9941258","qnrB19",0
"CNSLL4","qnrB19",0
"CNSKFP","qnrB19",0
"CNSP0U","qnrS1",0
"ERR9929342","qnrS1",0
"ERR9966382","qnrS1",0
"CNS6QU","qnrS1",0
"CNS7YP","qnrS1",0
"BKRRIF","qnrS1",0
"44341_3_96","qnrS1",0
"44341_3_21","qnrS1",0
"CIV13VE5","qnrS1",0
"CIU149H1","qnrS1",0
"CIV146E8","qnrS1",0
"CIU13XS1","qnrS1",0
"CIV140E6","qnrS1",0
"CIV140E1","qnrS1",0
"CIT15GH1","qnrS1",0
"CIV13XE5","qnrS1",0
"CIV13YE6","qnrS1",0
"CIS15MR1","qnrS1",0
"CIV13UE4","qnrS1",0
"CAAXQV","qnrS1",0
"CIV140E7","qnrS1",0
"CIS15HB1","qnrS1",0
"CIV13RE2","qnrS1",0
"CIT15GS1","qnrS1",0
"CIV142E6","qnrS1",0
"44341_4_275","qnrS1",0
"44341_3_310","qnrS1",0
"CIU145B1","qnrS1",0
"CIV143E2","qnrS1",0
"CIT15FH1","qnrS1",0
"CIV147E3","qnrS1",0
"CIT15EB1","qnrS1",0
"CIV13PE7","qnrS1",0
"CIV13XE8","qnrS1",0
"44341_3_304","qnrS1",0
"44341_3_305","qnrS1",0
"44341_3_281","qnrS1",0
"44341_3_136","qnrS1",0
"44341_3_128","qnrS1",0
"44341_3_131","qnrS1",0
"CIT159B1","qnrS1",0
"CIS153C1","qnrS1",0
"CIV13XE2","qnrS1",0
"CIT15FB1","qnrS1",0
"CIV13XU1","qnrS1",0
"CIV143U1","qnrS1",0
"CIV143E9","qnrS1",0
"CNS1F3","qnrS1",0
"CAAYSI","qnrS1",0
"CIV141E6","qnrS1",0
"CIV140U1","qnrS1",0
"CIV140E4","qnrS1",0
"CIV143E4","qnrS1",0
"CIV144E6","qnrS1",0
"CIV13YE8","qnrS1",0
"CIV144U1","qnrS1",0
"BKRMVD","qnrS1",0
"CAAXBN","qnrS1",0
"44341_3_165","qnrS1",0
"ERR10113269","qnrS1",0
"ERR6752971","qnrS1",0
"ERR5751227","qnrS1",0
"ERR12142619","qnrS1",0
"ERR9976609","qnrS1",0
"ERR11219800","qnrS1",0
"ERR9079830","qnrS1",0
"ERR10880116","qnrS1",0
"ERR5751304","qnrS1",0
"ERR6806714","qnrS1",0
"ERR11872767","qnrS1",0
"ERR10176869","qnrS1",0
"ERR10880230","qnrS1",0
"ERR11453719","qnrS1",0
"ERR10880157","qnrS1",0
"ERR6752889","qnrS1",0
"ERR9288143","qnrS1",0
"ERR6806632","qnrS1",0
"ERR9288082","qnrS1",0
"ERR6806600","qnrS1",0
"ERR9420153","qnrS1",0
"ERR10117717","qnrS1",0
"ERR10109274","qnrS1",0
"ERR10880183","qnrS1",0
"ERR10880311","qnrS1",0
"ERR11420238","qnrS1",0
"ERR11437918","qnrS1",0
"ERR11807709","qnrS1",0
"ERR12146144","qnrS1",0
"ERR10109277","qnrS1",0
"ERR10087013","qnrS1",0
"ERR11219811","qnrS1",0
"ERR9966386","qnrS1",0
"ERR12259395","qnrS1",0
"ERR12091513","qnrS1",0
"ERR10125140","qnrS1",0
"ERR10949303","qnrS1",0
"ERR11810274","qnrS1",0
"ERR9785512","qnrS1",0
"ERR10176866","qnrS1",0
"ERR10460687","qnrS1",0
"ERR12078573","qnrS1",0
"ERR12165616","qnrS1",0
"ERR10880377","qnrS1",0
"ERR10460887","qnrS1",0
"ERR10880335","qnrS1",0
"ERR10880156","qnrS1",0
"ERR10088105","qnrS1",0
"ERR12321284","qnrS1",0
"ERR9966388","qnrS1",0
"ERR12495485","qnrS1",0
"ERR12312692","qnrS1",0
"ERR12312689","qnrS1",0
"ERR12312688","qnrS1",0
"ERR11201827","qnrS1",0
"ERR10088101","qnrS1",0
"ERR10880181","qnrS1",0
"ERR9820422","qnrS1",0
"ERR9785510","qnrS1",0
"ERR11807704","qnrS1",0
"ERR10109276","qnrS1",0
"ERR9966389","qnrS1",0
"ERR9785509","qnrS1",0
"ERR10087012","qnrS1",0
"ERR10460483","qnrS1",0
"ERR9785511","qnrS1",0
"ERR9079768","qnrS1",0
"ERR9822149","qnrS1",0
"ERR9822145","qnrS1",0
"ERR9822146","qnrS1",0
"ERR10176872","qnrS1",0
"ERR10460765","qnrS1",0
"ERR10109275","qnrS1",0
"ERR9966390","qnrS1",0
"ERR10123168","qnrS1",0
"ERR10123167","qnrS1",0
"ERR9966387","qnrS1",0
"ERR10949310","qnrS1",0
"ERR10460875","qnrS1",0
"ERR10109255","qnrS1",0
"ERR9822151","qnrS1",0
"ERR10088102","qnrS1",0
"ERR10088104","qnrS1",0
"ERR10026000","qnrS1",0
"ERR9822144","qnrS1",0
"ERR11896635","qnrS1",0
"ERR12552381","qnrS1",0
"ERR12552377","qnrS1",0
"ERR9079508","qnrS1",0
"ERR7197757","qnrS1",0
"ERR6806028","qnrS1",0
"ERR11455881","qnrS1",0
"ERR4451478","qnrS1",0
"ERR10880424","qnrS1",0
"ERR12067334","qnrS1",0
"ERR12302226","qnrS1",0
"ERR12552384","qnrS1",0
"ERR10123158","qnrS1",0
"ERR5751308","qnrS1",0
"ERR4399358","qnrS1",0
"ERR4399957","qnrS1",0
"ERR4399362","qnrS1",0
"SRR13833609","qnrS1",0
"ERR6806726","qnrS1",0
"ERR10460902","qnrS1",0
"ERR10460856","qnrS1",0
"ERR6806075","qnrS1",0
"ERR10176870","qnrS1",0
"ERR12078572","qnrS1",0
"ERR11747320","qnrS1",0
"ERR12495482","qnrS1",0
"ERR9924209","qnrS1",0
"ERR5751726","qnrS1",0
"ERR6806512","qnrS1",0
"ERR6806317","qnrS1",0
"ERR12067371","qnrS1",0
"ERR6806125","qnrS1",0
"ERR5751296","qnrS1",0
"ERR4451427","qnrS1",0
"SRR9273829","qnrS1",0
"ERR6752863","qnrS1",0
"ERR12321280","qnrS1",0
"ERR9692774","qnrS1",0
"ERR6805998","qnrS1",0
"ERR6806833","qnrS1",0
"ERR6806749","qnrS1",0
"ERR6806776","qnrS1",0
"ERR5750995","qnrS1",0
"ERR6806255","qnrS1",0
"ERR6805990","qnrS1",0
"ERR11747325","qnrS1",0
"ERR11502778","qnrS1",0
"ERR7197834","qnrS1",0
"ERR9079758","qnrS1",0
"ERR12321281","qnrS1",0
"ERR12142634","qnrS1",0
"ERR12067314","qnrS1",0
"ERR12321282","qnrS1",0
"ERR12080226","qnrS1",0
"ERR12321283","qnrS1",0
"ERR6753111","qnrS1",0
"ERR6806796","qnrS1",0
"ERR6806789","qnrS1",0
"ERR9971918","qnrS1",0
"ERR7197741","qnrS1",0
"ERR5751808","qnrS1",0
"ERR10438737","qnrS1",0
"CLL6CH","qnrS1",0
"CAARE3","qnrS1",0
"CAAQXB","qnrS1",0
"CAAR9T","qnrS1",0
"CAAQUT","qnrS1",0
"CNSFP4","qnrS1",0
"CNSDXZ","qnrS1",0
"CAAP2A","qnrS1",0
"44341_3_268","qnrS1",0
"44341_3_280","qnrS1",0
"44341_3_262","qnrS1",0
"44341_3_265","qnrS1",0
"44341_4_286","qnrS1",0
"CAAYDF","qnrS1",0
"CLL3JA","qnrS1",0
"ERR9941258","qnrS1",0
"CNSLL4","qnrS1",0
"CNSKFP","qnrS1",0
"CNSP0U","gyrA_D87N",0
"ERR9929342","gyrA_D87N",0
"ERR9966382","gyrA_D87N",0
"CNS6QU","gyrA_D87N",0
"CNS7YP","gyrA_D87N",0
"BKRRIF","gyrA_D87N",0
"44341_3_96","gyrA_D87N",0
"44341_3_21","gyrA_D87N",0
"CIV13VE5","gyrA_D87N",0
"CIU149H1","gyrA_D87N",0
"CIV146E8","gyrA_D87N",0
"CIU13XS1","gyrA_D87N",0
"CIV140E6","gyrA_D87N",0
"CIV140E1","gyrA_D87N",0
"CIT15GH1","gyrA_D87N",0
"CIV13XE5","gyrA_D87N",0
"CIV13YE6","gyrA_D87N",0
"CIS15MR1","gyrA_D87N",0
"CIV13UE4","gyrA_D87N",0
"CAAXQV","gyrA_D87N",0
"CIV140E7","gyrA_D87N",0
"CIS15HB1","gyrA_D87N",0
"CIV13RE2","gyrA_D87N",0
"CIT15GS1","gyrA_D87N",0
"CIV142E6","gyrA_D87N",0
"44341_4_275","gyrA_D87N",0
"44341_3_310","gyrA_D87N",0
"CIU145B1","gyrA_D87N",0
"CIV143E2","gyrA_D87N",0
"CIT15FH1","gyrA_D87N",0
"CIV147E3","gyrA_D87N",0
"CIT15EB1","gyrA_D87N",0
"CIV13PE7","gyrA_D87N",0
"CIV13XE8","gyrA_D87N",0
"44341_3_304","gyrA_D87N",0
"44341_3_305","gyrA_D87N",0
"44341_3_281","gyrA_D87N",0
"44341_3_136","gyrA_D87N",0
"44341_3_128","gyrA_D87N",0
"44341_3_131","gyrA_D87N",0
"CIT159B1","gyrA_D87N",0
"CIS153C1","gyrA_D87N",0
"CIV13XE2","gyrA_D87N",0
"CIT15FB1","gyrA_D87N",0
"CIV13XU1","gyrA_D87N",0
"CIV143U1","gyrA_D87N",0
"CIV143E9","gyrA_D87N",0
"CNS1F3","gyrA_D87N",0
"CAAYSI","gyrA_D87N",0
"CIV141E6","gyrA_D87N",0
"CIV140U1","gyrA_D87N",0
"CIV140E4","gyrA_D87N",0
"CIV143E4","gyrA_D87N",0
"CIV144E6","gyrA_D87N",0
"CIV13YE8","gyrA_D87N",0
"CIV144U1","gyrA_D87N",0
"BKRMVD","gyrA_D87N",0
"CAAXBN","gyrA_D87N",0
"44341_3_165","gyrA_D87N",0
"ERR10113269","gyrA_D87N",0
"ERR6752971","gyrA_D87N",0
"ERR5751227","gyrA_D87N",0
"ERR12142619","gyrA_D87N",0
"ERR9976609","gyrA_D87N",0
"ERR11219800","gyrA_D87N",0
"ERR9079830","gyrA_D87N",0
"ERR10880116","gyrA_D87N",0
"ERR5751304","gyrA_D87N",0
"ERR6806714","gyrA_D87N",0
"ERR11872767","gyrA_D87N",0
"ERR10176869","gyrA_D87N",0
"ERR10880230","gyrA_D87N",0
"ERR11453719","gyrA_D87N",0
"ERR10880157","gyrA_D87N",0
"ERR6752889","gyrA_D87N",0
"ERR9288143","gyrA_D87N",0
"ERR6806632","gyrA_D87N",0
"ERR9288082","gyrA_D87N",0
"ERR6806600","gyrA_D87N",0
"ERR9420153","gyrA_D87N",0
"ERR10117717","gyrA_D87N",0
"ERR10109274","gyrA_D87N",0
"ERR10880183","gyrA_D87N",0
"ERR10880311","gyrA_D87N",0
"ERR11420238","gyrA_D87N",0
"ERR11437918","gyrA_D87N",0
"ERR11807709","gyrA_D87N",0
"ERR12146144","gyrA_D87N",0
"ERR10109277","gyrA_D87N",0
"ERR10087013","gyrA_D87N",0
"ERR11219811","gyrA_D87N",0
"ERR9966386","gyrA_D87N",0
"ERR12259395","gyrA_D87N",0
"ERR12091513","gyrA_D87N",0
"ERR10125140","gyrA_D87N",0
"ERR10949303","gyrA_D87N",0
"ERR11810274","gyrA_D87N",0
"ERR9785512","gyrA_D87N",0
"ERR10176866","gyrA_D87N",0
"ERR10460687","gyrA_D87N",0
"ERR12078573","gyrA_D87N",0
"ERR12165616","gyrA_D87N",0
"ERR10880377","gyrA_D87N",0
"ERR10460887","gyrA_D87N",0
"ERR10880335","gyrA_D87N",0
"ERR10880156","gyrA_D87N",0
"ERR10088105","gyrA_D87N",0
"ERR12321284","gyrA_D87N",0
"ERR9966388","gyrA_D87N",0
"ERR12495485","gyrA_D87N",0
"ERR12312692","gyrA_D87N",0
"ERR12312689","gyrA_D87N",0
"ERR12312688","gyrA_D87N",0
"ERR11201827","gyrA_D87N",0
"ERR10088101","gyrA_D87N",0
"ERR10880181","gyrA_D87N",0
"ERR9820422","gyrA_D87N",0
"ERR9785510","gyrA_D87N",0
"ERR11807704","gyrA_D87N",0
"ERR10109276","gyrA_D87N",0
"ERR9966389","gyrA_D87N",0
"ERR9785509","gyrA_D87N",0
"ERR10087012","gyrA_D87N",0
"ERR10460483","gyrA_D87N",0
"ERR9785511","gyrA_D87N",0
"ERR9079768","gyrA_D87N",0
"ERR9822149","gyrA_D87N",0
"ERR9822145","gyrA_D87N",0
"ERR9822146","gyrA_D87N",0
"ERR10176872","gyrA_D87N",0
"ERR10460765","gyrA_D87N",0
"ERR10109275","gyrA_D87N",0
"ERR9966390","gyrA_D87N",0
"ERR10123168","gyrA_D87N",0
"ERR10123167","gyrA_D87N",0
"ERR9966387","gyrA_D87N",0
"ERR10949310","gyrA_D87N",0
"ERR10460875","gyrA_D87N",0
"ERR10109255","gyrA_D87N",0
"ERR9822151","gyrA_D87N",0
"ERR10088102","gyrA_D87N",0
"ERR10088104","gyrA_D87N",0
"ERR10026000","gyrA_D87N",0
"ERR9822144","gyrA_D87N",0
"ERR11896635","gyrA_D87N",0
"ERR12552381","gyrA_D87N",0
"ERR12552377","gyrA_D87N",0
"ERR9079508","gyrA_D87N",0
"ERR7197757","gyrA_D87N",0
"ERR6806028","gyrA_D87N",0
"ERR11455881","gyrA_D87N",0
"ERR4451478","gyrA_D87N",0
"ERR10880424","gyrA_D87N",0
"ERR12067334","gyrA_D87N",0
"ERR12302226","gyrA_D87N",0
"ERR12552384","gyrA_D87N",0
"ERR10123158","gyrA_D87N",0
"ERR5751308","gyrA_D87N",0
"ERR4399358","gyrA_D87N",0
"ERR4399957","gyrA_D87N",0
"ERR4399362","gyrA_D87N",0
"SRR13833609","gyrA_D87N",0
"ERR6806726","gyrA_D87N",0
"ERR10460902","gyrA_D87N",0
"ERR10460856","gyrA_D87N",0
"ERR6806075","gyrA_D87N",0
"ERR10176870","gyrA_D87N",0
"ERR12078572","gyrA_D87N",0
"ERR11747320","gyrA_D87N",0
"ERR12495482","gyrA_D87N",0
"ERR9924209","gyrA_D87N",0
"ERR5751726","gyrA_D87N",0
"ERR6806512","gyrA_D87N",0
"ERR6806317","gyrA_D87N",0
"ERR12067371","gyrA_D87N",0
"ERR6806125","gyrA_D87N",0
"ERR5751296","gyrA_D87N",0
"ERR4451427","gyrA_D87N",0
"SRR9273829","gyrA_D87N",0
"ERR6752863","gyrA_D87N",0
"ERR12321280","gyrA_D87N",0
"ERR9692774","gyrA_D87N",0
"ERR6805998","gyrA_D87N",0
"ERR6806833","gyrA_D87N",0
"ERR6806749","gyrA_D87N",0
"ERR6806776","gyrA_D87N",0
"ERR5750995","gyrA_D87N",0
"ERR6806255","gyrA_D87N",0
"ERR6805990","gyrA_D87N",0
"ERR11747325","gyrA_D87N",0
"ERR11502778","gyrA_D87N",0
"ERR7197834","gyrA_D87N",0
"ERR9079758","gyrA_D87N",0
"ERR12321281","gyrA_D87N",0
"ERR12142634","gyrA_D87N",0
"ERR12067314","gyrA_D87N",0
"ERR12321282","gyrA_D87N",0
"ERR12080226","gyrA_D87N",0
"ERR12321283","gyrA_D87N",0
"ERR6753111","gyrA_D87N",0
"ERR6806796","gyrA_D87N",0
"ERR6806789","gyrA_D87N",0
"ERR9971918","gyrA_D87N",0
"ERR7197741","gyrA_D87N",0
"ERR5751808","gyrA_D87N",0
"ERR10438737","gyrA_D87N",0
"CLL6CH","gyrA_D87N",0
"CAARE3","gyrA_D87N",0
"CAAQXB","gyrA_D87N",0
"CAAR9T","gyrA_D87N",0
"CAAQUT","gyrA_D87N",0
"CNSFP4","gyrA_D87N",0
"CNSDXZ","gyrA_D87N",0
"CAAP2A","gyrA_D87N",0
"44341_3_268","gyrA_D87N",0
"44341_3_280","gyrA_D87N",0
"44341_3_262","gyrA_D87N",0
"44341_3_265","gyrA_D87N",0
"44341_4_286","gyrA_D87N",0
"CAAYDF","gyrA_D87N",0
"CLL3JA","gyrA_D87N",0
"ERR9941258","gyrA_D87N",0
"CNSLL4","gyrA_D87N",0
"CNSKFP","gyrA_D87N",0
"CNSP0U","gyrA_S83F",0
"ERR9929342","gyrA_S83F",0
"ERR9966382","gyrA_S83F",0
"CNS6QU","gyrA_S83F",0
"CNS7YP","gyrA_S83F",0
"BKRRIF","gyrA_S83F",0
"44341_3_96","gyrA_S83F",0
"44341_3_21","gyrA_S83F",0
"CIV13VE5","gyrA_S83F",0
"CIU149H1","gyrA_S83F",0
"CIV146E8","gyrA_S83F",0
"CIU13XS1","gyrA_S83F",0
"CIV140E6","gyrA_S83F",0
"CIV140E1","gyrA_S83F",0
"CIT15GH1","gyrA_S83F",0
"CIV13XE5","gyrA_S83F",0
"CIV13YE6","gyrA_S83F",0
"CIS15MR1","gyrA_S83F",0
"CIV13UE4","gyrA_S83F",0
"CAAXQV","gyrA_S83F",0
"CIV140E7","gyrA_S83F",0
"CIS15HB1","gyrA_S83F",0
"CIV13RE2","gyrA_S83F",0
"CIT15GS1","gyrA_S83F",0
"CIV142E6","gyrA_S83F",0
"44341_4_275","gyrA_S83F",0
"44341_3_310","gyrA_S83F",0
"CIU145B1","gyrA_S83F",0
"CIV143E2","gyrA_S83F",0
"CIT15FH1","gyrA_S83F",0
"CIV147E3","gyrA_S83F",0
"CIT15EB1","gyrA_S83F",0
"CIV13PE7","gyrA_S83F",0
"CIV13XE8","gyrA_S83F",0
"44341_3_304","gyrA_S83F",0
"44341_3_305","gyrA_S83F",0
"44341_3_281","gyrA_S83F",0
"44341_3_136","gyrA_S83F",0
"44341_3_128","gyrA_S83F",0
"44341_3_131","gyrA_S83F",0
"CIT159B1","gyrA_S83F",0
"CIS153C1","gyrA_S83F",0
"CIV13XE2","gyrA_S83F",0
"CIT15FB1","gyrA_S83F",0
"CIV13XU1","gyrA_S83F",0
"CIV143U1","gyrA_S83F",0
"CIV143E9","gyrA_S83F",0
"CNS1F3","gyrA_S83F",0
"CAAYSI","gyrA_S83F",0
"CIV141E6","gyrA_S83F",0
"CIV140U1","gyrA_S83F",0
"CIV140E4","gyrA_S83F",0
"CIV143E4","gyrA_S83F",0
"CIV144E6","gyrA_S83F",0
"CIV13YE8","gyrA_S83F",0
"CIV144U1","gyrA_S83F",0
"BKRMVD","gyrA_S83F",0
"CAAXBN","gyrA_S83F",0
"44341_3_165","gyrA_S83F",0
"ERR10113269","gyrA_S83F",0
"ERR6752971","gyrA_S83F",0
"ERR5751227","gyrA_S83F",0
"ERR12142619","gyrA_S83F",0
"ERR9976609","gyrA_S83F",0
"ERR11219800","gyrA_S83F",0
"ERR9079830","gyrA_S83F",0
"ERR10880116","gyrA_S83F",0
"ERR5751304","gyrA_S83F",0
"ERR6806714","gyrA_S83F",0
"ERR11872767","gyrA_S83F",0
"ERR10176869","gyrA_S83F",0
"ERR10880230","gyrA_S83F",0
"ERR11453719","gyrA_S83F",0
"ERR10880157","gyrA_S83F",0
"ERR6752889","gyrA_S83F",0
"ERR9288143","gyrA_S83F",0
"ERR6806632","gyrA_S83F",0
"ERR9288082","gyrA_S83F",0
"ERR6806600","gyrA_S83F",0
"ERR9420153","gyrA_S83F",0
"ERR10117717","gyrA_S83F",0
"ERR10109274","gyrA_S83F",0
"ERR10880183","gyrA_S83F",0
"ERR10880311","gyrA_S83F",0
"ERR11420238","gyrA_S83F",0
"ERR11437918","gyrA_S83F",0
"ERR11807709","gyrA_S83F",0
"ERR12146144","gyrA_S83F",0
"ERR10109277","gyrA_S83F",0
"ERR10087013","gyrA_S83F",0
"ERR11219811","gyrA_S83F",0
"ERR9966386","gyrA_S83F",0
"ERR12259395","gyrA_S83F",0
"ERR12091513","gyrA_S83F",0
"ERR10125140","gyrA_S83F",0
"ERR10949303","gyrA_S83F",0
"ERR11810274","gyrA_S83F",0
"ERR9785512","gyrA_S83F",0
"ERR10176866","gyrA_S83F",0
"ERR10460687","gyrA_S83F",0
"ERR12078573","gyrA_S83F",0
"ERR12165616","gyrA_S83F",0
"ERR10880377","gyrA_S83F",0
"ERR10460887","gyrA_S83F",0
"ERR10880335","gyrA_S83F",0
"ERR10880156","gyrA_S83F",0
"ERR10088105","gyrA_S83F",0
"ERR12321284","gyrA_S83F",0
"ERR9966388","gyrA_S83F",0
"ERR12495485","gyrA_S83F",0
"ERR12312692","gyrA_S83F",0
"ERR12312689","gyrA_S83F",0
"ERR12312688","gyrA_S83F",0
"ERR11201827","gyrA_S83F",0
"ERR10088101","gyrA_S83F",0
"ERR10880181","gyrA_S83F",0
"ERR9820422","gyrA_S83F",0
"ERR9785510","gyrA_S83F",0
"ERR11807704","gyrA_S83F",0
"ERR10109276","gyrA_S83F",0
"ERR9966389","gyrA_S83F",0
"ERR9785509","gyrA_S83F",0
"ERR10087012","gyrA_S83F",0
"ERR10460483","gyrA_S83F",0
"ERR9785511","gyrA_S83F",0
"ERR9079768","gyrA_S83F",0
"ERR9822149","gyrA_S83F",0
"ERR9822145","gyrA_S83F",0
"ERR9822146","gyrA_S83F",0
"ERR10176872","gyrA_S83F",0
"ERR10460765","gyrA_S83F",0
"ERR10109275","gyrA_S83F",0
"ERR9966390","gyrA_S83F",0
"ERR10123168","gyrA_S83F",0
"ERR10123167","gyrA_S83F",0
"ERR9966387","gyrA_S83F",0
"ERR10949310","gyrA_S83F",0
"ERR10460875","gyrA_S83F",0
"ERR10109255","gyrA_S83F",0
"ERR9822151","gyrA_S83F",0
"ERR10088102","gyrA_S83F",0
"ERR10088104","gyrA_S83F",0
"ERR10026000","gyrA_S83F",0
"ERR9822144","gyrA_S83F",0
"ERR11896635","gyrA_S83F",0
"ERR12552381","gyrA_S83F",0
"ERR12552377","gyrA_S83F",0
"ERR9079508","gyrA_S83F",0
"ERR7197757","gyrA_S83F",0
"ERR6806028","gyrA_S83F",0
"ERR11455881","gyrA_S83F",0
"ERR4451478","gyrA_S83F",0
"ERR10880424","gyrA_S83F",0
"ERR12067334","gyrA_S83F",0
"ERR12302226","gyrA_S83F",0
"ERR12552384","gyrA_S83F",0
"ERR10123158","gyrA_S83F",0
"ERR5751308","gyrA_S83F",0
"ERR4399358","gyrA_S83F",0
"ERR4399957","gyrA_S83F",0
"ERR4399362","gyrA_S83F",0
"SRR13833609","gyrA_S83F",0
"ERR6806726","gyrA_S83F",0
"ERR10460902","gyrA_S83F",0
"ERR10460856","gyrA_S83F",0
"ERR6806075","gyrA_S83F",0
"ERR10176870","gyrA_S83F",0
"ERR12078572","gyrA_S83F",0
"ERR11747320","gyrA_S83F",0
"ERR12495482","gyrA_S83F",0
"ERR9924209","gyrA_S83F",0
"ERR5751726","gyrA_S83F",0
"ERR6806512","gyrA_S83F",0
"ERR6806317","gyrA_S83F",0
"ERR12067371","gyrA_S83F",0
"ERR6806125","gyrA_S83F",0
"ERR5751296","gyrA_S83F",0
"ERR4451427","gyrA_S83F",0
"SRR9273829","gyrA_S83F",0
"ERR6752863","gyrA_S83F",0
"ERR12321280","gyrA_S83F",0
"ERR9692774","gyrA_S83F",0
"ERR6805998","gyrA_S83F",0
"ERR6806833","gyrA_S83F",0
"ERR6806749","gyrA_S83F",0
"ERR6806776","gyrA_S83F",0
"ERR5750995","gyrA_S83F",0
"ERR6806255","gyrA_S83F",0
"ERR6805990","gyrA_S83F",0
"ERR11747325","gyrA_S83F",0
"ERR11502778","gyrA_S83F",0
"ERR7197834","gyrA_S83F",0
"ERR9079758","gyrA_S83F",0
"ERR12321281","gyrA_S83F",0
"ERR12142634","gyrA_S83F",0
"ERR12067314","gyrA_S83F",0
"ERR12321282","gyrA_S83F",0
"ERR12080226","gyrA_S83F",0
"ERR12321283","gyrA_S83F",0
"ERR6753111","gyrA_S83F",0
"ERR6806796","gyrA_S83F",0
"ERR6806789","gyrA_S83F",0
"ERR9971918","gyrA_S83F",0
"ERR7197741","gyrA_S83F",0
"ERR5751808","gyrA_S83F",0
"ERR10438737","gyrA_S83F",0
"CLL6CH","gyrA_S83F",0
"CAARE3","gyrA_S83F",0
"CAAQXB","gyrA_S83F",0
"CAAR9T","gyrA_S83F",0
"CAAQUT","gyrA_S83F",0
"CNSFP4","gyrA_S83F",0
"CNSDXZ","gyrA_S83F",0
"CAAP2A","gyrA_S83F",0
"44341_3_268","gyrA_S83F",0
"44341_3_280","gyrA_S83F",0
"44341_3_262","gyrA_S83F",0
"44341_3_265","gyrA_S83F",0
"44341_4_286","gyrA_S83F",0
"CAAYDF","gyrA_S83F",0
"CLL3JA","gyrA_S83F",0
"ERR9941258","gyrA_S83F",0
"CNSLL4","gyrA_S83F",0
"CNSKFP","gyrA_S83F",0
"CNSP0U","gyrB_S464F",0
"ERR9929342","gyrB_S464F",0
"ERR9966382","gyrB_S464F",0
"CNS6QU","gyrB_S464F",0
"CNS7YP","gyrB_S464F",0
"BKRRIF","gyrB_S464F",0
"44341_3_96","gyrB_S464F",0
"44341_3_21","gyrB_S464F",0
"CIV13VE5","gyrB_S464F",0
"CIU149H1","gyrB_S464F",0
"CIV146E8","gyrB_S464F",0
"CIU13XS1","gyrB_S464F",0
"CIV140E6","gyrB_S464F",0
"CIV140E1","gyrB_S464F",0
"CIT15GH1","gyrB_S464F",0
"CIV13XE5","gyrB_S464F",0
"CIV13YE6","gyrB_S464F",0
"CIS15MR1","gyrB_S464F",0
"CIV13UE4","gyrB_S464F",0
"CAAXQV","gyrB_S464F",0
"CIV140E7","gyrB_S464F",0
"CIS15HB1","gyrB_S464F",0
"CIV13RE2","gyrB_S464F",0
"CIT15GS1","gyrB_S464F",0
"CIV142E6","gyrB_S464F",0
"44341_4_275","gyrB_S464F",0
"44341_3_310","gyrB_S464F",0
"CIU145B1","gyrB_S464F",0
"CIV143E2","gyrB_S464F",0
"CIT15FH1","gyrB_S464F",0
"CIV147E3","gyrB_S464F",0
"CIT15EB1","gyrB_S464F",0
"CIV13PE7","gyrB_S464F",0
"CIV13XE8","gyrB_S464F",0
"44341_3_304","gyrB_S464F",0
"44341_3_305","gyrB_S464F",0
"44341_3_281","gyrB_S464F",0
"44341_3_136","gyrB_S464F",0
"44341_3_128","gyrB_S464F",0
"44341_3_131","gyrB_S464F",0
"CIT159B1","gyrB_S464F",0
"CIS153C1","gyrB_S464F",0
"CIV13XE2","gyrB_S464F",0
"CIT15FB1","gyrB_S464F",0
"CIV13XU1","gyrB_S464F",0
"CIV143U1","gyrB_S464F",0
"CIV143E9","gyrB_S464F",0
"CNS1F3","gyrB_S464F",0
"CAAYSI","gyrB_S464F",0
"CIV141E6","gyrB_S464F",0
"CIV140U1","gyrB_S464F",0
"CIV140E4","gyrB_S464F",0
"CIV143E4","gyrB_S464F",0
"CIV144E6","gyrB_S464F",0
"CIV13YE8","gyrB_S464F",0
"CIV144U1","gyrB_S464F",0
"BKRMVD","gyrB_S464F",0
"CAAXBN","gyrB_S464F",0
"44341_3_165","gyrB_S464F",0
"ERR10113269","gyrB_S464F",0
"ERR6752971","gyrB_S464F",0
"ERR5751227","gyrB_S464F",0
"ERR12142619","gyrB_S464F",0
"ERR9976609","gyrB_S464F",0
"ERR11219800","gyrB_S464F",0
"ERR9079830","gyrB_S464F",0
"ERR10880116","gyrB_S464F",0
"ERR5751304","gyrB_S464F",0
"ERR6806714","gyrB_S464F",0
"ERR11872767","gyrB_S464F",0
"ERR10176869","gyrB_S464F",0
"ERR10880230","gyrB_S464F",0
"ERR11453719","gyrB_S464F",0
"ERR10880157","gyrB_S464F",0
"ERR6752889","gyrB_S464F",0
"ERR9288143","gyrB_S464F",0
"ERR6806632","gyrB_S464F",0
"ERR9288082","gyrB_S464F",0
"ERR6806600","gyrB_S464F",0
"ERR9420153","gyrB_S464F",0
"ERR10117717","gyrB_S464F",0
"ERR10109274","gyrB_S464F",0
"ERR10880183","gyrB_S464F",0
"ERR10880311","gyrB_S464F",0
"ERR11420238","gyrB_S464F",0
"ERR11437918","gyrB_S464F",0
"ERR11807709","gyrB_S464F",0
"ERR12146144","gyrB_S464F",0
"ERR10109277","gyrB_S464F",0
"ERR10087013","gyrB_S464F",0
"ERR11219811","gyrB_S464F",0
"ERR9966386","gyrB_S464F",0
"ERR12259395","gyrB_S464F",0
"ERR12091513","gyrB_S464F",0
"ERR10125140","gyrB_S464F",0
"ERR10949303","gyrB_S464F",0
"ERR11810274","gyrB_S464F",0
"ERR9785512","gyrB_S464F",0
"ERR10176866","gyrB_S464F",0
"ERR10460687","gyrB_S464F",0
"ERR12078573","gyrB_S464F",0
"ERR12165616","gyrB_S464F",0
"ERR10880377","gyrB_S464F",0
"ERR10460887","gyrB_S464F",0
"ERR10880335","gyrB_S464F",0
"ERR10880156","gyrB_S464F",0
"ERR10088105","gyrB_S464F",0
"ERR12321284","gyrB_S464F",0
"ERR9966388","gyrB_S464F",0
"ERR12495485","gyrB_S464F",0
"ERR12312692","gyrB_S464F",0
"ERR12312689","gyrB_S464F",0
"ERR12312688","gyrB_S464F",0
"ERR11201827","gyrB_S464F",0
"ERR10088101","gyrB_S464F",0
"ERR10880181","gyrB_S464F",0
"ERR9820422","gyrB_S464F",0
"ERR9785510","gyrB_S464F",0
"ERR11807704","gyrB_S464F",0
"ERR10109276","gyrB_S464F",0
"ERR9966389","gyrB_S464F",0
"ERR9785509","gyrB_S464F",0
"ERR10087012","gyrB_S464F",0
"ERR10460483","gyrB_S464F",0
"ERR9785511","gyrB_S464F",0
"ERR9079768","gyrB_S464F",0
"ERR9822149","gyrB_S464F",0
"ERR9822145","gyrB_S464F",0
"ERR9822146","gyrB_S464F",0
"ERR10176872","gyrB_S464F",0
"ERR10460765","gyrB_S464F",0
"ERR10109275","gyrB_S464F",0
"ERR9966390","gyrB_S464F",0
"ERR10123168","gyrB_S464F",0
"ERR10123167","gyrB_S464F",0
"ERR9966387","gyrB_S464F",0
"ERR10949310","gyrB_S464F",0
"ERR10460875","gyrB_S464F",0
"ERR10109255","gyrB_S464F",0
"ERR9822151","gyrB_S464F",0
"ERR10088102","gyrB_S464F",0
"ERR10088104","gyrB_S464F",0
"ERR10026000","gyrB_S464F",0
"ERR9822144","gyrB_S464F",0
"ERR11896635","gyrB_S464F",0
"ERR12552381","gyrB_S464F",0
"ERR12552377","gyrB_S464F",0
"ERR9079508","gyrB_S464F",0
"ERR7197757","gyrB_S464F",0
"ERR6806028","gyrB_S464F",0
"ERR11455881","gyrB_S464F",0
"ERR4451478","gyrB_S464F",0
"ERR10880424","gyrB_S464F",0
"ERR12067334","gyrB_S464F",0
"ERR12302226","gyrB_S464F",0
"ERR12552384","gyrB_S464F",0
"ERR10123158","gyrB_S464F",0
"ERR5751308","gyrB_S464F",0
"ERR4399358","gyrB_S464F",0
"ERR4399957","gyrB_S464F",0
"ERR4399362","gyrB_S464F",0
"SRR13833609","gyrB_S464F",0
"ERR6806726","gyrB_S464F",0
"ERR10460902","gyrB_S464F",0
"ERR10460856","gyrB_S464F",0
"ERR6806075","gyrB_S464F",1
"ERR10176870","gyrB_S464F",0
"ERR12078572","gyrB_S464F",0
"ERR11747320","gyrB_S464F",0
"ERR12495482","gyrB_S464F",0
"ERR9924209","gyrB_S464F",0
"ERR5751726","gyrB_S464F",0
"ERR6806512","gyrB_S464F",0
"ERR6806317","gyrB_S464F",0
"ERR12067371","gyrB_S464F",0
"ERR6806125","gyrB_S464F",0
"ERR5751296","gyrB_S464F",0
"ERR4451427","gyrB_S464F",0
"SRR9273829","gyrB_S464F",0
"ERR6752863","gyrB_S464F",0
"ERR12321280","gyrB_S464F",0
"ERR9692774","gyrB_S464F",0
"ERR6805998","gyrB_S464F",0
"ERR6806833","gyrB_S464F",0
"ERR6806749","gyrB_S464F",0
"ERR6806776","gyrB_S464F",0
"ERR5750995","gyrB_S464F",0
"ERR6806255","gyrB_S464F",0
"ERR6805990","gyrB_S464F",0
"ERR11747325","gyrB_S464F",0
"ERR11502778","gyrB_S464F",0
"ERR7197834","gyrB_S464F",0
"ERR9079758","gyrB_S464F",0
"ERR12321281","gyrB_S464F",0
"ERR12142634","gyrB_S464F",0
"ERR12067314","gyrB_S464F",0
"ERR12321282","gyrB_S464F",0
"ERR12080226","gyrB_S464F",0
"ERR12321283","gyrB_S464F",0
"ERR6753111","gyrB_S464F",0
"ERR6806796","gyrB_S464F",0
"ERR6806789","gyrB_S464F",0
"ERR9971918","gyrB_S464F",0
"ERR7197741","gyrB_S464F",0
"ERR5751808","gyrB_S464F",0
"ERR10438737","gyrB_S464F",0
"CLL6CH","gyrB_S464F",0
"CAARE3","gyrB_S464F",0
"CAAQXB","gyrB_S464F",0
"CAAR9T","gyrB_S464F",0
"CAAQUT","gyrB_S464F",0
"CNSFP4","gyrB_S464F",0
"CNSDXZ","gyrB_S464F",0
"CAAP2A","gyrB_S464F",0
"44341_3_268","gyrB_S464F",0
"44341_3_280","gyrB_S464F",0
"44341_3_262","gyrB_S464F",0
"44341_3_265","gyrB_S464F",0
"44341_4_286","gyrB_S464F",0
"CAAYDF","gyrB_S464F",0
"CLL3JA","gyrB_S464F",0
"ERR9941258","gyrB_S464F",0
"CNSLL4","gyrB_S464F",0
"CNSKFP","gyrB_S464F",0
"CNSP0U","mph(A)",0
"ERR9929342","mph(A)",0
"ERR9966382","mph(A)",0
"CNS6QU","mph(A)",0
"CNS7YP","mph(A)",0
"BKRRIF","mph(A)",0
"44341_3_96","mph(A)",0
"44341_3_21","mph(A)",0
"CIV13VE5","mph(A)",0
"CIU149H1","mph(A)",0
"CIV146E8","mph(A)",0
"CIU13XS1","mph(A)",0
"CIV140E6","mph(A)",0
"CIV140E1","mph(A)",0
"CIT15GH1","mph(A)",0
"CIV13XE5","mph(A)",0
"CIV13YE6","mph(A)",0
"CIS15MR1","mph(A)",0
"CIV13UE4","mph(A)",0
"CAAXQV","mph(A)",0
"CIV140E7","mph(A)",0
"CIS15HB1","mph(A)",0
"CIV13RE2","mph(A)",0
"CIT15GS1","mph(A)",0
"CIV142E6","mph(A)",0
"44341_4_275","mph(A)",0
"44341_3_310","mph(A)",0
"CIU145B1","mph(A)",0
"CIV143E2","mph(A)",0
"CIT15FH1","mph(A)",0
"CIV147E3","mph(A)",0
"CIT15EB1","mph(A)",0
"CIV13PE7","mph(A)",0
"CIV13XE8","mph(A)",0
"44341_3_304","mph(A)",0
"44341_3_305","mph(A)",0
"44341_3_281","mph(A)",0
"44341_3_136","mph(A)",0
"44341_3_128","mph(A)",0
"44341_3_131","mph(A)",0
"CIT159B1","mph(A)",0
"CIS153C1","mph(A)",0
"CIV13XE2","mph(A)",0
"CIT15FB1","mph(A)",0
"CIV13XU1","mph(A)",0
"CIV143U1","mph(A)",0
"CIV143E9","mph(A)",0
"CNS1F3","mph(A)",0
"CAAYSI","mph(A)",0
"CIV141E6","mph(A)",0
"CIV140U1","mph(A)",0
"CIV140E4","mph(A)",0
"CIV143E4","mph(A)",0
"CIV144E6","mph(A)",0
"CIV13YE8","mph(A)",0
"CIV144U1","mph(A)",0
"BKRMVD","mph(A)",0
"CAAXBN","mph(A)",0
"44341_3_165","mph(A)",0
"ERR10113269","mph(A)",1
"ERR6752971","mph(A)",1
"ERR5751227","mph(A)",1
"ERR12142619","mph(A)",1
"ERR9976609","mph(A)",1
"ERR11219800","mph(A)",1
"ERR9079830","mph(A)",0
"ERR10880116","mph(A)",0
"ERR5751304","mph(A)",1
"ERR6806714","mph(A)",0
"ERR11872767","mph(A)",1
"ERR10176869","mph(A)",1
"ERR10880230","mph(A)",1
"ERR11453719","mph(A)",0
"ERR10880157","mph(A)",0
"ERR6752889","mph(A)",1
"ERR9288143","mph(A)",1
"ERR6806632","mph(A)",0
"ERR9288082","mph(A)",0
"ERR6806600","mph(A)",0
"ERR9420153","mph(A)",0
"ERR10117717","mph(A)",0
"ERR10109274","mph(A)",1
"ERR10880183","mph(A)",0
"ERR10880311","mph(A)",0
"ERR11420238","mph(A)",1
"ERR11437918","mph(A)",1
"ERR11807709","mph(A)",1
"ERR12146144","mph(A)",1
"ERR10109277","mph(A)",1
"ERR10087013","mph(A)",1
"ERR11219811","mph(A)",1
"ERR9966386","mph(A)",1
"ERR12259395","mph(A)",1
"ERR12091513","mph(A)",1
"ERR10125140","mph(A)",1
"ERR10949303","mph(A)",1
"ERR11810274","mph(A)",1
"ERR9785512","mph(A)",1
"ERR10176866","mph(A)",1
"ERR10460687","mph(A)",1
"ERR12078573","mph(A)",1
"ERR12165616","mph(A)",1
"ERR10880377","mph(A)",0
"ERR10460887","mph(A)",0
"ERR10880335","mph(A)",0
"ERR10880156","mph(A)",0
"ERR10088105","mph(A)",1
"ERR12321284","mph(A)",0
"ERR9966388","mph(A)",1
"ERR12495485","mph(A)",1
"ERR12312692","mph(A)",1
"ERR12312689","mph(A)",1
"ERR12312688","mph(A)",1
"ERR11201827","mph(A)",1
"ERR10088101","mph(A)",1
"ERR10880181","mph(A)",1
"ERR9820422","mph(A)",1
"ERR9785510","mph(A)",1
"ERR11807704","mph(A)",1
"ERR10109276","mph(A)",1
"ERR9966389","mph(A)",1
"ERR9785509","mph(A)",1
"ERR10087012","mph(A)",1
"ERR10460483","mph(A)",1
"ERR9785511","mph(A)",1
"ERR9079768","mph(A)",1
"ERR9822149","mph(A)",1
"ERR9822145","mph(A)",0
"ERR9822146","mph(A)",1
"ERR10176872","mph(A)",1
"ERR10460765","mph(A)",1
"ERR10109275","mph(A)",1
"ERR9966390","mph(A)",1
"ERR10123168","mph(A)",1
"ERR10123167","mph(A)",1
"ERR9966387","mph(A)",1
"ERR10949310","mph(A)",1
"ERR10460875","mph(A)",1
"ERR10109255","mph(A)",1
"ERR9822151","mph(A)",1
"ERR10088102","mph(A)",1
"ERR10088104","mph(A)",1
"ERR10026000","mph(A)",1
"ERR9822144","mph(A)",1
"ERR11896635","mph(A)",1
"ERR12552381","mph(A)",1
"ERR12552377","mph(A)",1
"ERR9079508","mph(A)",1
"ERR7197757","mph(A)",0
"ERR6806028","mph(A)",0
"ERR11455881","mph(A)",0
"ERR4451478","mph(A)",0
"ERR10880424","mph(A)",0
"ERR12067334","mph(A)",0
"ERR12302226","mph(A)",0
"ERR12552384","mph(A)",0
"ERR10123158","mph(A)",0
"ERR5751308","mph(A)",0
"ERR4399358","mph(A)",1
"ERR4399957","mph(A)",1
"ERR4399362","mph(A)",1
"SRR13833609","mph(A)",0
"ERR6806726","mph(A)",0
"ERR10460902","mph(A)",1
"ERR10460856","mph(A)",1
"ERR6806075","mph(A)",0
"ERR10176870","mph(A)",1
"ERR12078572","mph(A)",1
"ERR11747320","mph(A)",1
"ERR12495482","mph(A)",1
"ERR9924209","mph(A)",1
"ERR5751726","mph(A)",0
"ERR6806512","mph(A)",0
"ERR6806317","mph(A)",1
"ERR12067371","mph(A)",1
"ERR6806125","mph(A)",1
"ERR5751296","mph(A)",1
"ERR4451427","mph(A)",1
"SRR9273829","mph(A)",0
"ERR6752863","mph(A)",1
"ERR12321280","mph(A)",1
"ERR9692774","mph(A)",1
"ERR6805998","mph(A)",1
"ERR6806833","mph(A)",1
"ERR6806749","mph(A)",1
"ERR6806776","mph(A)",1
"ERR5750995","mph(A)",1
"ERR6806255","mph(A)",1
"ERR6805990","mph(A)",1
"ERR11747325","mph(A)",1
"ERR11502778","mph(A)",1
"ERR7197834","mph(A)",1
"ERR9079758","mph(A)",1
"ERR12321281","mph(A)",1
"ERR12142634","mph(A)",1
"ERR12067314","mph(A)",1
"ERR12321282","mph(A)",1
"ERR12080226","mph(A)",0
"ERR12321283","mph(A)",1
"ERR6753111","mph(A)",1
"ERR6806796","mph(A)",0
"ERR6806789","mph(A)",1
"ERR9971918","mph(A)",1
"ERR7197741","mph(A)",1
"ERR5751808","mph(A)",1
"ERR10438737","mph(A)",0
"CLL6CH","mph(A)",0
"CAARE3","mph(A)",0
"CAAQXB","mph(A)",0
"CAAR9T","mph(A)",0
"CAAQUT","mph(A)",0
"CNSFP4","mph(A)",0
"CNSDXZ","mph(A)",0
"CAAP2A","mph(A)",0
"44341_3_268","mph(A)",0
"44341_3_280","mph(A)",0
"44341_3_262","mph(A)",0
"44341_3_265","mph(A)",0
"44341_4_286","mph(A)",0
"CAAYDF","mph(A)",0
"CLL3JA","mph(A)",0
"ERR9941258","mph(A)",0
"CNSLL4","mph(A)",0
"CNSKFP","mph(A)",0
"CNSP0U","mph(E)",0
"ERR9929342","mph(E)",0
"ERR9966382","mph(E)",0
"CNS6QU","mph(E)",0
"CNS7YP","mph(E)",0
"BKRRIF","mph(E)",0
"44341_3_96","mph(E)",0
"44341_3_21","mph(E)",0
"CIV13VE5","mph(E)",0
"CIU149H1","mph(E)",0
"CIV146E8","mph(E)",0
"CIU13XS1","mph(E)",0
"CIV140E6","mph(E)",0
"CIV140E1","mph(E)",0
"CIT15GH1","mph(E)",0
"CIV13XE5","mph(E)",0
"CIV13YE6","mph(E)",0
"CIS15MR1","mph(E)",0
"CIV13UE4","mph(E)",0
"CAAXQV","mph(E)",0
"CIV140E7","mph(E)",0
"CIS15HB1","mph(E)",0
"CIV13RE2","mph(E)",0
"CIT15GS1","mph(E)",0
"CIV142E6","mph(E)",0
"44341_4_275","mph(E)",0
"44341_3_310","mph(E)",0
"CIU145B1","mph(E)",0
"CIV143E2","mph(E)",0
"CIT15FH1","mph(E)",0
"CIV147E3","mph(E)",0
"CIT15EB1","mph(E)",0
"CIV13PE7","mph(E)",0
"CIV13XE8","mph(E)",0
"44341_3_304","mph(E)",0
"44341_3_305","mph(E)",0
"44341_3_281","mph(E)",0
"44341_3_136","mph(E)",0
"44341_3_128","mph(E)",0
"44341_3_131","mph(E)",0
"CIT159B1","mph(E)",0
"CIS153C1","mph(E)",0
"CIV13XE2","mph(E)",0
"CIT15FB1","mph(E)",0
"CIV13XU1","mph(E)",0
"CIV143U1","mph(E)",0
"CIV143E9","mph(E)",0
"CNS1F3","mph(E)",0
"CAAYSI","mph(E)",0
"CIV141E6","mph(E)",0
"CIV140U1","mph(E)",0
"CIV140E4","mph(E)",0
"CIV143E4","mph(E)",0
"CIV144E6","mph(E)",0
"CIV13YE8","mph(E)",0
"CIV144U1","mph(E)",0
"BKRMVD","mph(E)",0
"CAAXBN","mph(E)",0
"44341_3_165","mph(E)",0
"ERR10113269","mph(E)",0
"ERR6752971","mph(E)",0
"ERR5751227","mph(E)",0
"ERR12142619","mph(E)",0
"ERR9976609","mph(E)",0
"ERR11219800","mph(E)",0
"ERR9079830","mph(E)",0
"ERR10880116","mph(E)",0
"ERR5751304","mph(E)",0
"ERR6806714","mph(E)",0
"ERR11872767","mph(E)",0
"ERR10176869","mph(E)",0
"ERR10880230","mph(E)",0
"ERR11453719","mph(E)",0
"ERR10880157","mph(E)",0
"ERR6752889","mph(E)",0
"ERR9288143","mph(E)",0
"ERR6806632","mph(E)",0
"ERR9288082","mph(E)",0
"ERR6806600","mph(E)",0
"ERR9420153","mph(E)",0
"ERR10117717","mph(E)",0
"ERR10109274","mph(E)",0
"ERR10880183","mph(E)",0
"ERR10880311","mph(E)",0
"ERR11420238","mph(E)",0
"ERR11437918","mph(E)",0
"ERR11807709","mph(E)",0
"ERR12146144","mph(E)",0
"ERR10109277","mph(E)",0
"ERR10087013","mph(E)",0
"ERR11219811","mph(E)",0
"ERR9966386","mph(E)",0
"ERR12259395","mph(E)",0
"ERR12091513","mph(E)",0
"ERR10125140","mph(E)",0
"ERR10949303","mph(E)",0
"ERR11810274","mph(E)",0
"ERR9785512","mph(E)",0
"ERR10176866","mph(E)",0
"ERR10460687","mph(E)",0
"ERR12078573","mph(E)",0
"ERR12165616","mph(E)",0
"ERR10880377","mph(E)",0
"ERR10460887","mph(E)",0
"ERR10880335","mph(E)",0
"ERR10880156","mph(E)",0
"ERR10088105","mph(E)",0
"ERR12321284","mph(E)",0
"ERR9966388","mph(E)",0
"ERR12495485","mph(E)",0
"ERR12312692","mph(E)",0
"ERR12312689","mph(E)",0
"ERR12312688","mph(E)",0
"ERR11201827","mph(E)",0
"ERR10088101","mph(E)",0
"ERR10880181","mph(E)",0
"ERR9820422","mph(E)",0
"ERR9785510","mph(E)",0
"ERR11807704","mph(E)",0
"ERR10109276","mph(E)",0
"ERR9966389","mph(E)",0
"ERR9785509","mph(E)",0
"ERR10087012","mph(E)",0
"ERR10460483","mph(E)",0
"ERR9785511","mph(E)",0
"ERR9079768","mph(E)",0
"ERR9822149","mph(E)",0
"ERR9822145","mph(E)",0
"ERR9822146","mph(E)",0
"ERR10176872","mph(E)",0
"ERR10460765","mph(E)",0
"ERR10109275","mph(E)",0
"ERR9966390","mph(E)",0
"ERR10123168","mph(E)",0
"ERR10123167","mph(E)",0
"ERR9966387","mph(E)",0
"ERR10949310","mph(E)",0
"ERR10460875","mph(E)",0
"ERR10109255","mph(E)",0
"ERR9822151","mph(E)",0
"ERR10088102","mph(E)",0
"ERR10088104","mph(E)",0
"ERR10026000","mph(E)",0
"ERR9822144","mph(E)",0
"ERR11896635","mph(E)",0
"ERR12552381","mph(E)",0
"ERR12552377","mph(E)",0
"ERR9079508","mph(E)",0
"ERR7197757","mph(E)",0
"ERR6806028","mph(E)",0
"ERR11455881","mph(E)",0
"ERR4451478","mph(E)",0
"ERR10880424","mph(E)",0
"ERR12067334","mph(E)",0
"ERR12302226","mph(E)",0
"ERR12552384","mph(E)",0
"ERR10123158","mph(E)",0
"ERR5751308","mph(E)",0
"ERR4399358","mph(E)",0
"ERR4399957","mph(E)",0
"ERR4399362","mph(E)",0
"SRR13833609","mph(E)",0
"ERR6806726","mph(E)",0
"ERR10460902","mph(E)",0
"ERR10460856","mph(E)",0
"ERR6806075","mph(E)",0
"ERR10176870","mph(E)",0
"ERR12078572","mph(E)",0
"ERR11747320","mph(E)",0
"ERR12495482","mph(E)",0
"ERR9924209","mph(E)",0
"ERR5751726","mph(E)",0
"ERR6806512","mph(E)",0
"ERR6806317","mph(E)",0
"ERR12067371","mph(E)",0
"ERR6806125","mph(E)",0
"ERR5751296","mph(E)",0
"ERR4451427","mph(E)",0
"SRR9273829","mph(E)",0
"ERR6752863","mph(E)",0
"ERR12321280","mph(E)",0
"ERR9692774","mph(E)",0
"ERR6805998","mph(E)",0
"ERR6806833","mph(E)",0
"ERR6806749","mph(E)",0
"ERR6806776","mph(E)",0
"ERR5750995","mph(E)",0
"ERR6806255","mph(E)",0
"ERR6805990","mph(E)",0
"ERR11747325","mph(E)",1
"ERR11502778","mph(E)",1
"ERR7197834","mph(E)",0
"ERR9079758","mph(E)",1
"ERR12321281","mph(E)",1
"ERR12142634","mph(E)",1
"ERR12067314","mph(E)",0
"ERR12321282","mph(E)",0
"ERR12080226","mph(E)",0
"ERR12321283","mph(E)",0
"ERR6753111","mph(E)",0
"ERR6806796","mph(E)",0
"ERR6806789","mph(E)",0
"ERR9971918","mph(E)",0
"ERR7197741","mph(E)",0
"ERR5751808","mph(E)",0
"ERR10438737","mph(E)",0
"CLL6CH","mph(E)",0
"CAARE3","mph(E)",0
"CAAQXB","mph(E)",0
"CAAR9T","mph(E)",0
"CAAQUT","mph(E)",0
"CNSFP4","mph(E)",0
"CNSDXZ","mph(E)",0
"CAAP2A","mph(E)",0
"44341_3_268","mph(E)",0
"44341_3_280","mph(E)",0
"44341_3_262","mph(E)",0
"44341_3_265","mph(E)",0
"44341_4_286","mph(E)",0
"CAAYDF","mph(E)",0
"CLL3JA","mph(E)",0
"ERR9941258","mph(E)",0
"CNSLL4","mph(E)",0
"CNSKFP","mph(E)",0
"CNSP0U","msr(E)",0
"ERR9929342","msr(E)",0
"ERR9966382","msr(E)",0
"CNS6QU","msr(E)",0
"CNS7YP","msr(E)",0
"BKRRIF","msr(E)",0
"44341_3_96","msr(E)",0
"44341_3_21","msr(E)",0
"CIV13VE5","msr(E)",0
"CIU149H1","msr(E)",0
"CIV146E8","msr(E)",0
"CIU13XS1","msr(E)",0
"CIV140E6","msr(E)",0
"CIV140E1","msr(E)",0
"CIT15GH1","msr(E)",0
"CIV13XE5","msr(E)",0
"CIV13YE6","msr(E)",0
"CIS15MR1","msr(E)",0
"CIV13UE4","msr(E)",0
"CAAXQV","msr(E)",0
"CIV140E7","msr(E)",0
"CIS15HB1","msr(E)",0
"CIV13RE2","msr(E)",0
"CIT15GS1","msr(E)",0
"CIV142E6","msr(E)",0
"44341_4_275","msr(E)",0
"44341_3_310","msr(E)",0
"CIU145B1","msr(E)",0
"CIV143E2","msr(E)",0
"CIT15FH1","msr(E)",0
"CIV147E3","msr(E)",0
"CIT15EB1","msr(E)",0
"CIV13PE7","msr(E)",0
"CIV13XE8","msr(E)",0
"44341_3_304","msr(E)",0
"44341_3_305","msr(E)",0
"44341_3_281","msr(E)",0
"44341_3_136","msr(E)",0
"44341_3_128","msr(E)",0
"44341_3_131","msr(E)",0
"CIT159B1","msr(E)",0
"CIS153C1","msr(E)",0
"CIV13XE2","msr(E)",0
"CIT15FB1","msr(E)",0
"CIV13XU1","msr(E)",0
"CIV143U1","msr(E)",0
"CIV143E9","msr(E)",0
"CNS1F3","msr(E)",0
"CAAYSI","msr(E)",0
"CIV141E6","msr(E)",0
"CIV140U1","msr(E)",0
"CIV140E4","msr(E)",0
"CIV143E4","msr(E)",0
"CIV144E6","msr(E)",0
"CIV13YE8","msr(E)",0
"CIV144U1","msr(E)",0
"BKRMVD","msr(E)",0
"CAAXBN","msr(E)",0
"44341_3_165","msr(E)",0
"ERR10113269","msr(E)",0
"ERR6752971","msr(E)",0
"ERR5751227","msr(E)",0
"ERR12142619","msr(E)",0
"ERR9976609","msr(E)",0
"ERR11219800","msr(E)",0
"ERR9079830","msr(E)",0
"ERR10880116","msr(E)",0
"ERR5751304","msr(E)",0
"ERR6806714","msr(E)",0
"ERR11872767","msr(E)",0
"ERR10176869","msr(E)",0
"ERR10880230","msr(E)",0
"ERR11453719","msr(E)",0
"ERR10880157","msr(E)",0
"ERR6752889","msr(E)",0
"ERR9288143","msr(E)",0
"ERR6806632","msr(E)",0
"ERR9288082","msr(E)",0
"ERR6806600","msr(E)",0
"ERR9420153","msr(E)",0
"ERR10117717","msr(E)",0
"ERR10109274","msr(E)",0
"ERR10880183","msr(E)",0
"ERR10880311","msr(E)",0
"ERR11420238","msr(E)",0
"ERR11437918","msr(E)",0
"ERR11807709","msr(E)",0
"ERR12146144","msr(E)",0
"ERR10109277","msr(E)",0
"ERR10087013","msr(E)",0
"ERR11219811","msr(E)",0
"ERR9966386","msr(E)",0
"ERR12259395","msr(E)",0
"ERR12091513","msr(E)",0
"ERR10125140","msr(E)",0
"ERR10949303","msr(E)",0
"ERR11810274","msr(E)",0
"ERR9785512","msr(E)",0
"ERR10176866","msr(E)",0
"ERR10460687","msr(E)",0
"ERR12078573","msr(E)",0
"ERR12165616","msr(E)",0
"ERR10880377","msr(E)",0
"ERR10460887","msr(E)",0
"ERR10880335","msr(E)",0
"ERR10880156","msr(E)",0
"ERR10088105","msr(E)",0
"ERR12321284","msr(E)",0
"ERR9966388","msr(E)",0
"ERR12495485","msr(E)",0
"ERR12312692","msr(E)",0
"ERR12312689","msr(E)",0
"ERR12312688","msr(E)",0
"ERR11201827","msr(E)",0
"ERR10088101","msr(E)",0
"ERR10880181","msr(E)",0
"ERR9820422","msr(E)",0
"ERR9785510","msr(E)",0
"ERR11807704","msr(E)",0
"ERR10109276","msr(E)",0
"ERR9966389","msr(E)",0
"ERR9785509","msr(E)",0
"ERR10087012","msr(E)",0
"ERR10460483","msr(E)",0
"ERR9785511","msr(E)",0
"ERR9079768","msr(E)",0
"ERR9822149","msr(E)",0
"ERR9822145","msr(E)",0
"ERR9822146","msr(E)",0
"ERR10176872","msr(E)",0
"ERR10460765","msr(E)",0
"ERR10109275","msr(E)",0
"ERR9966390","msr(E)",0
"ERR10123168","msr(E)",0
"ERR10123167","msr(E)",0
"ERR9966387","msr(E)",0
"ERR10949310","msr(E)",0
"ERR10460875","msr(E)",0
"ERR10109255","msr(E)",0
"ERR9822151","msr(E)",0
"ERR10088102","msr(E)",0
"ERR10088104","msr(E)",0
"ERR10026000","msr(E)",0
"ERR9822144","msr(E)",0
"ERR11896635","msr(E)",0
"ERR12552381","msr(E)",0
"ERR12552377","msr(E)",0
"ERR9079508","msr(E)",0
"ERR7197757","msr(E)",0
"ERR6806028","msr(E)",0
"ERR11455881","msr(E)",0
"ERR4451478","msr(E)",0
"ERR10880424","msr(E)",0
"ERR12067334","msr(E)",0
"ERR12302226","msr(E)",0
"ERR12552384","msr(E)",0
"ERR10123158","msr(E)",0
"ERR5751308","msr(E)",0
"ERR4399358","msr(E)",0
"ERR4399957","msr(E)",0
"ERR4399362","msr(E)",0
"SRR13833609","msr(E)",0
"ERR6806726","msr(E)",0
"ERR10460902","msr(E)",0
"ERR10460856","msr(E)",0
"ERR6806075","msr(E)",0
"ERR10176870","msr(E)",0
"ERR12078572","msr(E)",0
"ERR11747320","msr(E)",0
"ERR12495482","msr(E)",0
"ERR9924209","msr(E)",0
"ERR5751726","msr(E)",0
"ERR6806512","msr(E)",0
"ERR6806317","msr(E)",0
"ERR12067371","msr(E)",0
"ERR6806125","msr(E)",0
"ERR5751296","msr(E)",0
"ERR4451427","msr(E)",0
"SRR9273829","msr(E)",0
"ERR6752863","msr(E)",0
"ERR12321280","msr(E)",0
"ERR9692774","msr(E)",0
"ERR6805998","msr(E)",0
"ERR6806833","msr(E)",0
"ERR6806749","msr(E)",0
"ERR6806776","msr(E)",0
"ERR5750995","msr(E)",0
"ERR6806255","msr(E)",0
"ERR6805990","msr(E)",0
"ERR11747325","msr(E)",1
"ERR11502778","msr(E)",1
"ERR7197834","msr(E)",0
"ERR9079758","msr(E)",1
"ERR12321281","msr(E)",1
"ERR12142634","msr(E)",1
"ERR12067314","msr(E)",0
"ERR12321282","msr(E)",0
"ERR12080226","msr(E)",0
"ERR12321283","msr(E)",0
"ERR6753111","msr(E)",0
"ERR6806796","msr(E)",0
"ERR6806789","msr(E)",0
"ERR9971918","msr(E)",0
"ERR7197741","msr(E)",0
"ERR5751808","msr(E)",0
"ERR10438737","msr(E)",0
"CLL6CH","msr(E)",0
"CAARE3","msr(E)",0
"CAAQXB","msr(E)",0
"CAAR9T","msr(E)",0
"CAAQUT","msr(E)",0
"CNSFP4","msr(E)",0
"CNSDXZ","msr(E)",0
"CAAP2A","msr(E)",0
"44341_3_268","msr(E)",0
"44341_3_280","msr(E)",0
"44341_3_262","msr(E)",0
"44341_3_265","msr(E)",0
"44341_4_286","msr(E)",0
"CAAYDF","msr(E)",0
"CLL3JA","msr(E)",0
"ERR9941258","msr(E)",0
"CNSLL4","msr(E)",0
"CNSKFP","msr(E)",0
"CNSP0U","tet(A)",1
"ERR9929342","tet(A)",1
"ERR9966382","tet(A)",1
"CNS6QU","tet(A)",1
"CNS7YP","tet(A)",1
"BKRRIF","tet(A)",1
"44341_3_96","tet(A)",1
"44341_3_21","tet(A)",1
"CIV13VE5","tet(A)",1
"CIU149H1","tet(A)",1
"CIV146E8","tet(A)",1
"CIU13XS1","tet(A)",1
"CIV140E6","tet(A)",1
"CIV140E1","tet(A)",1
"CIT15GH1","tet(A)",1
"CIV13XE5","tet(A)",1
"CIV13YE6","tet(A)",1
"CIS15MR1","tet(A)",1
"CIV13UE4","tet(A)",1
"CAAXQV","tet(A)",1
"CIV140E7","tet(A)",1
"CIS15HB1","tet(A)",1
"CIV13RE2","tet(A)",1
"CIT15GS1","tet(A)",1
"CIV142E6","tet(A)",1
"44341_4_275","tet(A)",1
"44341_3_310","tet(A)",1
"CIU145B1","tet(A)",1
"CIV143E2","tet(A)",1
"CIT15FH1","tet(A)",1
"CIV147E3","tet(A)",1
"CIT15EB1","tet(A)",1
"CIV13PE7","tet(A)",1
"CIV13XE8","tet(A)",1
"44341_3_304","tet(A)",1
"44341_3_305","tet(A)",1
"44341_3_281","tet(A)",1
"44341_3_136","tet(A)",1
"44341_3_128","tet(A)",1
"44341_3_131","tet(A)",1
"CIT159B1","tet(A)",1
"CIS153C1","tet(A)",1
"CIV13XE2","tet(A)",1
"CIT15FB1","tet(A)",1
"CIV13XU1","tet(A)",1
"CIV143U1","tet(A)",1
"CIV143E9","tet(A)",1
"CNS1F3","tet(A)",1
"CAAYSI","tet(A)",1
"CIV141E6","tet(A)",1
"CIV140U1","tet(A)",1
"CIV140E4","tet(A)",1
"CIV143E4","tet(A)",1
"CIV144E6","tet(A)",1
"CIV13YE8","tet(A)",1
"CIV144U1","tet(A)",1
"BKRMVD","tet(A)",1
"CAAXBN","tet(A)",0
"44341_3_165","tet(A)",1
"ERR10113269","tet(A)",1
"ERR6752971","tet(A)",1
"ERR5751227","tet(A)",1
"ERR12142619","tet(A)",1
"ERR9976609","tet(A)",1
"ERR11219800","tet(A)",1
"ERR9079830","tet(A)",1
"ERR10880116","tet(A)",1
"ERR5751304","tet(A)",1
"ERR6806714","tet(A)",1
"ERR11872767","tet(A)",1
"ERR10176869","tet(A)",1
"ERR10880230","tet(A)",1
"ERR11453719","tet(A)",1
"ERR10880157","tet(A)",1
"ERR6752889","tet(A)",1
"ERR9288143","tet(A)",1
"ERR6806632","tet(A)",0
"ERR9288082","tet(A)",0
"ERR6806600","tet(A)",0
"ERR9420153","tet(A)",0
"ERR10117717","tet(A)",0
"ERR10109274","tet(A)",0
"ERR10880183","tet(A)",0
"ERR10880311","tet(A)",0
"ERR11420238","tet(A)",0
"ERR11437918","tet(A)",0
"ERR11807709","tet(A)",0
"ERR12146144","tet(A)",0
"ERR10109277","tet(A)",0
"ERR10087013","tet(A)",0
"ERR11219811","tet(A)",0
"ERR9966386","tet(A)",0
"ERR12259395","tet(A)",0
"ERR12091513","tet(A)",0
"ERR10125140","tet(A)",0
"ERR10949303","tet(A)",0
"ERR11810274","tet(A)",0
"ERR9785512","tet(A)",0
"ERR10176866","tet(A)",0
"ERR10460687","tet(A)",0
"ERR12078573","tet(A)",0
"ERR12165616","tet(A)",0
"ERR10880377","tet(A)",0
"ERR10460887","tet(A)",0
"ERR10880335","tet(A)",0
"ERR10880156","tet(A)",0
"ERR10088105","tet(A)",0
"ERR12321284","tet(A)",0
"ERR9966388","tet(A)",0
"ERR12495485","tet(A)",0
"ERR12312692","tet(A)",0
"ERR12312689","tet(A)",0
"ERR12312688","tet(A)",0
"ERR11201827","tet(A)",0
"ERR10088101","tet(A)",0
"ERR10880181","tet(A)",0
"ERR9820422","tet(A)",0
"ERR9785510","tet(A)",0
"ERR11807704","tet(A)",0
"ERR10109276","tet(A)",0
"ERR9966389","tet(A)",0
"ERR9785509","tet(A)",0
"ERR10087012","tet(A)",0
"ERR10460483","tet(A)",0
"ERR9785511","tet(A)",0
"ERR9079768","tet(A)",0
"ERR9822149","tet(A)",0
"ERR9822145","tet(A)",0
"ERR9822146","tet(A)",0
"ERR10176872","tet(A)",0
"ERR10460765","tet(A)",0
"ERR10109275","tet(A)",0
"ERR9966390","tet(A)",0
"ERR10123168","tet(A)",0
"ERR10123167","tet(A)",0
"ERR9966387","tet(A)",0
"ERR10949310","tet(A)",0
"ERR10460875","tet(A)",0
"ERR10109255","tet(A)",0
"ERR9822151","tet(A)",0
"ERR10088102","tet(A)",0
"ERR10088104","tet(A)",0
"ERR10026000","tet(A)",0
"ERR9822144","tet(A)",0
"ERR11896635","tet(A)",0
"ERR12552381","tet(A)",0
"ERR12552377","tet(A)",0
"ERR9079508","tet(A)",0
"ERR7197757","tet(A)",0
"ERR6806028","tet(A)",0
"ERR11455881","tet(A)",0
"ERR4451478","tet(A)",0
"ERR10880424","tet(A)",0
"ERR12067334","tet(A)",0
"ERR12302226","tet(A)",0
"ERR12552384","tet(A)",0
"ERR10123158","tet(A)",0
"ERR5751308","tet(A)",1
"ERR4399358","tet(A)",1
"ERR4399957","tet(A)",1
"ERR4399362","tet(A)",1
"SRR13833609","tet(A)",0
"ERR6806726","tet(A)",0
"ERR10460902","tet(A)",1
"ERR10460856","tet(A)",1
"ERR6806075","tet(A)",1
"ERR10176870","tet(A)",1
"ERR12078572","tet(A)",1
"ERR11747320","tet(A)",1
"ERR12495482","tet(A)",1
"ERR9924209","tet(A)",1
"ERR5751726","tet(A)",1
"ERR6806512","tet(A)",1
"ERR6806317","tet(A)",1
"ERR12067371","tet(A)",1
"ERR6806125","tet(A)",1
"ERR5751296","tet(A)",1
"ERR4451427","tet(A)",1
"SRR9273829","tet(A)",1
"ERR6752863","tet(A)",1
"ERR12321280","tet(A)",1
"ERR9692774","tet(A)",1
"ERR6805998","tet(A)",1
"ERR6806833","tet(A)",1
"ERR6806749","tet(A)",1
"ERR6806776","tet(A)",1
"ERR5750995","tet(A)",1
"ERR6806255","tet(A)",1
"ERR6805990","tet(A)",1
"ERR11747325","tet(A)",1
"ERR11502778","tet(A)",1
"ERR7197834","tet(A)",1
"ERR9079758","tet(A)",1
"ERR12321281","tet(A)",1
"ERR12142634","tet(A)",1
"ERR12067314","tet(A)",1
"ERR12321282","tet(A)",1
"ERR12080226","tet(A)",1
"ERR12321283","tet(A)",1
"ERR6753111","tet(A)",1
"ERR6806796","tet(A)",1
"ERR6806789","tet(A)",1
"ERR9971918","tet(A)",1
"ERR7197741","tet(A)",1
"ERR5751808","tet(A)",1
"ERR10438737","tet(A)",1
"CLL6CH","tet(A)",1
"CAARE3","tet(A)",1
"CAAQXB","tet(A)",1
"CAAR9T","tet(A)",1
"CAAQUT","tet(A)",1
"CNSFP4","tet(A)",1
"CNSDXZ","tet(A)",1
"CAAP2A","tet(A)",1
"44341_3_268","tet(A)",1
"44341_3_280","tet(A)",1
"44341_3_262","tet(A)",1
"44341_3_265","tet(A)",1
"44341_4_286","tet(A)",1
"CAAYDF","tet(A)",1
"CLL3JA","tet(A)",0
"ERR9941258","tet(A)",1
"CNSLL4","tet(A)",1
"CNSKFP","tet(A)",0
"CNSP0U","sul1",1
"ERR9929342","sul1",1
"ERR9966382","sul1",1
"CNS6QU","sul1",1
"CNS7YP","sul1",1
"BKRRIF","sul1",1
"44341_3_96","sul1",1
"44341_3_21","sul1",1
"CIV13VE5","sul1",1
"CIU149H1","sul1",1
"CIV146E8","sul1",0
"CIU13XS1","sul1",1
"CIV140E6","sul1",1
"CIV140E1","sul1",1
"CIT15GH1","sul1",1
"CIV13XE5","sul1",1
"CIV13YE6","sul1",1
"CIS15MR1","sul1",1
"CIV13UE4","sul1",1
"CAAXQV","sul1",1
"CIV140E7","sul1",1
"CIS15HB1","sul1",1
"CIV13RE2","sul1",1
"CIT15GS1","sul1",1
"CIV142E6","sul1",0
"44341_4_275","sul1",1
"44341_3_310","sul1",1
"CIU145B1","sul1",1
"CIV143E2","sul1",1
"CIT15FH1","sul1",1
"CIV147E3","sul1",1
"CIT15EB1","sul1",1
"CIV13PE7","sul1",1
"CIV13XE8","sul1",1
"44341_3_304","sul1",1
"44341_3_305","sul1",1
"44341_3_281","sul1",1
"44341_3_136","sul1",1
"44341_3_128","sul1",1
"44341_3_131","sul1",1
"CIT159B1","sul1",1
"CIS153C1","sul1",1
"CIV13XE2","sul1",1
"CIT15FB1","sul1",1
"CIV13XU1","sul1",1
"CIV143U1","sul1",1
"CIV143E9","sul1",1
"CNS1F3","sul1",1
"CAAYSI","sul1",1
"CIV141E6","sul1",1
"CIV140U1","sul1",1
"CIV140E4","sul1",0
"CIV143E4","sul1",1
"CIV144E6","sul1",1
"CIV13YE8","sul1",1
"CIV144U1","sul1",1
"BKRMVD","sul1",1
"CAAXBN","sul1",1
"44341_3_165","sul1",1
"ERR10113269","sul1",0
"ERR6752971","sul1",1
"ERR5751227","sul1",1
"ERR12142619","sul1",1
"ERR9976609","sul1",1
"ERR11219800","sul1",1
"ERR9079830","sul1",1
"ERR10880116","sul1",1
"ERR5751304","sul1",0
"ERR6806714","sul1",1
"ERR11872767","sul1",1
"ERR10176869","sul1",1
"ERR10880230","sul1",1
"ERR11453719","sul1",1
"ERR10880157","sul1",1
"ERR6752889","sul1",1
"ERR9288143","sul1",1
"ERR6806632","sul1",1
"ERR9288082","sul1",1
"ERR6806600","sul1",1
"ERR9420153","sul1",1
"ERR10117717","sul1",1
"ERR10109274","sul1",1
"ERR10880183","sul1",1
"ERR10880311","sul1",1
"ERR11420238","sul1",1
"ERR11437918","sul1",1
"ERR11807709","sul1",1
"ERR12146144","sul1",1
"ERR10109277","sul1",1
"ERR10087013","sul1",1
"ERR11219811","sul1",1
"ERR9966386","sul1",1
"ERR12259395","sul1",1
"ERR12091513","sul1",1
"ERR10125140","sul1",1
"ERR10949303","sul1",1
"ERR11810274","sul1",1
"ERR9785512","sul1",1
"ERR10176866","sul1",1
"ERR10460687","sul1",1
"ERR12078573","sul1",1
"ERR12165616","sul1",1
"ERR10880377","sul1",1
"ERR10460887","sul1",1
"ERR10880335","sul1",1
"ERR10880156","sul1",1
"ERR10088105","sul1",1
"ERR12321284","sul1",1
"ERR9966388","sul1",1
"ERR12495485","sul1",1
"ERR12312692","sul1",1
"ERR12312689","sul1",1
"ERR12312688","sul1",1
"ERR11201827","sul1",1
"ERR10088101","sul1",1
"ERR10880181","sul1",1
"ERR9820422","sul1",1
"ERR9785510","sul1",1
"ERR11807704","sul1",1
"ERR10109276","sul1",1
"ERR9966389","sul1",1
"ERR9785509","sul1",1
"ERR10087012","sul1",1
"ERR10460483","sul1",1
"ERR9785511","sul1",1
"ERR9079768","sul1",1
"ERR9822149","sul1",1
"ERR9822145","sul1",1
"ERR9822146","sul1",1
"ERR10176872","sul1",1
"ERR10460765","sul1",1
"ERR10109275","sul1",1
"ERR9966390","sul1",1
"ERR10123168","sul1",1
"ERR10123167","sul1",1
"ERR9966387","sul1",1
"ERR10949310","sul1",1
"ERR10460875","sul1",1
"ERR10109255","sul1",1
"ERR9822151","sul1",1
"ERR10088102","sul1",1
"ERR10088104","sul1",1
"ERR10026000","sul1",1
"ERR9822144","sul1",1
"ERR11896635","sul1",1
"ERR12552381","sul1",1
"ERR12552377","sul1",1
"ERR9079508","sul1",1
"ERR7197757","sul1",1
"ERR6806028","sul1",1
"ERR11455881","sul1",1
"ERR4451478","sul1",1
"ERR10880424","sul1",1
"ERR12067334","sul1",1
"ERR12302226","sul1",1
"ERR12552384","sul1",1
"ERR10123158","sul1",1
"ERR5751308","sul1",1
"ERR4399358","sul1",1
"ERR4399957","sul1",1
"ERR4399362","sul1",1
"SRR13833609","sul1",0
"ERR6806726","sul1",0
"ERR10460902","sul1",0
"ERR10460856","sul1",0
"ERR6806075","sul1",0
"ERR10176870","sul1",0
"ERR12078572","sul1",1
"ERR11747320","sul1",1
"ERR12495482","sul1",1
"ERR9924209","sul1",1
"ERR5751726","sul1",0
"ERR6806512","sul1",1
"ERR6806317","sul1",0
"ERR12067371","sul1",1
"ERR6806125","sul1",1
"ERR5751296","sul1",1
"ERR4451427","sul1",1
"SRR9273829","sul1",1
"ERR6752863","sul1",0
"ERR12321280","sul1",1
"ERR9692774","sul1",1
"ERR6805998","sul1",1
"ERR6806833","sul1",1
"ERR6806749","sul1",1
"ERR6806776","sul1",1
"ERR5750995","sul1",1
"ERR6806255","sul1",1
"ERR6805990","sul1",1
"ERR11747325","sul1",1
"ERR11502778","sul1",1
"ERR7197834","sul1",1
"ERR9079758","sul1",1
"ERR12321281","sul1",1
"ERR12142634","sul1",1
"ERR12067314","sul1",1
"ERR12321282","sul1",1
"ERR12080226","sul1",0
"ERR12321283","sul1",1
"ERR6753111","sul1",1
"ERR6806796","sul1",1
"ERR6806789","sul1",1
"ERR9971918","sul1",1
"ERR7197741","sul1",0
"ERR5751808","sul1",0
"ERR10438737","sul1",1
"CLL6CH","sul1",1
"CAARE3","sul1",1
"CAAQXB","sul1",1
"CAAR9T","sul1",1
"CAAQUT","sul1",1
"CNSFP4","sul1",1
"CNSDXZ","sul1",1
"CAAP2A","sul1",1
"44341_3_268","sul1",1
"44341_3_280","sul1",1
"44341_3_262","sul1",1
"44341_3_265","sul1",1
"44341_4_286","sul1",1
"CAAYDF","sul1",1
"CLL3JA","sul1",1
"ERR9941258","sul1",1
"CNSLL4","sul1",1
"CNSKFP","sul1",1
"CNSP0U","sul2",1
"ERR9929342","sul2",1
"ERR9966382","sul2",1
"CNS6QU","sul2",1
"CNS7YP","sul2",1
"BKRRIF","sul2",1
"44341_3_96","sul2",1
"44341_3_21","sul2",1
"CIV13VE5","sul2",1
"CIU149H1","sul2",1
"CIV146E8","sul2",1
"CIU13XS1","sul2",1
"CIV140E6","sul2",1
"CIV140E1","sul2",1
"CIT15GH1","sul2",1
"CIV13XE5","sul2",1
"CIV13YE6","sul2",1
"CIS15MR1","sul2",1
"CIV13UE4","sul2",1
"CAAXQV","sul2",1
"CIV140E7","sul2",1
"CIS15HB1","sul2",1
"CIV13RE2","sul2",1
"CIT15GS1","sul2",1
"CIV142E6","sul2",1
"44341_4_275","sul2",1
"44341_3_310","sul2",1
"CIU145B1","sul2",1
"CIV143E2","sul2",1
"CIT15FH1","sul2",1
"CIV147E3","sul2",1
"CIT15EB1","sul2",1
"CIV13PE7","sul2",1
"CIV13XE8","sul2",1
"44341_3_304","sul2",1
"44341_3_305","sul2",1
"44341_3_281","sul2",1
"44341_3_136","sul2",1
"44341_3_128","sul2",1
"44341_3_131","sul2",1
"CIT159B1","sul2",1
"CIS153C1","sul2",1
"CIV13XE2","sul2",1
"CIT15FB1","sul2",1
"CIV13XU1","sul2",1
"CIV143U1","sul2",1
"CIV143E9","sul2",1
"CNS1F3","sul2",1
"CAAYSI","sul2",1
"CIV141E6","sul2",1
"CIV140U1","sul2",1
"CIV140E4","sul2",1
"CIV143E4","sul2",1
"CIV144E6","sul2",1
"CIV13YE8","sul2",1
"CIV144U1","sul2",1
"BKRMVD","sul2",1
"CAAXBN","sul2",0
"44341_3_165","sul2",1
"ERR10113269","sul2",1
"ERR6752971","sul2",1
"ERR5751227","sul2",1
"ERR12142619","sul2",1
"ERR9976609","sul2",1
"ERR11219800","sul2",1
"ERR9079830","sul2",1
"ERR10880116","sul2",1
"ERR5751304","sul2",1
"ERR6806714","sul2",1
"ERR11872767","sul2",1
"ERR10176869","sul2",1
"ERR10880230","sul2",1
"ERR11453719","sul2",1
"ERR10880157","sul2",1
"ERR6752889","sul2",1
"ERR9288143","sul2",1
"ERR6806632","sul2",1
"ERR9288082","sul2",1
"ERR6806600","sul2",1
"ERR9420153","sul2",1
"ERR10117717","sul2",1
"ERR10109274","sul2",1
"ERR10880183","sul2",1
"ERR10880311","sul2",1
"ERR11420238","sul2",1
"ERR11437918","sul2",1
"ERR11807709","sul2",1
"ERR12146144","sul2",1
"ERR10109277","sul2",1
"ERR10087013","sul2",1
"ERR11219811","sul2",1
"ERR9966386","sul2",1
"ERR12259395","sul2",1
"ERR12091513","sul2",1
"ERR10125140","sul2",1
"ERR10949303","sul2",1
"ERR11810274","sul2",1
"ERR9785512","sul2",1
"ERR10176866","sul2",1
"ERR10460687","sul2",1
"ERR12078573","sul2",1
"ERR12165616","sul2",1
"ERR10880377","sul2",1
"ERR10460887","sul2",1
"ERR10880335","sul2",1
"ERR10880156","sul2",1
"ERR10088105","sul2",1
"ERR12321284","sul2",1
"ERR9966388","sul2",1
"ERR12495485","sul2",1
"ERR12312692","sul2",1
"ERR12312689","sul2",1
"ERR12312688","sul2",1
"ERR11201827","sul2",1
"ERR10088101","sul2",1
"ERR10880181","sul2",1
"ERR9820422","sul2",1
"ERR9785510","sul2",1
"ERR11807704","sul2",1
"ERR10109276","sul2",1
"ERR9966389","sul2",1
"ERR9785509","sul2",1
"ERR10087012","sul2",1
"ERR10460483","sul2",1
"ERR9785511","sul2",1
"ERR9079768","sul2",1
"ERR9822149","sul2",1
"ERR9822145","sul2",1
"ERR9822146","sul2",1
"ERR10176872","sul2",1
"ERR10460765","sul2",1
"ERR10109275","sul2",1
"ERR9966390","sul2",1
"ERR10123168","sul2",1
"ERR10123167","sul2",1
"ERR9966387","sul2",1
"ERR10949310","sul2",1
"ERR10460875","sul2",1
"ERR10109255","sul2",1
"ERR9822151","sul2",1
"ERR10088102","sul2",1
"ERR10088104","sul2",1
"ERR10026000","sul2",1
"ERR9822144","sul2",1
"ERR11896635","sul2",1
"ERR12552381","sul2",1
"ERR12552377","sul2",1
"ERR9079508","sul2",1
"ERR7197757","sul2",1
"ERR6806028","sul2",1
"ERR11455881","sul2",1
"ERR4451478","sul2",1
"ERR10880424","sul2",1
"ERR12067334","sul2",1
"ERR12302226","sul2",1
"ERR12552384","sul2",1
"ERR10123158","sul2",1
"ERR5751308","sul2",1
"ERR4399358","sul2",1
"ERR4399957","sul2",1
"ERR4399362","sul2",1
"SRR13833609","sul2",0
"ERR6806726","sul2",1
"ERR10460902","sul2",1
"ERR10460856","sul2",1
"ERR6806075","sul2",1
"ERR10176870","sul2",1
"ERR12078572","sul2",1
"ERR11747320","sul2",1
"ERR12495482","sul2",1
"ERR9924209","sul2",1
"ERR5751726","sul2",1
"ERR6806512","sul2",1
"ERR6806317","sul2",1
"ERR12067371","sul2",1
"ERR6806125","sul2",1
"ERR5751296","sul2",1
"ERR4451427","sul2",1
"SRR9273829","sul2",1
"ERR6752863","sul2",1
"ERR12321280","sul2",1
"ERR9692774","sul2",1
"ERR6805998","sul2",1
"ERR6806833","sul2",1
"ERR6806749","sul2",1
"ERR6806776","sul2",1
"ERR5750995","sul2",1
"ERR6806255","sul2",1
"ERR6805990","sul2",1
"ERR11747325","sul2",1
"ERR11502778","sul2",1
"ERR7197834","sul2",1
"ERR9079758","sul2",1
"ERR12321281","sul2",1
"ERR12142634","sul2",1
"ERR12067314","sul2",1
"ERR12321282","sul2",1
"ERR12080226","sul2",1
"ERR12321283","sul2",1
"ERR6753111","sul2",1
"ERR6806796","sul2",1
"ERR6806789","sul2",1
"ERR9971918","sul2",1
"ERR7197741","sul2",1
"ERR5751808","sul2",1
"ERR10438737","sul2",1
"CLL6CH","sul2",0
"CAARE3","sul2",1
"CAAQXB","sul2",1
"CAAR9T","sul2",1
"CAAQUT","sul2",1
"CNSFP4","sul2",1
"CNSDXZ","sul2",1
"CAAP2A","sul2",1
"44341_3_268","sul2",1
"44341_3_280","sul2",1
"44341_3_262","sul2",1
"44341_3_265","sul2",1
"44341_4_286","sul2",1
"CAAYDF","sul2",1
"CLL3JA","sul2",1
"ERR9941258","sul2",1
"CNSLL4","sul2",1
"CNSKFP","sul2",0
"CNSP0U","sul3",0
"ERR9929342","sul3",0
"ERR9966382","sul3",0
"CNS6QU","sul3",0
"CNS7YP","sul3",0
"BKRRIF","sul3",0
"44341_3_96","sul3",0
"44341_3_21","sul3",0
"CIV13VE5","sul3",0
"CIU149H1","sul3",0
"CIV146E8","sul3",0
"CIU13XS1","sul3",0
"CIV140E6","sul3",0
"CIV140E1","sul3",0
"CIT15GH1","sul3",0
"CIV13XE5","sul3",0
"CIV13YE6","sul3",0
"CIS15MR1","sul3",0
"CIV13UE4","sul3",0
"CAAXQV","sul3",0
"CIV140E7","sul3",0
"CIS15HB1","sul3",0
"CIV13RE2","sul3",0
"CIT15GS1","sul3",0
"CIV142E6","sul3",0
"44341_4_275","sul3",0
"44341_3_310","sul3",0
"CIU145B1","sul3",0
"CIV143E2","sul3",0
"CIT15FH1","sul3",0
"CIV147E3","sul3",0
"CIT15EB1","sul3",0
"CIV13PE7","sul3",0
"CIV13XE8","sul3",0
"44341_3_304","sul3",0
"44341_3_305","sul3",0
"44341_3_281","sul3",0
"44341_3_136","sul3",0
"44341_3_128","sul3",0
"44341_3_131","sul3",0
"CIT159B1","sul3",0
"CIS153C1","sul3",0
"CIV13XE2","sul3",0
"CIT15FB1","sul3",0
"CIV13XU1","sul3",0
"CIV143U1","sul3",0
"CIV143E9","sul3",0
"CNS1F3","sul3",0
"CAAYSI","sul3",0
"CIV141E6","sul3",0
"CIV140U1","sul3",0
"CIV140E4","sul3",0
"CIV143E4","sul3",0
"CIV144E6","sul3",0
"CIV13YE8","sul3",0
"CIV144U1","sul3",0
"BKRMVD","sul3",0
"CAAXBN","sul3",0
"44341_3_165","sul3",0
"ERR10113269","sul3",0
"ERR6752971","sul3",0
"ERR5751227","sul3",0
"ERR12142619","sul3",0
"ERR9976609","sul3",0
"ERR11219800","sul3",0
"ERR9079830","sul3",0
"ERR10880116","sul3",0
"ERR5751304","sul3",0
"ERR6806714","sul3",0
"ERR11872767","sul3",0
"ERR10176869","sul3",0
"ERR10880230","sul3",0
"ERR11453719","sul3",0
"ERR10880157","sul3",0
"ERR6752889","sul3",0
"ERR9288143","sul3",0
"ERR6806632","sul3",0
"ERR9288082","sul3",0
"ERR6806600","sul3",0
"ERR9420153","sul3",0
"ERR10117717","sul3",0
"ERR10109274","sul3",0
"ERR10880183","sul3",0
"ERR10880311","sul3",0
"ERR11420238","sul3",0
"ERR11437918","sul3",0
"ERR11807709","sul3",0
"ERR12146144","sul3",0
"ERR10109277","sul3",0
"ERR10087013","sul3",0
"ERR11219811","sul3",0
"ERR9966386","sul3",0
"ERR12259395","sul3",0
"ERR12091513","sul3",0
"ERR10125140","sul3",0
"ERR10949303","sul3",0
"ERR11810274","sul3",0
"ERR9785512","sul3",0
"ERR10176866","sul3",0
"ERR10460687","sul3",0
"ERR12078573","sul3",0
"ERR12165616","sul3",0
"ERR10880377","sul3",0
"ERR10460887","sul3",0
"ERR10880335","sul3",0
"ERR10880156","sul3",0
"ERR10088105","sul3",0
"ERR12321284","sul3",0
"ERR9966388","sul3",0
"ERR12495485","sul3",0
"ERR12312692","sul3",0
"ERR12312689","sul3",0
"ERR12312688","sul3",0
"ERR11201827","sul3",0
"ERR10088101","sul3",0
"ERR10880181","sul3",0
"ERR9820422","sul3",0
"ERR9785510","sul3",0
"ERR11807704","sul3",0
"ERR10109276","sul3",0
"ERR9966389","sul3",0
"ERR9785509","sul3",0
"ERR10087012","sul3",0
"ERR10460483","sul3",0
"ERR9785511","sul3",0
"ERR9079768","sul3",0
"ERR9822149","sul3",0
"ERR9822145","sul3",0
"ERR9822146","sul3",0
"ERR10176872","sul3",0
"ERR10460765","sul3",0
"ERR10109275","sul3",0
"ERR9966390","sul3",0
"ERR10123168","sul3",0
"ERR10123167","sul3",0
"ERR9966387","sul3",0
"ERR10949310","sul3",0
"ERR10460875","sul3",0
"ERR10109255","sul3",0
"ERR9822151","sul3",0
"ERR10088102","sul3",0
"ERR10088104","sul3",0
"ERR10026000","sul3",0
"ERR9822144","sul3",0
"ERR11896635","sul3",0
"ERR12552381","sul3",0
"ERR12552377","sul3",0
"ERR9079508","sul3",0
"ERR7197757","sul3",0
"ERR6806028","sul3",0
"ERR11455881","sul3",0
"ERR4451478","sul3",0
"ERR10880424","sul3",0
"ERR12067334","sul3",0
"ERR12302226","sul3",0
"ERR12552384","sul3",0
"ERR10123158","sul3",0
"ERR5751308","sul3",0
"ERR4399358","sul3",0
"ERR4399957","sul3",0
"ERR4399362","sul3",0
"SRR13833609","sul3",0
"ERR6806726","sul3",1
"ERR10460902","sul3",0
"ERR10460856","sul3",0
"ERR6806075","sul3",0
"ERR10176870","sul3",0
"ERR12078572","sul3",0
"ERR11747320","sul3",0
"ERR12495482","sul3",0
"ERR9924209","sul3",0
"ERR5751726","sul3",0
"ERR6806512","sul3",0
"ERR6806317","sul3",0
"ERR12067371","sul3",0
"ERR6806125","sul3",0
"ERR5751296","sul3",0
"ERR4451427","sul3",0
"SRR9273829","sul3",0
"ERR6752863","sul3",0
"ERR12321280","sul3",0
"ERR9692774","sul3",0
"ERR6805998","sul3",0
"ERR6806833","sul3",0
"ERR6806749","sul3",0
"ERR6806776","sul3",0
"ERR5750995","sul3",0
"ERR6806255","sul3",0
"ERR6805990","sul3",0
"ERR11747325","sul3",0
"ERR11502778","sul3",0
"ERR7197834","sul3",0
"ERR9079758","sul3",0
"ERR12321281","sul3",0
"ERR12142634","sul3",0
"ERR12067314","sul3",0
"ERR12321282","sul3",0
"ERR12080226","sul3",0
"ERR12321283","sul3",0
"ERR6753111","sul3",0
"ERR6806796","sul3",0
"ERR6806789","sul3",0
"ERR9971918","sul3",0
"ERR7197741","sul3",0
"ERR5751808","sul3",0
"ERR10438737","sul3",0
"CLL6CH","sul3",0
"CAARE3","sul3",0
"CAAQXB","sul3",0
"CAAR9T","sul3",0
"CAAQUT","sul3",0
"CNSFP4","sul3",0
"CNSDXZ","sul3",0
"CAAP2A","sul3",0
"44341_3_268","sul3",0
"44341_3_280","sul3",0
"44341_3_262","sul3",0
"44341_3_265","sul3",0
"44341_4_286","sul3",0
"CAAYDF","sul3",0
"CLL3JA","sul3",0
"ERR9941258","sul3",0
"CNSLL4","sul3",0
"CNSKFP","sul3",0
"CNSP0U","aac(3)-II",0
"ERR9929342","aac(3)-II",0
"ERR9966382","aac(3)-II",0
"CNS6QU","aac(3)-II",0
"CNS7YP","aac(3)-II",0
"BKRRIF","aac(3)-II",0
"44341_3_96","aac(3)-II",0
"44341_3_21","aac(3)-II",0
"CIV13VE5","aac(3)-II",0
"CIU149H1","aac(3)-II",0
"CIV146E8","aac(3)-II",0
"CIU13XS1","aac(3)-II",0
"CIV140E6","aac(3)-II",0
"CIV140E1","aac(3)-II",0
"CIT15GH1","aac(3)-II",0
"CIV13XE5","aac(3)-II",0
"CIV13YE6","aac(3)-II",0
"CIS15MR1","aac(3)-II",0
"CIV13UE4","aac(3)-II",0
"CAAXQV","aac(3)-II",0
"CIV140E7","aac(3)-II",0
"CIS15HB1","aac(3)-II",0
"CIV13RE2","aac(3)-II",0
"CIT15GS1","aac(3)-II",0
"CIV142E6","aac(3)-II",0
"44341_4_275","aac(3)-II",0
"44341_3_310","aac(3)-II",0
"CIU145B1","aac(3)-II",0
"CIV143E2","aac(3)-II",0
"CIT15FH1","aac(3)-II",0
"CIV147E3","aac(3)-II",0
"CIT15EB1","aac(3)-II",0
"CIV13PE7","aac(3)-II",0
"CIV13XE8","aac(3)-II",0
"44341_3_304","aac(3)-II",0
"44341_3_305","aac(3)-II",0
"44341_3_281","aac(3)-II",0
"44341_3_136","aac(3)-II",0
"44341_3_128","aac(3)-II",0
"44341_3_131","aac(3)-II",0
"CIT159B1","aac(3)-II",0
"CIS153C1","aac(3)-II",0
"CIV13XE2","aac(3)-II",0
"CIT15FB1","aac(3)-II",0
"CIV13XU1","aac(3)-II",0
"CIV143U1","aac(3)-II",0
"CIV143E9","aac(3)-II",0
"CNS1F3","aac(3)-II",0
"CAAYSI","aac(3)-II",0
"CIV141E6","aac(3)-II",0
"CIV140U1","aac(3)-II",0
"CIV140E4","aac(3)-II",0
"CIV143E4","aac(3)-II",0
"CIV144E6","aac(3)-II",0
"CIV13YE8","aac(3)-II",0
"CIV144U1","aac(3)-II",0
"BKRMVD","aac(3)-II",0
"CAAXBN","aac(3)-II",0
"44341_3_165","aac(3)-II",0
"ERR10113269","aac(3)-II",0
"ERR6752971","aac(3)-II",0
"ERR5751227","aac(3)-II",0
"ERR12142619","aac(3)-II",0
"ERR9976609","aac(3)-II",0
"ERR11219800","aac(3)-II",0
"ERR9079830","aac(3)-II",1
"ERR10880116","aac(3)-II",0
"ERR5751304","aac(3)-II",0
"ERR6806714","aac(3)-II",0
"ERR11872767","aac(3)-II",0
"ERR10176869","aac(3)-II",0
"ERR10880230","aac(3)-II",0
"ERR11453719","aac(3)-II",0
"ERR10880157","aac(3)-II",0
"ERR6752889","aac(3)-II",0
"ERR9288143","aac(3)-II",0
"ERR6806632","aac(3)-II",0
"ERR9288082","aac(3)-II",0
"ERR6806600","aac(3)-II",0
"ERR9420153","aac(3)-II",0
"ERR10117717","aac(3)-II",0
"ERR10109274","aac(3)-II",0
"ERR10880183","aac(3)-II",0
"ERR10880311","aac(3)-II",0
"ERR11420238","aac(3)-II",0
"ERR11437918","aac(3)-II",0
"ERR11807709","aac(3)-II",0
"ERR12146144","aac(3)-II",0
"ERR10109277","aac(3)-II",0
"ERR10087013","aac(3)-II",0
"ERR11219811","aac(3)-II",0
"ERR9966386","aac(3)-II",0
"ERR12259395","aac(3)-II",0
"ERR12091513","aac(3)-II",0
"ERR10125140","aac(3)-II",0
"ERR10949303","aac(3)-II",0
"ERR11810274","aac(3)-II",0
"ERR9785512","aac(3)-II",0
"ERR10176866","aac(3)-II",0
"ERR10460687","aac(3)-II",0
"ERR12078573","aac(3)-II",0
"ERR12165616","aac(3)-II",0
"ERR10880377","aac(3)-II",0
"ERR10460887","aac(3)-II",0
"ERR10880335","aac(3)-II",0
"ERR10880156","aac(3)-II",0
"ERR10088105","aac(3)-II",0
"ERR12321284","aac(3)-II",0
"ERR9966388","aac(3)-II",0
"ERR12495485","aac(3)-II",0
"ERR12312692","aac(3)-II",0
"ERR12312689","aac(3)-II",0
"ERR12312688","aac(3)-II",0
"ERR11201827","aac(3)-II",0
"ERR10088101","aac(3)-II",0
"ERR10880181","aac(3)-II",0
"ERR9820422","aac(3)-II",0
"ERR9785510","aac(3)-II",0
"ERR11807704","aac(3)-II",0
"ERR10109276","aac(3)-II",0
"ERR9966389","aac(3)-II",0
"ERR9785509","aac(3)-II",0
"ERR10087012","aac(3)-II",0
"ERR10460483","aac(3)-II",0
"ERR9785511","aac(3)-II",0
"ERR9079768","aac(3)-II",0
"ERR9822149","aac(3)-II",0
"ERR9822145","aac(3)-II",0
"ERR9822146","aac(3)-II",0
"ERR10176872","aac(3)-II",0
"ERR10460765","aac(3)-II",0
"ERR10109275","aac(3)-II",0
"ERR9966390","aac(3)-II",0
"ERR10123168","aac(3)-II",0
"ERR10123167","aac(3)-II",0
"ERR9966387","aac(3)-II",0
"ERR10949310","aac(3)-II",0
"ERR10460875","aac(3)-II",0
"ERR10109255","aac(3)-II",0
"ERR9822151","aac(3)-II",0
"ERR10088102","aac(3)-II",0
"ERR10088104","aac(3)-II",0
"ERR10026000","aac(3)-II",0
"ERR9822144","aac(3)-II",0
"ERR11896635","aac(3)-II",0
"ERR12552381","aac(3)-II",0
"ERR12552377","aac(3)-II",0
"ERR9079508","aac(3)-II",0
"ERR7197757","aac(3)-II",0
"ERR6806028","aac(3)-II",0
"ERR11455881","aac(3)-II",0
"ERR4451478","aac(3)-II",0
"ERR10880424","aac(3)-II",0
"ERR12067334","aac(3)-II",0
"ERR12302226","aac(3)-II",0
"ERR12552384","aac(3)-II",0
"ERR10123158","aac(3)-II",0
"ERR5751308","aac(3)-II",0
"ERR4399358","aac(3)-II",0
"ERR4399957","aac(3)-II",0
"ERR4399362","aac(3)-II",0
"SRR13833609","aac(3)-II",0
"ERR6806726","aac(3)-II",0
"ERR10460902","aac(3)-II",0
"ERR10460856","aac(3)-II",0
"ERR6806075","aac(3)-II",0
"ERR10176870","aac(3)-II",0
"ERR12078572","aac(3)-II",0
"ERR11747320","aac(3)-II",0
"ERR12495482","aac(3)-II",0
"ERR9924209","aac(3)-II",0
"ERR5751726","aac(3)-II",0
"ERR6806512","aac(3)-II",0
"ERR6806317","aac(3)-II",0
"ERR12067371","aac(3)-II",0
"ERR6806125","aac(3)-II",0
"ERR5751296","aac(3)-II",0
"ERR4451427","aac(3)-II",0
"SRR9273829","aac(3)-II",0
"ERR6752863","aac(3)-II",0
"ERR12321280","aac(3)-II",0
"ERR9692774","aac(3)-II",0
"ERR6805998","aac(3)-II",0
"ERR6806833","aac(3)-II",0
"ERR6806749","aac(3)-II",0
"ERR6806776","aac(3)-II",0
"ERR5750995","aac(3)-II",0
"ERR6806255","aac(3)-II",0
"ERR6805990","aac(3)-II",0
"ERR11747325","aac(3)-II",0
"ERR11502778","aac(3)-II",0
"ERR7197834","aac(3)-II",0
"ERR9079758","aac(3)-II",0
"ERR12321281","aac(3)-II",0
"ERR12142634","aac(3)-II",0
"ERR12067314","aac(3)-II",0
"ERR12321282","aac(3)-II",0
"ERR12080226","aac(3)-II",0
"ERR12321283","aac(3)-II",0
"ERR6753111","aac(3)-II",0
"ERR6806796","aac(3)-II",0
"ERR6806789","aac(3)-II",0
"ERR9971918","aac(3)-II",0
"ERR7197741","aac(3)-II",0
"ERR5751808","aac(3)-II",0
"ERR10438737","aac(3)-II",0
"CLL6CH","aac(3)-II",0
"CAARE3","aac(3)-II",0
"CAAQXB","aac(3)-II",0
"CAAR9T","aac(3)-II",0
"CAAQUT","aac(3)-II",0
"CNSFP4","aac(3)-II",0
"CNSDXZ","aac(3)-II",0
"CAAP2A","aac(3)-II",0
"44341_3_268","aac(3)-II",0
"44341_3_280","aac(3)-II",0
"44341_3_262","aac(3)-II",0
"44341_3_265","aac(3)-II",0
"44341_4_286","aac(3)-II",0
"CAAYDF","aac(3)-II",0
"CLL3JA","aac(3)-II",0
"ERR9941258","aac(3)-II",0
"CNSLL4","aac(3)-II",0
"CNSKFP","aac(3)-II",0
"CNSP0U","aac(3)-IId",0
"ERR9929342","aac(3)-IId",0
"ERR9966382","aac(3)-IId",0
"CNS6QU","aac(3)-IId",0
"CNS7YP","aac(3)-IId",0
"BKRRIF","aac(3)-IId",0
"44341_3_96","aac(3)-IId",0
"44341_3_21","aac(3)-IId",0
"CIV13VE5","aac(3)-IId",0
"CIU149H1","aac(3)-IId",0
"CIV146E8","aac(3)-IId",0
"CIU13XS1","aac(3)-IId",0
"CIV140E6","aac(3)-IId",0
"CIV140E1","aac(3)-IId",0
"CIT15GH1","aac(3)-IId",0
"CIV13XE5","aac(3)-IId",0
"CIV13YE6","aac(3)-IId",0
"CIS15MR1","aac(3)-IId",0
"CIV13UE4","aac(3)-IId",0
"CAAXQV","aac(3)-IId",0
"CIV140E7","aac(3)-IId",0
"CIS15HB1","aac(3)-IId",0
"CIV13RE2","aac(3)-IId",0
"CIT15GS1","aac(3)-IId",0
"CIV142E6","aac(3)-IId",0
"44341_4_275","aac(3)-IId",0
"44341_3_310","aac(3)-IId",0
"CIU145B1","aac(3)-IId",0
"CIV143E2","aac(3)-IId",0
"CIT15FH1","aac(3)-IId",0
"CIV147E3","aac(3)-IId",0
"CIT15EB1","aac(3)-IId",0
"CIV13PE7","aac(3)-IId",0
"CIV13XE8","aac(3)-IId",0
"44341_3_304","aac(3)-IId",0
"44341_3_305","aac(3)-IId",0
"44341_3_281","aac(3)-IId",0
"44341_3_136","aac(3)-IId",0
"44341_3_128","aac(3)-IId",0
"44341_3_131","aac(3)-IId",0
"CIT159B1","aac(3)-IId",0
"CIS153C1","aac(3)-IId",0
"CIV13XE2","aac(3)-IId",0
"CIT15FB1","aac(3)-IId",0
"CIV13XU1","aac(3)-IId",0
"CIV143U1","aac(3)-IId",0
"CIV143E9","aac(3)-IId",0
"CNS1F3","aac(3)-IId",0
"CAAYSI","aac(3)-IId",0
"CIV141E6","aac(3)-IId",0
"CIV140U1","aac(3)-IId",0
"CIV140E4","aac(3)-IId",0
"CIV143E4","aac(3)-IId",0
"CIV144E6","aac(3)-IId",0
"CIV13YE8","aac(3)-IId",0
"CIV144U1","aac(3)-IId",0
"BKRMVD","aac(3)-IId",0
"CAAXBN","aac(3)-IId",0
"44341_3_165","aac(3)-IId",0
"ERR10113269","aac(3)-IId",0
"ERR6752971","aac(3)-IId",0
"ERR5751227","aac(3)-IId",0
"ERR12142619","aac(3)-IId",0
"ERR9976609","aac(3)-IId",0
"ERR11219800","aac(3)-IId",0
"ERR9079830","aac(3)-IId",0
"ERR10880116","aac(3)-IId",0
"ERR5751304","aac(3)-IId",0
"ERR6806714","aac(3)-IId",0
"ERR11872767","aac(3)-IId",0
"ERR10176869","aac(3)-IId",0
"ERR10880230","aac(3)-IId",0
"ERR11453719","aac(3)-IId",0
"ERR10880157","aac(3)-IId",0
"ERR6752889","aac(3)-IId",0
"ERR9288143","aac(3)-IId",0
"ERR6806632","aac(3)-IId",0
"ERR9288082","aac(3)-IId",0
"ERR6806600","aac(3)-IId",0
"ERR9420153","aac(3)-IId",0
"ERR10117717","aac(3)-IId",0
"ERR10109274","aac(3)-IId",1
"ERR10880183","aac(3)-IId",0
"ERR10880311","aac(3)-IId",0
"ERR11420238","aac(3)-IId",1
"ERR11437918","aac(3)-IId",1
"ERR11807709","aac(3)-IId",1
"ERR12146144","aac(3)-IId",1
"ERR10109277","aac(3)-IId",1
"ERR10087013","aac(3)-IId",1
"ERR11219811","aac(3)-IId",1
"ERR9966386","aac(3)-IId",1
"ERR12259395","aac(3)-IId",1
"ERR12091513","aac(3)-IId",1
"ERR10125140","aac(3)-IId",1
"ERR10949303","aac(3)-IId",1
"ERR11810274","aac(3)-IId",1
"ERR9785512","aac(3)-IId",1
"ERR10176866","aac(3)-IId",1
"ERR10460687","aac(3)-IId",1
"ERR12078573","aac(3)-IId",1
"ERR12165616","aac(3)-IId",1
"ERR10880377","aac(3)-IId",0
"ERR10460887","aac(3)-IId",0
"ERR10880335","aac(3)-IId",0
"ERR10880156","aac(3)-IId",0
"ERR10088105","aac(3)-IId",1
"ERR12321284","aac(3)-IId",0
"ERR9966388","aac(3)-IId",1
"ERR12495485","aac(3)-IId",1
"ERR12312692","aac(3)-IId",1
"ERR12312689","aac(3)-IId",1
"ERR12312688","aac(3)-IId",1
"ERR11201827","aac(3)-IId",1
"ERR10088101","aac(3)-IId",1
"ERR10880181","aac(3)-IId",1
"ERR9820422","aac(3)-IId",1
"ERR9785510","aac(3)-IId",1
"ERR11807704","aac(3)-IId",1
"ERR10109276","aac(3)-IId",1
"ERR9966389","aac(3)-IId",1
"ERR9785509","aac(3)-IId",1
"ERR10087012","aac(3)-IId",1
"ERR10460483","aac(3)-IId",1
"ERR9785511","aac(3)-IId",1
"ERR9079768","aac(3)-IId",1
"ERR9822149","aac(3)-IId",1
"ERR9822145","aac(3)-IId",0
"ERR9822146","aac(3)-IId",1
"ERR10176872","aac(3)-IId",1
"ERR10460765","aac(3)-IId",1
"ERR10109275","aac(3)-IId",1
"ERR9966390","aac(3)-IId",1
"ERR10123168","aac(3)-IId",1
"ERR10123167","aac(3)-IId",1
"ERR9966387","aac(3)-IId",1
"ERR10949310","aac(3)-IId",1
"ERR10460875","aac(3)-IId",1
"ERR10109255","aac(3)-IId",1
"ERR9822151","aac(3)-IId",1
"ERR10088102","aac(3)-IId",1
"ERR10088104","aac(3)-IId",1
"ERR10026000","aac(3)-IId",1
"ERR9822144","aac(3)-IId",1
"ERR11896635","aac(3)-IId",1
"ERR12552381","aac(3)-IId",1
"ERR12552377","aac(3)-IId",1
"ERR9079508","aac(3)-IId",1
"ERR7197757","aac(3)-IId",0
"ERR6806028","aac(3)-IId",0
"ERR11455881","aac(3)-IId",0
"ERR4451478","aac(3)-IId",0
"ERR10880424","aac(3)-IId",0
"ERR12067334","aac(3)-IId",0
"ERR12302226","aac(3)-IId",0
"ERR12552384","aac(3)-IId",0
"ERR10123158","aac(3)-IId",0
"ERR5751308","aac(3)-IId",0
"ERR4399358","aac(3)-IId",0
"ERR4399957","aac(3)-IId",0
"ERR4399362","aac(3)-IId",0
"SRR13833609","aac(3)-IId",0
"ERR6806726","aac(3)-IId",0
"ERR10460902","aac(3)-IId",0
"ERR10460856","aac(3)-IId",0
"ERR6806075","aac(3)-IId",0
"ERR10176870","aac(3)-IId",0
"ERR12078572","aac(3)-IId",0
"ERR11747320","aac(3)-IId",0
"ERR12495482","aac(3)-IId",0
"ERR9924209","aac(3)-IId",0
"ERR5751726","aac(3)-IId",0
"ERR6806512","aac(3)-IId",0
"ERR6806317","aac(3)-IId",0
"ERR12067371","aac(3)-IId",0
"ERR6806125","aac(3)-IId",0
"ERR5751296","aac(3)-IId",0
"ERR4451427","aac(3)-IId",0
"SRR9273829","aac(3)-IId",0
"ERR6752863","aac(3)-IId",0
"ERR12321280","aac(3)-IId",0
"ERR9692774","aac(3)-IId",0
"ERR6805998","aac(3)-IId",0
"ERR6806833","aac(3)-IId",0
"ERR6806749","aac(3)-IId",0
"ERR6806776","aac(3)-IId",0
"ERR5750995","aac(3)-IId",0
"ERR6806255","aac(3)-IId",0
"ERR6805990","aac(3)-IId",0
"ERR11747325","aac(3)-IId",1
"ERR11502778","aac(3)-IId",1
"ERR7197834","aac(3)-IId",0
"ERR9079758","aac(3)-IId",1
"ERR12321281","aac(3)-IId",1
"ERR12142634","aac(3)-IId",0
"ERR12067314","aac(3)-IId",0
"ERR12321282","aac(3)-IId",0
"ERR12080226","aac(3)-IId",0
"ERR12321283","aac(3)-IId",0
"ERR6753111","aac(3)-IId",0
"ERR6806796","aac(3)-IId",0
"ERR6806789","aac(3)-IId",0
"ERR9971918","aac(3)-IId",0
"ERR7197741","aac(3)-IId",0
"ERR5751808","aac(3)-IId",0
"ERR10438737","aac(3)-IId",0
"CLL6CH","aac(3)-IId",0
"CAARE3","aac(3)-IId",0
"CAAQXB","aac(3)-IId",0
"CAAR9T","aac(3)-IId",0
"CAAQUT","aac(3)-IId",0
"CNSFP4","aac(3)-IId",0
"CNSDXZ","aac(3)-IId",0
"CAAP2A","aac(3)-IId",0
"44341_3_268","aac(3)-IId",0
"44341_3_280","aac(3)-IId",0
"44341_3_262","aac(3)-IId",0
"44341_3_265","aac(3)-IId",0
"44341_4_286","aac(3)-IId",0
"CAAYDF","aac(3)-IId",0
"CLL3JA","aac(3)-IId",0
"ERR9941258","aac(3)-IId",0
"CNSLL4","aac(3)-IId",0
"CNSKFP","aac(3)-IId",0
"CNSP0U","aac(3)-IIe",1
"ERR9929342","aac(3)-IIe",1
"ERR9966382","aac(3)-IIe",1
"CNS6QU","aac(3)-IIe",1
"CNS7YP","aac(3)-IIe",1
"BKRRIF","aac(3)-IIe",1
"44341_3_96","aac(3)-IIe",1
"44341_3_21","aac(3)-IIe",1
"CIV13VE5","aac(3)-IIe",1
"CIU149H1","aac(3)-IIe",1
"CIV146E8","aac(3)-IIe",1
"CIU13XS1","aac(3)-IIe",1
"CIV140E6","aac(3)-IIe",1
"CIV140E1","aac(3)-IIe",1
"CIT15GH1","aac(3)-IIe",1
"CIV13XE5","aac(3)-IIe",1
"CIV13YE6","aac(3)-IIe",1
"CIS15MR1","aac(3)-IIe",1
"CIV13UE4","aac(3)-IIe",1
"CAAXQV","aac(3)-IIe",1
"CIV140E7","aac(3)-IIe",1
"CIS15HB1","aac(3)-IIe",1
"CIV13RE2","aac(3)-IIe",1
"CIT15GS1","aac(3)-IIe",1
"CIV142E6","aac(3)-IIe",1
"44341_4_275","aac(3)-IIe",1
"44341_3_310","aac(3)-IIe",1
"CIU145B1","aac(3)-IIe",1
"CIV143E2","aac(3)-IIe",1
"CIT15FH1","aac(3)-IIe",1
"CIV147E3","aac(3)-IIe",1
"CIT15EB1","aac(3)-IIe",1
"CIV13PE7","aac(3)-IIe",1
"CIV13XE8","aac(3)-IIe",1
"44341_3_304","aac(3)-IIe",1
"44341_3_305","aac(3)-IIe",1
"44341_3_281","aac(3)-IIe",1
"44341_3_136","aac(3)-IIe",0
"44341_3_128","aac(3)-IIe",1
"44341_3_131","aac(3)-IIe",1
"CIT159B1","aac(3)-IIe",1
"CIS153C1","aac(3)-IIe",1
"CIV13XE2","aac(3)-IIe",1
"CIT15FB1","aac(3)-IIe",1
"CIV13XU1","aac(3)-IIe",1
"CIV143U1","aac(3)-IIe",1
"CIV143E9","aac(3)-IIe",1
"CNS1F3","aac(3)-IIe",1
"CAAYSI","aac(3)-IIe",1
"CIV141E6","aac(3)-IIe",1
"CIV140U1","aac(3)-IIe",1
"CIV140E4","aac(3)-IIe",1
"CIV143E4","aac(3)-IIe",1
"CIV144E6","aac(3)-IIe",1
"CIV13YE8","aac(3)-IIe",1
"CIV144U1","aac(3)-IIe",1
"BKRMVD","aac(3)-IIe",1
"CAAXBN","aac(3)-IIe",1
"44341_3_165","aac(3)-IIe",1
"ERR10113269","aac(3)-IIe",1
"ERR6752971","aac(3)-IIe",0
"ERR5751227","aac(3)-IIe",0
"ERR12142619","aac(3)-IIe",1
"ERR9976609","aac(3)-IIe",1
"ERR11219800","aac(3)-IIe",1
"ERR9079830","aac(3)-IIe",0
"ERR10880116","aac(3)-IIe",1
"ERR5751304","aac(3)-IIe",1
"ERR6806714","aac(3)-IIe",1
"ERR11872767","aac(3)-IIe",0
"ERR10176869","aac(3)-IIe",0
"ERR10880230","aac(3)-IIe",0
"ERR11453719","aac(3)-IIe",0
"ERR10880157","aac(3)-IIe",0
"ERR6752889","aac(3)-IIe",0
"ERR9288143","aac(3)-IIe",0
"ERR6806632","aac(3)-IIe",0
"ERR9288082","aac(3)-IIe",0
"ERR6806600","aac(3)-IIe",0
"ERR9420153","aac(3)-IIe",0
"ERR10117717","aac(3)-IIe",0
"ERR10109274","aac(3)-IIe",0
"ERR10880183","aac(3)-IIe",0
"ERR10880311","aac(3)-IIe",0
"ERR11420238","aac(3)-IIe",0
"ERR11437918","aac(3)-IIe",0
"ERR11807709","aac(3)-IIe",0
"ERR12146144","aac(3)-IIe",0
"ERR10109277","aac(3)-IIe",0
"ERR10087013","aac(3)-IIe",0
"ERR11219811","aac(3)-IIe",0
"ERR9966386","aac(3)-IIe",0
"ERR12259395","aac(3)-IIe",0
"ERR12091513","aac(3)-IIe",0
"ERR10125140","aac(3)-IIe",0
"ERR10949303","aac(3)-IIe",0
"ERR11810274","aac(3)-IIe",0
"ERR9785512","aac(3)-IIe",0
"ERR10176866","aac(3)-IIe",0
"ERR10460687","aac(3)-IIe",0
"ERR12078573","aac(3)-IIe",0
"ERR12165616","aac(3)-IIe",0
"ERR10880377","aac(3)-IIe",0
"ERR10460887","aac(3)-IIe",0
"ERR10880335","aac(3)-IIe",0
"ERR10880156","aac(3)-IIe",0
"ERR10088105","aac(3)-IIe",0
"ERR12321284","aac(3)-IIe",0
"ERR9966388","aac(3)-IIe",0
"ERR12495485","aac(3)-IIe",0
"ERR12312692","aac(3)-IIe",0
"ERR12312689","aac(3)-IIe",0
"ERR12312688","aac(3)-IIe",0
"ERR11201827","aac(3)-IIe",0
"ERR10088101","aac(3)-IIe",0
"ERR10880181","aac(3)-IIe",0
"ERR9820422","aac(3)-IIe",0
"ERR9785510","aac(3)-IIe",0
"ERR11807704","aac(3)-IIe",0
"ERR10109276","aac(3)-IIe",0
"ERR9966389","aac(3)-IIe",0
"ERR9785509","aac(3)-IIe",0
"ERR10087012","aac(3)-IIe",0
"ERR10460483","aac(3)-IIe",0
"ERR9785511","aac(3)-IIe",0
"ERR9079768","aac(3)-IIe",0
"ERR9822149","aac(3)-IIe",0
"ERR9822145","aac(3)-IIe",0
"ERR9822146","aac(3)-IIe",0
"ERR10176872","aac(3)-IIe",0
"ERR10460765","aac(3)-IIe",0
"ERR10109275","aac(3)-IIe",0
"ERR9966390","aac(3)-IIe",0
"ERR10123168","aac(3)-IIe",0
"ERR10123167","aac(3)-IIe",0
"ERR9966387","aac(3)-IIe",0
"ERR10949310","aac(3)-IIe",0
"ERR10460875","aac(3)-IIe",0
"ERR10109255","aac(3)-IIe",0
"ERR9822151","aac(3)-IIe",0
"ERR10088102","aac(3)-IIe",0
"ERR10088104","aac(3)-IIe",0
"ERR10026000","aac(3)-IIe",0
"ERR9822144","aac(3)-IIe",0
"ERR11896635","aac(3)-IIe",0
"ERR12552381","aac(3)-IIe",0
"ERR12552377","aac(3)-IIe",0
"ERR9079508","aac(3)-IIe",0
"ERR7197757","aac(3)-IIe",0
"ERR6806028","aac(3)-IIe",0
"ERR11455881","aac(3)-IIe",0
"ERR4451478","aac(3)-IIe",0
"ERR10880424","aac(3)-IIe",0
"ERR12067334","aac(3)-IIe",0
"ERR12302226","aac(3)-IIe",0
"ERR12552384","aac(3)-IIe",0
"ERR10123158","aac(3)-IIe",0
"ERR5751308","aac(3)-IIe",1
"ERR4399358","aac(3)-IIe",1
"ERR4399957","aac(3)-IIe",1
"ERR4399362","aac(3)-IIe",1
"SRR13833609","aac(3)-IIe",0
"ERR6806726","aac(3)-IIe",1
"ERR10460902","aac(3)-IIe",1
"ERR10460856","aac(3)-IIe",1
"ERR6806075","aac(3)-IIe",1
"ERR10176870","aac(3)-IIe",1
"ERR12078572","aac(3)-IIe",1
"ERR11747320","aac(3)-IIe",1
"ERR12495482","aac(3)-IIe",1
"ERR9924209","aac(3)-IIe",1
"ERR5751726","aac(3)-IIe",1
"ERR6806512","aac(3)-IIe",1
"ERR6806317","aac(3)-IIe",0
"ERR12067371","aac(3)-IIe",1
"ERR6806125","aac(3)-IIe",1
"ERR5751296","aac(3)-IIe",1
"ERR4451427","aac(3)-IIe",1
"SRR9273829","aac(3)-IIe",1
"ERR6752863","aac(3)-IIe",1
"ERR12321280","aac(3)-IIe",1
"ERR9692774","aac(3)-IIe",1
"ERR6805998","aac(3)-IIe",1
"ERR6806833","aac(3)-IIe",1
"ERR6806749","aac(3)-IIe",1
"ERR6806776","aac(3)-IIe",1
"ERR5750995","aac(3)-IIe",1
"ERR6806255","aac(3)-IIe",1
"ERR6805990","aac(3)-IIe",1
"ERR11747325","aac(3)-IIe",0
"ERR11502778","aac(3)-IIe",0
"ERR7197834","aac(3)-IIe",1
"ERR9079758","aac(3)-IIe",0
"ERR12321281","aac(3)-IIe",1
"ERR12142634","aac(3)-IIe",0
"ERR12067314","aac(3)-IIe",1
"ERR12321282","aac(3)-IIe",1
"ERR12080226","aac(3)-IIe",0
"ERR12321283","aac(3)-IIe",1
"ERR6753111","aac(3)-IIe",1
"ERR6806796","aac(3)-IIe",1
"ERR6806789","aac(3)-IIe",1
"ERR9971918","aac(3)-IIe",1
"ERR7197741","aac(3)-IIe",1
"ERR5751808","aac(3)-IIe",1
"ERR10438737","aac(3)-IIe",1
"CLL6CH","aac(3)-IIe",1
"CAARE3","aac(3)-IIe",1
"CAAQXB","aac(3)-IIe",1
"CAAR9T","aac(3)-IIe",1
"CAAQUT","aac(3)-IIe",1
"CNSFP4","aac(3)-IIe",0
"CNSDXZ","aac(3)-IIe",1
"CAAP2A","aac(3)-IIe",1
"44341_3_268","aac(3)-IIe",1
"44341_3_280","aac(3)-IIe",1
"44341_3_262","aac(3)-IIe",1
"44341_3_265","aac(3)-IIe",1
"44341_4_286","aac(3)-IIe",1
"CAAYDF","aac(3)-IIe",1
"CLL3JA","aac(3)-IIe",1
"ERR9941258","aac(3)-IIe",1
"CNSLL4","aac(3)-IIe",1
"CNSKFP","aac(3)-IIe",1
"CNSP0U","aac(3)-VIa",0
"ERR9929342","aac(3)-VIa",0
"ERR9966382","aac(3)-VIa",0
"CNS6QU","aac(3)-VIa",0
"CNS7YP","aac(3)-VIa",0
"BKRRIF","aac(3)-VIa",0
"44341_3_96","aac(3)-VIa",0
"44341_3_21","aac(3)-VIa",0
"CIV13VE5","aac(3)-VIa",0
"CIU149H1","aac(3)-VIa",0
"CIV146E8","aac(3)-VIa",0
"CIU13XS1","aac(3)-VIa",0
"CIV140E6","aac(3)-VIa",0
"CIV140E1","aac(3)-VIa",0
"CIT15GH1","aac(3)-VIa",0
"CIV13XE5","aac(3)-VIa",0
"CIV13YE6","aac(3)-VIa",0
"CIS15MR1","aac(3)-VIa",0
"CIV13UE4","aac(3)-VIa",0
"CAAXQV","aac(3)-VIa",0
"CIV140E7","aac(3)-VIa",0
"CIS15HB1","aac(3)-VIa",0
"CIV13RE2","aac(3)-VIa",0
"CIT15GS1","aac(3)-VIa",0
"CIV142E6","aac(3)-VIa",0
"44341_4_275","aac(3)-VIa",0
"44341_3_310","aac(3)-VIa",0
"CIU145B1","aac(3)-VIa",0
"CIV143E2","aac(3)-VIa",0
"CIT15FH1","aac(3)-VIa",0
"CIV147E3","aac(3)-VIa",0
"CIT15EB1","aac(3)-VIa",0
"CIV13PE7","aac(3)-VIa",0
"CIV13XE8","aac(3)-VIa",0
"44341_3_304","aac(3)-VIa",0
"44341_3_305","aac(3)-VIa",0
"44341_3_281","aac(3)-VIa",0
"44341_3_136","aac(3)-VIa",0
"44341_3_128","aac(3)-VIa",0
"44341_3_131","aac(3)-VIa",0
"CIT159B1","aac(3)-VIa",0
"CIS153C1","aac(3)-VIa",0
"CIV13XE2","aac(3)-VIa",0
"CIT15FB1","aac(3)-VIa",0
"CIV13XU1","aac(3)-VIa",0
"CIV143U1","aac(3)-VIa",0
"CIV143E9","aac(3)-VIa",0
"CNS1F3","aac(3)-VIa",0
"CAAYSI","aac(3)-VIa",0
"CIV141E6","aac(3)-VIa",0
"CIV140U1","aac(3)-VIa",0
"CIV140E4","aac(3)-VIa",0
"CIV143E4","aac(3)-VIa",0
"CIV144E6","aac(3)-VIa",0
"CIV13YE8","aac(3)-VIa",0
"CIV144U1","aac(3)-VIa",0
"BKRMVD","aac(3)-VIa",0
"CAAXBN","aac(3)-VIa",0
"44341_3_165","aac(3)-VIa",0
"ERR10113269","aac(3)-VIa",0
"ERR6752971","aac(3)-VIa",0
"ERR5751227","aac(3)-VIa",0
"ERR12142619","aac(3)-VIa",0
"ERR9976609","aac(3)-VIa",0
"ERR11219800","aac(3)-VIa",0
"ERR9079830","aac(3)-VIa",0
"ERR10880116","aac(3)-VIa",0
"ERR5751304","aac(3)-VIa",0
"ERR6806714","aac(3)-VIa",0
"ERR11872767","aac(3)-VIa",0
"ERR10176869","aac(3)-VIa",0
"ERR10880230","aac(3)-VIa",0
"ERR11453719","aac(3)-VIa",0
"ERR10880157","aac(3)-VIa",0
"ERR6752889","aac(3)-VIa",0
"ERR9288143","aac(3)-VIa",0
"ERR6806632","aac(3)-VIa",0
"ERR9288082","aac(3)-VIa",0
"ERR6806600","aac(3)-VIa",0
"ERR9420153","aac(3)-VIa",0
"ERR10117717","aac(3)-VIa",0
"ERR10109274","aac(3)-VIa",0
"ERR10880183","aac(3)-VIa",0
"ERR10880311","aac(3)-VIa",0
"ERR11420238","aac(3)-VIa",0
"ERR11437918","aac(3)-VIa",0
"ERR11807709","aac(3)-VIa",0
"ERR12146144","aac(3)-VIa",0
"ERR10109277","aac(3)-VIa",0
"ERR10087013","aac(3)-VIa",0
"ERR11219811","aac(3)-VIa",0
"ERR9966386","aac(3)-VIa",0
"ERR12259395","aac(3)-VIa",0
"ERR12091513","aac(3)-VIa",0
"ERR10125140","aac(3)-VIa",0
"ERR10949303","aac(3)-VIa",0
"ERR11810274","aac(3)-VIa",0
"ERR9785512","aac(3)-VIa",0
"ERR10176866","aac(3)-VIa",0
"ERR10460687","aac(3)-VIa",0
"ERR12078573","aac(3)-VIa",0
"ERR12165616","aac(3)-VIa",0
"ERR10880377","aac(3)-VIa",0
"ERR10460887","aac(3)-VIa",0
"ERR10880335","aac(3)-VIa",0
"ERR10880156","aac(3)-VIa",0
"ERR10088105","aac(3)-VIa",0
"ERR12321284","aac(3)-VIa",0
"ERR9966388","aac(3)-VIa",0
"ERR12495485","aac(3)-VIa",0
"ERR12312692","aac(3)-VIa",0
"ERR12312689","aac(3)-VIa",0
"ERR12312688","aac(3)-VIa",0
"ERR11201827","aac(3)-VIa",0
"ERR10088101","aac(3)-VIa",0
"ERR10880181","aac(3)-VIa",0
"ERR9820422","aac(3)-VIa",0
"ERR9785510","aac(3)-VIa",0
"ERR11807704","aac(3)-VIa",0
"ERR10109276","aac(3)-VIa",0
"ERR9966389","aac(3)-VIa",0
"ERR9785509","aac(3)-VIa",0
"ERR10087012","aac(3)-VIa",0
"ERR10460483","aac(3)-VIa",0
"ERR9785511","aac(3)-VIa",0
"ERR9079768","aac(3)-VIa",0
"ERR9822149","aac(3)-VIa",0
"ERR9822145","aac(3)-VIa",0
"ERR9822146","aac(3)-VIa",0
"ERR10176872","aac(3)-VIa",0
"ERR10460765","aac(3)-VIa",0
"ERR10109275","aac(3)-VIa",0
"ERR9966390","aac(3)-VIa",0
"ERR10123168","aac(3)-VIa",0
"ERR10123167","aac(3)-VIa",0
"ERR9966387","aac(3)-VIa",0
"ERR10949310","aac(3)-VIa",0
"ERR10460875","aac(3)-VIa",0
"ERR10109255","aac(3)-VIa",0
"ERR9822151","aac(3)-VIa",0
"ERR10088102","aac(3)-VIa",0
"ERR10088104","aac(3)-VIa",0
"ERR10026000","aac(3)-VIa",0
"ERR9822144","aac(3)-VIa",0
"ERR11896635","aac(3)-VIa",0
"ERR12552381","aac(3)-VIa",0
"ERR12552377","aac(3)-VIa",0
"ERR9079508","aac(3)-VIa",0
"ERR7197757","aac(3)-VIa",0
"ERR6806028","aac(3)-VIa",0
"ERR11455881","aac(3)-VIa",0
"ERR4451478","aac(3)-VIa",0
"ERR10880424","aac(3)-VIa",0
"ERR12067334","aac(3)-VIa",0
"ERR12302226","aac(3)-VIa",0
"ERR12552384","aac(3)-VIa",0
"ERR10123158","aac(3)-VIa",0
"ERR5751308","aac(3)-VIa",0
"ERR4399358","aac(3)-VIa",0
"ERR4399957","aac(3)-VIa",0
"ERR4399362","aac(3)-VIa",0
"SRR13833609","aac(3)-VIa",0
"ERR6806726","aac(3)-VIa",0
"ERR10460902","aac(3)-VIa",0
"ERR10460856","aac(3)-VIa",0
"ERR6806075","aac(3)-VIa",0
"ERR10176870","aac(3)-VIa",0
"ERR12078572","aac(3)-VIa",0
"ERR11747320","aac(3)-VIa",0
"ERR12495482","aac(3)-VIa",0
"ERR9924209","aac(3)-VIa",0
"ERR5751726","aac(3)-VIa",0
"ERR6806512","aac(3)-VIa",0
"ERR6806317","aac(3)-VIa",0
"ERR12067371","aac(3)-VIa",0
"ERR6806125","aac(3)-VIa",0
"ERR5751296","aac(3)-VIa",0
"ERR4451427","aac(3)-VIa",0
"SRR9273829","aac(3)-VIa",0
"ERR6752863","aac(3)-VIa",0
"ERR12321280","aac(3)-VIa",0
"ERR9692774","aac(3)-VIa",0
"ERR6805998","aac(3)-VIa",0
"ERR6806833","aac(3)-VIa",0
"ERR6806749","aac(3)-VIa",0
"ERR6806776","aac(3)-VIa",0
"ERR5750995","aac(3)-VIa",0
"ERR6806255","aac(3)-VIa",0
"ERR6805990","aac(3)-VIa",0
"ERR11747325","aac(3)-VIa",0
"ERR11502778","aac(3)-VIa",0
"ERR7197834","aac(3)-VIa",0
"ERR9079758","aac(3)-VIa",0
"ERR12321281","aac(3)-VIa",0
"ERR12142634","aac(3)-VIa",0
"ERR12067314","aac(3)-VIa",0
"ERR12321282","aac(3)-VIa",0
"ERR12080226","aac(3)-VIa",0
"ERR12321283","aac(3)-VIa",0
"ERR6753111","aac(3)-VIa",0
"ERR6806796","aac(3)-VIa",0
"ERR6806789","aac(3)-VIa",0
"ERR9971918","aac(3)-VIa",0
"ERR7197741","aac(3)-VIa",0
"ERR5751808","aac(3)-VIa",0
"ERR10438737","aac(3)-VIa",0
"CLL6CH","aac(3)-VIa",0
"CAARE3","aac(3)-VIa",0
"CAAQXB","aac(3)-VIa",0
"CAAR9T","aac(3)-VIa",0
"CAAQUT","aac(3)-VIa",0
"CNSFP4","aac(3)-VIa",0
"CNSDXZ","aac(3)-VIa",0
"CAAP2A","aac(3)-VIa",0
"44341_3_268","aac(3)-VIa",0
"44341_3_280","aac(3)-VIa",0
"44341_3_262","aac(3)-VIa",0
"44341_3_265","aac(3)-VIa",0
"44341_4_286","aac(3)-VIa",0
"CAAYDF","aac(3)-VIa",0
"CLL3JA","aac(3)-VIa",0
"ERR9941258","aac(3)-VIa",0
"CNSLL4","aac(3)-VIa",0
"CNSKFP","aac(3)-VIa",0
"CNSP0U","aac(6')-Ib",0
"ERR9929342","aac(6')-Ib",0
"ERR9966382","aac(6')-Ib",0
"CNS6QU","aac(6')-Ib",0
"CNS7YP","aac(6')-Ib",0
"BKRRIF","aac(6')-Ib",0
"44341_3_96","aac(6')-Ib",0
"44341_3_21","aac(6')-Ib",0
"CIV13VE5","aac(6')-Ib",0
"CIU149H1","aac(6')-Ib",0
"CIV146E8","aac(6')-Ib",0
"CIU13XS1","aac(6')-Ib",0
"CIV140E6","aac(6')-Ib",0
"CIV140E1","aac(6')-Ib",0
"CIT15GH1","aac(6')-Ib",0
"CIV13XE5","aac(6')-Ib",0
"CIV13YE6","aac(6')-Ib",0
"CIS15MR1","aac(6')-Ib",0
"CIV13UE4","aac(6')-Ib",0
"CAAXQV","aac(6')-Ib",0
"CIV140E7","aac(6')-Ib",0
"CIS15HB1","aac(6')-Ib",0
"CIV13RE2","aac(6')-Ib",0
"CIT15GS1","aac(6')-Ib",0
"CIV142E6","aac(6')-Ib",0
"44341_4_275","aac(6')-Ib",0
"44341_3_310","aac(6')-Ib",0
"CIU145B1","aac(6')-Ib",0
"CIV143E2","aac(6')-Ib",0
"CIT15FH1","aac(6')-Ib",0
"CIV147E3","aac(6')-Ib",0
"CIT15EB1","aac(6')-Ib",0
"CIV13PE7","aac(6')-Ib",0
"CIV13XE8","aac(6')-Ib",0
"44341_3_304","aac(6')-Ib",0
"44341_3_305","aac(6')-Ib",0
"44341_3_281","aac(6')-Ib",0
"44341_3_136","aac(6')-Ib",0
"44341_3_128","aac(6')-Ib",0
"44341_3_131","aac(6')-Ib",0
"CIT159B1","aac(6')-Ib",0
"CIS153C1","aac(6')-Ib",0
"CIV13XE2","aac(6')-Ib",0
"CIT15FB1","aac(6')-Ib",0
"CIV13XU1","aac(6')-Ib",0
"CIV143U1","aac(6')-Ib",0
"CIV143E9","aac(6')-Ib",0
"CNS1F3","aac(6')-Ib",0
"CAAYSI","aac(6')-Ib",0
"CIV141E6","aac(6')-Ib",0
"CIV140U1","aac(6')-Ib",0
"CIV140E4","aac(6')-Ib",0
"CIV143E4","aac(6')-Ib",0
"CIV144E6","aac(6')-Ib",0
"CIV13YE8","aac(6')-Ib",0
"CIV144U1","aac(6')-Ib",0
"BKRMVD","aac(6')-Ib",0
"CAAXBN","aac(6')-Ib",0
"44341_3_165","aac(6')-Ib",0
"ERR10113269","aac(6')-Ib",0
"ERR6752971","aac(6')-Ib",0
"ERR5751227","aac(6')-Ib",0
"ERR12142619","aac(6')-Ib",0
"ERR9976609","aac(6')-Ib",0
"ERR11219800","aac(6')-Ib",0
"ERR9079830","aac(6')-Ib",0
"ERR10880116","aac(6')-Ib",0
"ERR5751304","aac(6')-Ib",0
"ERR6806714","aac(6')-Ib",0
"ERR11872767","aac(6')-Ib",0
"ERR10176869","aac(6')-Ib",0
"ERR10880230","aac(6')-Ib",0
"ERR11453719","aac(6')-Ib",0
"ERR10880157","aac(6')-Ib",0
"ERR6752889","aac(6')-Ib",0
"ERR9288143","aac(6')-Ib",0
"ERR6806632","aac(6')-Ib",0
"ERR9288082","aac(6')-Ib",0
"ERR6806600","aac(6')-Ib",0
"ERR9420153","aac(6')-Ib",0
"ERR10117717","aac(6')-Ib",0
"ERR10109274","aac(6')-Ib",0
"ERR10880183","aac(6')-Ib",0
"ERR10880311","aac(6')-Ib",0
"ERR11420238","aac(6')-Ib",0
"ERR11437918","aac(6')-Ib",0
"ERR11807709","aac(6')-Ib",0
"ERR12146144","aac(6')-Ib",0
"ERR10109277","aac(6')-Ib",0
"ERR10087013","aac(6')-Ib",0
"ERR11219811","aac(6')-Ib",0
"ERR9966386","aac(6')-Ib",0
"ERR12259395","aac(6')-Ib",0
"ERR12091513","aac(6')-Ib",0
"ERR10125140","aac(6')-Ib",0
"ERR10949303","aac(6')-Ib",0
"ERR11810274","aac(6')-Ib",0
"ERR9785512","aac(6')-Ib",0
"ERR10176866","aac(6')-Ib",0
"ERR10460687","aac(6')-Ib",0
"ERR12078573","aac(6')-Ib",0
"ERR12165616","aac(6')-Ib",0
"ERR10880377","aac(6')-Ib",0
"ERR10460887","aac(6')-Ib",0
"ERR10880335","aac(6')-Ib",0
"ERR10880156","aac(6')-Ib",0
"ERR10088105","aac(6')-Ib",0
"ERR12321284","aac(6')-Ib",0
"ERR9966388","aac(6')-Ib",0
"ERR12495485","aac(6')-Ib",0
"ERR12312692","aac(6')-Ib",0
"ERR12312689","aac(6')-Ib",0
"ERR12312688","aac(6')-Ib",0
"ERR11201827","aac(6')-Ib",0
"ERR10088101","aac(6')-Ib",0
"ERR10880181","aac(6')-Ib",0
"ERR9820422","aac(6')-Ib",0
"ERR9785510","aac(6')-Ib",0
"ERR11807704","aac(6')-Ib",0
"ERR10109276","aac(6')-Ib",0
"ERR9966389","aac(6')-Ib",0
"ERR9785509","aac(6')-Ib",0
"ERR10087012","aac(6')-Ib",0
"ERR10460483","aac(6')-Ib",0
"ERR9785511","aac(6')-Ib",0
"ERR9079768","aac(6')-Ib",0
"ERR9822149","aac(6')-Ib",0
"ERR9822145","aac(6')-Ib",0
"ERR9822146","aac(6')-Ib",0
"ERR10176872","aac(6')-Ib",0
"ERR10460765","aac(6')-Ib",0
"ERR10109275","aac(6')-Ib",0
"ERR9966390","aac(6')-Ib",0
"ERR10123168","aac(6')-Ib",0
"ERR10123167","aac(6')-Ib",0
"ERR9966387","aac(6')-Ib",0
"ERR10949310","aac(6')-Ib",0
"ERR10460875","aac(6')-Ib",0
"ERR10109255","aac(6')-Ib",0
"ERR9822151","aac(6')-Ib",0
"ERR10088102","aac(6')-Ib",0
"ERR10088104","aac(6')-Ib",0
"ERR10026000","aac(6')-Ib",0
"ERR9822144","aac(6')-Ib",0
"ERR11896635","aac(6')-Ib",0
"ERR12552381","aac(6')-Ib",0
"ERR12552377","aac(6')-Ib",0
"ERR9079508","aac(6')-Ib",0
"ERR7197757","aac(6')-Ib",0
"ERR6806028","aac(6')-Ib",0
"ERR11455881","aac(6')-Ib",0
"ERR4451478","aac(6')-Ib",0
"ERR10880424","aac(6')-Ib",0
"ERR12067334","aac(6')-Ib",0
"ERR12302226","aac(6')-Ib",0
"ERR12552384","aac(6')-Ib",0
"ERR10123158","aac(6')-Ib",0
"ERR5751308","aac(6')-Ib",0
"ERR4399358","aac(6')-Ib",1
"ERR4399957","aac(6')-Ib",1
"ERR4399362","aac(6')-Ib",0
"SRR13833609","aac(6')-Ib",0
"ERR6806726","aac(6')-Ib",0
"ERR10460902","aac(6')-Ib",0
"ERR10460856","aac(6')-Ib",0
"ERR6806075","aac(6')-Ib",0
"ERR10176870","aac(6')-Ib",0
"ERR12078572","aac(6')-Ib",0
"ERR11747320","aac(6')-Ib",0
"ERR12495482","aac(6')-Ib",0
"ERR9924209","aac(6')-Ib",0
"ERR5751726","aac(6')-Ib",0
"ERR6806512","aac(6')-Ib",0
"ERR6806317","aac(6')-Ib",0
"ERR12067371","aac(6')-Ib",0
"ERR6806125","aac(6')-Ib",0
"ERR5751296","aac(6')-Ib",0
"ERR4451427","aac(6')-Ib",0
"SRR9273829","aac(6')-Ib",0
"ERR6752863","aac(6')-Ib",0
"ERR12321280","aac(6')-Ib",0
"ERR9692774","aac(6')-Ib",0
"ERR6805998","aac(6')-Ib",0
"ERR6806833","aac(6')-Ib",0
"ERR6806749","aac(6')-Ib",0
"ERR6806776","aac(6')-Ib",0
"ERR5750995","aac(6')-Ib",0
"ERR6806255","aac(6')-Ib",0
"ERR6805990","aac(6')-Ib",0
"ERR11747325","aac(6')-Ib",0
"ERR11502778","aac(6')-Ib",0
"ERR7197834","aac(6')-Ib",0
"ERR9079758","aac(6')-Ib",0
"ERR12321281","aac(6')-Ib",0
"ERR12142634","aac(6')-Ib",0
"ERR12067314","aac(6')-Ib",0
"ERR12321282","aac(6')-Ib",0
"ERR12080226","aac(6')-Ib",0
"ERR12321283","aac(6')-Ib",0
"ERR6753111","aac(6')-Ib",0
"ERR6806796","aac(6')-Ib",0
"ERR6806789","aac(6')-Ib",0
"ERR9971918","aac(6')-Ib",0
"ERR7197741","aac(6')-Ib",0
"ERR5751808","aac(6')-Ib",0
"ERR10438737","aac(6')-Ib",0
"CLL6CH","aac(6')-Ib",0
"CAARE3","aac(6')-Ib",0
"CAAQXB","aac(6')-Ib",0
"CAAR9T","aac(6')-Ib",0
"CAAQUT","aac(6')-Ib",0
"CNSFP4","aac(6')-Ib",0
"CNSDXZ","aac(6')-Ib",0
"CAAP2A","aac(6')-Ib",0
"44341_3_268","aac(6')-Ib",0
"44341_3_280","aac(6')-Ib",0
"44341_3_262","aac(6')-Ib",0
"44341_3_265","aac(6')-Ib",0
"44341_4_286","aac(6')-Ib",0
"CAAYDF","aac(6')-Ib",0
"CLL3JA","aac(6')-Ib",0
"ERR9941258","aac(6')-Ib",0
"CNSLL4","aac(6')-Ib",0
"CNSKFP","aac(6')-Ib",0
"CNSP0U","aac(6')-Ib-cr",0
"ERR9929342","aac(6')-Ib-cr",0
"ERR9966382","aac(6')-Ib-cr",0
"CNS6QU","aac(6')-Ib-cr",0
"CNS7YP","aac(6')-Ib-cr",0
"BKRRIF","aac(6')-Ib-cr",0
"44341_3_96","aac(6')-Ib-cr",0
"44341_3_21","aac(6')-Ib-cr",0
"CIV13VE5","aac(6')-Ib-cr",0
"CIU149H1","aac(6')-Ib-cr",0
"CIV146E8","aac(6')-Ib-cr",0
"CIU13XS1","aac(6')-Ib-cr",0
"CIV140E6","aac(6')-Ib-cr",0
"CIV140E1","aac(6')-Ib-cr",0
"CIT15GH1","aac(6')-Ib-cr",0
"CIV13XE5","aac(6')-Ib-cr",0
"CIV13YE6","aac(6')-Ib-cr",0
"CIS15MR1","aac(6')-Ib-cr",0
"CIV13UE4","aac(6')-Ib-cr",0
"CAAXQV","aac(6')-Ib-cr",0
"CIV140E7","aac(6')-Ib-cr",0
"CIS15HB1","aac(6')-Ib-cr",0
"CIV13RE2","aac(6')-Ib-cr",0
"CIT15GS1","aac(6')-Ib-cr",0
"CIV142E6","aac(6')-Ib-cr",0
"44341_4_275","aac(6')-Ib-cr",0
"44341_3_310","aac(6')-Ib-cr",0
"CIU145B1","aac(6')-Ib-cr",0
"CIV143E2","aac(6')-Ib-cr",0
"CIT15FH1","aac(6')-Ib-cr",0
"CIV147E3","aac(6')-Ib-cr",0
"CIT15EB1","aac(6')-Ib-cr",0
"CIV13PE7","aac(6')-Ib-cr",0
"CIV13XE8","aac(6')-Ib-cr",0
"44341_3_304","aac(6')-Ib-cr",0
"44341_3_305","aac(6')-Ib-cr",0
"44341_3_281","aac(6')-Ib-cr",0
"44341_3_136","aac(6')-Ib-cr",0
"44341_3_128","aac(6')-Ib-cr",0
"44341_3_131","aac(6')-Ib-cr",0
"CIT159B1","aac(6')-Ib-cr",0
"CIS153C1","aac(6')-Ib-cr",0
"CIV13XE2","aac(6')-Ib-cr",0
"CIT15FB1","aac(6')-Ib-cr",0
"CIV13XU1","aac(6')-Ib-cr",0
"CIV143U1","aac(6')-Ib-cr",0
"CIV143E9","aac(6')-Ib-cr",0
"CNS1F3","aac(6')-Ib-cr",0
"CAAYSI","aac(6')-Ib-cr",0
"CIV141E6","aac(6')-Ib-cr",0
"CIV140U1","aac(6')-Ib-cr",0
"CIV140E4","aac(6')-Ib-cr",0
"CIV143E4","aac(6')-Ib-cr",0
"CIV144E6","aac(6')-Ib-cr",0
"CIV13YE8","aac(6')-Ib-cr",0
"CIV144U1","aac(6')-Ib-cr",0
"BKRMVD","aac(6')-Ib-cr",0
"CAAXBN","aac(6')-Ib-cr",0
"44341_3_165","aac(6')-Ib-cr",0
"ERR10113269","aac(6')-Ib-cr",0
"ERR6752971","aac(6')-Ib-cr",0
"ERR5751227","aac(6')-Ib-cr",0
"ERR12142619","aac(6')-Ib-cr",0
"ERR9976609","aac(6')-Ib-cr",0
"ERR11219800","aac(6')-Ib-cr",0
"ERR9079830","aac(6')-Ib-cr",0
"ERR10880116","aac(6')-Ib-cr",0
"ERR5751304","aac(6')-Ib-cr",0
"ERR6806714","aac(6')-Ib-cr",0
"ERR11872767","aac(6')-Ib-cr",0
"ERR10176869","aac(6')-Ib-cr",0
"ERR10880230","aac(6')-Ib-cr",0
"ERR11453719","aac(6')-Ib-cr",0
"ERR10880157","aac(6')-Ib-cr",0
"ERR6752889","aac(6')-Ib-cr",0
"ERR9288143","aac(6')-Ib-cr",0
"ERR6806632","aac(6')-Ib-cr",0
"ERR9288082","aac(6')-Ib-cr",0
"ERR6806600","aac(6')-Ib-cr",0
"ERR9420153","aac(6')-Ib-cr",0
"ERR10117717","aac(6')-Ib-cr",0
"ERR10109274","aac(6')-Ib-cr",0
"ERR10880183","aac(6')-Ib-cr",0
"ERR10880311","aac(6')-Ib-cr",0
"ERR11420238","aac(6')-Ib-cr",0
"ERR11437918","aac(6')-Ib-cr",0
"ERR11807709","aac(6')-Ib-cr",0
"ERR12146144","aac(6')-Ib-cr",0
"ERR10109277","aac(6')-Ib-cr",0
"ERR10087013","aac(6')-Ib-cr",0
"ERR11219811","aac(6')-Ib-cr",0
"ERR9966386","aac(6')-Ib-cr",0
"ERR12259395","aac(6')-Ib-cr",0
"ERR12091513","aac(6')-Ib-cr",0
"ERR10125140","aac(6')-Ib-cr",0
"ERR10949303","aac(6')-Ib-cr",0
"ERR11810274","aac(6')-Ib-cr",0
"ERR9785512","aac(6')-Ib-cr",0
"ERR10176866","aac(6')-Ib-cr",0
"ERR10460687","aac(6')-Ib-cr",0
"ERR12078573","aac(6')-Ib-cr",0
"ERR12165616","aac(6')-Ib-cr",0
"ERR10880377","aac(6')-Ib-cr",0
"ERR10460887","aac(6')-Ib-cr",0
"ERR10880335","aac(6')-Ib-cr",0
"ERR10880156","aac(6')-Ib-cr",0
"ERR10088105","aac(6')-Ib-cr",0
"ERR12321284","aac(6')-Ib-cr",0
"ERR9966388","aac(6')-Ib-cr",0
"ERR12495485","aac(6')-Ib-cr",0
"ERR12312692","aac(6')-Ib-cr",0
"ERR12312689","aac(6')-Ib-cr",0
"ERR12312688","aac(6')-Ib-cr",0
"ERR11201827","aac(6')-Ib-cr",0
"ERR10088101","aac(6')-Ib-cr",0
"ERR10880181","aac(6')-Ib-cr",0
"ERR9820422","aac(6')-Ib-cr",0
"ERR9785510","aac(6')-Ib-cr",0
"ERR11807704","aac(6')-Ib-cr",0
"ERR10109276","aac(6')-Ib-cr",0
"ERR9966389","aac(6')-Ib-cr",0
"ERR9785509","aac(6')-Ib-cr",0
"ERR10087012","aac(6')-Ib-cr",0
"ERR10460483","aac(6')-Ib-cr",0
"ERR9785511","aac(6')-Ib-cr",0
"ERR9079768","aac(6')-Ib-cr",0
"ERR9822149","aac(6')-Ib-cr",0
"ERR9822145","aac(6')-Ib-cr",0
"ERR9822146","aac(6')-Ib-cr",0
"ERR10176872","aac(6')-Ib-cr",0
"ERR10460765","aac(6')-Ib-cr",0
"ERR10109275","aac(6')-Ib-cr",0
"ERR9966390","aac(6')-Ib-cr",0
"ERR10123168","aac(6')-Ib-cr",0
"ERR10123167","aac(6')-Ib-cr",0
"ERR9966387","aac(6')-Ib-cr",0
"ERR10949310","aac(6')-Ib-cr",0
"ERR10460875","aac(6')-Ib-cr",0
"ERR10109255","aac(6')-Ib-cr",0
"ERR9822151","aac(6')-Ib-cr",0
"ERR10088102","aac(6')-Ib-cr",0
"ERR10088104","aac(6')-Ib-cr",0
"ERR10026000","aac(6')-Ib-cr",0
"ERR9822144","aac(6')-Ib-cr",0
"ERR11896635","aac(6')-Ib-cr",0
"ERR12552381","aac(6')-Ib-cr",0
"ERR12552377","aac(6')-Ib-cr",0
"ERR9079508","aac(6')-Ib-cr",0
"ERR7197757","aac(6')-Ib-cr",0
"ERR6806028","aac(6')-Ib-cr",0
"ERR11455881","aac(6')-Ib-cr",0
"ERR4451478","aac(6')-Ib-cr",0
"ERR10880424","aac(6')-Ib-cr",0
"ERR12067334","aac(6')-Ib-cr",0
"ERR12302226","aac(6')-Ib-cr",0
"ERR12552384","aac(6')-Ib-cr",0
"ERR10123158","aac(6')-Ib-cr",0
"ERR5751308","aac(6')-Ib-cr",0
"ERR4399358","aac(6')-Ib-cr",0
"ERR4399957","aac(6')-Ib-cr",0
"ERR4399362","aac(6')-Ib-cr",0
"SRR13833609","aac(6')-Ib-cr",0
"ERR6806726","aac(6')-Ib-cr",0
"ERR10460902","aac(6')-Ib-cr",0
"ERR10460856","aac(6')-Ib-cr",0
"ERR6806075","aac(6')-Ib-cr",0
"ERR10176870","aac(6')-Ib-cr",0
"ERR12078572","aac(6')-Ib-cr",0
"ERR11747320","aac(6')-Ib-cr",0
"ERR12495482","aac(6')-Ib-cr",0
"ERR9924209","aac(6')-Ib-cr",0
"ERR5751726","aac(6')-Ib-cr",0
"ERR6806512","aac(6')-Ib-cr",0
"ERR6806317","aac(6')-Ib-cr",0
"ERR12067371","aac(6')-Ib-cr",0
"ERR6806125","aac(6')-Ib-cr",0
"ERR5751296","aac(6')-Ib-cr",0
"ERR4451427","aac(6')-Ib-cr",0
"SRR9273829","aac(6')-Ib-cr",0
"ERR6752863","aac(6')-Ib-cr",0
"ERR12321280","aac(6')-Ib-cr",0
"ERR9692774","aac(6')-Ib-cr",0
"ERR6805998","aac(6')-Ib-cr",0
"ERR6806833","aac(6')-Ib-cr",0
"ERR6806749","aac(6')-Ib-cr",0
"ERR6806776","aac(6')-Ib-cr",0
"ERR5750995","aac(6')-Ib-cr",0
"ERR6806255","aac(6')-Ib-cr",0
"ERR6805990","aac(6')-Ib-cr",0
"ERR11747325","aac(6')-Ib-cr",0
"ERR11502778","aac(6')-Ib-cr",0
"ERR7197834","aac(6')-Ib-cr",0
"ERR9079758","aac(6')-Ib-cr",0
"ERR12321281","aac(6')-Ib-cr",0
"ERR12142634","aac(6')-Ib-cr",0
"ERR12067314","aac(6')-Ib-cr",0
"ERR12321282","aac(6')-Ib-cr",0
"ERR12080226","aac(6')-Ib-cr",0
"ERR12321283","aac(6')-Ib-cr",0
"ERR6753111","aac(6')-Ib-cr",0
"ERR6806796","aac(6')-Ib-cr",0
"ERR6806789","aac(6')-Ib-cr",0
"ERR9971918","aac(6')-Ib-cr",0
"ERR7197741","aac(6')-Ib-cr",0
"ERR5751808","aac(6')-Ib-cr",0
"ERR10438737","aac(6')-Ib-cr",0
"CLL6CH","aac(6')-Ib-cr",0
"CAARE3","aac(6')-Ib-cr",0
"CAAQXB","aac(6')-Ib-cr",0
"CAAR9T","aac(6')-Ib-cr",0
"CAAQUT","aac(6')-Ib-cr",0
"CNSFP4","aac(6')-Ib-cr",0
"CNSDXZ","aac(6')-Ib-cr",0
"CAAP2A","aac(6')-Ib-cr",0
"44341_3_268","aac(6')-Ib-cr",0
"44341_3_280","aac(6')-Ib-cr",0
"44341_3_262","aac(6')-Ib-cr",0
"44341_3_265","aac(6')-Ib-cr",0
"44341_4_286","aac(6')-Ib-cr",0
"CAAYDF","aac(6')-Ib-cr",0
"CLL3JA","aac(6')-Ib-cr",0
"ERR9941258","aac(6')-Ib-cr",0
"CNSLL4","aac(6')-Ib-cr",0
"CNSKFP","aac(6')-Ib-cr",0
"CNSP0U","aac(6')-Ib-cr5",0
"ERR9929342","aac(6')-Ib-cr5",1
"ERR9966382","aac(6')-Ib-cr5",1
"CNS6QU","aac(6')-Ib-cr5",1
"CNS7YP","aac(6')-Ib-cr5",1
"BKRRIF","aac(6')-Ib-cr5",1
"44341_3_96","aac(6')-Ib-cr5",1
"44341_3_21","aac(6')-Ib-cr5",1
"CIV13VE5","aac(6')-Ib-cr5",1
"CIU149H1","aac(6')-Ib-cr5",1
"CIV146E8","aac(6')-Ib-cr5",1
"CIU13XS1","aac(6')-Ib-cr5",1
"CIV140E6","aac(6')-Ib-cr5",1
"CIV140E1","aac(6')-Ib-cr5",1
"CIT15GH1","aac(6')-Ib-cr5",1
"CIV13XE5","aac(6')-Ib-cr5",1
"CIV13YE6","aac(6')-Ib-cr5",1
"CIS15MR1","aac(6')-Ib-cr5",1
"CIV13UE4","aac(6')-Ib-cr5",1
"CAAXQV","aac(6')-Ib-cr5",1
"CIV140E7","aac(6')-Ib-cr5",1
"CIS15HB1","aac(6')-Ib-cr5",1
"CIV13RE2","aac(6')-Ib-cr5",1
"CIT15GS1","aac(6')-Ib-cr5",1
"CIV142E6","aac(6')-Ib-cr5",1
"44341_4_275","aac(6')-Ib-cr5",1
"44341_3_310","aac(6')-Ib-cr5",1
"CIU145B1","aac(6')-Ib-cr5",1
"CIV143E2","aac(6')-Ib-cr5",1
"CIT15FH1","aac(6')-Ib-cr5",1
"CIV147E3","aac(6')-Ib-cr5",1
"CIT15EB1","aac(6')-Ib-cr5",1
"CIV13PE7","aac(6')-Ib-cr5",1
"CIV13XE8","aac(6')-Ib-cr5",1
"44341_3_304","aac(6')-Ib-cr5",1
"44341_3_305","aac(6')-Ib-cr5",1
"44341_3_281","aac(6')-Ib-cr5",1
"44341_3_136","aac(6')-Ib-cr5",1
"44341_3_128","aac(6')-Ib-cr5",1
"44341_3_131","aac(6')-Ib-cr5",1
"CIT159B1","aac(6')-Ib-cr5",1
"CIS153C1","aac(6')-Ib-cr5",1
"CIV13XE2","aac(6')-Ib-cr5",1
"CIT15FB1","aac(6')-Ib-cr5",1
"CIV13XU1","aac(6')-Ib-cr5",1
"CIV143U1","aac(6')-Ib-cr5",1
"CIV143E9","aac(6')-Ib-cr5",1
"CNS1F3","aac(6')-Ib-cr5",1
"CAAYSI","aac(6')-Ib-cr5",1
"CIV141E6","aac(6')-Ib-cr5",1
"CIV140U1","aac(6')-Ib-cr5",1
"CIV140E4","aac(6')-Ib-cr5",1
"CIV143E4","aac(6')-Ib-cr5",1
"CIV144E6","aac(6')-Ib-cr5",1
"CIV13YE8","aac(6')-Ib-cr5",1
"CIV144U1","aac(6')-Ib-cr5",1
"BKRMVD","aac(6')-Ib-cr5",1
"CAAXBN","aac(6')-Ib-cr5",1
"44341_3_165","aac(6')-Ib-cr5",1
"ERR10113269","aac(6')-Ib-cr5",1
"ERR6752971","aac(6')-Ib-cr5",1
"ERR5751227","aac(6')-Ib-cr5",1
"ERR12142619","aac(6')-Ib-cr5",1
"ERR9976609","aac(6')-Ib-cr5",1
"ERR11219800","aac(6')-Ib-cr5",1
"ERR9079830","aac(6')-Ib-cr5",1
"ERR10880116","aac(6')-Ib-cr5",1
"ERR5751304","aac(6')-Ib-cr5",1
"ERR6806714","aac(6')-Ib-cr5",0
"ERR11872767","aac(6')-Ib-cr5",1
"ERR10176869","aac(6')-Ib-cr5",1
"ERR10880230","aac(6')-Ib-cr5",1
"ERR11453719","aac(6')-Ib-cr5",1
"ERR10880157","aac(6')-Ib-cr5",1
"ERR6752889","aac(6')-Ib-cr5",1
"ERR9288143","aac(6')-Ib-cr5",1
"ERR6806632","aac(6')-Ib-cr5",0
"ERR9288082","aac(6')-Ib-cr5",1
"ERR6806600","aac(6')-Ib-cr5",1
"ERR9420153","aac(6')-Ib-cr5",1
"ERR10117717","aac(6')-Ib-cr5",1
"ERR10109274","aac(6')-Ib-cr5",1
"ERR10880183","aac(6')-Ib-cr5",1
"ERR10880311","aac(6')-Ib-cr5",1
"ERR11420238","aac(6')-Ib-cr5",1
"ERR11437918","aac(6')-Ib-cr5",1
"ERR11807709","aac(6')-Ib-cr5",1
"ERR12146144","aac(6')-Ib-cr5",1
"ERR10109277","aac(6')-Ib-cr5",1
"ERR10087013","aac(6')-Ib-cr5",1
"ERR11219811","aac(6')-Ib-cr5",1
"ERR9966386","aac(6')-Ib-cr5",1
"ERR12259395","aac(6')-Ib-cr5",1
"ERR12091513","aac(6')-Ib-cr5",1
"ERR10125140","aac(6')-Ib-cr5",0
"ERR10949303","aac(6')-Ib-cr5",1
"ERR11810274","aac(6')-Ib-cr5",1
"ERR9785512","aac(6')-Ib-cr5",1
"ERR10176866","aac(6')-Ib-cr5",1
"ERR10460687","aac(6')-Ib-cr5",1
"ERR12078573","aac(6')-Ib-cr5",1
"ERR12165616","aac(6')-Ib-cr5",1
"ERR10880377","aac(6')-Ib-cr5",1
"ERR10460887","aac(6')-Ib-cr5",1
"ERR10880335","aac(6')-Ib-cr5",1
"ERR10880156","aac(6')-Ib-cr5",1
"ERR10088105","aac(6')-Ib-cr5",1
"ERR12321284","aac(6')-Ib-cr5",1
"ERR9966388","aac(6')-Ib-cr5",1
"ERR12495485","aac(6')-Ib-cr5",1
"ERR12312692","aac(6')-Ib-cr5",1
"ERR12312689","aac(6')-Ib-cr5",1
"ERR12312688","aac(6')-Ib-cr5",1
"ERR11201827","aac(6')-Ib-cr5",1
"ERR10088101","aac(6')-Ib-cr5",1
"ERR10880181","aac(6')-Ib-cr5",1
"ERR9820422","aac(6')-Ib-cr5",1
"ERR9785510","aac(6')-Ib-cr5",1
"ERR11807704","aac(6')-Ib-cr5",0
"ERR10109276","aac(6')-Ib-cr5",0
"ERR9966389","aac(6')-Ib-cr5",1
"ERR9785509","aac(6')-Ib-cr5",1
"ERR10087012","aac(6')-Ib-cr5",1
"ERR10460483","aac(6')-Ib-cr5",1
"ERR9785511","aac(6')-Ib-cr5",1
"ERR9079768","aac(6')-Ib-cr5",1
"ERR9822149","aac(6')-Ib-cr5",1
"ERR9822145","aac(6')-Ib-cr5",1
"ERR9822146","aac(6')-Ib-cr5",1
"ERR10176872","aac(6')-Ib-cr5",1
"ERR10460765","aac(6')-Ib-cr5",1
"ERR10109275","aac(6')-Ib-cr5",1
"ERR9966390","aac(6')-Ib-cr5",1
"ERR10123168","aac(6')-Ib-cr5",1
"ERR10123167","aac(6')-Ib-cr5",1
"ERR9966387","aac(6')-Ib-cr5",1
"ERR10949310","aac(6')-Ib-cr5",1
"ERR10460875","aac(6')-Ib-cr5",1
"ERR10109255","aac(6')-Ib-cr5",1
"ERR9822151","aac(6')-Ib-cr5",1
"ERR10088102","aac(6')-Ib-cr5",1
"ERR10088104","aac(6')-Ib-cr5",1
"ERR10026000","aac(6')-Ib-cr5",1
"ERR9822144","aac(6')-Ib-cr5",1
"ERR11896635","aac(6')-Ib-cr5",1
"ERR12552381","aac(6')-Ib-cr5",1
"ERR12552377","aac(6')-Ib-cr5",1
"ERR9079508","aac(6')-Ib-cr5",1
"ERR7197757","aac(6')-Ib-cr5",1
"ERR6806028","aac(6')-Ib-cr5",1
"ERR11455881","aac(6')-Ib-cr5",1
"ERR4451478","aac(6')-Ib-cr5",1
"ERR10880424","aac(6')-Ib-cr5",1
"ERR12067334","aac(6')-Ib-cr5",1
"ERR12302226","aac(6')-Ib-cr5",1
"ERR12552384","aac(6')-Ib-cr5",1
"ERR10123158","aac(6')-Ib-cr5",1
"ERR5751308","aac(6')-Ib-cr5",0
"ERR4399358","aac(6')-Ib-cr5",0
"ERR4399957","aac(6')-Ib-cr5",0
"ERR4399362","aac(6')-Ib-cr5",0
"SRR13833609","aac(6')-Ib-cr5",0
"ERR6806726","aac(6')-Ib-cr5",1
"ERR10460902","aac(6')-Ib-cr5",1
"ERR10460856","aac(6')-Ib-cr5",1
"ERR6806075","aac(6')-Ib-cr5",0
"ERR10176870","aac(6')-Ib-cr5",1
"ERR12078572","aac(6')-Ib-cr5",1
"ERR11747320","aac(6')-Ib-cr5",1
"ERR12495482","aac(6')-Ib-cr5",1
"ERR9924209","aac(6')-Ib-cr5",1
"ERR5751726","aac(6')-Ib-cr5",1
"ERR6806512","aac(6')-Ib-cr5",1
"ERR6806317","aac(6')-Ib-cr5",0
"ERR12067371","aac(6')-Ib-cr5",1
"ERR6806125","aac(6')-Ib-cr5",1
"ERR5751296","aac(6')-Ib-cr5",1
"ERR4451427","aac(6')-Ib-cr5",1
"SRR9273829","aac(6')-Ib-cr5",0
"ERR6752863","aac(6')-Ib-cr5",1
"ERR12321280","aac(6')-Ib-cr5",1
"ERR9692774","aac(6')-Ib-cr5",1
"ERR6805998","aac(6')-Ib-cr5",1
"ERR6806833","aac(6')-Ib-cr5",1
"ERR6806749","aac(6')-Ib-cr5",1
"ERR6806776","aac(6')-Ib-cr5",1
"ERR5750995","aac(6')-Ib-cr5",1
"ERR6806255","aac(6')-Ib-cr5",1
"ERR6805990","aac(6')-Ib-cr5",1
"ERR11747325","aac(6')-Ib-cr5",1
"ERR11502778","aac(6')-Ib-cr5",1
"ERR7197834","aac(6')-Ib-cr5",1
"ERR9079758","aac(6')-Ib-cr5",1
"ERR12321281","aac(6')-Ib-cr5",1
"ERR12142634","aac(6')-Ib-cr5",1
"ERR12067314","aac(6')-Ib-cr5",1
"ERR12321282","aac(6')-Ib-cr5",1
"ERR12080226","aac(6')-Ib-cr5",0
"ERR12321283","aac(6')-Ib-cr5",1
"ERR6753111","aac(6')-Ib-cr5",1
"ERR6806796","aac(6')-Ib-cr5",1
"ERR6806789","aac(6')-Ib-cr5",1
"ERR9971918","aac(6')-Ib-cr5",1
"ERR7197741","aac(6')-Ib-cr5",1
"ERR5751808","aac(6')-Ib-cr5",1
"ERR10438737","aac(6')-Ib-cr5",0
"CLL6CH","aac(6')-Ib-cr5",1
"CAARE3","aac(6')-Ib-cr5",1
"CAAQXB","aac(6')-Ib-cr5",1
"CAAR9T","aac(6')-Ib-cr5",1
"CAAQUT","aac(6')-Ib-cr5",1
"CNSFP4","aac(6')-Ib-cr5",1
"CNSDXZ","aac(6')-Ib-cr5",1
"CAAP2A","aac(6')-Ib-cr5",1
"44341_3_268","aac(6')-Ib-cr5",1
"44341_3_280","aac(6')-Ib-cr5",1
"44341_3_262","aac(6')-Ib-cr5",1
"44341_3_265","aac(6')-Ib-cr5",1
"44341_4_286","aac(6')-Ib-cr5",1
"CAAYDF","aac(6')-Ib-cr5",1
"CLL3JA","aac(6')-Ib-cr5",1
"ERR9941258","aac(6')-Ib-cr5",1
"CNSLL4","aac(6')-Ib-cr5",0
"CNSKFP","aac(6')-Ib-cr5",0
"CNSP0U","aadA1",1
"ERR9929342","aadA1",1
"ERR9966382","aadA1",1
"CNS6QU","aadA1",1
"CNS7YP","aadA1",1
"BKRRIF","aadA1",1
"44341_3_96","aadA1",1
"44341_3_21","aadA1",1
"CIV13VE5","aadA1",1
"CIU149H1","aadA1",1
"CIV146E8","aadA1",1
"CIU13XS1","aadA1",1
"CIV140E6","aadA1",1
"CIV140E1","aadA1",1
"CIT15GH1","aadA1",1
"CIV13XE5","aadA1",1
"CIV13YE6","aadA1",1
"CIS15MR1","aadA1",1
"CIV13UE4","aadA1",1
"CAAXQV","aadA1",1
"CIV140E7","aadA1",1
"CIS15HB1","aadA1",1
"CIV13RE2","aadA1",1
"CIT15GS1","aadA1",1
"CIV142E6","aadA1",1
"44341_4_275","aadA1",1
"44341_3_310","aadA1",1
"CIU145B1","aadA1",1
"CIV143E2","aadA1",1
"CIT15FH1","aadA1",1
"CIV147E3","aadA1",1
"CIT15EB1","aadA1",1
"CIV13PE7","aadA1",1
"CIV13XE8","aadA1",1
"44341_3_304","aadA1",1
"44341_3_305","aadA1",1
"44341_3_281","aadA1",1
"44341_3_136","aadA1",1
"44341_3_128","aadA1",1
"44341_3_131","aadA1",1
"CIT159B1","aadA1",1
"CIS153C1","aadA1",1
"CIV13XE2","aadA1",1
"CIT15FB1","aadA1",1
"CIV13XU1","aadA1",1
"CIV143U1","aadA1",1
"CIV143E9","aadA1",1
"CNS1F3","aadA1",1
"CAAYSI","aadA1",1
"CIV141E6","aadA1",1
"CIV140U1","aadA1",1
"CIV140E4","aadA1",1
"CIV143E4","aadA1",1
"CIV144E6","aadA1",1
"CIV13YE8","aadA1",1
"CIV144U1","aadA1",1
"BKRMVD","aadA1",1
"CAAXBN","aadA1",1
"44341_3_165","aadA1",1
"ERR10113269","aadA1",0
"ERR6752971","aadA1",1
"ERR5751227","aadA1",1
"ERR12142619","aadA1",1
"ERR9976609","aadA1",1
"ERR11219800","aadA1",1
"ERR9079830","aadA1",1
"ERR10880116","aadA1",1
"ERR5751304","aadA1",0
"ERR6806714","aadA1",1
"ERR11872767","aadA1",1
"ERR10176869","aadA1",1
"ERR10880230","aadA1",1
"ERR11453719","aadA1",1
"ERR10880157","aadA1",1
"ERR6752889","aadA1",1
"ERR9288143","aadA1",1
"ERR6806632","aadA1",1
"ERR9288082","aadA1",1
"ERR6806600","aadA1",1
"ERR9420153","aadA1",1
"ERR10117717","aadA1",1
"ERR10109274","aadA1",1
"ERR10880183","aadA1",1
"ERR10880311","aadA1",1
"ERR11420238","aadA1",1
"ERR11437918","aadA1",1
"ERR11807709","aadA1",1
"ERR12146144","aadA1",1
"ERR10109277","aadA1",1
"ERR10087013","aadA1",1
"ERR11219811","aadA1",1
"ERR9966386","aadA1",1
"ERR12259395","aadA1",1
"ERR12091513","aadA1",1
"ERR10125140","aadA1",1
"ERR10949303","aadA1",1
"ERR11810274","aadA1",1
"ERR9785512","aadA1",1
"ERR10176866","aadA1",1
"ERR10460687","aadA1",1
"ERR12078573","aadA1",1
"ERR12165616","aadA1",1
"ERR10880377","aadA1",1
"ERR10460887","aadA1",1
"ERR10880335","aadA1",1
"ERR10880156","aadA1",1
"ERR10088105","aadA1",1
"ERR12321284","aadA1",1
"ERR9966388","aadA1",1
"ERR12495485","aadA1",1
"ERR12312692","aadA1",1
"ERR12312689","aadA1",1
"ERR12312688","aadA1",1
"ERR11201827","aadA1",1
"ERR10088101","aadA1",1
"ERR10880181","aadA1",1
"ERR9820422","aadA1",1
"ERR9785510","aadA1",1
"ERR11807704","aadA1",1
"ERR10109276","aadA1",1
"ERR9966389","aadA1",1
"ERR9785509","aadA1",1
"ERR10087012","aadA1",1
"ERR10460483","aadA1",0
"ERR9785511","aadA1",0
"ERR9079768","aadA1",1
"ERR9822149","aadA1",1
"ERR9822145","aadA1",1
"ERR9822146","aadA1",1
"ERR10176872","aadA1",1
"ERR10460765","aadA1",1
"ERR10109275","aadA1",0
"ERR9966390","aadA1",1
"ERR10123168","aadA1",1
"ERR10123167","aadA1",1
"ERR9966387","aadA1",1
"ERR10949310","aadA1",1
"ERR10460875","aadA1",1
"ERR10109255","aadA1",1
"ERR9822151","aadA1",1
"ERR10088102","aadA1",1
"ERR10088104","aadA1",1
"ERR10026000","aadA1",1
"ERR9822144","aadA1",1
"ERR11896635","aadA1",1
"ERR12552381","aadA1",1
"ERR12552377","aadA1",1
"ERR9079508","aadA1",1
"ERR7197757","aadA1",1
"ERR6806028","aadA1",1
"ERR11455881","aadA1",1
"ERR4451478","aadA1",1
"ERR10880424","aadA1",1
"ERR12067334","aadA1",1
"ERR12302226","aadA1",1
"ERR12552384","aadA1",1
"ERR10123158","aadA1",1
"ERR5751308","aadA1",1
"ERR4399358","aadA1",1
"ERR4399957","aadA1",1
"ERR4399362","aadA1",1
"SRR13833609","aadA1",0
"ERR6806726","aadA1",0
"ERR10460902","aadA1",0
"ERR10460856","aadA1",0
"ERR6806075","aadA1",0
"ERR10176870","aadA1",0
"ERR12078572","aadA1",1
"ERR11747320","aadA1",1
"ERR12495482","aadA1",1
"ERR9924209","aadA1",1
"ERR5751726","aadA1",0
"ERR6806512","aadA1",1
"ERR6806317","aadA1",1
"ERR12067371","aadA1",1
"ERR6806125","aadA1",1
"ERR5751296","aadA1",1
"ERR4451427","aadA1",1
"SRR9273829","aadA1",1
"ERR6752863","aadA1",0
"ERR12321280","aadA1",1
"ERR9692774","aadA1",1
"ERR6805998","aadA1",1
"ERR6806833","aadA1",1
"ERR6806749","aadA1",1
"ERR6806776","aadA1",1
"ERR5750995","aadA1",1
"ERR6806255","aadA1",1
"ERR6805990","aadA1",1
"ERR11747325","aadA1",1
"ERR11502778","aadA1",1
"ERR7197834","aadA1",1
"ERR9079758","aadA1",0
"ERR12321281","aadA1",1
"ERR12142634","aadA1",1
"ERR12067314","aadA1",1
"ERR12321282","aadA1",1
"ERR12080226","aadA1",0
"ERR12321283","aadA1",1
"ERR6753111","aadA1",1
"ERR6806796","aadA1",1
"ERR6806789","aadA1",1
"ERR9971918","aadA1",1
"ERR7197741","aadA1",0
"ERR5751808","aadA1",0
"ERR10438737","aadA1",1
"CLL6CH","aadA1",1
"CAARE3","aadA1",1
"CAAQXB","aadA1",1
"CAAR9T","aadA1",1
"CAAQUT","aadA1",1
"CNSFP4","aadA1",1
"CNSDXZ","aadA1",1
"CAAP2A","aadA1",1
"44341_3_268","aadA1",1
"44341_3_280","aadA1",1
"44341_3_262","aadA1",1
"44341_3_265","aadA1",1
"44341_4_286","aadA1",1
"CAAYDF","aadA1",1
"CLL3JA","aadA1",1
"ERR9941258","aadA1",1
"CNSLL4","aadA1",1
"CNSKFP","aadA1",1
"CNSP0U","aadA2",0
"ERR9929342","aadA2",0
"ERR9966382","aadA2",0
"CNS6QU","aadA2",0
"CNS7YP","aadA2",0
"BKRRIF","aadA2",0
"44341_3_96","aadA2",0
"44341_3_21","aadA2",0
"CIV13VE5","aadA2",0
"CIU149H1","aadA2",0
"CIV146E8","aadA2",0
"CIU13XS1","aadA2",0
"CIV140E6","aadA2",0
"CIV140E1","aadA2",0
"CIT15GH1","aadA2",0
"CIV13XE5","aadA2",0
"CIV13YE6","aadA2",0
"CIS15MR1","aadA2",0
"CIV13UE4","aadA2",0
"CAAXQV","aadA2",0
"CIV140E7","aadA2",0
"CIS15HB1","aadA2",0
"CIV13RE2","aadA2",0
"CIT15GS1","aadA2",0
"CIV142E6","aadA2",0
"44341_4_275","aadA2",0
"44341_3_310","aadA2",0
"CIU145B1","aadA2",0
"CIV143E2","aadA2",0
"CIT15FH1","aadA2",0
"CIV147E3","aadA2",0
"CIT15EB1","aadA2",0
"CIV13PE7","aadA2",0
"CIV13XE8","aadA2",0
"44341_3_304","aadA2",0
"44341_3_305","aadA2",0
"44341_3_281","aadA2",0
"44341_3_136","aadA2",0
"44341_3_128","aadA2",0
"44341_3_131","aadA2",0
"CIT159B1","aadA2",0
"CIS153C1","aadA2",0
"CIV13XE2","aadA2",0
"CIT15FB1","aadA2",0
"CIV13XU1","aadA2",0
"CIV143U1","aadA2",0
"CIV143E9","aadA2",0
"CNS1F3","aadA2",0
"CAAYSI","aadA2",0
"CIV141E6","aadA2",0
"CIV140U1","aadA2",0
"CIV140E4","aadA2",0
"CIV143E4","aadA2",0
"CIV144E6","aadA2",0
"CIV13YE8","aadA2",0
"CIV144U1","aadA2",0
"BKRMVD","aadA2",0
"CAAXBN","aadA2",0
"44341_3_165","aadA2",0
"ERR10113269","aadA2",0
"ERR6752971","aadA2",0
"ERR5751227","aadA2",0
"ERR12142619","aadA2",0
"ERR9976609","aadA2",0
"ERR11219800","aadA2",0
"ERR9079830","aadA2",0
"ERR10880116","aadA2",0
"ERR5751304","aadA2",0
"ERR6806714","aadA2",0
"ERR11872767","aadA2",0
"ERR10176869","aadA2",0
"ERR10880230","aadA2",0
"ERR11453719","aadA2",0
"ERR10880157","aadA2",0
"ERR6752889","aadA2",0
"ERR9288143","aadA2",0
"ERR6806632","aadA2",0
"ERR9288082","aadA2",0
"ERR6806600","aadA2",0
"ERR9420153","aadA2",0
"ERR10117717","aadA2",0
"ERR10109274","aadA2",1
"ERR10880183","aadA2",0
"ERR10880311","aadA2",0
"ERR11420238","aadA2",1
"ERR11437918","aadA2",1
"ERR11807709","aadA2",1
"ERR12146144","aadA2",1
"ERR10109277","aadA2",1
"ERR10087013","aadA2",1
"ERR11219811","aadA2",1
"ERR9966386","aadA2",1
"ERR12259395","aadA2",1
"ERR12091513","aadA2",1
"ERR10125140","aadA2",1
"ERR10949303","aadA2",1
"ERR11810274","aadA2",1
"ERR9785512","aadA2",1
"ERR10176866","aadA2",1
"ERR10460687","aadA2",1
"ERR12078573","aadA2",1
"ERR12165616","aadA2",1
"ERR10880377","aadA2",0
"ERR10460887","aadA2",0
"ERR10880335","aadA2",0
"ERR10880156","aadA2",0
"ERR10088105","aadA2",1
"ERR12321284","aadA2",0
"ERR9966388","aadA2",1
"ERR12495485","aadA2",1
"ERR12312692","aadA2",1
"ERR12312689","aadA2",1
"ERR12312688","aadA2",1
"ERR11201827","aadA2",1
"ERR10088101","aadA2",1
"ERR10880181","aadA2",1
"ERR9820422","aadA2",1
"ERR9785510","aadA2",1
"ERR11807704","aadA2",1
"ERR10109276","aadA2",1
"ERR9966389","aadA2",1
"ERR9785509","aadA2",1
"ERR10087012","aadA2",1
"ERR10460483","aadA2",1
"ERR9785511","aadA2",1
"ERR9079768","aadA2",1
"ERR9822149","aadA2",1
"ERR9822145","aadA2",0
"ERR9822146","aadA2",1
"ERR10176872","aadA2",1
"ERR10460765","aadA2",1
"ERR10109275","aadA2",0
"ERR9966390","aadA2",1
"ERR10123168","aadA2",1
"ERR10123167","aadA2",1
"ERR9966387","aadA2",1
"ERR10949310","aadA2",1
"ERR10460875","aadA2",1
"ERR10109255","aadA2",1
"ERR9822151","aadA2",1
"ERR10088102","aadA2",1
"ERR10088104","aadA2",1
"ERR10026000","aadA2",1
"ERR9822144","aadA2",1
"ERR11896635","aadA2",1
"ERR12552381","aadA2",1
"ERR12552377","aadA2",1
"ERR9079508","aadA2",1
"ERR7197757","aadA2",0
"ERR6806028","aadA2",0
"ERR11455881","aadA2",0
"ERR4451478","aadA2",0
"ERR10880424","aadA2",0
"ERR12067334","aadA2",0
"ERR12302226","aadA2",0
"ERR12552384","aadA2",0
"ERR10123158","aadA2",0
"ERR5751308","aadA2",0
"ERR4399358","aadA2",0
"ERR4399957","aadA2",0
"ERR4399362","aadA2",0
"SRR13833609","aadA2",0
"ERR6806726","aadA2",0
"ERR10460902","aadA2",0
"ERR10460856","aadA2",0
"ERR6806075","aadA2",0
"ERR10176870","aadA2",0
"ERR12078572","aadA2",0
"ERR11747320","aadA2",0
"ERR12495482","aadA2",0
"ERR9924209","aadA2",0
"ERR5751726","aadA2",0
"ERR6806512","aadA2",0
"ERR6806317","aadA2",0
"ERR12067371","aadA2",0
"ERR6806125","aadA2",0
"ERR5751296","aadA2",0
"ERR4451427","aadA2",0
"SRR9273829","aadA2",0
"ERR6752863","aadA2",0
"ERR12321280","aadA2",0
"ERR9692774","aadA2",0
"ERR6805998","aadA2",0
"ERR6806833","aadA2",0
"ERR6806749","aadA2",0
"ERR6806776","aadA2",0
"ERR5750995","aadA2",0
"ERR6806255","aadA2",0
"ERR6805990","aadA2",0
"ERR11747325","aadA2",0
"ERR11502778","aadA2",0
"ERR7197834","aadA2",0
"ERR9079758","aadA2",0
"ERR12321281","aadA2",0
"ERR12142634","aadA2",0
"ERR12067314","aadA2",0
"ERR12321282","aadA2",0
"ERR12080226","aadA2",0
"ERR12321283","aadA2",0
"ERR6753111","aadA2",0
"ERR6806796","aadA2",0
"ERR6806789","aadA2",0
"ERR9971918","aadA2",0
"ERR7197741","aadA2",0
"ERR5751808","aadA2",0
"ERR10438737","aadA2",0
"CLL6CH","aadA2",0
"CAARE3","aadA2",0
"CAAQXB","aadA2",0
"CAAR9T","aadA2",0
"CAAQUT","aadA2",0
"CNSFP4","aadA2",0
"CNSDXZ","aadA2",0
"CAAP2A","aadA2",0
"44341_3_268","aadA2",0
"44341_3_280","aadA2",0
"44341_3_262","aadA2",0
"44341_3_265","aadA2",0
"44341_4_286","aadA2",0
"CAAYDF","aadA2",0
"CLL3JA","aadA2",0
"ERR9941258","aadA2",0
"CNSLL4","aadA2",0
"CNSKFP","aadA2",0
"CNSP0U","aadA5",0
"ERR9929342","aadA5",0
"ERR9966382","aadA5",0
"CNS6QU","aadA5",0
"CNS7YP","aadA5",0
"BKRRIF","aadA5",0
"44341_3_96","aadA5",0
"44341_3_21","aadA5",0
"CIV13VE5","aadA5",0
"CIU149H1","aadA5",0
"CIV146E8","aadA5",0
"CIU13XS1","aadA5",0
"CIV140E6","aadA5",0
"CIV140E1","aadA5",0
"CIT15GH1","aadA5",0
"CIV13XE5","aadA5",0
"CIV13YE6","aadA5",0
"CIS15MR1","aadA5",0
"CIV13UE4","aadA5",0
"CAAXQV","aadA5",0
"CIV140E7","aadA5",0
"CIS15HB1","aadA5",0
"CIV13RE2","aadA5",0
"CIT15GS1","aadA5",0
"CIV142E6","aadA5",0
"44341_4_275","aadA5",0
"44341_3_310","aadA5",0
"CIU145B1","aadA5",0
"CIV143E2","aadA5",0
"CIT15FH1","aadA5",0
"CIV147E3","aadA5",0
"CIT15EB1","aadA5",0
"CIV13PE7","aadA5",0
"CIV13XE8","aadA5",0
"44341_3_304","aadA5",0
"44341_3_305","aadA5",0
"44341_3_281","aadA5",0
"44341_3_136","aadA5",0
"44341_3_128","aadA5",0
"44341_3_131","aadA5",0
"CIT159B1","aadA5",0
"CIS153C1","aadA5",0
"CIV13XE2","aadA5",0
"CIT15FB1","aadA5",0
"CIV13XU1","aadA5",0
"CIV143U1","aadA5",0
"CIV143E9","aadA5",0
"CNS1F3","aadA5",0
"CAAYSI","aadA5",0
"CIV141E6","aadA5",0
"CIV140U1","aadA5",0
"CIV140E4","aadA5",0
"CIV143E4","aadA5",0
"CIV144E6","aadA5",0
"CIV13YE8","aadA5",0
"CIV144U1","aadA5",0
"BKRMVD","aadA5",0
"CAAXBN","aadA5",0
"44341_3_165","aadA5",0
"ERR10113269","aadA5",0
"ERR6752971","aadA5",0
"ERR5751227","aadA5",0
"ERR12142619","aadA5",0
"ERR9976609","aadA5",0
"ERR11219800","aadA5",0
"ERR9079830","aadA5",0
"ERR10880116","aadA5",0
"ERR5751304","aadA5",0
"ERR6806714","aadA5",0
"ERR11872767","aadA5",0
"ERR10176869","aadA5",0
"ERR10880230","aadA5",0
"ERR11453719","aadA5",0
"ERR10880157","aadA5",0
"ERR6752889","aadA5",0
"ERR9288143","aadA5",0
"ERR6806632","aadA5",0
"ERR9288082","aadA5",0
"ERR6806600","aadA5",0
"ERR9420153","aadA5",0
"ERR10117717","aadA5",0
"ERR10109274","aadA5",0
"ERR10880183","aadA5",0
"ERR10880311","aadA5",0
"ERR11420238","aadA5",0
"ERR11437918","aadA5",0
"ERR11807709","aadA5",0
"ERR12146144","aadA5",0
"ERR10109277","aadA5",0
"ERR10087013","aadA5",0
"ERR11219811","aadA5",0
"ERR9966386","aadA5",0
"ERR12259395","aadA5",0
"ERR12091513","aadA5",0
"ERR10125140","aadA5",0
"ERR10949303","aadA5",0
"ERR11810274","aadA5",0
"ERR9785512","aadA5",0
"ERR10176866","aadA5",0
"ERR10460687","aadA5",0
"ERR12078573","aadA5",0
"ERR12165616","aadA5",0
"ERR10880377","aadA5",0
"ERR10460887","aadA5",0
"ERR10880335","aadA5",0
"ERR10880156","aadA5",0
"ERR10088105","aadA5",0
"ERR12321284","aadA5",0
"ERR9966388","aadA5",0
"ERR12495485","aadA5",0
"ERR12312692","aadA5",0
"ERR12312689","aadA5",0
"ERR12312688","aadA5",0
"ERR11201827","aadA5",0
"ERR10088101","aadA5",0
"ERR10880181","aadA5",0
"ERR9820422","aadA5",0
"ERR9785510","aadA5",0
"ERR11807704","aadA5",0
"ERR10109276","aadA5",0
"ERR9966389","aadA5",0
"ERR9785509","aadA5",0
"ERR10087012","aadA5",0
"ERR10460483","aadA5",0
"ERR9785511","aadA5",0
"ERR9079768","aadA5",0
"ERR9822149","aadA5",0
"ERR9822145","aadA5",0
"ERR9822146","aadA5",0
"ERR10176872","aadA5",0
"ERR10460765","aadA5",0
"ERR10109275","aadA5",0
"ERR9966390","aadA5",0
"ERR10123168","aadA5",0
"ERR10123167","aadA5",0
"ERR9966387","aadA5",0
"ERR10949310","aadA5",0
"ERR10460875","aadA5",0
"ERR10109255","aadA5",0
"ERR9822151","aadA5",0
"ERR10088102","aadA5",0
"ERR10088104","aadA5",0
"ERR10026000","aadA5",0
"ERR9822144","aadA5",0
"ERR11896635","aadA5",0
"ERR12552381","aadA5",0
"ERR12552377","aadA5",0
"ERR9079508","aadA5",0
"ERR7197757","aadA5",0
"ERR6806028","aadA5",0
"ERR11455881","aadA5",0
"ERR4451478","aadA5",0
"ERR10880424","aadA5",0
"ERR12067334","aadA5",0
"ERR12302226","aadA5",0
"ERR12552384","aadA5",0
"ERR10123158","aadA5",0
"ERR5751308","aadA5",0
"ERR4399358","aadA5",0
"ERR4399957","aadA5",0
"ERR4399362","aadA5",0
"SRR13833609","aadA5",0
"ERR6806726","aadA5",0
"ERR10460902","aadA5",0
"ERR10460856","aadA5",0
"ERR6806075","aadA5",0
"ERR10176870","aadA5",0
"ERR12078572","aadA5",0
"ERR11747320","aadA5",0
"ERR12495482","aadA5",0
"ERR9924209","aadA5",0
"ERR5751726","aadA5",0
"ERR6806512","aadA5",0
"ERR6806317","aadA5",0
"ERR12067371","aadA5",0
"ERR6806125","aadA5",0
"ERR5751296","aadA5",0
"ERR4451427","aadA5",0
"SRR9273829","aadA5",0
"ERR6752863","aadA5",0
"ERR12321280","aadA5",0
"ERR9692774","aadA5",0
"ERR6805998","aadA5",0
"ERR6806833","aadA5",0
"ERR6806749","aadA5",0
"ERR6806776","aadA5",0
"ERR5750995","aadA5",0
"ERR6806255","aadA5",0
"ERR6805990","aadA5",0
"ERR11747325","aadA5",0
"ERR11502778","aadA5",0
"ERR7197834","aadA5",0
"ERR9079758","aadA5",0
"ERR12321281","aadA5",0
"ERR12142634","aadA5",0
"ERR12067314","aadA5",0
"ERR12321282","aadA5",0
"ERR12080226","aadA5",0
"ERR12321283","aadA5",0
"ERR6753111","aadA5",0
"ERR6806796","aadA5",0
"ERR6806789","aadA5",0
"ERR9971918","aadA5",0
"ERR7197741","aadA5",0
"ERR5751808","aadA5",0
"ERR10438737","aadA5",0
"CLL6CH","aadA5",0
"CAARE3","aadA5",0
"CAAQXB","aadA5",0
"CAAR9T","aadA5",0
"CAAQUT","aadA5",0
"CNSFP4","aadA5",0
"CNSDXZ","aadA5",0
"CAAP2A","aadA5",0
"44341_3_268","aadA5",0
"44341_3_280","aadA5",0
"44341_3_262","aadA5",0
"44341_3_265","aadA5",0
"44341_4_286","aadA5",0
"CAAYDF","aadA5",0
"CLL3JA","aadA5",0
"ERR9941258","aadA5",0
"CNSLL4","aadA5",0
"CNSKFP","aadA5",0
"CNSP0U","aph(3'')-Ib",1
"ERR9929342","aph(3'')-Ib",1
"ERR9966382","aph(3'')-Ib",1
"CNS6QU","aph(3'')-Ib",1
"CNS7YP","aph(3'')-Ib",1
"BKRRIF","aph(3'')-Ib",1
"44341_3_96","aph(3'')-Ib",1
"44341_3_21","aph(3'')-Ib",1
"CIV13VE5","aph(3'')-Ib",1
"CIU149H1","aph(3'')-Ib",1
"CIV146E8","aph(3'')-Ib",1
"CIU13XS1","aph(3'')-Ib",1
"CIV140E6","aph(3'')-Ib",1
"CIV140E1","aph(3'')-Ib",1
"CIT15GH1","aph(3'')-Ib",1
"CIV13XE5","aph(3'')-Ib",1
"CIV13YE6","aph(3'')-Ib",1
"CIS15MR1","aph(3'')-Ib",1
"CIV13UE4","aph(3'')-Ib",1
"CAAXQV","aph(3'')-Ib",1
"CIV140E7","aph(3'')-Ib",1
"CIS15HB1","aph(3'')-Ib",1
"CIV13RE2","aph(3'')-Ib",1
"CIT15GS1","aph(3'')-Ib",1
"CIV142E6","aph(3'')-Ib",1
"44341_4_275","aph(3'')-Ib",1
"44341_3_310","aph(3'')-Ib",1
"CIU145B1","aph(3'')-Ib",1
"CIV143E2","aph(3'')-Ib",1
"CIT15FH1","aph(3'')-Ib",1
"CIV147E3","aph(3'')-Ib",1
"CIT15EB1","aph(3'')-Ib",1
"CIV13PE7","aph(3'')-Ib",1
"CIV13XE8","aph(3'')-Ib",1
"44341_3_304","aph(3'')-Ib",1
"44341_3_305","aph(3'')-Ib",1
"44341_3_281","aph(3'')-Ib",1
"44341_3_136","aph(3'')-Ib",1
"44341_3_128","aph(3'')-Ib",1
"44341_3_131","aph(3'')-Ib",1
"CIT159B1","aph(3'')-Ib",1
"CIS153C1","aph(3'')-Ib",1
"CIV13XE2","aph(3'')-Ib",1
"CIT15FB1","aph(3'')-Ib",1
"CIV13XU1","aph(3'')-Ib",1
"CIV143U1","aph(3'')-Ib",1
"CIV143E9","aph(3'')-Ib",1
"CNS1F3","aph(3'')-Ib",1
"CAAYSI","aph(3'')-Ib",1
"CIV141E6","aph(3'')-Ib",1
"CIV140U1","aph(3'')-Ib",1
"CIV140E4","aph(3'')-Ib",1
"CIV143E4","aph(3'')-Ib",1
"CIV144E6","aph(3'')-Ib",1
"CIV13YE8","aph(3'')-Ib",1
"CIV144U1","aph(3'')-Ib",1
"BKRMVD","aph(3'')-Ib",1
"CAAXBN","aph(3'')-Ib",1
"44341_3_165","aph(3'')-Ib",1
"ERR10113269","aph(3'')-Ib",1
"ERR6752971","aph(3'')-Ib",1
"ERR5751227","aph(3'')-Ib",1
"ERR12142619","aph(3'')-Ib",1
"ERR9976609","aph(3'')-Ib",1
"ERR11219800","aph(3'')-Ib",1
"ERR9079830","aph(3'')-Ib",1
"ERR10880116","aph(3'')-Ib",1
"ERR5751304","aph(3'')-Ib",1
"ERR6806714","aph(3'')-Ib",1
"ERR11872767","aph(3'')-Ib",1
"ERR10176869","aph(3'')-Ib",1
"ERR10880230","aph(3'')-Ib",1
"ERR11453719","aph(3'')-Ib",1
"ERR10880157","aph(3'')-Ib",1
"ERR6752889","aph(3'')-Ib",1
"ERR9288143","aph(3'')-Ib",1
"ERR6806632","aph(3'')-Ib",1
"ERR9288082","aph(3'')-Ib",1
"ERR6806600","aph(3'')-Ib",1
"ERR9420153","aph(3'')-Ib",1
"ERR10117717","aph(3'')-Ib",1
"ERR10109274","aph(3'')-Ib",1
"ERR10880183","aph(3'')-Ib",1
"ERR10880311","aph(3'')-Ib",1
"ERR11420238","aph(3'')-Ib",1
"ERR11437918","aph(3'')-Ib",1
"ERR11807709","aph(3'')-Ib",1
"ERR12146144","aph(3'')-Ib",1
"ERR10109277","aph(3'')-Ib",1
"ERR10087013","aph(3'')-Ib",1
"ERR11219811","aph(3'')-Ib",1
"ERR9966386","aph(3'')-Ib",1
"ERR12259395","aph(3'')-Ib",1
"ERR12091513","aph(3'')-Ib",1
"ERR10125140","aph(3'')-Ib",1
"ERR10949303","aph(3'')-Ib",1
"ERR11810274","aph(3'')-Ib",1
"ERR9785512","aph(3'')-Ib",1
"ERR10176866","aph(3'')-Ib",1
"ERR10460687","aph(3'')-Ib",1
"ERR12078573","aph(3'')-Ib",1
"ERR12165616","aph(3'')-Ib",1
"ERR10880377","aph(3'')-Ib",1
"ERR10460887","aph(3'')-Ib",1
"ERR10880335","aph(3'')-Ib",1
"ERR10880156","aph(3'')-Ib",1
"ERR10088105","aph(3'')-Ib",1
"ERR12321284","aph(3'')-Ib",1
"ERR9966388","aph(3'')-Ib",1
"ERR12495485","aph(3'')-Ib",1
"ERR12312692","aph(3'')-Ib",1
"ERR12312689","aph(3'')-Ib",1
"ERR12312688","aph(3'')-Ib",1
"ERR11201827","aph(3'')-Ib",1
"ERR10088101","aph(3'')-Ib",1
"ERR10880181","aph(3'')-Ib",1
"ERR9820422","aph(3'')-Ib",1
"ERR9785510","aph(3'')-Ib",1
"ERR11807704","aph(3'')-Ib",1
"ERR10109276","aph(3'')-Ib",1
"ERR9966389","aph(3'')-Ib",1
"ERR9785509","aph(3'')-Ib",1
"ERR10087012","aph(3'')-Ib",1
"ERR10460483","aph(3'')-Ib",1
"ERR9785511","aph(3'')-Ib",1
"ERR9079768","aph(3'')-Ib",1
"ERR9822149","aph(3'')-Ib",1
"ERR9822145","aph(3'')-Ib",1
"ERR9822146","aph(3'')-Ib",1
"ERR10176872","aph(3'')-Ib",1
"ERR10460765","aph(3'')-Ib",1
"ERR10109275","aph(3'')-Ib",1
"ERR9966390","aph(3'')-Ib",1
"ERR10123168","aph(3'')-Ib",1
"ERR10123167","aph(3'')-Ib",1
"ERR9966387","aph(3'')-Ib",1
"ERR10949310","aph(3'')-Ib",1
"ERR10460875","aph(3'')-Ib",1
"ERR10109255","aph(3'')-Ib",1
"ERR9822151","aph(3'')-Ib",1
"ERR10088102","aph(3'')-Ib",1
"ERR10088104","aph(3'')-Ib",1
"ERR10026000","aph(3'')-Ib",1
"ERR9822144","aph(3'')-Ib",1
"ERR11896635","aph(3'')-Ib",1
"ERR12552381","aph(3'')-Ib",1
"ERR12552377","aph(3'')-Ib",1
"ERR9079508","aph(3'')-Ib",1
"ERR7197757","aph(3'')-Ib",1
"ERR6806028","aph(3'')-Ib",1
"ERR11455881","aph(3'')-Ib",1
"ERR4451478","aph(3'')-Ib",1
"ERR10880424","aph(3'')-Ib",1
"ERR12067334","aph(3'')-Ib",1
"ERR12302226","aph(3'')-Ib",1
"ERR12552384","aph(3'')-Ib",1
"ERR10123158","aph(3'')-Ib",1
"ERR5751308","aph(3'')-Ib",1
"ERR4399358","aph(3'')-Ib",1
"ERR4399957","aph(3'')-Ib",1
"ERR4399362","aph(3'')-Ib",1
"SRR13833609","aph(3'')-Ib",0
"ERR6806726","aph(3'')-Ib",0
"ERR10460902","aph(3'')-Ib",1
"ERR10460856","aph(3'')-Ib",1
"ERR6806075","aph(3'')-Ib",1
"ERR10176870","aph(3'')-Ib",1
"ERR12078572","aph(3'')-Ib",1
"ERR11747320","aph(3'')-Ib",1
"ERR12495482","aph(3'')-Ib",1
"ERR9924209","aph(3'')-Ib",1
"ERR5751726","aph(3'')-Ib",1
"ERR6806512","aph(3'')-Ib",1
"ERR6806317","aph(3'')-Ib",1
"ERR12067371","aph(3'')-Ib",1
"ERR6806125","aph(3'')-Ib",1
"ERR5751296","aph(3'')-Ib",1
"ERR4451427","aph(3'')-Ib",1
"SRR9273829","aph(3'')-Ib",1
"ERR6752863","aph(3'')-Ib",1
"ERR12321280","aph(3'')-Ib",1
"ERR9692774","aph(3'')-Ib",1
"ERR6805998","aph(3'')-Ib",1
"ERR6806833","aph(3'')-Ib",1
"ERR6806749","aph(3'')-Ib",1
"ERR6806776","aph(3'')-Ib",1
"ERR5750995","aph(3'')-Ib",1
"ERR6806255","aph(3'')-Ib",1
"ERR6805990","aph(3'')-Ib",1
"ERR11747325","aph(3'')-Ib",1
"ERR11502778","aph(3'')-Ib",1
"ERR7197834","aph(3'')-Ib",1
"ERR9079758","aph(3'')-Ib",1
"ERR12321281","aph(3'')-Ib",1
"ERR12142634","aph(3'')-Ib",1
"ERR12067314","aph(3'')-Ib",1
"ERR12321282","aph(3'')-Ib",1
"ERR12080226","aph(3'')-Ib",1
"ERR12321283","aph(3'')-Ib",1
"ERR6753111","aph(3'')-Ib",1
"ERR6806796","aph(3'')-Ib",1
"ERR6806789","aph(3'')-Ib",1
"ERR9971918","aph(3'')-Ib",1
"ERR7197741","aph(3'')-Ib",1
"ERR5751808","aph(3'')-Ib",1
"ERR10438737","aph(3'')-Ib",1
"CLL6CH","aph(3'')-Ib",1
"CAARE3","aph(3'')-Ib",1
"CAAQXB","aph(3'')-Ib",1
"CAAR9T","aph(3'')-Ib",1
"CAAQUT","aph(3'')-Ib",1
"CNSFP4","aph(3'')-Ib",1
"CNSDXZ","aph(3'')-Ib",1
"CAAP2A","aph(3'')-Ib",1
"44341_3_268","aph(3'')-Ib",1
"44341_3_280","aph(3'')-Ib",1
"44341_3_262","aph(3'')-Ib",1
"44341_3_265","aph(3'')-Ib",1
"44341_4_286","aph(3'')-Ib",1
"CAAYDF","aph(3'')-Ib",1
"CLL3JA","aph(3'')-Ib",1
"ERR9941258","aph(3'')-Ib",1
"CNSLL4","aph(3'')-Ib",1
"CNSKFP","aph(3'')-Ib",1
"CNSP0U","aph(3')-Ia",0
"ERR9929342","aph(3')-Ia",0
"ERR9966382","aph(3')-Ia",0
"CNS6QU","aph(3')-Ia",0
"CNS7YP","aph(3')-Ia",0
"BKRRIF","aph(3')-Ia",0
"44341_3_96","aph(3')-Ia",0
"44341_3_21","aph(3')-Ia",0
"CIV13VE5","aph(3')-Ia",0
"CIU149H1","aph(3')-Ia",0
"CIV146E8","aph(3')-Ia",0
"CIU13XS1","aph(3')-Ia",0
"CIV140E6","aph(3')-Ia",0
"CIV140E1","aph(3')-Ia",0
"CIT15GH1","aph(3')-Ia",0
"CIV13XE5","aph(3')-Ia",0
"CIV13YE6","aph(3')-Ia",0
"CIS15MR1","aph(3')-Ia",0
"CIV13UE4","aph(3')-Ia",0
"CAAXQV","aph(3')-Ia",0
"CIV140E7","aph(3')-Ia",0
"CIS15HB1","aph(3')-Ia",0
"CIV13RE2","aph(3')-Ia",0
"CIT15GS1","aph(3')-Ia",0
"CIV142E6","aph(3')-Ia",0
"44341_4_275","aph(3')-Ia",0
"44341_3_310","aph(3')-Ia",0
"CIU145B1","aph(3')-Ia",0
"CIV143E2","aph(3')-Ia",0
"CIT15FH1","aph(3')-Ia",0
"CIV147E3","aph(3')-Ia",0
"CIT15EB1","aph(3')-Ia",0
"CIV13PE7","aph(3')-Ia",0
"CIV13XE8","aph(3')-Ia",0
"44341_3_304","aph(3')-Ia",0
"44341_3_305","aph(3')-Ia",0
"44341_3_281","aph(3')-Ia",0
"44341_3_136","aph(3')-Ia",0
"44341_3_128","aph(3')-Ia",0
"44341_3_131","aph(3')-Ia",0
"CIT159B1","aph(3')-Ia",0
"CIS153C1","aph(3')-Ia",0
"CIV13XE2","aph(3')-Ia",0
"CIT15FB1","aph(3')-Ia",0
"CIV13XU1","aph(3')-Ia",0
"CIV143U1","aph(3')-Ia",0
"CIV143E9","aph(3')-Ia",0
"CNS1F3","aph(3')-Ia",0
"CAAYSI","aph(3')-Ia",0
"CIV141E6","aph(3')-Ia",0
"CIV140U1","aph(3')-Ia",0
"CIV140E4","aph(3')-Ia",0
"CIV143E4","aph(3')-Ia",0
"CIV144E6","aph(3')-Ia",0
"CIV13YE8","aph(3')-Ia",0
"CIV144U1","aph(3')-Ia",0
"BKRMVD","aph(3')-Ia",0
"CAAXBN","aph(3')-Ia",0
"44341_3_165","aph(3')-Ia",0
"ERR10113269","aph(3')-Ia",0
"ERR6752971","aph(3')-Ia",0
"ERR5751227","aph(3')-Ia",0
"ERR12142619","aph(3')-Ia",0
"ERR9976609","aph(3')-Ia",0
"ERR11219800","aph(3')-Ia",0
"ERR9079830","aph(3')-Ia",0
"ERR10880116","aph(3')-Ia",0
"ERR5751304","aph(3')-Ia",0
"ERR6806714","aph(3')-Ia",0
"ERR11872767","aph(3')-Ia",0
"ERR10176869","aph(3')-Ia",0
"ERR10880230","aph(3')-Ia",0
"ERR11453719","aph(3')-Ia",0
"ERR10880157","aph(3')-Ia",0
"ERR6752889","aph(3')-Ia",0
"ERR9288143","aph(3')-Ia",0
"ERR6806632","aph(3')-Ia",0
"ERR9288082","aph(3')-Ia",0
"ERR6806600","aph(3')-Ia",0
"ERR9420153","aph(3')-Ia",0
"ERR10117717","aph(3')-Ia",0
"ERR10109274","aph(3')-Ia",0
"ERR10880183","aph(3')-Ia",0
"ERR10880311","aph(3')-Ia",0
"ERR11420238","aph(3')-Ia",0
"ERR11437918","aph(3')-Ia",0
"ERR11807709","aph(3')-Ia",0
"ERR12146144","aph(3')-Ia",0
"ERR10109277","aph(3')-Ia",0
"ERR10087013","aph(3')-Ia",0
"ERR11219811","aph(3')-Ia",0
"ERR9966386","aph(3')-Ia",0
"ERR12259395","aph(3')-Ia",0
"ERR12091513","aph(3')-Ia",0
"ERR10125140","aph(3')-Ia",0
"ERR10949303","aph(3')-Ia",0
"ERR11810274","aph(3')-Ia",0
"ERR9785512","aph(3')-Ia",0
"ERR10176866","aph(3')-Ia",0
"ERR10460687","aph(3')-Ia",0
"ERR12078573","aph(3')-Ia",0
"ERR12165616","aph(3')-Ia",0
"ERR10880377","aph(3')-Ia",0
"ERR10460887","aph(3')-Ia",0
"ERR10880335","aph(3')-Ia",0
"ERR10880156","aph(3')-Ia",0
"ERR10088105","aph(3')-Ia",0
"ERR12321284","aph(3')-Ia",0
"ERR9966388","aph(3')-Ia",0
"ERR12495485","aph(3')-Ia",0
"ERR12312692","aph(3')-Ia",0
"ERR12312689","aph(3')-Ia",0
"ERR12312688","aph(3')-Ia",0
"ERR11201827","aph(3')-Ia",0
"ERR10088101","aph(3')-Ia",0
"ERR10880181","aph(3')-Ia",0
"ERR9820422","aph(3')-Ia",0
"ERR9785510","aph(3')-Ia",0
"ERR11807704","aph(3')-Ia",0
"ERR10109276","aph(3')-Ia",0
"ERR9966389","aph(3')-Ia",0
"ERR9785509","aph(3')-Ia",0
"ERR10087012","aph(3')-Ia",0
"ERR10460483","aph(3')-Ia",0
"ERR9785511","aph(3')-Ia",0
"ERR9079768","aph(3')-Ia",0
"ERR9822149","aph(3')-Ia",0
"ERR9822145","aph(3')-Ia",0
"ERR9822146","aph(3')-Ia",0
"ERR10176872","aph(3')-Ia",0
"ERR10460765","aph(3')-Ia",0
"ERR10109275","aph(3')-Ia",0
"ERR9966390","aph(3')-Ia",0
"ERR10123168","aph(3')-Ia",0
"ERR10123167","aph(3')-Ia",0
"ERR9966387","aph(3')-Ia",0
"ERR10949310","aph(3')-Ia",0
"ERR10460875","aph(3')-Ia",0
"ERR10109255","aph(3')-Ia",0
"ERR9822151","aph(3')-Ia",0
"ERR10088102","aph(3')-Ia",0
"ERR10088104","aph(3')-Ia",0
"ERR10026000","aph(3')-Ia",0
"ERR9822144","aph(3')-Ia",0
"ERR11896635","aph(3')-Ia",0
"ERR12552381","aph(3')-Ia",0
"ERR12552377","aph(3')-Ia",0
"ERR9079508","aph(3')-Ia",0
"ERR7197757","aph(3')-Ia",0
"ERR6806028","aph(3')-Ia",0
"ERR11455881","aph(3')-Ia",0
"ERR4451478","aph(3')-Ia",0
"ERR10880424","aph(3')-Ia",0
"ERR12067334","aph(3')-Ia",0
"ERR12302226","aph(3')-Ia",0
"ERR12552384","aph(3')-Ia",0
"ERR10123158","aph(3')-Ia",0
"ERR5751308","aph(3')-Ia",0
"ERR4399358","aph(3')-Ia",0
"ERR4399957","aph(3')-Ia",0
"ERR4399362","aph(3')-Ia",0
"SRR13833609","aph(3')-Ia",0
"ERR6806726","aph(3')-Ia",0
"ERR10460902","aph(3')-Ia",0
"ERR10460856","aph(3')-Ia",0
"ERR6806075","aph(3')-Ia",0
"ERR10176870","aph(3')-Ia",0
"ERR12078572","aph(3')-Ia",0
"ERR11747320","aph(3')-Ia",0
"ERR12495482","aph(3')-Ia",0
"ERR9924209","aph(3')-Ia",0
"ERR5751726","aph(3')-Ia",0
"ERR6806512","aph(3')-Ia",0
"ERR6806317","aph(3')-Ia",0
"ERR12067371","aph(3')-Ia",0
"ERR6806125","aph(3')-Ia",0
"ERR5751296","aph(3')-Ia",0
"ERR4451427","aph(3')-Ia",0
"SRR9273829","aph(3')-Ia",0
"ERR6752863","aph(3')-Ia",0
"ERR12321280","aph(3')-Ia",0
"ERR9692774","aph(3')-Ia",0
"ERR6805998","aph(3')-Ia",0
"ERR6806833","aph(3')-Ia",0
"ERR6806749","aph(3')-Ia",0
"ERR6806776","aph(3')-Ia",0
"ERR5750995","aph(3')-Ia",0
"ERR6806255","aph(3')-Ia",0
"ERR6805990","aph(3')-Ia",0
"ERR11747325","aph(3')-Ia",0
"ERR11502778","aph(3')-Ia",0
"ERR7197834","aph(3')-Ia",0
"ERR9079758","aph(3')-Ia",0
"ERR12321281","aph(3')-Ia",0
"ERR12142634","aph(3')-Ia",0
"ERR12067314","aph(3')-Ia",0
"ERR12321282","aph(3')-Ia",0
"ERR12080226","aph(3')-Ia",0
"ERR12321283","aph(3')-Ia",0
"ERR6753111","aph(3')-Ia",0
"ERR6806796","aph(3')-Ia",0
"ERR6806789","aph(3')-Ia",0
"ERR9971918","aph(3')-Ia",0
"ERR7197741","aph(3')-Ia",0
"ERR5751808","aph(3')-Ia",0
"ERR10438737","aph(3')-Ia",0
"CLL6CH","aph(3')-Ia",0
"CAARE3","aph(3')-Ia",0
"CAAQXB","aph(3')-Ia",0
"CAAR9T","aph(3')-Ia",0
"CAAQUT","aph(3')-Ia",0
"CNSFP4","aph(3')-Ia",0
"CNSDXZ","aph(3')-Ia",0
"CAAP2A","aph(3')-Ia",0
"44341_3_268","aph(3')-Ia",0
"44341_3_280","aph(3')-Ia",0
"44341_3_262","aph(3')-Ia",0
"44341_3_265","aph(3')-Ia",0
"44341_4_286","aph(3')-Ia",0
"CAAYDF","aph(3')-Ia",0
"CLL3JA","aph(3')-Ia",0
"ERR9941258","aph(3')-Ia",0
"CNSLL4","aph(3')-Ia",0
"CNSKFP","aph(3')-Ia",0
"CNSP0U","aph(6)-Id",1
"ERR9929342","aph(6)-Id",1
"ERR9966382","aph(6)-Id",1
"CNS6QU","aph(6)-Id",1
"CNS7YP","aph(6)-Id",1
"BKRRIF","aph(6)-Id",1
"44341_3_96","aph(6)-Id",1
"44341_3_21","aph(6)-Id",1
"CIV13VE5","aph(6)-Id",1
"CIU149H1","aph(6)-Id",1
"CIV146E8","aph(6)-Id",1
"CIU13XS1","aph(6)-Id",1
"CIV140E6","aph(6)-Id",1
"CIV140E1","aph(6)-Id",1
"CIT15GH1","aph(6)-Id",1
"CIV13XE5","aph(6)-Id",1
"CIV13YE6","aph(6)-Id",1
"CIS15MR1","aph(6)-Id",1
"CIV13UE4","aph(6)-Id",1
"CAAXQV","aph(6)-Id",1
"CIV140E7","aph(6)-Id",1
"CIS15HB1","aph(6)-Id",1
"CIV13RE2","aph(6)-Id",1
"CIT15GS1","aph(6)-Id",1
"CIV142E6","aph(6)-Id",1
"44341_4_275","aph(6)-Id",1
"44341_3_310","aph(6)-Id",1
"CIU145B1","aph(6)-Id",1
"CIV143E2","aph(6)-Id",1
"CIT15FH1","aph(6)-Id",1
"CIV147E3","aph(6)-Id",1
"CIT15EB1","aph(6)-Id",1
"CIV13PE7","aph(6)-Id",1
"CIV13XE8","aph(6)-Id",1
"44341_3_304","aph(6)-Id",1
"44341_3_305","aph(6)-Id",1
"44341_3_281","aph(6)-Id",1
"44341_3_136","aph(6)-Id",1
"44341_3_128","aph(6)-Id",1
"44341_3_131","aph(6)-Id",1
"CIT159B1","aph(6)-Id",1
"CIS153C1","aph(6)-Id",1
"CIV13XE2","aph(6)-Id",1
"CIT15FB1","aph(6)-Id",1
"CIV13XU1","aph(6)-Id",1
"CIV143U1","aph(6)-Id",1
"CIV143E9","aph(6)-Id",1
"CNS1F3","aph(6)-Id",1
"CAAYSI","aph(6)-Id",1
"CIV141E6","aph(6)-Id",1
"CIV140U1","aph(6)-Id",1
"CIV140E4","aph(6)-Id",1
"CIV143E4","aph(6)-Id",1
"CIV144E6","aph(6)-Id",1
"CIV13YE8","aph(6)-Id",1
"CIV144U1","aph(6)-Id",1
"BKRMVD","aph(6)-Id",1
"CAAXBN","aph(6)-Id",1
"44341_3_165","aph(6)-Id",1
"ERR10113269","aph(6)-Id",1
"ERR6752971","aph(6)-Id",1
"ERR5751227","aph(6)-Id",1
"ERR12142619","aph(6)-Id",1
"ERR9976609","aph(6)-Id",1
"ERR11219800","aph(6)-Id",1
"ERR9079830","aph(6)-Id",1
"ERR10880116","aph(6)-Id",1
"ERR5751304","aph(6)-Id",1
"ERR6806714","aph(6)-Id",1
"ERR11872767","aph(6)-Id",1
"ERR10176869","aph(6)-Id",1
"ERR10880230","aph(6)-Id",1
"ERR11453719","aph(6)-Id",1
"ERR10880157","aph(6)-Id",1
"ERR6752889","aph(6)-Id",1
"ERR9288143","aph(6)-Id",1
"ERR6806632","aph(6)-Id",1
"ERR9288082","aph(6)-Id",1
"ERR6806600","aph(6)-Id",1
"ERR9420153","aph(6)-Id",1
"ERR10117717","aph(6)-Id",1
"ERR10109274","aph(6)-Id",1
"ERR10880183","aph(6)-Id",1
"ERR10880311","aph(6)-Id",1
"ERR11420238","aph(6)-Id",1
"ERR11437918","aph(6)-Id",1
"ERR11807709","aph(6)-Id",1
"ERR12146144","aph(6)-Id",1
"ERR10109277","aph(6)-Id",1
"ERR10087013","aph(6)-Id",1
"ERR11219811","aph(6)-Id",1
"ERR9966386","aph(6)-Id",1
"ERR12259395","aph(6)-Id",1
"ERR12091513","aph(6)-Id",1
"ERR10125140","aph(6)-Id",1
"ERR10949303","aph(6)-Id",1
"ERR11810274","aph(6)-Id",1
"ERR9785512","aph(6)-Id",1
"ERR10176866","aph(6)-Id",1
"ERR10460687","aph(6)-Id",1
"ERR12078573","aph(6)-Id",1
"ERR12165616","aph(6)-Id",1
"ERR10880377","aph(6)-Id",1
"ERR10460887","aph(6)-Id",1
"ERR10880335","aph(6)-Id",1
"ERR10880156","aph(6)-Id",1
"ERR10088105","aph(6)-Id",1
"ERR12321284","aph(6)-Id",1
"ERR9966388","aph(6)-Id",1
"ERR12495485","aph(6)-Id",1
"ERR12312692","aph(6)-Id",1
"ERR12312689","aph(6)-Id",1
"ERR12312688","aph(6)-Id",1
"ERR11201827","aph(6)-Id",1
"ERR10088101","aph(6)-Id",1
"ERR10880181","aph(6)-Id",1
"ERR9820422","aph(6)-Id",1
"ERR9785510","aph(6)-Id",1
"ERR11807704","aph(6)-Id",1
"ERR10109276","aph(6)-Id",1
"ERR9966389","aph(6)-Id",1
"ERR9785509","aph(6)-Id",1
"ERR10087012","aph(6)-Id",1
"ERR10460483","aph(6)-Id",1
"ERR9785511","aph(6)-Id",1
"ERR9079768","aph(6)-Id",1
"ERR9822149","aph(6)-Id",1
"ERR9822145","aph(6)-Id",1
"ERR9822146","aph(6)-Id",1
"ERR10176872","aph(6)-Id",1
"ERR10460765","aph(6)-Id",1
"ERR10109275","aph(6)-Id",1
"ERR9966390","aph(6)-Id",1
"ERR10123168","aph(6)-Id",1
"ERR10123167","aph(6)-Id",1
"ERR9966387","aph(6)-Id",1
"ERR10949310","aph(6)-Id",1
"ERR10460875","aph(6)-Id",1
"ERR10109255","aph(6)-Id",1
"ERR9822151","aph(6)-Id",1
"ERR10088102","aph(6)-Id",1
"ERR10088104","aph(6)-Id",1
"ERR10026000","aph(6)-Id",1
"ERR9822144","aph(6)-Id",1
"ERR11896635","aph(6)-Id",1
"ERR12552381","aph(6)-Id",1
"ERR12552377","aph(6)-Id",1
"ERR9079508","aph(6)-Id",1
"ERR7197757","aph(6)-Id",1
"ERR6806028","aph(6)-Id",1
"ERR11455881","aph(6)-Id",1
"ERR4451478","aph(6)-Id",1
"ERR10880424","aph(6)-Id",1
"ERR12067334","aph(6)-Id",1
"ERR12302226","aph(6)-Id",1
"ERR12552384","aph(6)-Id",1
"ERR10123158","aph(6)-Id",1
"ERR5751308","aph(6)-Id",1
"ERR4399358","aph(6)-Id",1
"ERR4399957","aph(6)-Id",1
"ERR4399362","aph(6)-Id",1
"SRR13833609","aph(6)-Id",0
"ERR6806726","aph(6)-Id",1
"ERR10460902","aph(6)-Id",1
"ERR10460856","aph(6)-Id",1
"ERR6806075","aph(6)-Id",1
"ERR10176870","aph(6)-Id",1
"ERR12078572","aph(6)-Id",1
"ERR11747320","aph(6)-Id",1
"ERR12495482","aph(6)-Id",1
"ERR9924209","aph(6)-Id",1
"ERR5751726","aph(6)-Id",1
"ERR6806512","aph(6)-Id",1
"ERR6806317","aph(6)-Id",1
"ERR12067371","aph(6)-Id",1
"ERR6806125","aph(6)-Id",1
"ERR5751296","aph(6)-Id",1
"ERR4451427","aph(6)-Id",1
"SRR9273829","aph(6)-Id",1
"ERR6752863","aph(6)-Id",1
"ERR12321280","aph(6)-Id",1
"ERR9692774","aph(6)-Id",1
"ERR6805998","aph(6)-Id",1
"ERR6806833","aph(6)-Id",1
"ERR6806749","aph(6)-Id",1
"ERR6806776","aph(6)-Id",1
"ERR5750995","aph(6)-Id",1
"ERR6806255","aph(6)-Id",1
"ERR6805990","aph(6)-Id",1
"ERR11747325","aph(6)-Id",1
"ERR11502778","aph(6)-Id",1
"ERR7197834","aph(6)-Id",1
"ERR9079758","aph(6)-Id",1
"ERR12321281","aph(6)-Id",1
"ERR12142634","aph(6)-Id",1
"ERR12067314","aph(6)-Id",1
"ERR12321282","aph(6)-Id",1
"ERR12080226","aph(6)-Id",1
"ERR12321283","aph(6)-Id",1
"ERR6753111","aph(6)-Id",1
"ERR6806796","aph(6)-Id",1
"ERR6806789","aph(6)-Id",1
"ERR9971918","aph(6)-Id",1
"ERR7197741","aph(6)-Id",1
"ERR5751808","aph(6)-Id",1
"ERR10438737","aph(6)-Id",1
"CLL6CH","aph(6)-Id",1
"CAARE3","aph(6)-Id",1
"CAAQXB","aph(6)-Id",1
"CAAR9T","aph(6)-Id",1
"CAAQUT","aph(6)-Id",1
"CNSFP4","aph(6)-Id",1
"CNSDXZ","aph(6)-Id",1
"CAAP2A","aph(6)-Id",1
"44341_3_268","aph(6)-Id",1
"44341_3_280","aph(6)-Id",1
"44341_3_262","aph(6)-Id",1
"44341_3_265","aph(6)-Id",1
"44341_4_286","aph(6)-Id",1
"CAAYDF","aph(6)-Id",1
"CLL3JA","aph(6)-Id",1
"ERR9941258","aph(6)-Id",1
"CNSLL4","aph(6)-Id",1
"CNSKFP","aph(6)-Id",1
"CNSP0U","blaOXA-48",0
"ERR9929342","blaOXA-48",0
"ERR9966382","blaOXA-48",0
"CNS6QU","blaOXA-48",0
"CNS7YP","blaOXA-48",0
"BKRRIF","blaOXA-48",0
"44341_3_96","blaOXA-48",0
"44341_3_21","blaOXA-48",0
"CIV13VE5","blaOXA-48",0
"CIU149H1","blaOXA-48",0
"CIV146E8","blaOXA-48",0
"CIU13XS1","blaOXA-48",0
"CIV140E6","blaOXA-48",0
"CIV140E1","blaOXA-48",0
"CIT15GH1","blaOXA-48",0
"CIV13XE5","blaOXA-48",0
"CIV13YE6","blaOXA-48",0
"CIS15MR1","blaOXA-48",0
"CIV13UE4","blaOXA-48",0
"CAAXQV","blaOXA-48",0
"CIV140E7","blaOXA-48",0
"CIS15HB1","blaOXA-48",0
"CIV13RE2","blaOXA-48",0
"CIT15GS1","blaOXA-48",0
"CIV142E6","blaOXA-48",0
"44341_4_275","blaOXA-48",0
"44341_3_310","blaOXA-48",0
"CIU145B1","blaOXA-48",0
"CIV143E2","blaOXA-48",0
"CIT15FH1","blaOXA-48",0
"CIV147E3","blaOXA-48",0
"CIT15EB1","blaOXA-48",0
"CIV13PE7","blaOXA-48",0
"CIV13XE8","blaOXA-48",0
"44341_3_304","blaOXA-48",0
"44341_3_305","blaOXA-48",0
"44341_3_281","blaOXA-48",0
"44341_3_136","blaOXA-48",0
"44341_3_128","blaOXA-48",0
"44341_3_131","blaOXA-48",0
"CIT159B1","blaOXA-48",0
"CIS153C1","blaOXA-48",0
"CIV13XE2","blaOXA-48",0
"CIT15FB1","blaOXA-48",0
"CIV13XU1","blaOXA-48",0
"CIV143U1","blaOXA-48",0
"CIV143E9","blaOXA-48",0
"CNS1F3","blaOXA-48",0
"CAAYSI","blaOXA-48",0
"CIV141E6","blaOXA-48",0
"CIV140U1","blaOXA-48",0
"CIV140E4","blaOXA-48",0
"CIV143E4","blaOXA-48",0
"CIV144E6","blaOXA-48",0
"CIV13YE8","blaOXA-48",0
"CIV144U1","blaOXA-48",0
"BKRMVD","blaOXA-48",0
"CAAXBN","blaOXA-48",0
"44341_3_165","blaOXA-48",0
"ERR10113269","blaOXA-48",0
"ERR6752971","blaOXA-48",0
"ERR5751227","blaOXA-48",0
"ERR12142619","blaOXA-48",0
"ERR9976609","blaOXA-48",0
"ERR11219800","blaOXA-48",0
"ERR9079830","blaOXA-48",0
"ERR10880116","blaOXA-48",0
"ERR5751304","blaOXA-48",0
"ERR6806714","blaOXA-48",0
"ERR11872767","blaOXA-48",0
"ERR10176869","blaOXA-48",0
"ERR10880230","blaOXA-48",0
"ERR11453719","blaOXA-48",0
"ERR10880157","blaOXA-48",0
"ERR6752889","blaOXA-48",0
"ERR9288143","blaOXA-48",0
"ERR6806632","blaOXA-48",0
"ERR9288082","blaOXA-48",0
"ERR6806600","blaOXA-48",0
"ERR9420153","blaOXA-48",0
"ERR10117717","blaOXA-48",0
"ERR10109274","blaOXA-48",0
"ERR10880183","blaOXA-48",0
"ERR10880311","blaOXA-48",0
"ERR11420238","blaOXA-48",0
"ERR11437918","blaOXA-48",0
"ERR11807709","blaOXA-48",0
"ERR12146144","blaOXA-48",0
"ERR10109277","blaOXA-48",0
"ERR10087013","blaOXA-48",0
"ERR11219811","blaOXA-48",0
"ERR9966386","blaOXA-48",0
"ERR12259395","blaOXA-48",0
"ERR12091513","blaOXA-48",0
"ERR10125140","blaOXA-48",0
"ERR10949303","blaOXA-48",0
"ERR11810274","blaOXA-48",0
"ERR9785512","blaOXA-48",0
"ERR10176866","blaOXA-48",0
"ERR10460687","blaOXA-48",0
"ERR12078573","blaOXA-48",0
"ERR12165616","blaOXA-48",0
"ERR10880377","blaOXA-48",0
"ERR10460887","blaOXA-48",0
"ERR10880335","blaOXA-48",0
"ERR10880156","blaOXA-48",0
"ERR10088105","blaOXA-48",0
"ERR12321284","blaOXA-48",0
"ERR9966388","blaOXA-48",0
"ERR12495485","blaOXA-48",0
"ERR12312692","blaOXA-48",0
"ERR12312689","blaOXA-48",0
"ERR12312688","blaOXA-48",0
"ERR11201827","blaOXA-48",0
"ERR10088101","blaOXA-48",0
"ERR10880181","blaOXA-48",0
"ERR9820422","blaOXA-48",0
"ERR9785510","blaOXA-48",0
"ERR11807704","blaOXA-48",0
"ERR10109276","blaOXA-48",0
"ERR9966389","blaOXA-48",0
"ERR9785509","blaOXA-48",0
"ERR10087012","blaOXA-48",0
"ERR10460483","blaOXA-48",0
"ERR9785511","blaOXA-48",0
"ERR9079768","blaOXA-48",0
"ERR9822149","blaOXA-48",0
"ERR9822145","blaOXA-48",0
"ERR9822146","blaOXA-48",0
"ERR10176872","blaOXA-48",0
"ERR10460765","blaOXA-48",0
"ERR10109275","blaOXA-48",0
"ERR9966390","blaOXA-48",0
"ERR10123168","blaOXA-48",0
"ERR10123167","blaOXA-48",0
"ERR9966387","blaOXA-48",0
"ERR10949310","blaOXA-48",0
"ERR10460875","blaOXA-48",0
"ERR10109255","blaOXA-48",0
"ERR9822151","blaOXA-48",0
"ERR10088102","blaOXA-48",0
"ERR10088104","blaOXA-48",0
"ERR10026000","blaOXA-48",0
"ERR9822144","blaOXA-48",0
"ERR11896635","blaOXA-48",0
"ERR12552381","blaOXA-48",0
"ERR12552377","blaOXA-48",0
"ERR9079508","blaOXA-48",0
"ERR7197757","blaOXA-48",0
"ERR6806028","blaOXA-48",0
"ERR11455881","blaOXA-48",0
"ERR4451478","blaOXA-48",0
"ERR10880424","blaOXA-48",0
"ERR12067334","blaOXA-48",0
"ERR12302226","blaOXA-48",0
"ERR12552384","blaOXA-48",0
"ERR10123158","blaOXA-48",0
"ERR5751308","blaOXA-48",0
"ERR4399358","blaOXA-48",0
"ERR4399957","blaOXA-48",0
"ERR4399362","blaOXA-48",0
"SRR13833609","blaOXA-48",0
"ERR6806726","blaOXA-48",0
"ERR10460902","blaOXA-48",0
"ERR10460856","blaOXA-48",0
"ERR6806075","blaOXA-48",0
"ERR10176870","blaOXA-48",0
"ERR12078572","blaOXA-48",0
"ERR11747320","blaOXA-48",0
"ERR12495482","blaOXA-48",0
"ERR9924209","blaOXA-48",0
"ERR5751726","blaOXA-48",0
"ERR6806512","blaOXA-48",0
"ERR6806317","blaOXA-48",0
"ERR12067371","blaOXA-48",0
"ERR6806125","blaOXA-48",0
"ERR5751296","blaOXA-48",0
"ERR4451427","blaOXA-48",0
"SRR9273829","blaOXA-48",0
"ERR6752863","blaOXA-48",0
"ERR12321280","blaOXA-48",0
"ERR9692774","blaOXA-48",0
"ERR6805998","blaOXA-48",0
"ERR6806833","blaOXA-48",0
"ERR6806749","blaOXA-48",0
"ERR6806776","blaOXA-48",0
"ERR5750995","blaOXA-48",0
"ERR6806255","blaOXA-48",1
"ERR6805990","blaOXA-48",0
"ERR11747325","blaOXA-48",0
"ERR11502778","blaOXA-48",0
"ERR7197834","blaOXA-48",0
"ERR9079758","blaOXA-48",0
"ERR12321281","blaOXA-48",0
"ERR12142634","blaOXA-48",0
"ERR12067314","blaOXA-48",0
"ERR12321282","blaOXA-48",0
"ERR12080226","blaOXA-48",0
"ERR12321283","blaOXA-48",0
"ERR6753111","blaOXA-48",0
"ERR6806796","blaOXA-48",0
"ERR6806789","blaOXA-48",0
"ERR9971918","blaOXA-48",0
"ERR7197741","blaOXA-48",0
"ERR5751808","blaOXA-48",0
"ERR10438737","blaOXA-48",0
"CLL6CH","blaOXA-48",0
"CAARE3","blaOXA-48",0
"CAAQXB","blaOXA-48",0
"CAAR9T","blaOXA-48",0
"CAAQUT","blaOXA-48",0
"CNSFP4","blaOXA-48",0
"CNSDXZ","blaOXA-48",0
"CAAP2A","blaOXA-48",0
"44341_3_268","blaOXA-48",0
"44341_3_280","blaOXA-48",0
"44341_3_262","blaOXA-48",0
"44341_3_265","blaOXA-48",0
"44341_4_286","blaOXA-48",0
"CAAYDF","blaOXA-48",0
"CLL3JA","blaOXA-48",0
"ERR9941258","blaOXA-48",0
"CNSLL4","blaOXA-48",0
"CNSKFP","blaOXA-48",0
"CNSP0U","blaNDM-1",0
"ERR9929342","blaNDM-1",0
"ERR9966382","blaNDM-1",0
"CNS6QU","blaNDM-1",0
"CNS7YP","blaNDM-1",0
"BKRRIF","blaNDM-1",0
"44341_3_96","blaNDM-1",0
"44341_3_21","blaNDM-1",0
"CIV13VE5","blaNDM-1",0
"CIU149H1","blaNDM-1",0
"CIV146E8","blaNDM-1",0
"CIU13XS1","blaNDM-1",0
"CIV140E6","blaNDM-1",0
"CIV140E1","blaNDM-1",0
"CIT15GH1","blaNDM-1",0
"CIV13XE5","blaNDM-1",0
"CIV13YE6","blaNDM-1",0
"CIS15MR1","blaNDM-1",0
"CIV13UE4","blaNDM-1",0
"CAAXQV","blaNDM-1",0
"CIV140E7","blaNDM-1",0
"CIS15HB1","blaNDM-1",0
"CIV13RE2","blaNDM-1",0
"CIT15GS1","blaNDM-1",0
"CIV142E6","blaNDM-1",0
"44341_4_275","blaNDM-1",0
"44341_3_310","blaNDM-1",0
"CIU145B1","blaNDM-1",0
"CIV143E2","blaNDM-1",0
"CIT15FH1","blaNDM-1",0
"CIV147E3","blaNDM-1",0
"CIT15EB1","blaNDM-1",0
"CIV13PE7","blaNDM-1",0
"CIV13XE8","blaNDM-1",0
"44341_3_304","blaNDM-1",0
"44341_3_305","blaNDM-1",0
"44341_3_281","blaNDM-1",0
"44341_3_136","blaNDM-1",0
"44341_3_128","blaNDM-1",0
"44341_3_131","blaNDM-1",0
"CIT159B1","blaNDM-1",0
"CIS153C1","blaNDM-1",0
"CIV13XE2","blaNDM-1",0
"CIT15FB1","blaNDM-1",0
"CIV13XU1","blaNDM-1",0
"CIV143U1","blaNDM-1",0
"CIV143E9","blaNDM-1",0
"CNS1F3","blaNDM-1",0
"CAAYSI","blaNDM-1",0
"CIV141E6","blaNDM-1",0
"CIV140U1","blaNDM-1",0
"CIV140E4","blaNDM-1",0
"CIV143E4","blaNDM-1",0
"CIV144E6","blaNDM-1",0
"CIV13YE8","blaNDM-1",0
"CIV144U1","blaNDM-1",0
"BKRMVD","blaNDM-1",0
"CAAXBN","blaNDM-1",0
"44341_3_165","blaNDM-1",0
"ERR10113269","blaNDM-1",0
"ERR6752971","blaNDM-1",0
"ERR5751227","blaNDM-1",0
"ERR12142619","blaNDM-1",0
"ERR9976609","blaNDM-1",0
"ERR11219800","blaNDM-1",0
"ERR9079830","blaNDM-1",0
"ERR10880116","blaNDM-1",0
"ERR5751304","blaNDM-1",0
"ERR6806714","blaNDM-1",0
"ERR11872767","blaNDM-1",0
"ERR10176869","blaNDM-1",0
"ERR10880230","blaNDM-1",0
"ERR11453719","blaNDM-1",0
"ERR10880157","blaNDM-1",0
"ERR6752889","blaNDM-1",0
"ERR9288143","blaNDM-1",0
"ERR6806632","blaNDM-1",0
"ERR9288082","blaNDM-1",0
"ERR6806600","blaNDM-1",0
"ERR9420153","blaNDM-1",0
"ERR10117717","blaNDM-1",0
"ERR10109274","blaNDM-1",0
"ERR10880183","blaNDM-1",0
"ERR10880311","blaNDM-1",0
"ERR11420238","blaNDM-1",0
"ERR11437918","blaNDM-1",0
"ERR11807709","blaNDM-1",0
"ERR12146144","blaNDM-1",0
"ERR10109277","blaNDM-1",0
"ERR10087013","blaNDM-1",0
"ERR11219811","blaNDM-1",0
"ERR9966386","blaNDM-1",0
"ERR12259395","blaNDM-1",0
"ERR12091513","blaNDM-1",0
"ERR10125140","blaNDM-1",0
"ERR10949303","blaNDM-1",0
"ERR11810274","blaNDM-1",0
"ERR9785512","blaNDM-1",0
"ERR10176866","blaNDM-1",0
"ERR10460687","blaNDM-1",0
"ERR12078573","blaNDM-1",0
"ERR12165616","blaNDM-1",0
"ERR10880377","blaNDM-1",0
"ERR10460887","blaNDM-1",0
"ERR10880335","blaNDM-1",0
"ERR10880156","blaNDM-1",0
"ERR10088105","blaNDM-1",0
"ERR12321284","blaNDM-1",0
"ERR9966388","blaNDM-1",0
"ERR12495485","blaNDM-1",0
"ERR12312692","blaNDM-1",0
"ERR12312689","blaNDM-1",0
"ERR12312688","blaNDM-1",0
"ERR11201827","blaNDM-1",0
"ERR10088101","blaNDM-1",0
"ERR10880181","blaNDM-1",0
"ERR9820422","blaNDM-1",0
"ERR9785510","blaNDM-1",0
"ERR11807704","blaNDM-1",0
"ERR10109276","blaNDM-1",0
"ERR9966389","blaNDM-1",0
"ERR9785509","blaNDM-1",0
"ERR10087012","blaNDM-1",0
"ERR10460483","blaNDM-1",0
"ERR9785511","blaNDM-1",0
"ERR9079768","blaNDM-1",0
"ERR9822149","blaNDM-1",0
"ERR9822145","blaNDM-1",0
"ERR9822146","blaNDM-1",0
"ERR10176872","blaNDM-1",0
"ERR10460765","blaNDM-1",0
"ERR10109275","blaNDM-1",0
"ERR9966390","blaNDM-1",0
"ERR10123168","blaNDM-1",0
"ERR10123167","blaNDM-1",0
"ERR9966387","blaNDM-1",0
"ERR10949310","blaNDM-1",0
"ERR10460875","blaNDM-1",0
"ERR10109255","blaNDM-1",0
"ERR9822151","blaNDM-1",0
"ERR10088102","blaNDM-1",0
"ERR10088104","blaNDM-1",0
"ERR10026000","blaNDM-1",0
"ERR9822144","blaNDM-1",0
"ERR11896635","blaNDM-1",0
"ERR12552381","blaNDM-1",0
"ERR12552377","blaNDM-1",0
"ERR9079508","blaNDM-1",0
"ERR7197757","blaNDM-1",0
"ERR6806028","blaNDM-1",0
"ERR11455881","blaNDM-1",0
"ERR4451478","blaNDM-1",0
"ERR10880424","blaNDM-1",0
"ERR12067334","blaNDM-1",0
"ERR12302226","blaNDM-1",0
"ERR12552384","blaNDM-1",0
"ERR10123158","blaNDM-1",0
"ERR5751308","blaNDM-1",0
"ERR4399358","blaNDM-1",0
"ERR4399957","blaNDM-1",0
"ERR4399362","blaNDM-1",0
"SRR13833609","blaNDM-1",0
"ERR6806726","blaNDM-1",0
"ERR10460902","blaNDM-1",0
"ERR10460856","blaNDM-1",0
"ERR6806075","blaNDM-1",0
"ERR10176870","blaNDM-1",0
"ERR12078572","blaNDM-1",0
"ERR11747320","blaNDM-1",0
"ERR12495482","blaNDM-1",0
"ERR9924209","blaNDM-1",0
"ERR5751726","blaNDM-1",0
"ERR6806512","blaNDM-1",0
"ERR6806317","blaNDM-1",0
"ERR12067371","blaNDM-1",0
"ERR6806125","blaNDM-1",0
"ERR5751296","blaNDM-1",0
"ERR4451427","blaNDM-1",0
"SRR9273829","blaNDM-1",0
"ERR6752863","blaNDM-1",0
"ERR12321280","blaNDM-1",0
"ERR9692774","blaNDM-1",0
"ERR6805998","blaNDM-1",0
"ERR6806833","blaNDM-1",0
"ERR6806749","blaNDM-1",0
"ERR6806776","blaNDM-1",0
"ERR5750995","blaNDM-1",0
"ERR6806255","blaNDM-1",0
"ERR6805990","blaNDM-1",0
"ERR11747325","blaNDM-1",1
"ERR11502778","blaNDM-1",1
"ERR7197834","blaNDM-1",0
"ERR9079758","blaNDM-1",1
"ERR12321281","blaNDM-1",1
"ERR12142634","blaNDM-1",1
"ERR12067314","blaNDM-1",0
"ERR12321282","blaNDM-1",0
"ERR12080226","blaNDM-1",0
"ERR12321283","blaNDM-1",0
"ERR6753111","blaNDM-1",0
"ERR6806796","blaNDM-1",0
"ERR6806789","blaNDM-1",0
"ERR9971918","blaNDM-1",0
"ERR7197741","blaNDM-1",0
"ERR5751808","blaNDM-1",0
"ERR10438737","blaNDM-1",0
"CLL6CH","blaNDM-1",0
"CAARE3","blaNDM-1",0
"CAAQXB","blaNDM-1",0
"CAAR9T","blaNDM-1",0
"CAAQUT","blaNDM-1",0
"CNSFP4","blaNDM-1",0
"CNSDXZ","blaNDM-1",0
"CAAP2A","blaNDM-1",0
"44341_3_268","blaNDM-1",0
"44341_3_280","blaNDM-1",0
"44341_3_262","blaNDM-1",0
"44341_3_265","blaNDM-1",0
"44341_4_286","blaNDM-1",0
"CAAYDF","blaNDM-1",0
"CLL3JA","blaNDM-1",0
"ERR9941258","blaNDM-1",0
"CNSLL4","blaNDM-1",0
"CNSKFP","blaNDM-1",0
"CNSP0U","arr-2",1
"ERR9929342","arr-2",1
"ERR9966382","arr-2",1
"CNS6QU","arr-2",1
"CNS7YP","arr-2",1
"BKRRIF","arr-2",1
"44341_3_96","arr-2",1
"44341_3_21","arr-2",1
"CIV13VE5","arr-2",1
"CIU149H1","arr-2",1
"CIV146E8","arr-2",1
"CIU13XS1","arr-2",1
"CIV140E6","arr-2",1
"CIV140E1","arr-2",1
"CIT15GH1","arr-2",1
"CIV13XE5","arr-2",1
"CIV13YE6","arr-2",1
"CIS15MR1","arr-2",1
"CIV13UE4","arr-2",1
"CAAXQV","arr-2",1
"CIV140E7","arr-2",1
"CIS15HB1","arr-2",1
"CIV13RE2","arr-2",1
"CIT15GS1","arr-2",1
"CIV142E6","arr-2",1
"44341_4_275","arr-2",1
"44341_3_310","arr-2",1
"CIU145B1","arr-2",1
"CIV143E2","arr-2",1
"CIT15FH1","arr-2",1
"CIV147E3","arr-2",1
"CIT15EB1","arr-2",1
"CIV13PE7","arr-2",1
"CIV13XE8","arr-2",1
"44341_3_304","arr-2",1
"44341_3_305","arr-2",1
"44341_3_281","arr-2",1
"44341_3_136","arr-2",1
"44341_3_128","arr-2",1
"44341_3_131","arr-2",1
"CIT159B1","arr-2",1
"CIS153C1","arr-2",1
"CIV13XE2","arr-2",1
"CIT15FB1","arr-2",1
"CIV13XU1","arr-2",1
"CIV143U1","arr-2",1
"CIV143E9","arr-2",1
"CNS1F3","arr-2",1
"CAAYSI","arr-2",1
"CIV141E6","arr-2",1
"CIV140U1","arr-2",1
"CIV140E4","arr-2",1
"CIV143E4","arr-2",1
"CIV144E6","arr-2",1
"CIV13YE8","arr-2",1
"CIV144U1","arr-2",1
"BKRMVD","arr-2",1
"CAAXBN","arr-2",1
"44341_3_165","arr-2",1
"ERR10113269","arr-2",0
"ERR6752971","arr-2",1
"ERR5751227","arr-2",1
"ERR12142619","arr-2",1
"ERR9976609","arr-2",1
"ERR11219800","arr-2",1
"ERR9079830","arr-2",1
"ERR10880116","arr-2",1
"ERR5751304","arr-2",0
"ERR6806714","arr-2",1
"ERR11872767","arr-2",1
"ERR10176869","arr-2",1
"ERR10880230","arr-2",1
"ERR11453719","arr-2",1
"ERR10880157","arr-2",1
"ERR6752889","arr-2",1
"ERR9288143","arr-2",1
"ERR6806632","arr-2",1
"ERR9288082","arr-2",1
"ERR6806600","arr-2",1
"ERR9420153","arr-2",1
"ERR10117717","arr-2",1
"ERR10109274","arr-2",1
"ERR10880183","arr-2",1
"ERR10880311","arr-2",1
"ERR11420238","arr-2",1
"ERR11437918","arr-2",1
"ERR11807709","arr-2",1
"ERR12146144","arr-2",1
"ERR10109277","arr-2",1
"ERR10087013","arr-2",1
"ERR11219811","arr-2",1
"ERR9966386","arr-2",1
"ERR12259395","arr-2",1
"ERR12091513","arr-2",1
"ERR10125140","arr-2",1
"ERR10949303","arr-2",1
"ERR11810274","arr-2",1
"ERR9785512","arr-2",1
"ERR10176866","arr-2",1
"ERR10460687","arr-2",1
"ERR12078573","arr-2",1
"ERR12165616","arr-2",1
"ERR10880377","arr-2",1
"ERR10460887","arr-2",1
"ERR10880335","arr-2",1
"ERR10880156","arr-2",1
"ERR10088105","arr-2",1
"ERR12321284","arr-2",1
"ERR9966388","arr-2",1
"ERR12495485","arr-2",1
"ERR12312692","arr-2",1
"ERR12312689","arr-2",1
"ERR12312688","arr-2",1
"ERR11201827","arr-2",1
"ERR10088101","arr-2",1
"ERR10880181","arr-2",1
"ERR9820422","arr-2",1
"ERR9785510","arr-2",1
"ERR11807704","arr-2",1
"ERR10109276","arr-2",1
"ERR9966389","arr-2",1
"ERR9785509","arr-2",1
"ERR10087012","arr-2",1
"ERR10460483","arr-2",0
"ERR9785511","arr-2",0
"ERR9079768","arr-2",1
"ERR9822149","arr-2",1
"ERR9822145","arr-2",1
"ERR9822146","arr-2",1
"ERR10176872","arr-2",1
"ERR10460765","arr-2",1
"ERR10109275","arr-2",1
"ERR9966390","arr-2",1
"ERR10123168","arr-2",1
"ERR10123167","arr-2",1
"ERR9966387","arr-2",1
"ERR10949310","arr-2",1
"ERR10460875","arr-2",1
"ERR10109255","arr-2",1
"ERR9822151","arr-2",1
"ERR10088102","arr-2",1
"ERR10088104","arr-2",1
"ERR10026000","arr-2",1
"ERR9822144","arr-2",1
"ERR11896635","arr-2",1
"ERR12552381","arr-2",1
"ERR12552377","arr-2",1
"ERR9079508","arr-2",1
"ERR7197757","arr-2",1
"ERR6806028","arr-2",1
"ERR11455881","arr-2",1
"ERR4451478","arr-2",1
"ERR10880424","arr-2",1
"ERR12067334","arr-2",1
"ERR12302226","arr-2",1
"ERR12552384","arr-2",1
"ERR10123158","arr-2",1
"ERR5751308","arr-2",1
"ERR4399358","arr-2",1
"ERR4399957","arr-2",1
"ERR4399362","arr-2",1
"SRR13833609","arr-2",0
"ERR6806726","arr-2",0
"ERR10460902","arr-2",0
"ERR10460856","arr-2",0
"ERR6806075","arr-2",0
"ERR10176870","arr-2",0
"ERR12078572","arr-2",1
"ERR11747320","arr-2",1
"ERR12495482","arr-2",1
"ERR9924209","arr-2",0
"ERR5751726","arr-2",0
"ERR6806512","arr-2",1
"ERR6806317","arr-2",0
"ERR12067371","arr-2",1
"ERR6806125","arr-2",1
"ERR5751296","arr-2",1
"ERR4451427","arr-2",1
"SRR9273829","arr-2",0
"ERR6752863","arr-2",0
"ERR12321280","arr-2",1
"ERR9692774","arr-2",1
"ERR6805998","arr-2",1
"ERR6806833","arr-2",1
"ERR6806749","arr-2",1
"ERR6806776","arr-2",1
"ERR5750995","arr-2",1
"ERR6806255","arr-2",1
"ERR6805990","arr-2",1
"ERR11747325","arr-2",1
"ERR11502778","arr-2",1
"ERR7197834","arr-2",1
"ERR9079758","arr-2",0
"ERR12321281","arr-2",1
"ERR12142634","arr-2",1
"ERR12067314","arr-2",1
"ERR12321282","arr-2",1
"ERR12080226","arr-2",0
"ERR12321283","arr-2",1
"ERR6753111","arr-2",1
"ERR6806796","arr-2",1
"ERR6806789","arr-2",1
"ERR9971918","arr-2",1
"ERR7197741","arr-2",0
"ERR5751808","arr-2",0
"ERR10438737","arr-2",1
"CLL6CH","arr-2",1
"CAARE3","arr-2",1
"CAAQXB","arr-2",1
"CAAR9T","arr-2",1
"CAAQUT","arr-2",1
"CNSFP4","arr-2",1
"CNSDXZ","arr-2",1
"CAAP2A","arr-2",1
"44341_3_268","arr-2",1
"44341_3_280","arr-2",1
"44341_3_262","arr-2",1
"44341_3_265","arr-2",1
"44341_4_286","arr-2",1
"CAAYDF","arr-2",1
"CLL3JA","arr-2",1
"ERR9941258","arr-2",1
"CNSLL4","arr-2",1
"CNSKFP","arr-2",1
"CNSP0U","arr-3",0
"ERR9929342","arr-3",0
"ERR9966382","arr-3",0
"CNS6QU","arr-3",0
"CNS7YP","arr-3",0
"BKRRIF","arr-3",0
"44341_3_96","arr-3",0
"44341_3_21","arr-3",0
"CIV13VE5","arr-3",0
"CIU149H1","arr-3",0
"CIV146E8","arr-3",0
"CIU13XS1","arr-3",0
"CIV140E6","arr-3",0
"CIV140E1","arr-3",0
"CIT15GH1","arr-3",0
"CIV13XE5","arr-3",0
"CIV13YE6","arr-3",0
"CIS15MR1","arr-3",0
"CIV13UE4","arr-3",0
"CAAXQV","arr-3",0
"CIV140E7","arr-3",0
"CIS15HB1","arr-3",0
"CIV13RE2","arr-3",0
"CIT15GS1","arr-3",0
"CIV142E6","arr-3",0
"44341_4_275","arr-3",0
"44341_3_310","arr-3",0
"CIU145B1","arr-3",0
"CIV143E2","arr-3",0
"CIT15FH1","arr-3",0
"CIV147E3","arr-3",0
"CIT15EB1","arr-3",0
"CIV13PE7","arr-3",0
"CIV13XE8","arr-3",0
"44341_3_304","arr-3",0
"44341_3_305","arr-3",0
"44341_3_281","arr-3",0
"44341_3_136","arr-3",0
"44341_3_128","arr-3",0
"44341_3_131","arr-3",0
"CIT159B1","arr-3",0
"CIS153C1","arr-3",0
"CIV13XE2","arr-3",0
"CIT15FB1","arr-3",0
"CIV13XU1","arr-3",0
"CIV143U1","arr-3",0
"CIV143E9","arr-3",0
"CNS1F3","arr-3",0
"CAAYSI","arr-3",0
"CIV141E6","arr-3",0
"CIV140U1","arr-3",0
"CIV140E4","arr-3",0
"CIV143E4","arr-3",0
"CIV144E6","arr-3",0
"CIV13YE8","arr-3",0
"CIV144U1","arr-3",0
"BKRMVD","arr-3",0
"CAAXBN","arr-3",0
"44341_3_165","arr-3",0
"ERR10113269","arr-3",0
"ERR6752971","arr-3",0
"ERR5751227","arr-3",0
"ERR12142619","arr-3",0
"ERR9976609","arr-3",0
"ERR11219800","arr-3",0
"ERR9079830","arr-3",0
"ERR10880116","arr-3",0
"ERR5751304","arr-3",0
"ERR6806714","arr-3",0
"ERR11872767","arr-3",0
"ERR10176869","arr-3",0
"ERR10880230","arr-3",0
"ERR11453719","arr-3",0
"ERR10880157","arr-3",0
"ERR6752889","arr-3",0
"ERR9288143","arr-3",0
"ERR6806632","arr-3",0
"ERR9288082","arr-3",0
"ERR6806600","arr-3",0
"ERR9420153","arr-3",0
"ERR10117717","arr-3",0
"ERR10109274","arr-3",0
"ERR10880183","arr-3",0
"ERR10880311","arr-3",0
"ERR11420238","arr-3",0
"ERR11437918","arr-3",0
"ERR11807709","arr-3",0
"ERR12146144","arr-3",0
"ERR10109277","arr-3",0
"ERR10087013","arr-3",0
"ERR11219811","arr-3",0
"ERR9966386","arr-3",0
"ERR12259395","arr-3",0
"ERR12091513","arr-3",0
"ERR10125140","arr-3",0
"ERR10949303","arr-3",0
"ERR11810274","arr-3",0
"ERR9785512","arr-3",0
"ERR10176866","arr-3",0
"ERR10460687","arr-3",0
"ERR12078573","arr-3",0
"ERR12165616","arr-3",0
"ERR10880377","arr-3",0
"ERR10460887","arr-3",0
"ERR10880335","arr-3",0
"ERR10880156","arr-3",0
"ERR10088105","arr-3",0
"ERR12321284","arr-3",0
"ERR9966388","arr-3",0
"ERR12495485","arr-3",0
"ERR12312692","arr-3",0
"ERR12312689","arr-3",0
"ERR12312688","arr-3",0
"ERR11201827","arr-3",0
"ERR10088101","arr-3",0
"ERR10880181","arr-3",0
"ERR9820422","arr-3",0
"ERR9785510","arr-3",0
"ERR11807704","arr-3",0
"ERR10109276","arr-3",0
"ERR9966389","arr-3",0
"ERR9785509","arr-3",0
"ERR10087012","arr-3",0
"ERR10460483","arr-3",0
"ERR9785511","arr-3",0
"ERR9079768","arr-3",0
"ERR9822149","arr-3",0
"ERR9822145","arr-3",0
"ERR9822146","arr-3",0
"ERR10176872","arr-3",0
"ERR10460765","arr-3",0
"ERR10109275","arr-3",0
"ERR9966390","arr-3",0
"ERR10123168","arr-3",0
"ERR10123167","arr-3",0
"ERR9966387","arr-3",0
"ERR10949310","arr-3",0
"ERR10460875","arr-3",0
"ERR10109255","arr-3",0
"ERR9822151","arr-3",0
"ERR10088102","arr-3",0
"ERR10088104","arr-3",0
"ERR10026000","arr-3",0
"ERR9822144","arr-3",0
"ERR11896635","arr-3",0
"ERR12552381","arr-3",0
"ERR12552377","arr-3",0
"ERR9079508","arr-3",0
"ERR7197757","arr-3",0
"ERR6806028","arr-3",0
"ERR11455881","arr-3",0
"ERR4451478","arr-3",0
"ERR10880424","arr-3",0
"ERR12067334","arr-3",0
"ERR12302226","arr-3",0
"ERR12552384","arr-3",0
"ERR10123158","arr-3",0
"ERR5751308","arr-3",0
"ERR4399358","arr-3",0
"ERR4399957","arr-3",0
"ERR4399362","arr-3",0
"SRR13833609","arr-3",0
"ERR6806726","arr-3",0
"ERR10460902","arr-3",0
"ERR10460856","arr-3",0
"ERR6806075","arr-3",0
"ERR10176870","arr-3",0
"ERR12078572","arr-3",0
"ERR11747320","arr-3",0
"ERR12495482","arr-3",0
"ERR9924209","arr-3",1
"ERR5751726","arr-3",0
"ERR6806512","arr-3",0
"ERR6806317","arr-3",0
"ERR12067371","arr-3",0
"ERR6806125","arr-3",0
"ERR5751296","arr-3",0
"ERR4451427","arr-3",0
"SRR9273829","arr-3",0
"ERR6752863","arr-3",0
"ERR12321280","arr-3",0
"ERR9692774","arr-3",0
"ERR6805998","arr-3",0
"ERR6806833","arr-3",0
"ERR6806749","arr-3",0
"ERR6806776","arr-3",0
"ERR5750995","arr-3",0
"ERR6806255","arr-3",0
"ERR6805990","arr-3",0
"ERR11747325","arr-3",0
"ERR11502778","arr-3",0
"ERR7197834","arr-3",0
"ERR9079758","arr-3",0
"ERR12321281","arr-3",0
"ERR12142634","arr-3",0
"ERR12067314","arr-3",0
"ERR12321282","arr-3",0
"ERR12080226","arr-3",0
"ERR12321283","arr-3",0
"ERR6753111","arr-3",0
"ERR6806796","arr-3",0
"ERR6806789","arr-3",0
"ERR9971918","arr-3",0
"ERR7197741","arr-3",0
"ERR5751808","arr-3",0
"ERR10438737","arr-3",0
"CLL6CH","arr-3",0
"CAARE3","arr-3",0
"CAAQXB","arr-3",0
"CAAR9T","arr-3",0
"CAAQUT","arr-3",0
"CNSFP4","arr-3",0
"CNSDXZ","arr-3",0
"CAAP2A","arr-3",0
"44341_3_268","arr-3",0
"44341_3_280","arr-3",0
"44341_3_262","arr-3",0
"44341_3_265","arr-3",0
"44341_4_286","arr-3",0
"CAAYDF","arr-3",0
"CLL3JA","arr-3",0
"ERR9941258","arr-3",0
"CNSLL4","arr-3",0
"CNSKFP","arr-3",0
"CNSP0U","qacE",0
"ERR9929342","qacE",0
"ERR9966382","qacE",0
"CNS6QU","qacE",0
"CNS7YP","qacE",0
"BKRRIF","qacE",0
"44341_3_96","qacE",0
"44341_3_21","qacE",0
"CIV13VE5","qacE",0
"CIU149H1","qacE",0
"CIV146E8","qacE",0
"CIU13XS1","qacE",0
"CIV140E6","qacE",0
"CIV140E1","qacE",0
"CIT15GH1","qacE",0
"CIV13XE5","qacE",0
"CIV13YE6","qacE",0
"CIS15MR1","qacE",0
"CIV13UE4","qacE",0
"CAAXQV","qacE",0
"CIV140E7","qacE",0
"CIS15HB1","qacE",0
"CIV13RE2","qacE",0
"CIT15GS1","qacE",0
"CIV142E6","qacE",0
"44341_4_275","qacE",0
"44341_3_310","qacE",0
"CIU145B1","qacE",0
"CIV143E2","qacE",0
"CIT15FH1","qacE",0
"CIV147E3","qacE",0
"CIT15EB1","qacE",0
"CIV13PE7","qacE",0
"CIV13XE8","qacE",0
"44341_3_304","qacE",0
"44341_3_305","qacE",0
"44341_3_281","qacE",0
"44341_3_136","qacE",0
"44341_3_128","qacE",0
"44341_3_131","qacE",0
"CIT159B1","qacE",0
"CIS153C1","qacE",0
"CIV13XE2","qacE",0
"CIT15FB1","qacE",0
"CIV13XU1","qacE",0
"CIV143U1","qacE",0
"CIV143E9","qacE",0
"CNS1F3","qacE",0
"CAAYSI","qacE",0
"CIV141E6","qacE",0
"CIV140U1","qacE",0
"CIV140E4","qacE",0
"CIV143E4","qacE",0
"CIV144E6","qacE",0
"CIV13YE8","qacE",0
"CIV144U1","qacE",0
"BKRMVD","qacE",0
"CAAXBN","qacE",0
"44341_3_165","qacE",0
"ERR10113269","qacE",0
"ERR6752971","qacE",0
"ERR5751227","qacE",0
"ERR12142619","qacE",0
"ERR9976609","qacE",0
"ERR11219800","qacE",0
"ERR9079830","qacE",0
"ERR10880116","qacE",0
"ERR5751304","qacE",0
"ERR6806714","qacE",0
"ERR11872767","qacE",0
"ERR10176869","qacE",0
"ERR10880230","qacE",0
"ERR11453719","qacE",0
"ERR10880157","qacE",0
"ERR6752889","qacE",0
"ERR9288143","qacE",0
"ERR6806632","qacE",0
"ERR9288082","qacE",0
"ERR6806600","qacE",0
"ERR9420153","qacE",0
"ERR10117717","qacE",0
"ERR10109274","qacE",0
"ERR10880183","qacE",0
"ERR10880311","qacE",0
"ERR11420238","qacE",0
"ERR11437918","qacE",0
"ERR11807709","qacE",0
"ERR12146144","qacE",0
"ERR10109277","qacE",0
"ERR10087013","qacE",0
"ERR11219811","qacE",0
"ERR9966386","qacE",0
"ERR12259395","qacE",0
"ERR12091513","qacE",0
"ERR10125140","qacE",0
"ERR10949303","qacE",0
"ERR11810274","qacE",0
"ERR9785512","qacE",0
"ERR10176866","qacE",0
"ERR10460687","qacE",0
"ERR12078573","qacE",0
"ERR12165616","qacE",0
"ERR10880377","qacE",0
"ERR10460887","qacE",0
"ERR10880335","qacE",0
"ERR10880156","qacE",0
"ERR10088105","qacE",0
"ERR12321284","qacE",0
"ERR9966388","qacE",0
"ERR12495485","qacE",0
"ERR12312692","qacE",0
"ERR12312689","qacE",0
"ERR12312688","qacE",0
"ERR11201827","qacE",0
"ERR10088101","qacE",0
"ERR10880181","qacE",0
"ERR9820422","qacE",0
"ERR9785510","qacE",0
"ERR11807704","qacE",0
"ERR10109276","qacE",0
"ERR9966389","qacE",0
"ERR9785509","qacE",0
"ERR10087012","qacE",0
"ERR10460483","qacE",0
"ERR9785511","qacE",0
"ERR9079768","qacE",0
"ERR9822149","qacE",0
"ERR9822145","qacE",0
"ERR9822146","qacE",0
"ERR10176872","qacE",0
"ERR10460765","qacE",0
"ERR10109275","qacE",0
"ERR9966390","qacE",0
"ERR10123168","qacE",0
"ERR10123167","qacE",0
"ERR9966387","qacE",0
"ERR10949310","qacE",0
"ERR10460875","qacE",0
"ERR10109255","qacE",0
"ERR9822151","qacE",0
"ERR10088102","qacE",0
"ERR10088104","qacE",0
"ERR10026000","qacE",0
"ERR9822144","qacE",0
"ERR11896635","qacE",0
"ERR12552381","qacE",0
"ERR12552377","qacE",0
"ERR9079508","qacE",0
"ERR7197757","qacE",0
"ERR6806028","qacE",0
"ERR11455881","qacE",0
"ERR4451478","qacE",0
"ERR10880424","qacE",0
"ERR12067334","qacE",0
"ERR12302226","qacE",0
"ERR12552384","qacE",0
"ERR10123158","qacE",0
"ERR5751308","qacE",0
"ERR4399358","qacE",0
"ERR4399957","qacE",0
"ERR4399362","qacE",0
"SRR13833609","qacE",0
"ERR6806726","qacE",0
"ERR10460902","qacE",0
"ERR10460856","qacE",0
"ERR6806075","qacE",0
"ERR10176870","qacE",0
"ERR12078572","qacE",0
"ERR11747320","qacE",0
"ERR12495482","qacE",0
"ERR9924209","qacE",0
"ERR5751726","qacE",0
"ERR6806512","qacE",0
"ERR6806317","qacE",0
"ERR12067371","qacE",0
"ERR6806125","qacE",0
"ERR5751296","qacE",0
"ERR4451427","qacE",0
"SRR9273829","qacE",0
"ERR6752863","qacE",0
"ERR12321280","qacE",0
"ERR9692774","qacE",0
"ERR6805998","qacE",0
"ERR6806833","qacE",0
"ERR6806749","qacE",0
"ERR6806776","qacE",0
"ERR5750995","qacE",0
"ERR6806255","qacE",0
"ERR6805990","qacE",0
"ERR11747325","qacE",0
"ERR11502778","qacE",0
"ERR7197834","qacE",0
"ERR9079758","qacE",1
"ERR12321281","qacE",0
"ERR12142634","qacE",0
"ERR12067314","qacE",0
"ERR12321282","qacE",0
"ERR12080226","qacE",0
"ERR12321283","qacE",0
"ERR6753111","qacE",0
"ERR6806796","qacE",0
"ERR6806789","qacE",0
"ERR9971918","qacE",0
"ERR7197741","qacE",0
"ERR5751808","qacE",0
"ERR10438737","qacE",0
"CLL6CH","qacE",0
"CAARE3","qacE",0
"CAAQXB","qacE",0
"CAAR9T","qacE",0
"CAAQUT","qacE",0
"CNSFP4","qacE",0
"CNSDXZ","qacE",0
"CAAP2A","qacE",0
"44341_3_268","qacE",0
"44341_3_280","qacE",0
"44341_3_262","qacE",0
"44341_3_265","qacE",0
"44341_4_286","qacE",0
"CAAYDF","qacE",0
"CLL3JA","qacE",0
"ERR9941258","qacE",0
"CNSLL4","qacE",0
"CNSKFP","qacE",0
"CNSP0U","qacEdelta1",1
"ERR9929342","qacEdelta1",1
"ERR9966382","qacEdelta1",1
"CNS6QU","qacEdelta1",1
"CNS7YP","qacEdelta1",1
"BKRRIF","qacEdelta1",1
"44341_3_96","qacEdelta1",1
"44341_3_21","qacEdelta1",1
"CIV13VE5","qacEdelta1",1
"CIU149H1","qacEdelta1",1
"CIV146E8","qacEdelta1",1
"CIU13XS1","qacEdelta1",1
"CIV140E6","qacEdelta1",1
"CIV140E1","qacEdelta1",1
"CIT15GH1","qacEdelta1",1
"CIV13XE5","qacEdelta1",1
"CIV13YE6","qacEdelta1",1
"CIS15MR1","qacEdelta1",1
"CIV13UE4","qacEdelta1",1
"CAAXQV","qacEdelta1",1
"CIV140E7","qacEdelta1",1
"CIS15HB1","qacEdelta1",1
"CIV13RE2","qacEdelta1",1
"CIT15GS1","qacEdelta1",1
"CIV142E6","qacEdelta1",1
"44341_4_275","qacEdelta1",1
"44341_3_310","qacEdelta1",1
"CIU145B1","qacEdelta1",1
"CIV143E2","qacEdelta1",1
"CIT15FH1","qacEdelta1",1
"CIV147E3","qacEdelta1",1
"CIT15EB1","qacEdelta1",1
"CIV13PE7","qacEdelta1",1
"CIV13XE8","qacEdelta1",1
"44341_3_304","qacEdelta1",1
"44341_3_305","qacEdelta1",1
"44341_3_281","qacEdelta1",1
"44341_3_136","qacEdelta1",1
"44341_3_128","qacEdelta1",1
"44341_3_131","qacEdelta1",1
"CIT159B1","qacEdelta1",1
"CIS153C1","qacEdelta1",1
"CIV13XE2","qacEdelta1",1
"CIT15FB1","qacEdelta1",1
"CIV13XU1","qacEdelta1",1
"CIV143U1","qacEdelta1",1
"CIV143E9","qacEdelta1",1
"CNS1F3","qacEdelta1",1
"CAAYSI","qacEdelta1",1
"CIV141E6","qacEdelta1",1
"CIV140U1","qacEdelta1",1
"CIV140E4","qacEdelta1",1
"CIV143E4","qacEdelta1",1
"CIV144E6","qacEdelta1",1
"CIV13YE8","qacEdelta1",1
"CIV144U1","qacEdelta1",1
"BKRMVD","qacEdelta1",1
"CAAXBN","qacEdelta1",1
"44341_3_165","qacEdelta1",1
"ERR10113269","qacEdelta1",0
"ERR6752971","qacEdelta1",1
"ERR5751227","qacEdelta1",1
"ERR12142619","qacEdelta1",1
"ERR9976609","qacEdelta1",1
"ERR11219800","qacEdelta1",1
"ERR9079830","qacEdelta1",1
"ERR10880116","qacEdelta1",1
"ERR5751304","qacEdelta1",0
"ERR6806714","qacEdelta1",1
"ERR11872767","qacEdelta1",1
"ERR10176869","qacEdelta1",1
"ERR10880230","qacEdelta1",1
"ERR11453719","qacEdelta1",1
"ERR10880157","qacEdelta1",1
"ERR6752889","qacEdelta1",1
"ERR9288143","qacEdelta1",1
"ERR6806632","qacEdelta1",1
"ERR9288082","qacEdelta1",1
"ERR6806600","qacEdelta1",1
"ERR9420153","qacEdelta1",1
"ERR10117717","qacEdelta1",1
"ERR10109274","qacEdelta1",1
"ERR10880183","qacEdelta1",1
"ERR10880311","qacEdelta1",1
"ERR11420238","qacEdelta1",1
"ERR11437918","qacEdelta1",1
"ERR11807709","qacEdelta1",1
"ERR12146144","qacEdelta1",1
"ERR10109277","qacEdelta1",1
"ERR10087013","qacEdelta1",1
"ERR11219811","qacEdelta1",1
"ERR9966386","qacEdelta1",1
"ERR12259395","qacEdelta1",1
"ERR12091513","qacEdelta1",1
"ERR10125140","qacEdelta1",1
"ERR10949303","qacEdelta1",1
"ERR11810274","qacEdelta1",1
"ERR9785512","qacEdelta1",1
"ERR10176866","qacEdelta1",1
"ERR10460687","qacEdelta1",1
"ERR12078573","qacEdelta1",1
"ERR12165616","qacEdelta1",1
"ERR10880377","qacEdelta1",1
"ERR10460887","qacEdelta1",1
"ERR10880335","qacEdelta1",1
"ERR10880156","qacEdelta1",1
"ERR10088105","qacEdelta1",1
"ERR12321284","qacEdelta1",1
"ERR9966388","qacEdelta1",1
"ERR12495485","qacEdelta1",1
"ERR12312692","qacEdelta1",1
"ERR12312689","qacEdelta1",1
"ERR12312688","qacEdelta1",1
"ERR11201827","qacEdelta1",1
"ERR10088101","qacEdelta1",1
"ERR10880181","qacEdelta1",1
"ERR9820422","qacEdelta1",1
"ERR9785510","qacEdelta1",1
"ERR11807704","qacEdelta1",1
"ERR10109276","qacEdelta1",1
"ERR9966389","qacEdelta1",1
"ERR9785509","qacEdelta1",1
"ERR10087012","qacEdelta1",1
"ERR10460483","qacEdelta1",1
"ERR9785511","qacEdelta1",1
"ERR9079768","qacEdelta1",1
"ERR9822149","qacEdelta1",1
"ERR9822145","qacEdelta1",1
"ERR9822146","qacEdelta1",1
"ERR10176872","qacEdelta1",1
"ERR10460765","qacEdelta1",1
"ERR10109275","qacEdelta1",1
"ERR9966390","qacEdelta1",1
"ERR10123168","qacEdelta1",1
"ERR10123167","qacEdelta1",1
"ERR9966387","qacEdelta1",1
"ERR10949310","qacEdelta1",1
"ERR10460875","qacEdelta1",1
"ERR10109255","qacEdelta1",1
"ERR9822151","qacEdelta1",1
"ERR10088102","qacEdelta1",1
"ERR10088104","qacEdelta1",1
"ERR10026000","qacEdelta1",1
"ERR9822144","qacEdelta1",1
"ERR11896635","qacEdelta1",1
"ERR12552381","qacEdelta1",1
"ERR12552377","qacEdelta1",1
"ERR9079508","qacEdelta1",1
"ERR7197757","qacEdelta1",1
"ERR6806028","qacEdelta1",1
"ERR11455881","qacEdelta1",1
"ERR4451478","qacEdelta1",1
"ERR10880424","qacEdelta1",1
"ERR12067334","qacEdelta1",1
"ERR12302226","qacEdelta1",1
"ERR12552384","qacEdelta1",1
"ERR10123158","qacEdelta1",1
"ERR5751308","qacEdelta1",1
"ERR4399358","qacEdelta1",1
"ERR4399957","qacEdelta1",1
"ERR4399362","qacEdelta1",1
"SRR13833609","qacEdelta1",0
"ERR6806726","qacEdelta1",0
"ERR10460902","qacEdelta1",0
"ERR10460856","qacEdelta1",0
"ERR6806075","qacEdelta1",0
"ERR10176870","qacEdelta1",0
"ERR12078572","qacEdelta1",1
"ERR11747320","qacEdelta1",1
"ERR12495482","qacEdelta1",1
"ERR9924209","qacEdelta1",1
"ERR5751726","qacEdelta1",0
"ERR6806512","qacEdelta1",1
"ERR6806317","qacEdelta1",0
"ERR12067371","qacEdelta1",1
"ERR6806125","qacEdelta1",1
"ERR5751296","qacEdelta1",1
"ERR4451427","qacEdelta1",1
"SRR9273829","qacEdelta1",1
"ERR6752863","qacEdelta1",0
"ERR12321280","qacEdelta1",1
"ERR9692774","qacEdelta1",1
"ERR6805998","qacEdelta1",1
"ERR6806833","qacEdelta1",1
"ERR6806749","qacEdelta1",1
"ERR6806776","qacEdelta1",1
"ERR5750995","qacEdelta1",1
"ERR6806255","qacEdelta1",1
"ERR6805990","qacEdelta1",1
"ERR11747325","qacEdelta1",0
"ERR11502778","qacEdelta1",0
"ERR7197834","qacEdelta1",1
"ERR9079758","qacEdelta1",0
"ERR12321281","qacEdelta1",0
"ERR12142634","qacEdelta1",0
"ERR12067314","qacEdelta1",1
"ERR12321282","qacEdelta1",1
"ERR12080226","qacEdelta1",0
"ERR12321283","qacEdelta1",1
"ERR6753111","qacEdelta1",1
"ERR6806796","qacEdelta1",1
"ERR6806789","qacEdelta1",1
"ERR9971918","qacEdelta1",1
"ERR7197741","qacEdelta1",0
"ERR5751808","qacEdelta1",0
"ERR10438737","qacEdelta1",1
"CLL6CH","qacEdelta1",1
"CAARE3","qacEdelta1",1
"CAAQXB","qacEdelta1",1
"CAAR9T","qacEdelta1",1
"CAAQUT","qacEdelta1",1
"CNSFP4","qacEdelta1",1
"CNSDXZ","qacEdelta1",1
"CAAP2A","qacEdelta1",1
"44341_3_268","qacEdelta1",1
"44341_3_280","qacEdelta1",1
"44341_3_262","qacEdelta1",1
"44341_3_265","qacEdelta1",1
"44341_4_286","qacEdelta1",1
"CAAYDF","qacEdelta1",1
"CLL3JA","qacEdelta1",1
"ERR9941258","qacEdelta1",1
"CNSLL4","qacEdelta1",1
"CNSKFP","qacEdelta1",1
"CNSP0U","IncC",
"ERR9929342","IncC",
"ERR9966382","IncC",
"CNS6QU","IncC",
"CNS7YP","IncC",
"BKRRIF","IncC",
"44341_3_96","IncC",
"44341_3_21","IncC",
"CIV13VE5","IncC",
"CIU149H1","IncC",
"CIV146E8","IncC",
"CIU13XS1","IncC",
"CIV140E6","IncC",
"CIV140E1","IncC",
"CIT15GH1","IncC",
"CIV13XE5","IncC",
"CIV13YE6","IncC",
"CIS15MR1","IncC",
"CIV13UE4","IncC",
"CAAXQV","IncC",
"CIV140E7","IncC",
"CIS15HB1","IncC",
"CIV13RE2","IncC",
"CIT15GS1","IncC",
"CIV142E6","IncC",
"44341_4_275","IncC",
"44341_3_310","IncC",
"CIU145B1","IncC",
"CIV143E2","IncC",
"CIT15FH1","IncC",
"CIV147E3","IncC",
"CIT15EB1","IncC",
"CIV13PE7","IncC",
"CIV13XE8","IncC",
"44341_3_304","IncC",
"44341_3_305","IncC",
"44341_3_281","IncC",
"44341_3_136","IncC",
"44341_3_128","IncC",
"44341_3_131","IncC",
"CIT159B1","IncC",
"CIS153C1","IncC",
"CIV13XE2","IncC",
"CIT15FB1","IncC",
"CIV13XU1","IncC",
"CIV143U1","IncC",
"CIV143E9","IncC",
"CNS1F3","IncC",
"CAAYSI","IncC",
"CIV141E6","IncC",
"CIV140U1","IncC",
"CIV140E4","IncC",
"CIV143E4","IncC",
"CIV144E6","IncC",
"CIV13YE8","IncC",
"CIV144U1","IncC",
"BKRMVD","IncC",
"CAAXBN","IncC",
"44341_3_165","IncC",
"ERR10113269","IncC",
"ERR6752971","IncC",
"ERR5751227","IncC",
"ERR12142619","IncC",
"ERR9976609","IncC",
"ERR11219800","IncC",
"ERR9079830","IncC",
"ERR10880116","IncC",
"ERR5751304","IncC",
"ERR6806714","IncC",
"ERR11872767","IncC",
"ERR10176869","IncC",
"ERR10880230","IncC",
"ERR11453719","IncC",
"ERR10880157","IncC",
"ERR6752889","IncC",
"ERR9288143","IncC",
"ERR6806632","IncC",
"ERR9288082","IncC",
"ERR6806600","IncC",
"ERR9420153","IncC",
"ERR10117717","IncC",
"ERR10109274","IncC",
"ERR10880183","IncC",
"ERR10880311","IncC",
"ERR11420238","IncC",
"ERR11437918","IncC",
"ERR11807709","IncC",
"ERR12146144","IncC",
"ERR10109277","IncC",
"ERR10087013","IncC",
"ERR11219811","IncC",
"ERR9966386","IncC",
"ERR12259395","IncC",
"ERR12091513","IncC",
"ERR10125140","IncC",
"ERR10949303","IncC",
"ERR11810274","IncC",
"ERR9785512","IncC",
"ERR10176866","IncC",
"ERR10460687","IncC",
"ERR12078573","IncC",
"ERR12165616","IncC",
"ERR10880377","IncC",
"ERR10460887","IncC",
"ERR10880335","IncC",
"ERR10880156","IncC",
"ERR10088105","IncC",
"ERR12321284","IncC",
"ERR9966388","IncC",
"ERR12495485","IncC",
"ERR12312692","IncC",
"ERR12312689","IncC",
"ERR12312688","IncC",
"ERR11201827","IncC",
"ERR10088101","IncC",
"ERR10880181","IncC",
"ERR9820422","IncC",
"ERR9785510","IncC",
"ERR11807704","IncC",
"ERR10109276","IncC",
"ERR9966389","IncC",
"ERR9785509","IncC",
"ERR10087012","IncC",
"ERR10460483","IncC",
"ERR9785511","IncC",
"ERR9079768","IncC",
"ERR9822149","IncC",
"ERR9822145","IncC",
"ERR9822146","IncC",
"ERR10176872","IncC",
"ERR10460765","IncC",
"ERR10109275","IncC",
"ERR9966390","IncC",
"ERR10123168","IncC",
"ERR10123167","IncC",
"ERR9966387","IncC",
"ERR10949310","IncC",
"ERR10460875","IncC",
"ERR10109255","IncC",
"ERR9822151","IncC",
"ERR10088102","IncC",
"ERR10088104","IncC",
"ERR10026000","IncC",
"ERR9822144","IncC",
"ERR11896635","IncC",
"ERR12552381","IncC",
"ERR12552377","IncC",
"ERR9079508","IncC",
"ERR7197757","IncC",
"ERR6806028","IncC",
"ERR11455881","IncC",
"ERR4451478","IncC",
"ERR10880424","IncC",
"ERR12067334","IncC",
"ERR12302226","IncC",
"ERR12552384","IncC",
"ERR10123158","IncC",
"ERR5751308","IncC",
"ERR4399358","IncC",
"ERR4399957","IncC",
"ERR4399362","IncC",
"SRR13833609","IncC",
"ERR6806726","IncC",
"ERR10460902","IncC",
"ERR10460856","IncC",
"ERR6806075","IncC",
"ERR10176870","IncC",
"ERR12078572","IncC",
"ERR11747320","IncC",
"ERR12495482","IncC",
"ERR9924209","IncC",
"ERR5751726","IncC",
"ERR6806512","IncC",
"ERR6806317","IncC",
"ERR12067371","IncC",
"ERR6806125","IncC",
"ERR5751296","IncC",
"ERR4451427","IncC",
"SRR9273829","IncC",
"ERR6752863","IncC",
"ERR12321280","IncC",
"ERR9692774","IncC",
"ERR6805998","IncC",
"ERR6806833","IncC",
"ERR6806749","IncC",
"ERR6806776","IncC",
"ERR5750995","IncC",
"ERR6806255","IncC",
"ERR6805990","IncC",
"ERR11747325","IncC",
"ERR11502778","IncC",
"ERR7197834","IncC",
"ERR9079758","IncC",
"ERR12321281","IncC",
"ERR12142634","IncC",
"ERR12067314","IncC",
"ERR12321282","IncC",
"ERR12080226","IncC",
"ERR12321283","IncC",
"ERR6753111","IncC",
"ERR6806796","IncC",
"ERR6806789","IncC",
"ERR9971918","IncC",
"ERR7197741","IncC",
"ERR5751808","IncC",
"ERR10438737","IncC",
"CLL6CH","IncC",
"CAARE3","IncC",
"CAAQXB","IncC",
"CAAR9T","IncC",
"CAAQUT","IncC",
"CNSFP4","IncC",
"CNSDXZ","IncC",
"CAAP2A","IncC",
"44341_3_268","IncC",
"44341_3_280","IncC",
"44341_3_262","IncC",
"44341_3_265","IncC",
"44341_4_286","IncC",
"CAAYDF","IncC",
"CLL3JA","IncC",
"ERR9941258","IncC",
"CNSLL4","IncC",
"CNSKFP","IncC",
"CNSP0U","IncHI2",
"ERR9929342","IncHI2",
"ERR9966382","IncHI2",
"CNS6QU","IncHI2",
"CNS7YP","IncHI2",
"BKRRIF","IncHI2",
"44341_3_96","IncHI2",
"44341_3_21","IncHI2",
"CIV13VE5","IncHI2",
"CIU149H1","IncHI2",
"CIV146E8","IncHI2",
"CIU13XS1","IncHI2",
"CIV140E6","IncHI2",
"CIV140E1","IncHI2",
"CIT15GH1","IncHI2",
"CIV13XE5","IncHI2",
"CIV13YE6","IncHI2",
"CIS15MR1","IncHI2",
"CIV13UE4","IncHI2",
"CAAXQV","IncHI2",
"CIV140E7","IncHI2",
"CIS15HB1","IncHI2",
"CIV13RE2","IncHI2",
"CIT15GS1","IncHI2",
"CIV142E6","IncHI2",
"44341_4_275","IncHI2",
"44341_3_310","IncHI2",
"CIU145B1","IncHI2",
"CIV143E2","IncHI2",
"CIT15FH1","IncHI2",
"CIV147E3","IncHI2",
"CIT15EB1","IncHI2",
"CIV13PE7","IncHI2",
"CIV13XE8","IncHI2",
"44341_3_304","IncHI2",
"44341_3_305","IncHI2",
"44341_3_281","IncHI2",
"44341_3_136","IncHI2",
"44341_3_128","IncHI2",
"44341_3_131","IncHI2",
"CIT159B1","IncHI2",
"CIS153C1","IncHI2",
"CIV13XE2","IncHI2",
"CIT15FB1","IncHI2",
"CIV13XU1","IncHI2",
"CIV143U1","IncHI2",
"CIV143E9","IncHI2",
"CNS1F3","IncHI2",
"CAAYSI","IncHI2",
"CIV141E6","IncHI2",
"CIV140U1","IncHI2",
"CIV140E4","IncHI2",
"CIV143E4","IncHI2",
"CIV144E6","IncHI2",
"CIV13YE8","IncHI2",
"CIV144U1","IncHI2",
"BKRMVD","IncHI2",
"CAAXBN","IncHI2",
"44341_3_165","IncHI2",
"ERR10113269","IncHI2",
"ERR6752971","IncHI2",
"ERR5751227","IncHI2",
"ERR12142619","IncHI2",
"ERR9976609","IncHI2",
"ERR11219800","IncHI2",
"ERR9079830","IncHI2",
"ERR10880116","IncHI2",
"ERR5751304","IncHI2",
"ERR6806714","IncHI2",
"ERR11872767","IncHI2",
"ERR10176869","IncHI2",
"ERR10880230","IncHI2",
"ERR11453719","IncHI2",
"ERR10880157","IncHI2",
"ERR6752889","IncHI2",
"ERR9288143","IncHI2",
"ERR6806632","IncHI2",
"ERR9288082","IncHI2",
"ERR6806600","IncHI2",
"ERR9420153","IncHI2",
"ERR10117717","IncHI2",
"ERR10109274","IncHI2",
"ERR10880183","IncHI2",
"ERR10880311","IncHI2",
"ERR11420238","IncHI2",
"ERR11437918","IncHI2",
"ERR11807709","IncHI2",
"ERR12146144","IncHI2",
"ERR10109277","IncHI2",
"ERR10087013","IncHI2",
"ERR11219811","IncHI2",
"ERR9966386","IncHI2",
"ERR12259395","IncHI2",
"ERR12091513","IncHI2",
"ERR10125140","IncHI2",
"ERR10949303","IncHI2",
"ERR11810274","IncHI2",
"ERR9785512","IncHI2",
"ERR10176866","IncHI2",
"ERR10460687","IncHI2",
"ERR12078573","IncHI2",
"ERR12165616","IncHI2",
"ERR10880377","IncHI2",
"ERR10460887","IncHI2",
"ERR10880335","IncHI2",
"ERR10880156","IncHI2",
"ERR10088105","IncHI2",
"ERR12321284","IncHI2",
"ERR9966388","IncHI2",
"ERR12495485","IncHI2",
"ERR12312692","IncHI2",
"ERR12312689","IncHI2",
"ERR12312688","IncHI2",
"ERR11201827","IncHI2",
"ERR10088101","IncHI2",
"ERR10880181","IncHI2",
"ERR9820422","IncHI2",
"ERR9785510","IncHI2",
"ERR11807704","IncHI2",
"ERR10109276","IncHI2",
"ERR9966389","IncHI2",
"ERR9785509","IncHI2",
"ERR10087012","IncHI2",
"ERR10460483","IncHI2",
"ERR9785511","IncHI2",
"ERR9079768","IncHI2",
"ERR9822149","IncHI2",
"ERR9822145","IncHI2",
"ERR9822146","IncHI2",
"ERR10176872","IncHI2",
"ERR10460765","IncHI2",
"ERR10109275","IncHI2",
"ERR9966390","IncHI2",
"ERR10123168","IncHI2",
"ERR10123167","IncHI2",
"ERR9966387","IncHI2",
"ERR10949310","IncHI2",
"ERR10460875","IncHI2",
"ERR10109255","IncHI2",
"ERR9822151","IncHI2",
"ERR10088102","IncHI2",
"ERR10088104","IncHI2",
"ERR10026000","IncHI2",
"ERR9822144","IncHI2",
"ERR11896635","IncHI2",
"ERR12552381","IncHI2",
"ERR12552377","IncHI2",
"ERR9079508","IncHI2",
"ERR7197757","IncHI2",
"ERR6806028","IncHI2",
"ERR11455881","IncHI2",
"ERR4451478","IncHI2",
"ERR10880424","IncHI2",
"ERR12067334","IncHI2",
"ERR12302226","IncHI2",
"ERR12552384","IncHI2",
"ERR10123158","IncHI2",
"ERR5751308","IncHI2",
"ERR4399358","IncHI2",
"ERR4399957","IncHI2",
"ERR4399362","IncHI2",
"SRR13833609","IncHI2",
"ERR6806726","IncHI2",
"ERR10460902","IncHI2",
"ERR10460856","IncHI2",
"ERR6806075","IncHI2",
"ERR10176870","IncHI2",
"ERR12078572","IncHI2",
"ERR11747320","IncHI2",
"ERR12495482","IncHI2",
"ERR9924209","IncHI2",
"ERR5751726","IncHI2",
"ERR6806512","IncHI2",
"ERR6806317","IncHI2",
"ERR12067371","IncHI2",
"ERR6806125","IncHI2",
"ERR5751296","IncHI2",
"ERR4451427","IncHI2",
"SRR9273829","IncHI2",
"ERR6752863","IncHI2",
"ERR12321280","IncHI2",
"ERR9692774","IncHI2",
"ERR6805998","IncHI2",
"ERR6806833","IncHI2",
"ERR6806749","IncHI2",
"ERR6806776","IncHI2",
"ERR5750995","IncHI2",
"ERR6806255","IncHI2",
"ERR6805990","IncHI2",
"ERR11747325","IncHI2",
"ERR11502778","IncHI2",
"ERR7197834","IncHI2",
"ERR9079758","IncHI2",
"ERR12321281","IncHI2",
"ERR12142634","IncHI2",
"ERR12067314","IncHI2",
"ERR12321282","IncHI2",
"ERR12080226","IncHI2",
"ERR12321283","IncHI2",
"ERR6753111","IncHI2",
"ERR6806796","IncHI2",
"ERR6806789","IncHI2",
"ERR9971918","IncHI2",
"ERR7197741","IncHI2",
"ERR5751808","IncHI2",
"ERR10438737","IncHI2",
"CLL6CH","IncHI2",
"CAARE3","IncHI2",
"CAAQXB","IncHI2",
"CAAR9T","IncHI2",
"CAAQUT","IncHI2",
"CNSFP4","IncHI2",
"CNSDXZ","IncHI2",
"CAAP2A","IncHI2",
"44341_3_268","IncHI2",
"44341_3_280","IncHI2",
"44341_3_262","IncHI2",
"44341_3_265","IncHI2",
"44341_4_286","IncHI2",
"CAAYDF","IncHI2",
"CLL3JA","IncHI2",
"ERR9941258","IncHI2",
"CNSLL4","IncHI2",
"CNSKFP","IncHI2",
