snp-dists 0.8.2	ERR10438737	ERR9288143	ERR10460887	ERR12495485	ERR12321281	ERR11747325	ERR10026000	ERR6806317	ERR12321283	SRR7130368	ERR9680890	CIV143U1_S32_L001	ERR9079830	44341_4#275	SRR8369293	ERR11872767	ERR6806749	ERR10088102	CNS6QU_S4_L001	ERR6806796	SRR26858817	ERR10109275	CIU13XS1_S15_L001	CIV141E6_S16_L001	ERR9079768	ERR9692774	SRR10992537	ERR10123167	ERR11455881	ERR4338560	ERR4401297	ERR10460875	ERR10880116	ERR6806075	ERR6806255	ERR11201827	ERR6806776	SRR14921286	ERR12067371	44341_3#262	SRR9273829	ERR160996	ERR10368770	ERR10880230	ERR9941258	CNSKFP_S19_L001	ERR6753111	CNS1F3_S9_L001	SRR13277416	ERR9079508	SRR7884719	ERR6806714	CLL6CH_S17_L001	ERR10880377	CIT15EB1_S3_L001	ERR5751726	ERR11219811	ERR4401598	ERR9976609	CIS15MR1_S17_L001	SRR13313309	CAAP2A_S14_L001	ERR6806833	ERR4338896	ERR10176869	SRR1967735	SRR13312061	ERR10088104	44341_3#268	ERR9785512	SRR13313312	ERR5751227	SRR1106479	ERR4145363	ERR5751304	ERR4400834	SRR7842526	ERR10125140	SRR9627787	ERR6806726	SRR2917137	ERR7197834	SRR7457932	ERR12321280	44341_3#136	ERR10880183	ERR12091513	ERR12078573	CIT15GH1_S36_L001	ERR9966382	ERR11453719	ERR9939684	ERR10176870	ERR9929342	SRR13277434	ERR11420238	ERR4399358	ERR9822145	ERR5751308	SRR27481822	ERR11219800	SRR13311773	ERR9420153	ERR12321282	CIV13RE2_S11_L001	CAAR9T_S6_L001	SRR27762886	ERR4400884	ERR10460856	ERR6806028	CIV143E2_S28_L001	SRR7841631	SRR1966891	44341_3#128	ERR4399363	BKRMVD_S15_L001	CNSLL4_S20_L001	ERR4399362	SRR5121494	ERR9924209	ERR10880311	44341_3#281	ERR12146144	44341_3#131	ERR10113269	SRR8293522	ERR11201713	CAAQUT_S12_L001	ERR11437918	ERR9966386	ERR6752863	ERR10109287	ERR6805998	ERR4451427	CIV140E7_S24_L001	ERR12312688	CIV13XE5_S19_L001	ERR12552381	SRR2917136	ERR9939690	ERR11896635	ERR10123158	ERR9079758	SRR5121497	ERR6806632	ERR5751808	ERR12259395	ERR9966388	CAAYDF_S3_L001	ERR12312689	44341_3#96	SRR5056398	CNS7YP_S5_L001	CIV140U1_S14_L001	SRR7130371	SRR8503644	ERR12142634	ERR11807709	SRR13719289	SRR16301618	SRR8325561	ERR4400265	ERR12078572	44341_3#265	ERR12552377	ERR7197741	SRR7427053	SRR21224019	BKRRIF_S2_L001	ERR4145353	ERR9822146	ERR9822144	44341_3#305	ERR12302226	ERR12165616	ERR11502778	CIV147E3_S35_L001	44341_3#280	SRR13277412	CAAXBN_S10_L001	CIV142E6_S29_L001	ERR11747320	ERR4451478	CIU145B1_S13_L001	ERR9785509	SRR3002514	ERR10949303	CIV13YE8_S22_L001	ERR9971918	CIT15GS1_S23_L001	44341_3#304	SRR1646109	ERR10109274	SRR3049609	ERR10109276	SRR5379276	ERR4399344	ERR10087012	SRR7130369	ERR4145392	44341_3#21	ERR10117717	SRR2917139	SRR21535455	CIV143E4_S31_L001	CIV13PE7_S12_L001	SRR20212638	ERR4401299	SRR13833609	ERR10088101	ERR3635287	SRR21787324	ERR12067314	ERR10109277	SRR7130370	ERR9966389	SRR16227977	SRR3137069	SRR2917138	CAAYSI_S8_L001	ERR10176866	SRR3001933	ERR12067334	SRR27185117	ERR10460483	44341_3#310	CIV13XU1_S18_L001	ERR10880424	CIV144U1_S34_L001	ERR9785510	SRR952929	CIT15FB1_S1_L001	CNSDXZ_S1_L001	CAAXQV_S11_L001	ERR9966390	SRR8706049	ERR9966387	ERR9785511	SRR15853458	ERR6806512	SRR22691594	CIS153C1_S4_L001	ERR7197757	SRR27481520	ERR10460687	ERR12495482	ERR10880156	ERR9822151	CIS15HB1_S39_L001	ERR6805990	SRR10326268	ERR4401298	ERR6806710	SRR8297279	SRR6457657	ERR6752971	CIV13UE4_S38_L001	ERR12552384	ERR10949310	CIV140E1_S30_L001	CIV140E6_S2_L001	ERR6806125	CIT159B1_S40_L001	ERR3635266	CIV140E4_S26_L001	ERR10109255	ERR12080226	SRR7850690	SRR5084265	ERR5750995	SRR21535466	CIV144E6_S33_L001	CAARE3_S13_L001	ERR10088105	ERR9288082	ERR10176872	SRR22175068	SRR6107195	SRR27481649	ERR12321284	ERR4145388	SRR27481651	ERR6752889	CIV13VE5_S21_L001	SRR27481815	ERR10880181	SRR8350305	SRR14360286	ERR11810274	CIT15FH1_S5_L001	44341_4#286	ERR5751296	SRR8137438	ERR6806789	CIU149H1_S7_L001	SRR21787058	SRR2917140	CNSFP4_S1_L001	ERR12142619	CIV13XE2_S6_L001	44341_3#165	CNSP0U_S18_L001	ERR10880335	ERR10880157	SRR7467291	SRR13719196	ERR3581536	ERR11807704	ERR10087013	ERR10460902	SRR13719614	ERR4399957	CIV143E9_S8_L001	ERR6806600	CIV13YE6_S9_L001	ERR10460765	CLL3JA_S28_L001	ERR4145410	SRR1973602	SRR26050334	CAAQXB_S13_L001	CIV13XE8_S20_L001	CIV146E8_S25_L001	ERR9820422	SRR13313295	SRR28295566	ERR12312692	SRR7292863	ERR4145345	ERR9822149	ERR10123168
ERR10438737	0	82	79	146	51	47	158	330	37	10450	9577	45	42	45	9662	81	39	147	50	40	7946	148	45	45	143	68	10333	143	81	9633	7757	143	39	258	50	143	38	10530	128	50	49	7657	8392	81	49	58	38	44	10493	138	9523	68	46	78	45	165	144	7776	40	45	10406	37	51	9606	81	7842	10603	146	50	141	6912	32	9579	10052	106	9685	9500	142	10384	110	8342	37	10374	70	46	79	142	144	45	51	86	145	174	48	10413	143	393	79	204	10315	29	10460	81	37	45	49	10564	7737	178	71	45	9571	7965	47	7764	44	62	243	8398	266	85	45	140	46	43	10233	30	44	143	144	60	9543	51	70	45	145	45	142	8340	42	141	75	39	8465	74	39	143	139	44	146	49	7585	50	45	10455	10276	51	143	10223	9573	10358	7781	179	50	143	39	10798	9569	50	10464	142	148	45	80	142	42	45	50	10487	44	47	176	85	45	143	7704	143	45	38	45	45	10360	144	10876	145	7987	9586	149	10482	10113	49	78	8415	7946	45	46	9798	7763	305	140	7676	7899	39	142	10435	139	9611	8512	8564	45	141	8250	77	7879	225	46	46	75	46	145	7677	46	53	45	146	9555	141	240	9536	166	9622	46	71	10305	140	177	78	148	45	37	10418	7739	7613	9518	8010	33	45	82	147	45	45	69	45	7564	45	147	39	9563	8454	37	7936	44	43	141	69	138	7957	8473	10315	81	10444	10354	76	45	10320	149	9508	7766	145	45	50	69	7674	41	45	7924	8587	47	35	46	50	59	80	84	7773	10462	9741	145	141	177	10514	389	45	80	45	139	48	10739	7648	7941	45	46	45	139	10503	10346	153	7533	10524	145	142
ERR9288143	82	0	48	61	82	79	73	332	68	10363	9604	98	72	98	9790	57	71	62	103	77	7687	63	98	98	56	212	10333	57	48	9639	7622	58	82	238	82	59	70	10646	132	103	91	7784	8335	56	103	111	76	96	10513	55	9517	75	92	49	98	144	57	7636	84	98	10427	94	78	9611	57	7837	10525	61	103	56	6924	75	9583	10094	83	9652	9504	56	10453	144	8336	69	10371	205	98	48	56	60	98	105	61	56	156	103	10372	57	226	47	43	10400	72	10482	50	68	98	101	10569	7601	157	41	98	9597	7960	98	7627	96	113	74	8393	170	56	98	56	97	99	10299	73	100	57	57	198	9572	79	74	98	61	98	57	8332	71	55	44	71	8440	43	71	56	55	97	60	102	7706	103	98	10383	10275	81	57	10193	9559	10433	7642	155	103	57	70	11845	9602	103	10555	55	63	98	49	56	74	98	103	10480	96	99	152	54	98	58	7748	58	98	69	98	98	10428	60	11936	63	7729	9606	65	10400	10156	102	46	8406	7695	98	99	9876	7630	213	56	7729	7666	69	57	10346	54	9742	8499	8542	98	58	8235	45	7625	138	99	99	45	98	60	7671	98	106	98	62	9681	56	154	9541	144	10294	99	41	10411	56	152	48	62	98	68	10496	7599	7695	9522	7764	76	98	50	62	98	98	74	98	7554	98	63	67	9567	8224	70	7689	98	99	56	38	55	7696	8446	10410	50	10521	10444	52	98	10405	63	9511	7752	59	98	103	74	7641	72	98	7690	8575	97	79	99	102	113	50	58	7766	10458	9909	60	57	157	10514	227	98	49	98	56	99	10805	7637	7710	94	99	98	55	10526	10351	68	7527	10567	59	57
ERR10460887	79	48	0	10	78	74	23	349	64	10406	9624	82	70	82	9813	50	66	10	87	73	7646	12	82	82	5	190	10286	6	17	9648	7644	5	66	163	77	6	65	10385	149	86	78	7748	7958	48	87	95	72	80	10580	9	9527	61	78	0	82	68	5	7656	68	82	10553	79	64	9622	49	7856	10571	10	86	2	6987	59	9595	9811	98	9663	9514	4	10406	71	7957	64	10323	184	82	6	4	4	82	89	53	2	79	87	10438	5	86	6	42	10356	56	10549	18	64	82	85	10522	7622	78	10	82	9600	7981	84	7646	81	100	63	8016	156	14	82	5	83	82	10252	57	85	6	4	178	9591	65	59	82	9	82	14	7943	66	13	16	66	8049	16	68	4	2	81	9	86	7666	87	82	10425	10226	77	6	10249	9581	10386	7662	67	86	14	67	10468	9614	87	10508	2	10	82	22	2	69	82	86	10546	80	83	67	19	82	6	7766	6	82	65	82	82	10380	8	10535	7	7687	9609	5	10443	9885	86	16	8018	7654	82	83	9887	7649	304	3	7650	7626	65	5	10388	3	9755	8107	8148	82	7	7847	18	7585	87	83	83	17	83	8	7691	83	90	82	5	9694	5	101	9551	67	10306	83	12	10368	3	66	0	11	82	65	10449	7621	7714	9532	7723	60	82	22	6	82	82	59	82	7543	82	12	65	9577	8048	65	7649	82	84	2	9	3	7656	8054	10367	5	10474	10400	44	82	10361	10	9522	7712	6	82	86	59	7620	68	82	7649	8178	79	63	83	86	97	2	50	7727	10528	9930	7	6	78	10583	87	82	18	82	3	84	10501	7628	7669	78	83	82	3	10594	10305	10	7547	10271	7	5
ERR12495485	146	61	10	0	98	139	25	364	117	10467	9629	148	131	150	9815	65	119	14	155	136	7712	8	150	150	7	244	10347	10	21	9650	7687	9	133	230	144	4	128	10447	212	154	145	7820	8028	53	155	164	132	149	10644	13	9529	128	146	10	150	126	9	7697	123	150	10558	147	117	9624	60	7865	10633	14	154	8	7052	62	9597	9874	164	9665	9516	8	10467	137	8034	130	10385	237	100	10	8	10	150	157	57	8	145	155	10499	9	143	8	81	10417	121	10613	23	117	150	153	10586	7663	144	15	150	9602	7990	152	7687	149	166	102	8089	209	18	150	9	151	146	10313	117	153	10	8	231	9596	118	125	150	1	150	18	8018	123	17	20	123	8123	20	134	8	7	149	1	154	7738	155	150	10487	10287	111	10	10310	9583	10447	7703	120	154	18	133	10528	9617	155	10572	7	14	150	26	8	110	150	154	10607	149	150	120	23	150	10	7779	10	150	125	150	150	10442	12	10595	11	7758	9614	7	10504	9949	154	20	8092	7720	150	151	9892	7692	307	7	7715	7692	128	9	10450	7	9757	8181	8224	150	11	7923	22	7651	44	151	151	21	151	12	7703	151	158	150	9	9696	9	56	9553	120	10308	151	16	10429	9	119	10	15	150	131	10510	7662	7726	9534	7796	63	150	26	10	150	150	112	150	7553	146	16	68	9579	8118	125	7715	150	152	8	13	7	7726	8129	10431	12	10535	10461	60	150	10422	14	9526	7784	10	150	154	119	7688	134	150	7715	8254	148	128	151	154	165	12	63	7798	10589	9932	11	10	144	10647	144	150	22	150	7	152	10569	7637	7738	145	151	150	7	10659	10366	2	7556	10336	9	9
ERR12321281	51	82	78	98	0	34	110	332	22	10471	9631	55	47	55	9818	82	26	99	58	29	7713	100	55	55	94	171	10349	94	79	9655	7780	95	43	195	37	96	25	10650	130	60	49	7820	8350	81	58	67	28	55	10655	92	9535	39	54	79	55	100	94	7795	41	55	10564	52	37	9628	82	7866	10638	98	60	94	7057	32	9601	10100	78	9669	9522	93	10469	124	8344	24	10386	164	56	78	93	97	55	60	86	93	112	58	10504	94	363	78	201	10421	29	10622	81	22	55	58	10590	7758	113	71	55	9608	7991	57	7783	54	72	211	8396	201	86	55	92	56	53	10315	30	58	94	95	157	9599	38	42	55	98	55	95	8339	26	93	74	26	8447	73	35	93	92	54	98	57	7738	58	55	10492	10290	12	94	10323	9589	10449	7799	115	60	95	34	11238	9623	58	10572	93	100	55	79	94	29	55	60	10613	54	56	112	84	55	95	7779	95	55	23	55	55	10443	97	11326	99	7759	9619	102	10508	10160	57	77	8414	7720	55	56	9897	7786	308	93	7716	7692	23	94	10455	91	9761	8505	8548	55	95	8244	76	7651	176	56	56	75	55	97	7703	56	63	55	99	9701	93	192	9558	100	10312	56	71	10433	93	112	78	100	55	25	10512	7757	7726	9540	7796	33	55	80	99	55	55	42	55	7553	55	100	24	9584	8240	25	7715	55	57	93	68	92	7726	8452	10435	81	10535	10465	77	55	10426	101	9532	7785	96	55	60	42	7688	26	55	7715	8581	58	36	56	59	68	80	83	7799	10596	9934	98	94	113	10655	360	55	79	55	93	56	10815	7640	7738	53	56	55	92	10668	10368	105	7556	10577	97	94
ERR11747325	47	79	74	139	34	0	151	329	20	10465	9626	50	45	50	9814	81	18	140	53	29	7712	141	50	50	135	169	10348	135	74	9651	7783	136	41	203	29	137	17	10645	128	55	44	7815	8345	80	53	62	28	50	10641	133	9531	35	50	75	50	108	135	7796	37	50	10555	47	29	9624	81	7865	10631	139	55	135	7049	28	9597	10094	74	9665	9518	134	10468	120	8347	10	10385	162	51	74	134	138	50	55	85	134	120	53	10500	135	361	74	199	10417	25	10610	77	20	50	53	10582	7759	121	67	50	9604	7990	52	7784	49	67	209	8399	209	82	50	133	51	52	10314	26	53	135	136	155	9593	30	38	50	139	50	136	8340	12	134	70	12	8449	69	32	134	133	49	139	52	7733	53	50	10486	10289	34	135	10317	9585	10448	7800	123	55	136	31	11494	9619	53	10567	134	141	50	75	135	5	50	55	10608	49	51	120	80	50	136	7774	136	50	21	50	50	10442	138	11584	140	7753	9611	143	10503	10154	52	73	8417	7719	50	51	9889	7789	304	134	7736	7691	21	135	10449	132	9757	8507	8551	50	136	8245	71	7650	217	51	51	71	50	138	7698	51	58	50	140	9697	134	233	9554	108	10308	51	67	10429	134	120	74	141	50	15	10511	7758	7721	9536	7791	29	50	76	140	50	50	38	50	7574	50	141	22	9580	8237	17	7714	50	52	134	64	133	7721	8454	10427	76	10534	10461	76	50	10422	142	9525	7779	137	50	55	38	7687	24	50	7714	8584	53	32	51	54	63	76	82	7793	10590	9930	139	135	121	10644	358	50	75	50	134	51	10801	7662	7733	49	51	50	133	10656	10366	146	7555	10564	138	135
ERR10026000	158	73	23	25	110	151	0	377	129	10478	9637	161	145	163	9826	78	131	11	168	148	7719	23	163	163	18	257	10358	21	36	9661	7694	20	146	241	156	22	140	10462	226	167	156	7823	8037	66	168	177	143	162	10652	24	9540	142	158	22	163	139	21	7706	137	163	10566	160	129	9635	72	7871	10644	11	167	19	7060	75	9608	9890	175	9676	9527	19	10478	151	8041	142	10396	250	113	23	19	21	163	170	70	22	157	167	10510	20	152	20	93	10428	135	10621	37	129	163	166	10594	7672	158	28	163	9613	7996	165	7696	162	178	115	8097	222	30	163	18	164	159	10324	131	166	21	19	243	9603	129	139	163	26	163	29	8027	135	31	34	135	8131	34	145	19	18	162	26	167	7741	168	163	10498	10298	123	21	10321	9594	10458	7712	133	167	29	145	10541	9628	168	10580	19	12	163	40	21	122	163	167	10618	162	163	133	37	163	21	7782	21	163	137	163	163	10453	22	10608	22	7762	9622	17	10515	9964	167	34	8099	7728	163	164	9900	7699	317	19	7724	7700	140	18	10461	18	9768	8190	8230	163	21	7930	37	7659	94	164	164	34	164	23	7706	164	171	163	20	9707	20	108	9564	134	10319	164	30	10440	18	132	22	13	163	142	10521	7671	7729	9545	7799	76	163	40	23	163	163	126	163	7559	159	15	80	9590	8129	136	7723	163	165	19	27	18	7730	8137	10439	27	10546	10472	72	163	10433	27	9535	7787	24	163	167	132	7694	146	163	7723	8260	160	142	164	167	178	24	76	7801	10600	9943	23	19	158	10655	153	163	36	163	18	165	10581	7643	7743	158	164	163	18	10667	10376	27	7562	10348	21	20
ERR6806317	330	332	349	364	332	329	377	0	320	10228	9606	326	292	363	9688	356	319	366	368	297	7565	366	363	363	358	157	10330	360	347	9652	7754	362	288	321	332	363	318	10760	234	368	301	7570	8361	356	366	373	295	360	10316	327	9527	290	359	350	363	239	360	7768	309	362	10288	331	333	9668	354	7776	10382	363	368	358	6720	339	9640	10274	85	9709	9518	360	10386	201	8346	319	10366	162	364	346	360	363	363	368	358	360	256	366	10192	360	472	348	339	10316	311	10281	348	320	362	366	10566	7733	258	340	363	9589	7896	365	7764	361	377	351	8399	409	354	363	358	364	111	10232	312	337	361	360	148	9576	333	301	363	364	363	361	8276	126	359	343	127	8468	344	128	359	358	362	363	367	7512	368	363	10247	10226	333	360	10020	9545	10359	7775	401	368	358	127	11762	9619	368	10465	359	360	363	348	358	325	363	367	10276	361	341	397	353	363	360	7632	361	363	320	362	363	10351	359	11853	365	7598	9604	367	10272	10332	367	346	8423	7574	363	364	9719	7760	257	358	7554	7554	321	360	10210	356	9706	8425	8551	363	360	8260	346	7509	247	364	364	346	364	364	7607	363	370	363	365	9648	358	264	9555	436	9678	363	340	10320	359	398	349	365	363	320	10418	7730	7553	9537	7636	340	363	350	363	363	360	311	363	7498	363	365	126	9581	8286	319	7571	362	336	358	337	357	7576	8478	10324	345	10432	10354	350	363	10322	335	9526	7628	362	363	368	289	7522	324	363	7571	8587	344	314	363	367	376	350	356	7643	10262	9780	364	360	258	10313	481	363	348	363	358	364	10983	7574	7587	362	364	333	358	10324	10349	372	7465	10745	363	360
ERR12321283	37	68	64	117	22	20	129	320	0	10457	9619	41	35	41	9804	68	12	118	44	17	7702	119	41	41	113	146	10338	113	65	9641	7773	114	31	173	23	115	11	10641	118	46	35	7809	8326	67	44	53	16	41	10638	111	9521	25	40	65	41	78	113	7786	27	41	10550	38	10	9614	68	7854	10624	117	46	113	7043	18	9587	10090	64	9655	9508	112	10458	110	8322	10	10375	139	41	64	112	116	41	46	72	112	90	44	10490	113	351	64	189	10407	15	10605	67	0	41	44	10583	7749	91	57	41	9594	7980	43	7774	40	57	186	8387	166	72	41	111	42	41	10304	16	44	113	114	132	9587	11	28	41	117	41	114	8317	12	112	60	12	8425	59	21	112	111	40	117	43	7727	44	41	10478	10279	22	113	10306	9575	10438	7790	80	46	114	20	11214	9609	44	10561	112	119	41	65	113	15	41	46	10599	40	42	77	70	41	114	7768	114	41	9	41	41	10432	116	11302	118	7748	9605	121	10494	10155	43	63	8393	7709	41	42	9883	7779	294	112	7705	7681	1	113	10441	110	9747	8484	8526	41	114	8225	62	7640	195	42	42	61	41	116	7692	42	49	41	118	9687	112	211	9544	77	10298	42	57	10419	112	77	64	119	41	11	10501	7748	7715	9526	7785	19	41	66	118	41	41	28	41	7542	41	119	2	9570	8218	11	7704	41	43	112	54	111	7715	8431	10421	67	10525	10451	63	41	10412	120	9518	7774	115	41	46	28	7677	12	41	7704	8559	44	22	42	45	54	66	69	7787	10582	9920	117	113	91	10643	348	41	65	41	112	42	10810	7627	7727	40	42	41	111	10659	10357	124	7545	10572	116	113
SRR7130368	10450	10363	10406	10467	10471	10465	10478	10228	10457	0	1638	10507	10397	10512	202	10469	10458	10469	10518	10403	6826	10461	10513	10513	10402	10398	2759	10464	10466	674	6843	10466	10395	10473	10469	10465	10457	2791	10322	10518	10294	6832	6636	10467	10516	10480	10401	10247	667	10403	683	10452	10106	10406	10513	10383	10464	6837	10458	10513	648	10468	10456	812	10468	7284	16	10468	10517	10462	638	10493	810	2655	10422	814	680	10463	2840	10463	6631	10415	2772	10396	10512	10465	10463	10465	10513	10518	10472	10463	10463	10516	647	10464	10384	10462	10359	757	10448	658	10467	10457	10513	10518	2853	6813	10462	10459	10513	724	7366	10515	6822	10471	10270	10367	6642	10372	10472	10513	10459	10513	10398	2761	10448	10476	10464	10464	10399	1634	10457	10449	10513	10466	10513	10464	6604	10459	10463	10462	10457	6689	10460	10459	10463	10461	10512	10466	10457	6773	10518	10513	12	2596	10465	10465	686	695	2822	6855	10312	10517	10465	10457	2735	685	10518	2902	10462	10468	10513	10467	10463	10461	10513	10517	657	10325	10509	10310	10464	10513	10465	6888	10464	10513	10455	10513	10512	2829	10431	2779	10465	6835	709	10462	13	2657	10517	10464	6654	6815	10513	10514	777	6850	10323	10462	6829	6813	10457	10464	6	10461	912	6724	6742	10505	10465	6568	10463	6791	10407	10513	10514	10463	10513	10467	6838	10514	10521	10513	10464	904	10463	10408	694	10457	891	10514	10459	748	10463	10309	10406	10469	10511	10398	2861	6813	6886	682	6888	10495	10513	10468	10464	10513	10505	10451	10513	6743	10508	10469	10397	683	6681	10457	6825	10513	10475	10463	10456	10461	6827	6681	749	10467	2874	749	10463	10513	751	10383	683	6867	10466	10513	10518	10450	6858	10458	10513	6829	6757	9830	10455	10514	10517	10526	10408	10469	6870	660	201	10466	10464	10462	689	10385	10513	10465	10513	10461	10320	2845	6835	6830	10247	10513	10503	10462	663	2781	10469	6775	2817	10464	10464
ERR9680890	9577	9604	9624	9629	9631	9626	9637	9606	9619	1638	0	9630	9577	9633	1043	9628	9620	9628	9641	9585	5888	9620	9636	9636	9621	9578	1363	9626	9625	944	5900	9624	9575	9706	9632	9625	9618	1407	9621	9641	9573	5895	6213	9629	9638	9604	9583	9404	1722	9584	912	9611	9282	9627	9636	9591	9623	5900	9620	9636	1709	9632	9617	971	9626	6357	1681	9630	9641	9622	1453	9612	972	1330	9647	972	916	9622	1410	9625	6200	9578	1372	9580	9637	9626	9623	9625	9636	9639	9632	9624	9622	9636	1703	9624	9607	9624	9610	1559	9612	1714	9627	9620	9636	9640	1450	5875	9624	9616	9636	949	6436	9638	5878	9600	9425	9590	6228	9676	9634	9633	9622	9637	9581	1334	9610	9639	9626	9623	9570	49	9619	9609	9636	9624	9636	9625	6177	9620	9625	9622	9620	6264	9621	9620	9624	9620	9635	9626	9640	5823	9641	9636	1636	1321	9625	9626	1714	970	1395	5916	9586	9641	9618	9618	1337	927	9641	1457	9622	9626	9636	9625	9621	9625	9636	9641	1721	9506	9636	9583	9623	9634	9624	5950	9618	9636	9617	9636	9636	1408	9628	1382	9626	5896	939	9621	1644	1303	9640	9625	6233	5876	9636	9637	1002	5910	9567	9621	5881	5867	9620	9623	1632	9621	993	6295	6323	9625	9624	6137	9623	5845	9624	9637	9637	9622	9636	9627	5894	9637	9644	9636	9622	977	9621	9627	930	9619	988	9637	9618	1556	9622	9582	9625	9628	9634	9618	1435	5876	5899	912	5947	9616	9636	9630	9623	9636	9636	9613	9636	5798	9632	9631	9617	914	6253	9620	5885	9636	9638	9621	9614	9619	5887	6248	1561	9628	1455	1556	9625	9636	1554	9620	915	5922	9626	9636	9641	9608	5888	9621	9636	5887	6340	9102	9615	9637	9640	9649	9626	9631	5929	1711	1049	9625	9623	9621	1745	9608	9636	9625	9636	9622	9485	1437	5889	5888	9414	9637	9633	9621	1721	1393	9628	5842	1426	9626	9623
CIV143U1_S32_L001	45	98	82	148	55	50	161	326	41	10507	9630	0	52	0	9816	90	43	148	7	48	7972	150	0	0	144	187	10345	143	84	9650	7781	144	47	262	53	145	41	10648	164	11	55	7825	8613	88	7	16	48	0	10683	140	9543	72	14	83	0	168	145	7793	42	0	10597	3	54	9623	89	7866	10680	147	11	143	7097	29	9596	10092	111	9702	9517	143	10466	127	8576	40	10382	180	1	82	143	146	0	9	93	146	172	7	10537	144	374	81	197	10454	31	10655	85	41	0	15	10587	7754	173	77	0	9603	7991	2	7781	1	23	236	8639	269	90	0	142	1	53	10309	33	15	144	145	172	9597	55	74	0	147	0	143	8583	45	142	77	42	8700	77	44	144	141	1	147	6	7740	7	0	10529	10286	55	144	10363	9585	10445	7798	182	11	144	43	11814	9618	7	10568	143	148	0	83	143	46	0	11	10645	1	2	179	88	0	144	7782	145	0	41	0	0	10438	147	11904	148	8016	9614	151	10549	10156	6	80	8658	7971	0	1	10016	7786	310	143	7779	7924	42	145	10495	140	9767	8759	8805	0	144	8483	80	7904	226	1	1	79	1	146	7706	1	14	0	148	9707	141	242	9553	168	10349	1	74	10461	143	181	82	149	0	42	10510	7756	7729	9535	8039	30	0	85	148	0	0	73	0	7621	0	149	41	9580	8482	41	7961	0	14	143	72	141	7985	8710	10458	85	10531	10498	85	0	10459	151	9527	7789	146	0	11	74	7702	45	0	7949	8838	11	38	1	7	17	84	92	7804	10627	9932	147	143	173	10688	372	0	82	0	141	5	10814	7702	7968	14	1	0	141	10701	10363	154	7561	10571	146	142
ERR9079830	42	72	70	131	47	45	145	292	35	10397	9577	52	0	52	9676	75	37	132	57	34	7696	133	52	52	128	54	10336	127	70	9637	7763	128	15	246	48	129	36	10572	88	57	43	7664	8319	73	56	63	33	51	10459	119	9516	26	51	71	52	155	128	7781	39	52	10370	49	49	9612	74	7849	10562	131	57	127	6860	30	9585	10078	65	9653	9506	126	10391	112	8307	35	10373	57	53	70	127	130	52	58	78	126	163	56	10381	128	358	70	193	10283	27	10421	73	35	52	55	10570	7746	164	63	52	9577	7975	54	7768	50	66	203	8359	257	78	52	126	53	42	10241	28	55	128	128	49	9544	50	33	52	131	52	128	8302	37	126	66	37	8407	64	35	127	125	51	131	56	7587	57	52	10418	10277	49	128	10189	9571	10365	7787	170	57	128	34	10979	9573	57	10469	126	133	52	71	127	40	52	57	10455	50	54	167	76	52	128	7709	128	52	36	52	52	10358	131	11066	131	7739	9588	135	10441	10140	56	69	8376	7703	52	53	9679	7769	292	126	7649	7675	36	128	10382	124	9607	8466	8510	52	128	8206	67	7634	210	53	53	67	53	130	7683	53	60	52	132	9543	126	226	9542	154	9588	53	62	10278	126	167	70	133	52	36	10425	7744	7618	9524	7775	31	52	72	131	52	52	33	52	7535	52	134	34	9568	8221	36	7698	52	54	126	60	125	7706	8413	10291	72	10436	10322	69	52	10288	134	9513	7763	129	52	57	33	7673	39	52	7700	8545	52	34	53	56	65	72	75	7777	10430	9755	130	128	164	10480	354	52	71	52	126	54	10787	7621	7717	52	53	52	125	10467	10354	138	7540	10549	130	127
44341_4#275	45	98	82	150	55	50	163	363	41	10512	9633	0	52	0	9822	90	43	150	7	48	7976	152	0	0	146	187	10353	145	83	9656	7794	146	47	262	53	147	41	10660	164	11	55	7826	8625	88	7	16	48	0	10685	142	9549	72	14	83	0	168	147	7805	42	0	10599	3	54	9629	89	7873	10684	149	11	145	7097	29	9602	10103	111	9708	9523	145	10474	127	8580	40	10390	180	1	82	145	148	0	9	93	148	179	7	10543	146	401	81	207	10460	31	10658	84	41	0	15	10588	7767	180	76	0	9609	7998	2	7794	1	23	246	8650	269	90	0	144	1	53	10319	33	15	146	147	173	9600	55	74	0	149	0	145	8587	45	144	77	42	8705	77	44	146	143	1	149	6	7740	7	0	10533	10294	55	146	10369	9591	10454	7811	182	11	146	43	11894	9623	7	10573	145	150	0	83	145	46	0	11	10651	1	2	179	88	0	146	7782	147	0	41	0	0	10446	149	11984	150	8015	9617	153	10555	10169	6	80	8665	7975	0	1	10019	7799	310	145	7783	7928	42	147	10500	142	9773	8764	8808	0	146	8488	79	7908	228	1	1	79	1	148	7707	1	14	0	150	9713	143	244	9559	168	10355	1	74	10467	145	181	82	151	0	42	10518	7769	7730	9541	8039	30	0	85	150	0	0	73	0	7625	0	151	41	9586	8490	41	7965	0	14	145	72	143	7986	8716	10461	83	10539	10504	85	0	10465	153	9531	7789	148	0	11	74	7706	45	0	7953	8840	11	38	1	7	17	84	92	7804	10633	9938	149	145	180	10688	398	0	82	0	143	5	10813	7704	7969	14	1	0	143	10700	10372	156	7565	10577	148	144
SRR8369293	9662	9790	9813	9815	9818	9814	9826	9688	9804	202	1043	9816	9676	9822	0	9816	9807	9817	9825	9679	6241	9809	9822	9822	9809	9739	2117	9812	9814	144	6261	9813	9674	9895	9818	9813	9806	2157	9716	9827	9647	6299	6250	9815	9824	9793	9678	9589	421	9671	137	9802	9466	9813	9822	9799	9812	6254	9809	9822	406	9819	9805	181	9816	6695	219	9816	9827	9810	358	9802	179	2052	9795	181	136	9811	2156	9814	6256	9766	2134	9754	9822	9813	9811	9814	9822	9826	9820	9811	9814	9824	349	9812	9794	9810	9778	331	9799	415	9815	9804	9822	9826	2223	6228	9813	9806	9822	168	6776	9824	6231	9787	9599	9777	6252	9765	9820	9822	9809	9822	9678	2076	9799	9826	9812	9812	9738	1041	9806	9791	9822	9814	9822	9812	6237	9807	9811	9810	9806	6304	9808	9809	9811	9809	9821	9814	9823	6226	9825	9822	206	2061	9815	9812	371	150	2140	6272	9762	9827	9788	9808	2100	183	9825	2208	9810	9816	9822	9814	9811	9810	9822	9826	384	9696	9822	9761	9812	9822	9813	6288	9787	9822	9804	9822	9821	2152	9801	2142	9813	6253	156	9810	207	2022	9824	9812	6264	6231	9822	9823	290	6271	9657	9810	6232	6226	9805	9812	207	9809	285	6334	6355	9814	9813	6171	9810	6199	9814	9822	9823	9810	9822	9815	6249	9822	9830	9822	9812	278	9811	9815	146	9808	309	9823	9806	326	9811	9761	9813	9817	9820	9806	2178	6229	6238	139	6300	9803	9822	9815	9812	9822	9822	9792	9822	6167	9817	9817	9805	137	6293	9806	6241	9822	9825	9811	9804	9809	6242	6286	328	9814	2178	325	9811	9822	325	9804	136	6283	9814	9822	9827	9791	6230	9807	9822	6245	6371	9282	9806	9823	9826	9834	9815	9817	6287	382	28	9814	9812	9813	414	9795	9822	9813	9822	9809	9673	2208	6246	6245	9615	9823	9816	9810	427	2150	9816	6191	2174	9812	9812
ERR11872767	81	57	50	65	82	81	78	356	68	10469	9628	90	75	90	9816	0	73	66	95	77	7713	67	90	90	60	212	10348	61	49	9651	7655	62	75	280	84	63	72	10655	158	95	89	7819	8356	7	95	104	76	88	10643	59	9530	66	87	51	90	185	61	7665	77	90	10557	87	83	9625	8	7866	10634	65	95	60	7051	68	9598	10102	108	9666	9517	60	10468	146	8356	71	10386	206	90	50	60	64	90	97	12	60	197	95	10500	61	229	49	46	10418	65	10612	53	68	90	93	10585	7631	198	43	90	9603	7991	90	7655	89	107	79	8413	284	58	90	60	89	91	10314	66	93	61	61	199	9595	84	68	90	65	90	62	8352	73	60	46	73	8463	45	73	60	59	89	64	94	7735	95	90	10489	10288	81	61	10325	9584	10448	7671	198	95	62	72	11867	9618	95	10571	59	67	90	51	60	76	90	95	10608	89	90	194	56	90	62	7777	62	90	69	90	90	10443	64	11957	66	7756	9613	69	10505	10163	94	49	8429	7721	90	91	9891	7660	308	60	7747	7693	69	61	10451	58	9758	8520	8561	90	62	8254	47	7652	142	91	91	47	91	64	7702	91	98	90	66	9697	60	158	9554	186	10309	91	43	10430	60	195	50	66	90	70	10511	7630	7725	9535	7794	69	90	52	66	90	90	68	90	7584	90	68	68	9580	8243	72	7716	90	92	60	40	59	7725	8468	10430	52	10535	10462	7	90	10423	67	9525	7783	63	90	95	68	7689	72	90	7716	8594	89	72	91	94	105	52	9	7797	10590	9933	64	61	198	10646	230	90	52	90	60	93	10810	7665	7737	87	91	90	59	10658	10367	72	7557	10575	63	61
ERR6806749	39	71	66	119	26	18	131	319	12	10458	9620	43	37	43	9807	73	0	120	46	21	7699	121	43	43	115	148	10340	115	67	9643	7770	116	33	165	21	117	1	10639	120	48	36	7804	8322	72	46	55	20	42	10635	113	9523	27	43	67	43	70	115	7785	29	43	10549	40	4	9616	73	7852	10624	119	48	115	7043	20	9589	10089	66	9657	9510	114	10460	112	8324	8	10377	141	44	66	114	118	43	48	77	114	82	46	10492	115	353	66	191	10409	17	10604	69	12	43	46	10576	7748	83	59	43	9596	7977	45	7773	42	59	188	8390	158	74	43	113	44	44	10306	18	46	115	116	134	9587	5	30	43	119	43	116	8320	10	114	62	10	8428	61	24	114	113	42	119	45	7721	46	43	10479	10281	26	115	10309	9577	10440	7789	72	48	116	23	11527	9611	46	10561	114	121	43	67	115	13	43	48	10600	42	44	69	72	43	116	7762	116	43	13	43	43	10434	118	11617	120	7741	9605	123	10496	10148	45	65	8395	7706	43	44	9883	7776	296	114	7728	7678	13	115	10442	112	9749	8486	8526	43	116	8222	64	7637	197	44	44	63	43	118	7687	44	51	43	120	9689	114	213	9546	70	10300	44	59	10421	114	69	66	121	43	9	10503	7747	7710	9528	7779	21	43	68	120	43	43	30	43	7561	43	121	14	9572	8213	1	7701	43	45	114	56	113	7710	8433	10421	69	10526	10453	68	43	10414	122	9518	7768	117	43	48	30	7674	16	43	7701	8559	46	24	44	47	56	68	74	7782	10582	9923	119	115	83	10638	350	43	67	43	114	44	10795	7649	7722	42	44	43	113	10650	10358	126	7542	10560	118	115
ERR10088102	147	62	10	14	99	140	11	366	118	10469	9628	148	132	150	9817	66	120	0	155	137	7714	8	150	150	7	245	10349	10	22	9652	7689	9	134	231	145	10	129	10451	213	154	146	7819	8031	54	155	163	133	148	10643	13	9531	129	145	10	150	127	9	7699	124	150	10557	147	118	9626	61	7867	10634	0	154	8	7051	63	9599	9878	165	9667	9518	8	10469	138	8032	131	10387	238	100	10	8	10	150	157	58	8	146	155	10501	9	144	8	82	10419	122	10612	22	118	150	153	10585	7665	145	14	150	9604	7992	152	7689	149	166	103	8089	210	18	150	9	151	149	10315	118	153	10	8	232	9595	119	126	150	13	150	18	8018	124	17	20	124	8123	20	135	8	7	149	13	154	7736	155	150	10489	10289	112	10	10312	9585	10449	7705	121	154	18	134	10531	9619	155	10571	7	0	150	26	8	111	150	154	10609	148	150	121	23	150	10	7777	10	150	126	150	150	10444	12	10598	11	7756	9613	7	10506	9952	154	20	8091	7722	150	151	9891	7694	308	7	7717	7694	129	9	10452	7	9759	8181	8221	150	11	7922	23	7653	60	151	151	21	151	12	7702	151	158	150	9	9698	9	74	9555	121	10310	151	16	10431	9	120	10	1	150	132	10512	7664	7725	9536	7794	64	150	26	10	150	150	113	150	7554	146	2	69	9581	8122	126	7717	150	152	8	13	7	7725	8129	10430	12	10537	10463	61	150	10424	14	9526	7783	10	150	154	120	7690	135	150	7717	8251	147	129	151	154	165	12	64	7797	10591	9934	11	10	145	10646	145	150	22	150	7	152	10568	7639	7737	144	151	150	7	10658	10368	14	7558	10337	9	9
CNS6QU_S4_L001	50	103	87	155	58	53	168	368	44	10518	9641	7	57	7	9825	95	46	155	0	51	7981	157	7	7	151	192	10358	150	89	9661	7799	151	52	267	56	152	44	10667	169	16	60	7834	8631	93	4	13	51	7	10695	147	9554	77	18	88	7	173	152	7811	47	7	10608	8	57	9634	94	7878	10691	154	16	150	7105	34	9607	10111	114	9713	9528	150	10479	132	8593	43	10395	185	8	87	150	153	7	6	98	153	184	4	10548	151	406	86	212	10465	36	10667	90	44	7	20	10603	7772	185	82	7	9614	8003	9	7799	6	21	251	8663	274	95	7	149	8	58	10324	38	20	151	152	178	9608	58	79	7	154	7	150	8603	48	149	82	45	8719	82	49	151	148	6	154	1	7749	0	7	10540	10299	58	151	10375	9596	10459	7816	187	16	151	48	11899	9629	0	10581	150	155	7	88	150	49	7	16	10657	6	9	184	93	7	151	7791	152	7	44	7	7	10451	154	11989	155	8025	9625	158	10560	10175	1	85	8677	7980	7	8	10027	7804	315	150	7788	7933	45	152	10507	147	9778	8778	8821	7	151	8498	85	7913	233	8	8	84	8	153	7715	8	19	7	155	9718	148	249	9564	173	10360	8	79	10472	150	186	87	156	7	45	10523	7774	7738	9546	8048	35	7	90	155	7	7	78	7	7630	7	156	44	9591	8499	44	7970	7	19	150	77	148	7994	8729	10469	90	10544	10509	90	7	10470	158	9538	7798	153	7	16	79	7711	48	7	7958	8853	15	43	8	12	14	89	97	7813	10639	9941	154	150	185	10701	403	7	87	7	148	2	10832	7711	7977	17	8	7	148	10716	10377	161	7570	10594	153	149
ERR6806796	40	77	73	136	29	29	148	297	17	10403	9585	48	34	48	9679	77	21	137	51	0	7699	138	48	48	132	43	10341	132	73	9644	7763	133	30	184	32	134	20	10582	90	53	38	7664	8330	76	50	59	5	48	10465	124	9521	34	48	74	48	89	132	7783	34	48	10378	45	29	9617	77	7851	10567	136	53	132	6867	27	9590	10088	73	9658	9511	131	10396	119	8315	19	10378	45	49	73	131	135	48	52	81	131	101	50	10386	132	360	73	198	10288	24	10428	75	17	48	51	10576	7746	102	65	48	9582	7975	50	7771	47	64	205	8373	187	81	48	130	49	40	10246	25	51	132	133	37	9552	30	36	48	136	48	133	8310	21	131	69	21	8420	68	27	131	130	47	136	50	7589	51	48	10423	10282	31	132	10198	9576	10370	7787	100	53	133	26	11228	9577	51	10475	131	138	48	74	132	24	48	53	10460	47	49	97	79	48	133	7710	133	48	12	48	48	10363	135	11315	137	7739	9596	140	10446	10149	50	72	8388	7706	48	49	9685	7770	297	131	7654	7678	18	132	10386	129	9612	8477	8518	48	133	8213	70	7637	214	49	49	70	48	135	7684	49	56	48	137	9548	131	230	9547	89	9593	49	66	10283	131	97	73	138	48	20	10430	7745	7620	9529	7776	28	48	75	136	48	48	36	48	7538	48	138	19	9573	8219	20	7701	48	50	131	63	130	7708	8425	10297	74	10441	10327	72	48	10293	139	9519	7765	134	48	53	36	7672	15	48	7701	8551	51	31	49	52	60	75	78	7779	10435	9759	136	132	102	10486	356	48	74	48	131	49	10793	7622	7721	47	49	48	130	10475	10360	143	7540	10561	135	132
SRR26858817	7946	7687	7646	7712	7713	7712	7719	7565	7702	6826	5888	7972	7696	7976	6241	7713	7699	7714	7981	7699	0	7704	7976	7976	7647	7696	6598	7705	7712	6188	94	7706	7694	7725	7712	7710	7699	6636	7709	7980	7641	53	462	7708	7980	7960	7697	7748	6991	7705	6099	7686	7641	7644	7975	7643	7710	82	7697	7976	6957	7714	7701	6277	7706	813	6933	7713	7980	7707	5232	7917	6255	6371	7694	6280	6100	7707	6627	7700	424	7680	6606	7697	7976	7710	7708	7710	7976	7982	7717	7707	7700	7978	6922	7709	7628	7707	7563	6868	7694	6952	7711	7702	7975	7980	6653	80	7703	7704	7976	6163	822	7978	82	7941	7776	7611	452	7685	7709	7976	7704	7976	7692	6588	7690	7721	7709	7709	7682	5879	7700	7668	7974	7711	7976	7709	407	7700	7708	7704	7703	448	7701	7697	7709	7706	7975	7711	7920	52	7980	7976	6837	6482	7708	7709	6856	6174	6611	82	7602	7980	7652	7700	6582	6140	7980	6590	7708	7713	7976	7712	7708	7707	7975	7979	6981	7845	7971	7601	7708	7976	7710	44	7652	7976	7698	7976	7975	6593	7703	6610	7704	13	6179	7700	6851	6388	7980	7705	434	10	7976	7977	6301	94	7626	7707	71	4	7704	7703	6822	7706	6261	453	459	7965	7705	426	7708	5	7649	7976	7973	7702	7976	7712	53	7976	7984	7976	7709	6213	7708	7653	6134	7700	6250	7975	7698	6865	7701	7602	7646	7714	7973	7638	6621	81	66	6097	74	7921	7976	7714	7710	7976	7963	7664	7976	69	7975	7706	7643	6131	453	7699	10	7975	7720	7708	7696	7698	5	459	6874	7711	6603	6870	7705	7971	6870	7705	6106	47	7712	7976	7980	7665	46	7700	7976	4	460	7453	7701	7977	7980	7984	7648	7715	63	6950	6279	7711	7703	7703	6986	7628	7971	7708	7976	7698	7837	6640	70	9	7775	7975	7970	7702	6984	6616	7713	67	6518	7709	7705
ERR10109275	148	63	12	8	100	141	23	366	119	10461	9620	150	133	152	9809	67	121	8	157	138	7704	0	152	152	6	246	10341	8	24	9644	7684	8	135	224	146	9	130	10450	214	156	147	7806	8027	55	157	166	134	150	10635	12	9523	130	148	12	152	120	8	7696	125	152	10549	148	119	9618	62	7854	10627	14	156	2	7044	65	9591	9878	158	9659	9510	8	10461	131	8029	132	10379	239	102	12	4	11	152	159	59	8	138	157	10493	8	145	10	83	10411	123	10604	25	119	152	155	10577	7662	138	17	152	9596	7979	154	7686	151	168	104	8085	211	20	152	7	153	141	10307	119	154	4	4	225	9587	120	127	152	15	152	16	8015	117	19	22	117	8120	22	128	7	8	151	15	156	7724	157	152	10481	10281	113	9	10304	9577	10441	7702	122	156	13	127	10531	9611	157	10563	6	8	152	28	2	112	152	156	10601	151	152	122	25	152	9	7765	9	152	127	152	152	10436	12	10598	12	7746	9605	1	10498	9952	156	22	8088	7712	152	153	9884	7689	301	6	7707	7684	130	8	10444	6	9751	8178	8218	152	9	7918	25	7643	17	153	153	23	153	7	7689	153	160	152	8	9690	3	31	9547	122	10302	153	18	10423	6	121	12	14	152	133	10504	7661	7712	9528	7783	66	152	28	12	152	152	114	152	7542	148	18	62	9573	8117	127	7707	152	153	7	15	8	7714	8126	10422	15	10529	10455	62	152	10416	13	9518	7770	12	152	156	121	7677	136	152	7707	8248	150	130	153	156	167	14	65	7784	10583	9926	5	8	138	10638	146	152	24	152	7	154	10568	7626	7727	147	153	152	9	10650	10360	15	7545	10336	3	8
CIU13XS1_S15_L001	45	98	82	150	55	50	163	363	41	10513	9636	0	52	0	9822	90	43	150	7	48	7976	152	0	0	146	187	10353	145	84	9656	7794	146	47	262	53	147	41	10663	164	11	55	7829	8626	88	7	16	48	0	10690	142	9549	72	14	83	0	168	147	7806	42	0	10603	3	54	9629	89	7873	10686	149	11	145	7100	29	9602	10107	111	9708	9523	145	10474	127	8589	40	10390	180	1	82	145	148	0	9	93	148	179	7	10543	146	401	81	207	10460	31	10662	85	41	0	15	10594	7767	180	77	0	9609	7998	2	7794	1	23	246	8659	269	90	0	144	1	53	10319	33	15	146	147	173	9603	55	74	0	149	0	145	8599	45	144	77	42	8715	77	44	146	143	1	149	6	7744	7	0	10535	10294	55	146	10370	9591	10454	7811	182	11	146	43	11894	9624	7	10576	145	150	0	83	145	46	0	11	10652	1	2	179	88	0	146	7786	147	0	41	0	0	10446	149	11984	150	8020	9620	153	10555	10171	6	80	8673	7975	0	1	10022	7799	310	145	7783	7928	42	147	10502	142	9773	8774	8817	0	146	8494	80	7908	228	1	1	79	1	148	7710	1	14	0	150	9713	143	244	9559	168	10355	1	74	10467	145	181	82	151	0	42	10518	7769	7733	9541	8043	30	0	85	150	0	0	73	0	7625	0	151	41	9586	8495	41	7965	0	14	145	72	143	7989	8725	10464	85	10539	10504	85	0	10465	153	9533	7793	148	0	11	74	7706	45	0	7953	8849	11	38	1	7	17	84	92	7808	10634	9938	149	145	180	10694	398	0	82	0	143	5	10824	7706	7972	14	1	0	143	10707	10372	156	7565	10586	148	144
CIV141E6_S16_L001	45	98	82	150	55	50	163	363	41	10513	9636	0	52	0	9822	90	43	150	7	48	7976	152	0	0	146	187	10353	145	83	9656	7794	146	47	262	53	147	41	10661	164	11	55	7829	8625	88	7	16	48	0	10689	142	9549	72	14	83	0	168	147	7806	42	0	10603	3	54	9629	89	7873	10686	149	11	145	7100	29	9602	10103	111	9708	9523	145	10474	127	8585	40	10390	180	1	82	145	148	0	9	93	148	179	7	10543	146	401	81	207	10460	31	10661	84	41	0	15	10598	7767	180	76	0	9609	7998	2	7794	1	23	246	8657	269	90	0	144	1	53	10319	33	15	146	147	173	9603	55	74	0	149	0	145	8595	45	144	77	42	8711	77	44	146	143	1	149	6	7744	7	0	10535	10294	55	146	10369	9591	10454	7811	182	11	146	43	11894	9624	7	10576	145	150	0	83	145	46	0	11	10651	1	2	179	88	0	146	7786	147	0	41	0	0	10446	149	11984	150	8020	9620	153	10555	10166	6	80	8670	7975	0	1	10022	7799	310	145	7783	7928	42	147	10501	142	9773	8770	8814	0	146	8490	79	7908	228	1	1	79	1	148	7710	1	14	0	150	9713	143	244	9559	168	10355	1	74	10467	145	181	82	151	0	42	10518	7769	7733	9541	8043	30	0	85	150	0	0	73	0	7625	0	151	41	9586	8493	41	7965	0	14	145	72	143	7989	8721	10464	83	10539	10504	85	0	10465	153	9533	7793	148	0	11	74	7706	45	0	7953	8846	11	38	1	7	17	84	92	7808	10633	9938	149	145	180	10695	398	0	82	0	143	5	10824	7706	7972	14	1	0	143	10710	10372	156	7565	10587	148	144
ERR9079768	143	56	5	7	94	135	18	358	113	10402	9621	144	128	146	9809	60	115	7	151	132	7647	6	146	146	0	239	10282	3	18	9644	7682	2	129	224	140	4	124	10387	209	150	139	7752	7968	48	151	160	128	145	10577	6	9523	125	142	5	146	121	3	7692	120	146	10550	143	113	9618	55	7859	10568	7	150	1	6984	59	9591	9815	159	9659	9510	1	10402	133	7971	126	10319	233	96	5	1	3	146	153	52	4	141	151	10434	2	135	2	76	10352	118	10546	19	113	146	149	10519	7658	140	11	146	9596	7984	148	7682	145	162	98	8027	205	13	146	2	147	142	10248	114	149	3	1	226	9588	114	122	146	8	146	11	7958	118	13	16	118	8062	16	129	1	0	145	8	150	7671	151	146	10422	10222	107	3	10245	9577	10382	7698	116	150	11	128	10463	9611	151	10505	1	8	146	22	3	106	146	150	10542	145	146	116	19	146	3	7771	3	146	121	146	146	10376	5	10530	5	7691	9606	0	10439	9890	150	16	8030	7655	146	147	9884	7687	300	1	7650	7627	124	2	10385	0	9751	8120	8161	146	5	7860	19	7586	67	147	147	17	147	5	7695	147	154	146	2	9690	2	79	9547	117	10302	147	12	10364	2	115	5	9	146	127	10445	7657	7718	9528	7728	60	146	22	5	146	146	109	146	7547	142	12	63	9573	8058	121	7650	146	148	1	9	1	7659	8067	10364	9	10470	10396	55	146	10357	9	9518	7716	6	146	150	116	7623	130	146	7650	8191	143	125	147	150	161	7	58	7731	10524	9926	5	3	140	10580	136	146	18	146	1	148	10507	7632	7671	141	147	146	1	10591	10300	9	7550	10274	3	2
ERR9692774	68	212	190	244	171	169	257	157	146	10398	9578	187	54	187	9739	212	148	245	192	43	7696	246	187	187	239	0	10332	239	192	9635	7764	240	49	384	173	242	157	10497	150	192	33	7726	8226	200	191	200	39	186	10533	120	9513	165	187	191	187	278	240	7781	155	187	10445	176	146	9608	207	7848	10563	244	192	240	6941	152	9581	9954	202	9649	9502	239	10415	246	8239	159	10369	16	188	191	239	243	187	193	204	239	292	191	10414	240	352	190	316	10353	153	10497	194	146	187	190	10568	7744	293	184	187	9580	7972	189	7769	186	205	312	8273	335	199	187	238	188	47	10265	149	182	240	241	9	9545	147	166	187	244	187	241	8221	151	239	187	154	8332	186	160	239	238	186	244	190	7650	192	187	10419	10273	173	240	10240	9567	10389	7786	277	192	241	159	11423	9598	192	10495	239	244	187	192	240	151	187	192	10496	186	188	274	191	187	241	7712	241	187	154	187	187	10382	243	11476	242	7739	9596	240	10442	10034	191	190	8296	7703	187	188	9772	7770	300	239	7702	7675	157	240	10383	237	9683	8389	8429	186	241	8129	189	7634	321	188	188	188	188	243	7683	188	195	187	240	9625	238	326	9538	276	9663	188	184	10353	239	274	190	246	187	159	10449	7744	7647	9520	7777	153	187	193	239	187	187	155	187	7567	183	247	144	9564	8111	154	7698	187	181	239	181	238	7707	8337	10358	194	10460	10387	207	187	10355	247	9510	7764	242	187	192	158	7662	162	187	7698	8460	188	160	188	191	202	192	210	7778	10477	9824	244	240	292	10529	348	187	192	187	239	189	10651	7647	7719	184	188	187	238	10544	10350	245	7538	10414	242	239
SRR10992537	10333	10333	10286	10347	10349	10348	10358	10330	10338	2759	1363	10345	10336	10353	2117	10348	10340	10349	10358	10341	6598	10341	10353	10353	10282	10332	0	10344	10345	2048	6630	10345	10334	10365	10351	10345	10339	56	10385	10358	10269	6600	6948	10347	10357	10321	10340	10121	2803	10340	2015	10335	9964	10286	10353	10272	10344	6615	10340	10353	2791	10350	10338	2040	10348	7084	2812	10348	10358	10342	2456	10333	2040	39	10372	2042	2017	10343	37	10345	6882	10300	23	10334	10354	10345	10343	10346	10353	10359	10352	10343	10345	10357	2790	10344	10266	10342	10276	2626	10330	2795	10348	10338	10353	10357	33	6609	10344	10338	10353	2052	7119	10355	6608	10321	10125	10249	6936	10427	10352	10353	10341	10354	10336	28	10331	10357	10344	10344	10328	1361	10339	10332	10353	10346	10353	10345	6867	10340	10344	10342	10339	6942	10340	10340	10343	10341	10352	10346	10298	6519	10358	10353	2760	29	10344	10344	2791	2059	27	6615	10336	10358	10346	10339	24	2030	10358	28	10342	10348	10353	10347	10343	10343	10353	10358	2802	10217	10349	10335	10345	10353	10345	6595	10345	10353	10337	10353	10353	17	10346	23	10345	6582	2040	10342	2768	33	10357	10345	6912	6595	10353	10354	2071	6628	10268	10342	6583	6583	10339	10344	2761	10341	2042	6951	6962	10345	10345	6844	10343	6585	10287	10354	10354	10343	10353	10347	6583	10354	10361	10353	10344	2026	10343	10288	2029	10340	2044	10354	10338	2623	10343	10335	10286	10349	10351	10280	25	6616	6585	2015	6605	10334	10353	10348	10344	10353	10345	10332	10353	6535	10349	10349	10280	2016	6939	10339	6595	10353	10356	10343	10336	10341	6597	6936	2628	10346	27	2624	10343	10353	2625	10348	2015	6608	10346	10353	10358	10332	6615	10340	10353	6590	6977	9729	10337	10354	10357	10366	10288	10349	6606	2791	2120	10346	10344	10344	2826	10266	10353	10346	10353	10341	10189	35	6599	6595	10134	10353	10350	10342	2807	57	10348	6574	39	10344	10344
ERR10123167	143	57	6	10	94	135	21	360	113	10464	9626	143	127	145	9812	61	115	10	150	132	7705	8	145	145	3	239	10344	0	17	9647	7677	1	129	226	140	6	124	10446	208	149	141	7810	8020	49	150	159	128	144	10641	9	9526	124	141	6	145	122	5	7689	119	145	10555	141	113	9621	56	7855	10629	10	149	4	7049	59	9594	9871	160	9662	9513	4	10464	133	8023	126	10382	232	95	6	4	6	145	152	53	4	141	150	10496	5	139	2	77	10414	117	10610	18	113	145	148	10583	7655	140	10	145	9599	7980	147	7679	144	161	98	8081	205	14	145	5	146	142	10310	113	147	6	4	226	9593	114	121	145	9	145	14	8008	119	13	16	119	8114	16	130	4	2	144	9	149	7726	150	145	10483	10284	107	6	10307	9580	10444	7695	116	149	14	129	10525	9613	150	10569	2	10	145	22	4	106	145	149	10604	144	145	116	19	145	6	7768	6	145	121	145	145	10439	8	10592	7	7749	9611	3	10501	9945	149	16	8083	7713	145	146	9890	7682	303	3	7710	7685	124	5	10446	3	9754	8172	8213	145	7	7913	18	7644	50	146	146	17	146	8	7693	146	153	145	1	9693	1	62	9550	116	10305	146	12	10426	5	115	6	11	145	127	10507	7654	7716	9531	7786	60	145	22	2	145	145	108	145	7543	141	12	64	9576	8110	121	7708	145	146	4	9	3	7718	8120	10428	7	10532	10458	56	145	10419	10	9523	7774	6	145	149	115	7678	130	145	7708	8243	143	124	146	149	160	8	59	7788	10586	9929	7	6	140	10644	140	145	18	145	3	147	10565	7627	7731	140	146	145	3	10656	10363	10	7546	10334	3	1
ERR11455881	81	48	17	21	79	74	36	347	65	10466	9625	84	70	83	9814	49	67	22	89	73	7712	24	84	83	18	192	10345	17	0	9649	7652	16	66	163	78	17	66	10448	148	86	78	7816	8029	48	89	96	73	80	10640	15	9528	62	81	17	84	69	18	7661	67	84	10554	80	65	9623	50	7864	10631	22	86	15	7048	61	9596	9874	99	9664	9515	16	10465	72	8030	65	10384	185	83	17	17	18	84	90	53	15	80	89	10498	18	90	17	42	10416	56	10609	19	65	84	87	10581	7628	79	9	84	9601	7989	85	7652	83	99	63	8087	157	25	83	17	84	81	10311	57	86	18	17	178	9592	65	59	84	21	84	17	8015	67	16	15	67	8120	15	68	16	15	83	20	87	7733	89	84	10485	10285	78	19	10309	9582	10445	7668	67	86	17	68	10527	9615	89	10567	14	21	83	21	15	69	84	86	10606	81	86	67	18	84	18	7774	17	84	66	84	83	10441	21	10594	18	7754	9610	17	10503	9947	87	17	8089	7720	83	85	9889	7657	304	15	7714	7692	65	18	10448	14	9756	8179	8220	83	18	7920	17	7651	100	84	85	16	85	19	7699	85	92	84	16	9695	17	112	9552	68	10307	85	11	10428	16	67	17	23	84	66	10508	7627	7722	9533	7792	61	84	21	17	84	84	60	84	7550	84	23	66	9578	8119	65	7715	84	85	15	8	14	7723	8126	10427	18	10533	10460	44	84	10421	21	9523	7780	17	84	86	59	7687	68	84	7715	8250	83	64	85	87	99	19	51	7794	10588	9931	19	18	79	10643	91	84	19	84	14	86	10564	7636	7735	80	85	84	14	10655	10364	21	7555	10333	19	16
ERR4338560	9633	9639	9648	9650	9655	9651	9661	9652	9641	674	944	9650	9637	9656	144	9651	9643	9652	9661	9644	6188	9644	9656	9656	9644	9635	2048	9647	9649	0	6203	9648	9635	9726	9654	9648	9642	2068	9648	9661	9631	6162	6510	9650	9660	9628	9643	9421	690	9643	92	9636	9305	9648	9656	9631	9647	6199	9643	9656	679	9653	9641	17	9651	6646	698	9651	9661	9645	603	9636	15	1973	9640	19	92	9646	2070	9646	6497	9602	2058	9637	9656	9648	9646	9649	9656	9662	9655	9646	9646	9660	679	9647	9628	9645	9638	669	9633	683	9650	9641	9656	9660	2141	6175	9645	9641	9656	123	6726	9658	6184	9620	9438	9611	6509	9640	9655	9656	9643	9656	9641	1998	9633	9660	9647	9647	9631	943	9642	9633	9656	9649	9656	9647	6457	9643	9646	9645	9642	6553	9643	9643	9646	9644	9655	9649	9659	6100	9661	9656	669	2024	9651	9647	706	105	2053	6217	9634	9661	9648	9642	2022	101	9661	2116	9645	9651	9656	9650	9646	9646	9656	9660	683	9528	9656	9633	9647	9656	9648	6226	9647	9656	9640	9656	9655	2062	9649	2066	9648	6188	109	9645	680	1950	9660	9647	6512	6175	9656	9657	124	6212	9626	9645	6167	6174	9642	9647	677	9644	115	6593	6612	9648	9648	6416	9646	6151	9649	9656	9657	9646	9656	9650	6192	9656	9664	9656	9647	106	9646	9650	104	9642	120	9657	9641	667	9646	9633	9648	9652	9654	9642	2091	6173	6176	92	6244	9637	9656	9651	9647	9656	9656	9634	9656	6106	9651	9652	9642	93	6551	9642	6186	9656	9659	9646	9639	9644	6187	6539	674	9649	2085	670	9646	9656	669	9652	94	6222	9649	9656	9661	9634	6177	9643	9656	6189	6631	9119	9640	9657	9660	9669	9650	9652	6226	678	143	9649	9647	9645	708	9628	9656	9648	9656	9644	9505	2128	6191	6188	9446	9657	9650	9645	686	2072	9651	6137	2095	9647	9647
ERR4401297	7757	7622	7644	7687	7780	7783	7694	7754	7773	6843	5900	7781	7763	7794	6261	7655	7770	7689	7799	7763	94	7684	7794	7794	7682	7764	6630	7677	7652	6203	0	7679	7762	7964	7781	7686	7769	6682	7776	7798	7765	88	464	7647	7798	7780	7761	7564	6993	7675	6118	7757	7441	7642	7792	7883	7685	24	7768	7794	6957	7788	7772	6289	7645	836	6945	7688	7798	7683	5229	7599	6268	6414	7761	6292	6116	7682	6659	7770	426	7749	6638	7769	7661	7651	7683	7686	7794	7800	7658	7680	7893	7794	6923	7684	7627	7647	7565	6880	7767	6953	7651	7773	7791	7797	6685	25	7897	7643	7794	6181	845	7796	24	7757	7593	7610	470	7876	7648	7794	7680	7794	7768	6621	7761	7794	7684	7685	7751	5887	7769	7741	7792	7687	7794	7684	406	7771	7685	7645	7775	450	7640	7767	7683	7681	7793	7688	7797	86	7798	7794	6854	6517	7779	7684	6858	6183	6644	24	7791	7798	7630	7772	6813	6155	7798	6622	7683	7688	7794	7653	7686	7778	7793	7797	6984	7658	7793	7788	7651	7794	7685	78	7630	7793	7768	7794	7793	6625	7676	6851	7678	85	6194	7673	6865	6435	7798	7645	439	94	7794	7795	6235	0	7615	7683	105	90	7774	7676	6836	7681	6279	458	462	7782	7679	429	7649	91	7760	7794	7790	7641	7793	7687	73	7794	7802	7794	7684	6231	7683	7779	6151	7887	6265	7792	7638	6877	7674	7788	7644	7690	7789	7766	6653	23	82	6113	83	7603	7794	7654	7685	7794	7789	7735	7794	104	7793	7681	7642	6146	458	7768	95	7793	7793	7683	7636	7671	91	465	6885	7652	6634	6882	7644	7788	6882	7680	6122	98	7688	7794	7798	7736	96	7771	7794	90	463	7320	7772	7795	7798	7808	7646	7655	96	6952	6299	7687	7677	7897	6988	7627	7787	7647	7794	7671	7651	6685	104	93	7591	7792	7781	7676	6986	6649	7689	89	6561	7685	7678
ERR10460875	143	58	5	9	95	136	20	362	114	10466	9624	144	128	146	9813	62	116	9	151	133	7706	8	146	146	2	240	10345	1	16	9648	7679	0	130	227	141	5	125	10447	209	150	142	7809	8022	50	151	158	129	143	10639	8	9527	125	141	5	146	123	4	7691	120	146	10553	143	114	9622	57	7857	10632	9	150	3	7047	59	9595	9873	161	9663	9514	3	10465	134	8023	127	10383	233	96	5	3	5	146	153	54	3	142	151	10497	4	140	1	78	10415	118	10608	18	114	146	149	10581	7657	141	10	146	9600	7982	148	7681	145	161	99	8080	206	13	146	4	147	145	10311	114	149	5	3	227	9591	115	122	146	8	146	13	8009	120	12	15	120	8114	15	131	3	1	145	8	150	7726	151	146	10486	10285	108	5	10308	9581	10445	7697	117	150	13	130	10527	9615	151	10567	1	9	146	21	3	107	146	150	10605	143	146	117	18	146	5	7768	5	146	122	146	146	10440	7	10594	6	7748	9609	2	10502	9947	150	15	8083	7714	146	147	9887	7684	304	2	7710	7686	125	4	10448	2	9755	8172	8213	145	6	7912	17	7645	42	147	147	16	147	7	7692	147	154	146	0	9694	0	56	9551	117	10306	147	11	10427	4	116	5	10	146	128	10508	7656	7715	9532	7785	60	146	21	1	146	146	109	146	7543	142	11	65	9577	8112	122	7709	146	148	3	8	2	7716	8120	10426	7	10533	10459	57	146	10420	9	9522	7773	5	146	150	116	7680	131	146	7709	8243	143	125	147	150	161	7	60	7787	10587	9930	6	5	141	10642	141	146	17	146	2	147	10564	7629	7729	139	147	146	2	10654	10364	9	7548	10332	2	0
ERR10880116	39	82	66	133	43	41	146	288	31	10395	9575	47	15	47	9674	75	33	134	52	30	7694	135	47	47	129	49	10334	129	66	9635	7762	130	0	242	44	131	32	10579	83	52	40	7662	8332	73	51	59	29	45	10458	121	9514	23	46	67	47	151	129	7780	34	47	10368	44	45	9610	74	7847	10559	133	52	129	6858	25	9583	10079	62	9651	9504	128	10389	108	8332	31	10371	51	48	66	128	132	47	53	78	128	159	51	10379	129	353	66	192	10281	22	10420	68	31	47	50	10568	7745	160	58	47	9575	7973	49	7767	45	62	202	8392	253	74	47	127	48	39	10239	23	50	129	130	44	9542	46	28	47	133	47	130	8334	33	128	62	33	8434	61	32	128	127	46	133	51	7584	52	47	10416	10275	45	129	10200	9569	10363	7786	166	52	130	31	11876	9571	52	10466	128	135	47	67	129	36	47	52	10454	46	48	163	72	47	130	7706	130	47	32	47	47	10356	132	11965	134	7736	9586	137	10439	10144	51	65	8404	7701	47	48	9677	7768	290	128	7678	7673	32	129	10381	126	9605	8492	8533	47	130	8233	63	7632	211	48	48	63	48	132	7681	48	55	47	134	9541	128	227	9540	150	9586	48	59	10276	128	163	66	135	47	32	10423	7743	7616	9522	7772	26	47	68	133	47	47	28	47	7564	47	136	32	9566	8219	32	7696	47	49	128	56	127	7704	8439	10289	67	10433	10320	69	47	10286	136	9511	7760	131	47	52	28	7671	35	47	7698	8568	49	29	48	51	61	68	75	7774	10429	9753	133	129	160	10479	349	47	67	47	128	49	10789	7646	7715	47	48	47	127	10466	10353	140	7538	10554	132	129
ERR6806075	258	238	163	230	195	203	241	321	173	10473	9706	262	246	262	9895	280	165	231	267	184	7725	224	262	262	224	384	10365	226	163	9726	7964	227	242	0	257	227	195	10763	304	267	258	7831	8152	256	267	269	179	258	10655	223	9608	237	256	163	262	124	227	7977	194	262	10625	258	241	9702	203	7940	10635	230	267	224	7073	194	9675	10203	273	9741	9597	226	10489	187	8145	216	10405	375	263	163	226	228	262	269	181	240	93	267	10509	227	560	160	402	10434	200	10619	166	172	262	265	10600	7943	93	156	262	9683	8064	264	7965	257	258	410	8175	224	170	262	225	263	191	10334	182	264	227	228	370	9675	200	195	262	229	262	226	8142	174	225	159	193	8244	158	245	226	223	261	229	266	7744	267	262	10495	10309	183	227	10324	9664	10469	7984	134	267	227	244	10753	9696	267	10585	224	232	262	164	225	199	262	267	10621	234	263	133	168	262	227	7846	227	262	217	262	262	10461	228	10829	230	7770	9688	232	10510	10271	266	162	8212	7733	262	263	9973	7969	389	224	7732	7706	165	226	10466	223	9836	8302	8345	262	226	8044	161	7664	229	263	263	160	263	229	7773	263	270	262	230	9773	225	230	9633	122	10388	263	156	10447	224	133	163	231	252	176	10531	7941	7795	9613	7803	202	262	165	231	261	262	166	262	7623	261	232	176	9658	8234	197	7728	262	263	225	153	223	7739	8250	10449	166	10546	10479	209	262	10439	230	9608	7792	228	262	267	191	7701	210	262	7731	8378	230	167	263	266	276	165	256	7807	10602	10009	228	226	94	10659	557	262	164	262	224	243	10914	7709	7751	258	263	258	224	10668	10388	237	7625	10682	226	226
ERR6806255	50	82	77	144	37	29	156	332	23	10469	9632	53	48	53	9818	84	21	145	56	32	7712	146	53	53	140	173	10351	140	78	9654	7781	141	44	257	0	142	20	10650	131	58	47	7816	8347	83	56	65	31	52	10647	138	9534	38	53	78	53	162	140	7796	40	53	10561	50	33	9627	84	7863	10636	144	58	140	7055	31	9600	10099	77	9668	9521	139	10471	123	8351	19	10388	166	54	77	139	143	53	58	88	139	174	56	10503	140	364	77	202	10420	28	10616	80	23	53	56	10588	7759	175	70	53	9607	7988	55	7784	51	70	213	8403	264	85	53	138	54	55	10317	29	56	140	141	159	9599	34	41	53	144	53	141	8347	21	139	73	21	8455	72	35	139	138	52	144	55	7734	56	53	10490	10292	37	140	10320	9588	10451	7800	178	58	141	34	11552	9622	56	10573	139	146	53	78	140	24	53	58	10611	52	54	175	83	53	141	7775	141	53	24	53	53	10445	143	11642	145	7755	9617	148	10507	10159	55	76	8421	7719	53	54	9895	7787	307	139	7736	7691	24	140	10453	137	9760	8512	8552	53	141	8248	75	7650	222	54	54	74	53	143	7699	54	61	53	145	9700	139	238	9557	162	10311	54	70	10432	139	175	77	146	53	20	10514	7758	7722	9539	7792	32	53	79	145	53	53	41	53	7572	53	146	25	9583	8236	20	7714	53	55	139	67	138	7723	8459	10433	80	10537	10464	79	53	10425	147	9530	7780	142	53	58	41	7685	27	53	7714	8585	56	35	54	57	66	79	85	7794	10593	9934	144	140	175	10650	361	53	78	53	139	54	10807	7660	7736	52	54	53	138	10662	10370	151	7553	10571	143	140
ERR11201827	143	59	6	4	96	137	22	363	115	10465	9625	145	129	147	9813	63	117	10	152	134	7710	9	147	147	4	242	10345	6	17	9648	7686	5	131	227	142	0	126	10447	210	151	143	7816	8027	51	152	160	130	145	10640	9	9527	125	143	6	147	123	5	7696	121	147	10554	144	115	9622	58	7863	10631	10	151	4	7048	60	9595	9873	162	9663	9514	4	10465	134	8030	128	10383	235	97	6	4	6	147	154	55	4	142	152	10497	5	140	5	78	10415	119	10609	18	115	147	150	10582	7662	141	10	147	9600	7988	149	7686	146	163	99	8088	206	14	147	5	148	146	10311	115	150	6	4	229	9592	116	123	147	3	147	14	8016	121	13	16	121	8120	16	132	4	3	146	3	151	7734	152	147	10485	10285	109	6	10308	9581	10445	7702	117	151	14	131	10528	9615	152	10568	3	10	147	22	4	108	147	151	10605	145	147	117	19	147	6	7775	6	147	123	147	147	10440	8	10595	7	7754	9610	4	10502	9947	151	16	8089	7718	147	148	9888	7691	304	3	7713	7690	126	5	10448	3	9755	8179	8220	147	7	7919	18	7649	57	148	148	17	148	8	7699	148	155	147	5	9694	5	71	9551	117	10306	148	12	10427	5	116	6	11	147	129	10508	7661	7722	9532	7792	61	147	22	6	147	147	110	147	7550	143	12	65	9577	8118	123	7713	147	149	4	9	3	7722	8126	10427	7	10533	10459	58	147	10420	10	9522	7780	6	147	151	117	7686	132	147	7713	8250	144	126	148	151	162	8	61	7794	10587	9930	7	6	141	10643	141	147	18	147	3	149	10565	7635	7734	141	148	147	3	10655	10363	4	7554	10334	6	5
ERR6806776	38	70	65	128	25	17	140	318	11	10457	9618	41	36	41	9806	72	1	129	44	20	7699	130	41	41	124	157	10339	124	66	9642	7769	125	32	195	20	126	0	10636	119	46	35	7802	8329	71	44	53	19	40	10633	122	9522	26	41	66	41	100	124	7784	28	41	10547	38	13	9615	72	7851	10623	128	46	124	7041	19	9588	10086	65	9656	9509	123	10459	111	8330	7	10376	150	42	65	123	127	41	46	76	123	112	44	10491	124	352	65	190	10408	16	10602	68	11	41	44	10574	7747	113	58	41	9595	7976	43	7772	40	57	197	8386	198	73	41	122	42	43	10305	17	44	124	125	143	9585	14	29	41	128	41	125	8326	9	123	61	9	8434	60	23	123	122	40	128	43	7719	44	41	10478	10280	25	124	10308	9576	10439	7788	112	46	125	22	11536	9610	44	10559	123	130	41	66	124	12	41	46	10599	40	42	109	71	41	125	7760	125	41	12	41	41	10433	127	11626	129	7740	9603	132	10495	10145	43	64	8401	7706	41	42	9881	7775	295	123	7726	7678	12	124	10441	121	9748	8492	8532	41	125	8228	63	7637	206	42	42	62	41	127	7685	42	49	41	129	9688	123	222	9545	100	10299	42	58	10420	123	109	65	130	41	8	10502	7746	7708	9527	7777	20	41	67	129	41	41	29	41	7560	41	130	13	9571	8221	0	7701	41	43	123	55	122	7709	8439	10419	68	10525	10452	67	41	10413	131	9517	7766	126	41	46	29	7673	15	41	7701	8565	44	23	42	45	54	67	73	7780	10581	9922	128	124	113	10636	349	41	66	41	123	42	10791	7648	7721	40	42	41	122	10648	10358	135	7541	10556	127	124
SRR14921286	10530	10646	10385	10447	10650	10645	10462	10760	10641	2791	1407	10648	10572	10660	2157	10655	10639	10451	10667	10582	6636	10450	10663	10661	10387	10497	56	10446	10448	2068	6682	10447	10579	10763	10650	10447	10636	0	10629	10664	10431	6669	7372	10655	10664	10626	10579	10424	2848	10383	2032	10640	10265	10386	10663	10661	10445	6667	10645	10661	2825	10660	10617	2064	10655	7117	2844	10449	10667	10443	2507	10614	2062	31	10578	2063	2033	10445	104	10521	7313	10596	45	10492	10661	10447	10445	10447	10661	10667	10659	10444	10745	10664	2820	10446	10384	10444	10380	2662	10634	2841	10450	10641	10661	10662	51	6661	10746	10440	10663	2082	7153	10661	6658	10628	10432	10355	7380	10806	10455	10660	10442	10661	10590	89	10635	10664	10444	10445	10490	1405	10618	10633	10661	10449	10661	10447	7294	10637	10444	10444	10634	7382	10442	10637	10444	10442	10660	10448	10605	6582	10668	10661	2791	53	10642	10445	2853	2086	95	6667	10716	10666	10446	10634	1416	2048	10666	93	10445	10449	10661	10449	10444	10641	10661	10665	2844	10529	10636	10711	10445	10661	10446	6653	10445	10661	10634	10661	10660	96	10448	1435	10448	6625	2068	10444	2798	28	10664	10447	7342	6636	10661	10664	2154	6680	10305	10445	6682	6624	10635	10446	2792	10441	2125	7386	7401	10653	10445	7273	10445	6626	10464	10662	10663	10445	10661	10446	6625	10662	10671	10663	10445	2110	10444	10477	2049	10739	2099	10661	10440	2657	10442	10709	10385	10452	10659	10577	93	6666	6674	2032	6644	10619	10661	10450	10445	10661	10652	10639	10663	6602	10653	10452	10572	2033	7161	10639	6636	10660	10663	10442	10437	10444	6636	7373	2662	10450	98	2659	10652	10660	2658	10450	2032	6650	10446	10661	10666	10638	6657	10638	10661	6631	7414	10027	10643	10661	10666	10674	10387	10657	6648	2838	2165	10449	10444	10745	2870	10383	10661	10448	10661	10444	10494	29	6666	6636	10428	10661	10644	10444	2852	37	10450	6613	34	10447	10444
ERR12067371	128	132	149	212	130	128	226	234	118	10322	9621	164	88	164	9716	158	120	213	169	90	7709	214	164	164	209	150	10385	208	148	9648	7776	209	83	304	131	210	119	10629	0	169	101	7725	8351	156	168	177	89	163	10391	173	9524	89	163	150	164	210	209	7796	122	164	10302	131	128	9662	157	7863	10481	212	169	208	6789	143	9635	10133	77	9703	9515	208	10440	196	8352	118	10422	154	165	149	208	211	164	170	161	207	221	168	10266	209	441	149	275	10373	110	10354	151	118	164	167	10621	7757	222	142	164	9585	7984	166	7783	163	182	282	8409	188	157	164	207	165	94	10290	111	137	209	210	141	9590	129	101	164	212	164	208	8345	120	206	145	120	8454	144	121	208	206	163	212	168	7655	169	164	10343	10285	132	209	10093	9568	10414	7800	177	169	208	120	11912	9615	169	10520	207	214	164	150	208	123	164	169	10350	163	166	174	154	164	209	7722	209	164	119	164	164	10407	212	11997	213	7752	9601	216	10367	10198	168	147	8419	7717	164	165	9749	7784	253	207	7692	7689	119	209	10306	205	9701	8514	8555	164	209	8251	146	7648	291	165	165	146	165	211	7694	164	172	164	213	9643	207	302	9551	211	9673	165	142	10378	207	174	149	214	164	119	10474	7756	7633	9533	7788	144	164	151	212	164	164	111	164	7580	164	215	119	9577	8240	119	7712	164	136	207	139	206	7720	8460	10382	151	10486	10411	152	164	10379	182	9522	7776	210	164	169	88	7664	122	164	7712	8588	166	117	165	168	178	151	158	7790	10335	9808	212	209	222	10388	437	164	149	164	207	167	10847	7661	7733	162	165	164	206	10399	10404	219	7551	10607	211	208
44341_3#262	50	103	86	154	60	55	167	368	46	10518	9641	11	57	11	9827	95	48	154	16	53	7980	156	11	11	150	192	10358	149	86	9661	7798	150	52	267	58	151	46	10664	169	0	60	7833	8629	93	16	24	53	10	10693	146	9554	77	19	87	11	173	151	7809	47	11	10607	8	59	9634	94	7877	10690	153	0	149	7105	34	9607	10107	116	9713	9528	149	10479	132	8586	45	10395	185	12	86	149	152	11	18	98	152	184	16	10548	150	406	85	212	10465	36	10666	88	46	11	20	10596	7771	185	80	11	9614	8002	13	7798	10	32	251	8656	274	94	11	148	12	58	10324	38	20	150	150	178	9608	60	79	11	153	11	149	8593	50	148	81	47	8711	81	49	150	147	10	153	15	7747	16	11	10539	10299	60	150	10374	9596	10459	7815	187	0	150	48	11899	9628	16	10581	149	154	11	87	149	51	11	0	10656	9	13	184	92	11	150	7789	151	11	46	11	11	10451	153	11989	154	8022	9625	157	10560	10170	15	84	8670	7979	11	12	10027	7803	315	149	7787	7932	47	151	10505	146	9778	8769	8814	10	150	8491	83	7912	232	12	12	83	12	152	7714	12	19	11	154	9718	147	248	9564	173	10360	12	78	10472	149	186	86	155	11	47	10523	7773	7737	9546	8046	35	11	89	154	11	11	78	11	7628	11	155	46	9591	8494	46	7969	11	19	149	76	147	7993	8721	10469	87	10544	10509	90	11	10470	157	9538	7796	152	11	0	79	7710	50	11	7957	8846	17	43	12	16	26	88	97	7811	10638	9943	153	149	185	10696	403	11	86	11	147	14	10820	7708	7976	18	12	11	147	10708	10377	160	7569	10584	152	148
SRR9273829	49	91	78	145	49	44	156	301	35	10294	9573	55	43	55	9647	89	36	146	60	38	7641	147	55	55	139	33	10269	141	78	9631	7765	142	40	258	47	143	35	10431	101	60	0	7605	8285	87	59	67	37	54	10276	137	9517	41	55	79	55	164	141	7785	42	55	10248	52	48	9605	88	7855	10451	145	60	141	6679	33	9579	9927	80	9646	9499	140	10324	121	8280	34	10306	40	55	78	140	144	55	61	92	140	176	59	10198	141	360	76	204	10213	30	10239	79	35	55	58	10504	7747	177	70	55	9573	7977	57	7772	54	72	214	8337	205	86	55	139	56	51	10175	31	58	141	142	32	9540	49	42	55	145	55	142	8276	36	140	74	36	8385	73	37	140	139	54	145	59	7533	60	55	10311	10217	49	141	10021	9551	10299	7789	178	60	142	36	11810	9561	60	10411	140	147	55	79	141	39	55	60	10272	54	56	175	84	55	142	7713	142	55	36	55	55	10294	144	11899	146	7682	9586	147	10335	10007	59	76	8351	7648	55	56	9671	7773	213	140	7633	7620	36	141	10283	138	9599	8444	8484	54	142	8179	75	7580	221	56	56	75	56	144	7687	55	63	55	146	9542	140	236	9534	165	9582	56	70	10208	140	175	78	147	55	35	10359	7745	7624	9518	7717	34	55	80	145	55	55	42	55	7573	55	148	35	9560	8170	35	7643	55	57	140	68	139	7650	8391	10221	79	10378	10252	83	55	10219	148	9510	7708	143	55	60	42	7617	39	55	7643	8517	57	37	56	59	69	80	89	7722	10243	9727	145	141	177	10295	356	55	78	55	140	57	10612	7654	7663	55	56	55	139	10283	10290	152	7544	10386	142	141
ERR160996	7657	7784	7748	7820	7820	7815	7823	7570	7809	6832	5895	7825	7664	7826	6299	7819	7804	7819	7834	7664	53	7806	7829	7829	7752	7726	6600	7810	7816	6162	88	7809	7662	7831	7816	7816	7802	6669	7725	7833	7605	0	392	7814	7831	7810	7661	7600	7105	7673	6079	7787	7492	7749	7828	7744	7814	76	7799	7829	7072	7822	7805	6255	7808	807	6936	7821	7833	7813	5353	7767	6238	6373	7793	6258	6079	7812	6653	7807	356	7783	6612	7741	7830	7817	7814	7816	7829	7832	7823	7810	7805	7825	6978	7815	7734	7815	7668	6897	7801	7070	7815	7809	7826	7832	6656	78	7810	7806	7829	6148	817	7831	76	7791	7631	7717	382	7789	7815	7826	7812	7830	7662	6603	7793	7828	7817	7814	7708	5885	7803	7772	7827	7815	7829	7816	340	7805	7816	7810	7809	377	7806	7800	7815	7811	7828	7817	7773	1	7833	7829	6844	6483	7812	7817	6899	6157	6638	76	7704	7833	7758	7804	6590	6158	7833	6617	7813	7817	7829	7816	7812	7814	7828	7833	7058	7693	7824	7702	7814	7827	7815	46	7758	7829	7802	7829	7829	6620	7809	6616	7809	45	6160	7804	6856	6391	7833	7810	366	54	7829	7830	6265	88	7594	7812	81	50	7809	7806	6829	7812	6326	382	387	7815	7809	358	7814	51	7751	7830	7825	7805	7829	7818	47	7829	7837	7829	7813	6283	7812	7758	6110	7803	6321	7827	7803	6882	7804	7702	7749	7819	7824	7739	6647	75	87	6077	43	7774	7829	7821	7814	7829	7816	7769	7829	61	7828	7813	7747	6107	383	7803	55	7828	7827	7812	7799	7800	51	390	6891	7819	6629	6884	7811	7823	6887	7806	6083	59	7817	7829	7833	7765	58	7806	7829	50	388	7305	7804	7830	7833	7842	7750	7822	56	7044	6342	7816	7807	7808	7085	7735	7822	7811	7829	7803	7688	6643	63	53	7622	7826	7822	7805	7108	6622	7819	61	6518	7817	7808
ERR10368770	8392	8335	7958	8028	8350	8345	8037	8361	8326	6636	6213	8613	8319	8625	6250	8356	8322	8031	8631	8330	462	8027	8626	8625	7968	8226	6948	8020	8029	6510	464	8022	8332	8152	8347	8027	8329	7372	8351	8629	8285	392	0	8340	8629	8607	8324	8378	6804	8023	6426	8129	8231	7957	8625	8063	8027	452	8328	8626	6775	8361	8223	6594	8343	1168	6730	8030	8629	8024	4789	8451	6578	7107	8337	6597	6425	8024	6980	8198	24	8311	6961	8227	8617	8027	8025	8026	8626	8631	8349	8019	8132	8624	6744	8026	7953	8024	7885	6680	8336	6767	8027	8326	8623	8622	7003	453	8136	8020	8626	6487	1177	8626	452	8584	8407	7922	48	8013	8025	8624	8022	8625	8341	6938	8325	8361	8025	8026	8208	6206	8220	8308	8624	8029	8626	8026	22	8325	8023	8021	8331	22	8016	8329	8026	8023	8625	8028	8569	390	8630	8626	6658	6839	8342	8026	6681	6502	6962	452	7927	8629	7972	8333	7898	6455	8630	6939	8026	8029	8625	8029	8024	8328	8625	8628	6799	8452	8604	7928	8025	8626	8027	400	7973	8626	8325	8626	8624	6944	8019	7946	8020	453	6502	8016	6660	7110	8629	8021	24	462	8625	8627	6631	464	7926	8025	457	460	8334	8019	6630	8022	6582	24	23	8615	8018	22	8025	459	8042	8625	8622	8017	8626	8027	409	8626	8633	8626	8026	6539	8025	8057	6462	8120	6571	8622	8014	6676	8014	7927	7958	8033	8618	8270	6970	451	422	6424	405	8457	8626	8031	8027	8626	8613	8295	8626	454	8606	8022	8056	6455	29	8327	463	8624	8360	8023	8011	8015	461	37	6679	8028	6952	6681	8348	8615	6682	8024	6430	420	8027	8626	8629	8301	416	8335	8626	460	23	8006	8344	8626	8629	8635	7960	8356	419	6769	6287	8029	8016	8136	6803	7953	8619	8023	8626	8014	8461	7402	446	461	8368	8623	8612	8018	6803	6970	8030	424	7275	8027	8019
ERR10880230	81	56	48	53	81	80	66	356	67	10467	9629	88	73	88	9815	7	72	54	93	76	7708	55	88	88	48	200	10347	49	48	9650	7647	50	73	256	83	51	71	10655	156	93	87	7814	8340	0	93	102	75	85	10644	47	9529	64	85	49	88	161	49	7659	75	88	10558	85	72	9624	3	7859	10633	53	93	48	7052	66	9597	10103	107	9665	9516	48	10467	144	8343	70	10385	194	88	48	48	52	88	95	7	48	173	93	10499	49	227	47	44	10417	63	10613	51	67	88	91	10586	7625	174	41	88	9602	7984	88	7649	87	105	67	8410	250	56	88	48	87	90	10313	64	91	49	49	187	9596	73	66	88	53	88	50	8339	72	48	44	72	8450	43	72	48	47	87	52	92	7732	93	88	10487	10287	80	49	10324	9583	10447	7665	164	93	50	71	11856	9617	93	10572	47	55	88	49	48	75	88	93	10607	87	89	161	54	88	50	7773	50	88	68	88	88	10442	52	11946	54	7753	9614	57	10504	10163	92	47	8416	7716	88	89	9892	7652	307	48	7743	7688	68	49	10450	46	9757	8507	8548	88	50	8241	45	7647	131	89	89	45	89	52	7697	89	96	88	54	9696	48	147	9553	162	10308	89	41	10429	48	161	48	54	88	69	10510	7624	7720	9534	7790	67	88	50	54	88	88	66	88	7577	88	56	67	9579	8227	71	7711	88	90	48	38	47	7721	8455	10431	50	10535	10461	6	88	10422	55	9526	7778	51	88	93	66	7682	71	88	7711	8581	87	70	89	92	103	50	4	7792	10589	9932	52	49	174	10647	228	88	50	88	48	91	10812	7658	7734	85	89	88	47	10659	10366	60	7550	10578	51	49
ERR9941258	49	103	87	155	58	53	168	366	44	10516	9638	7	56	7	9824	95	46	155	4	50	7980	157	7	7	151	191	10357	150	89	9660	7798	151	51	267	56	152	44	10664	168	16	59	7831	8629	93	0	13	50	7	10690	146	9553	77	18	88	7	173	152	7810	47	7	10604	8	57	9633	94	7877	10688	154	16	150	7102	34	9606	10108	116	9712	9527	150	10478	132	8586	43	10394	184	8	87	150	153	7	4	98	153	184	2	10547	151	406	86	212	10464	36	10663	90	44	7	20	10593	7771	185	82	7	9613	8002	9	7798	6	21	251	8655	274	95	7	149	8	55	10323	38	20	151	152	177	9605	58	79	7	154	7	150	8595	48	149	82	45	8712	82	49	151	148	6	154	3	7745	4	7	10538	10298	58	151	10373	9595	10458	7815	187	16	151	48	11897	9628	4	10578	150	155	7	88	150	49	7	16	10655	6	9	184	93	7	151	7787	152	7	44	7	7	10450	154	11987	155	8020	9622	158	10559	10171	3	85	8670	7979	7	8	10024	7803	314	150	7787	7932	45	152	10505	147	9777	8770	8814	7	151	8491	85	7912	233	8	8	84	8	153	7712	8	19	7	155	9717	148	247	9563	173	10359	8	79	10471	150	186	87	156	7	45	10522	7773	7735	9545	8044	35	7	90	155	7	7	78	7	7629	7	156	44	9590	8495	44	7969	7	19	150	77	148	7991	8722	10466	90	10543	10508	90	7	10469	158	9535	7794	153	7	16	79	7710	48	7	7957	8846	15	43	8	12	14	89	97	7809	10637	9940	154	150	185	10693	403	7	87	7	148	2	10819	7708	7974	18	8	7	148	10705	10376	161	7569	10581	153	149
CNSKFP_S19_L001	58	111	95	164	67	62	177	373	53	10480	9604	16	63	16	9793	104	55	163	13	59	7960	166	16	16	160	200	10321	159	96	9628	7780	158	59	269	65	160	53	10626	177	24	67	7810	8607	102	13	0	59	16	10658	154	9521	86	26	96	16	176	160	7791	55	16	10572	17	66	9600	103	7854	10654	163	24	159	7084	43	9574	10070	124	9679	9495	158	10442	138	8568	52	10358	193	17	95	158	161	16	15	107	161	187	13	10516	159	409	95	221	10433	45	10631	98	53	16	29	10555	7753	188	90	16	9580	7978	18	7781	15	8	260	8634	277	104	16	158	17	64	10283	47	29	160	159	186	9572	67	88	16	163	16	159	8575	57	158	90	54	8691	91	58	159	157	15	163	12	7727	13	16	10503	10260	67	160	10342	9562	10421	7798	190	24	159	57	11861	9596	13	10541	158	164	16	97	158	58	16	24	10624	15	18	187	101	16	159	7769	160	16	53	16	16	10414	163	11950	164	8000	9589	166	10524	10135	12	94	8649	7959	16	17	9992	7786	320	158	7771	7912	54	160	10469	156	9746	8750	8798	16	160	8474	94	7892	241	17	17	92	17	161	7693	17	28	16	163	9686	157	255	9531	176	10324	17	87	10440	159	189	95	165	16	54	10485	7755	7716	9513	8023	44	16	98	163	16	16	87	16	7613	16	165	53	9558	8474	53	7949	16	28	158	86	157	7969	8701	10434	97	10507	10477	99	16	10438	166	9503	7774	160	16	24	88	7691	57	16	7937	8830	24	52	17	21	1	97	106	7788	10606	9908	162	159	188	10661	406	16	95	16	156	11	10785	7691	7953	27	17	15	156	10673	10339	169	7550	10542	161	157
ERR6753111	38	76	72	132	28	28	143	295	16	10401	9583	48	33	48	9678	76	20	133	51	5	7697	134	48	48	128	39	10340	128	73	9643	7761	129	29	179	31	130	19	10579	89	53	37	7661	8324	75	50	59	0	48	10463	120	9520	33	48	73	48	84	128	7781	33	48	10376	45	25	9616	76	7849	10566	132	53	128	6865	26	9589	10086	72	9657	9510	127	10395	118	8311	18	10377	41	49	72	127	131	48	52	80	127	95	50	10385	128	359	72	197	10287	23	10426	75	16	48	51	10574	7744	97	65	48	9581	7973	50	7769	47	64	201	8370	179	80	48	126	49	38	10245	24	51	128	129	33	9550	26	35	48	132	48	129	8308	20	127	68	20	8415	67	26	127	126	47	132	50	7587	51	48	10422	10281	30	128	10197	9575	10369	7785	92	53	129	25	11224	9577	51	10473	127	134	48	73	128	23	48	53	10459	47	49	89	78	48	129	7708	129	48	11	48	48	10362	131	11311	133	7737	9594	136	10445	10148	50	71	8382	7704	48	49	9683	7768	296	127	7652	7676	17	127	10386	125	9611	8473	8513	48	128	8208	70	7635	210	49	49	69	48	131	7681	49	56	48	133	9547	127	226	9546	84	9592	49	65	10282	126	89	72	134	48	19	10429	7743	7617	9528	7774	27	48	74	132	48	48	35	48	7536	48	134	18	9572	8214	19	7699	48	50	127	62	126	7705	8420	10295	75	10440	10326	71	48	10292	135	9517	7762	130	48	53	35	7670	14	48	7699	8546	51	30	49	52	60	74	77	7776	10434	9758	132	127	97	10484	355	48	73	48	127	49	10792	7620	7718	47	49	48	126	10473	10359	139	7538	10557	131	128
CNS1F3_S9_L001	44	96	80	149	55	50	162	360	41	10247	9404	0	51	0	9589	88	42	148	7	48	7748	150	0	0	145	186	10121	144	80	9421	7564	143	45	258	52	145	40	10424	163	10	54	7600	8378	85	7	16	48	0	10417	140	9322	72	13	81	0	168	145	7578	40	0	10334	3	54	9395	86	7630	10417	148	10	144	6919	29	9371	9863	110	9471	9294	143	10242	127	8338	40	10161	179	1	79	143	146	0	9	90	146	179	7	10272	144	398	80	206	10193	29	10391	83	41	0	14	10357	7539	180	75	0	9375	7750	2	7566	1	23	243	8407	269	88	0	143	1	53	10083	31	14	145	144	172	9371	55	74	0	148	0	144	8350	45	143	75	42	8463	76	44	144	142	1	148	6	7515	7	0	10270	10062	54	145	10105	9364	10220	7583	180	10	144	43	11663	9395	7	10338	143	149	0	82	143	46	0	10	10380	1	2	177	85	0	144	7556	145	0	41	0	0	10216	148	11753	149	7791	9383	151	10292	9930	6	79	8421	7747	0	1	9790	7569	305	143	7559	7700	42	145	10229	141	9545	8522	8565	0	145	8243	79	7680	226	1	1	77	1	146	7481	1	14	0	148	9483	142	242	9331	168	10112	1	73	10203	144	179	80	150	0	42	10286	7541	7504	9314	7812	30	0	83	148	0	0	73	0	7401	0	150	41	9360	8244	40	7737	0	13	143	71	142	7760	8473	10201	83	10299	10241	83	0	10200	151	9306	7562	145	0	10	74	7474	45	0	7725	8596	11	36	1	7	17	82	89	7578	10363	9692	147	144	180	10425	395	0	80	0	141	5	10582	7479	7744	14	1	0	141	10440	10140	154	7336	10343	146	142
SRR13277416	10493	10513	10580	10644	10655	10641	10652	10316	10638	667	1722	10683	10459	10685	421	10643	10635	10643	10695	10465	6991	10635	10690	10689	10577	10533	2803	10641	10640	690	6993	10639	10458	10655	10647	10640	10633	2848	10391	10693	10276	7105	6804	10644	10690	10658	10463	10417	0	10464	700	10626	10284	10583	10690	10557	10638	6993	10632	10690	19	10649	10632	845	10641	7436	702	10645	10693	10637	288	10639	847	2699	10516	871	698	10637	2882	10642	6788	10587	2829	10540	10689	10641	10638	10640	10690	10691	10647	10639	10639	10688	5	10639	10565	10639	10554	355	10627	15	10642	10641	10690	10695	2920	6967	10641	10631	10690	748	7529	10690	6993	10643	10458	10547	6826	10472	10649	10685	10636	10689	10462	2798	10625	10656	10641	10638	10518	1715	10634	10615	10689	10639	10689	10640	6758	10635	10640	10637	10635	6866	10636	10635	10639	10635	10689	10641	10633	7016	10695	10690	656	2626	10641	10641	37	749	2863	7013	10468	10694	10618	10633	2790	714	10695	2952	10637	10641	10688	10640	10636	10640	10695	10693	5	10479	10686	10465	10638	10687	10639	7076	10620	10690	10632	10689	10688	2873	10527	2832	10641	7016	725	10636	669	2696	10692	10640	6816	6995	10688	10690	958	7003	10387	10636	6995	6972	10635	10638	661	10636	1052	6910	6947	10677	10639	6725	10638	6940	10580	10689	10691	10637	10690	10642	7017	10690	10698	10690	10637	1038	10636	10583	708	10633	985	10690	10633	384	10637	10464	10581	10643	10688	10574	2905	6969	7033	698	7057	10643	10690	10645	10638	10690	10681	10619	10690	6899	10684	10646	10574	706	6858	10635	6981	10689	10655	10636	10629	10634	6996	6858	365	10651	2921	413	10640	10689	374	10527	700	7051	10641	10690	10693	10613	6985	10636	10689	6991	6966	10024	10589	10690	10695	10704	10582	10646	7059	12	437	10640	10638	10638	34	10564	10689	10640	10690	10637	10500	2913	6987	7002	10419	10689	10677	10636	15	2832	10643	6932	2862	10641	10638
ERR9079508	138	55	9	13	92	133	24	327	111	10403	9584	140	119	142	9671	59	113	13	147	124	7705	12	142	142	6	120	10340	9	15	9643	7675	8	121	223	138	9	122	10383	173	146	137	7673	8023	47	146	154	120	140	10464	0	9519	122	138	9	142	120	8	7689	116	142	10377	139	111	9617	54	7859	10567	13	146	7	6866	56	9590	9871	158	9658	9509	7	10395	131	8026	124	10378	122	92	9	7	9	142	148	51	7	139	146	10385	8	137	7	75	10288	115	10427	16	111	142	145	10576	7656	138	8	142	9580	7983	144	7680	141	157	96	8081	203	17	142	8	143	135	10245	111	145	9	7	115	9551	112	118	142	12	142	11	8012	117	10	13	117	8116	13	127	7	6	141	12	146	7599	147	142	10423	10280	105	9	10194	9574	10369	7696	113	146	11	126	10522	9576	147	10476	6	13	142	19	7	104	142	146	10459	140	142	113	16	142	9	7720	9	142	119	142	142	10363	11	10588	10	7748	9595	6	10446	9944	146	13	8084	7713	142	143	9683	7681	299	6	7657	7685	122	8	10387	6	9612	8175	8215	142	10	7915	16	7644	68	143	143	14	143	11	7693	143	150	142	8	9547	8	81	9546	114	9593	143	9	10283	8	112	9	14	142	125	10429	7655	7629	9527	7786	57	142	19	8	142	142	105	142	7545	138	15	62	9572	8113	119	7708	142	144	7	6	6	7716	8122	10297	12	10442	10327	54	142	10293	13	9517	7774	9	142	146	112	7681	128	142	7708	8245	140	122	143	146	156	11	57	7788	10434	9751	10	9	138	10485	137	142	15	142	6	144	10561	7630	7728	136	143	142	6	10474	10358	13	7549	10328	8	8
SRR7884719	9523	9517	9527	9529	9535	9531	9540	9527	9521	683	912	9543	9516	9549	137	9530	9523	9531	9554	9521	6099	9523	9549	9549	9523	9513	2015	9526	9528	92	6118	9527	9514	9608	9534	9527	9522	2032	9524	9554	9517	6079	6426	9529	9553	9521	9520	9322	700	9519	0	9518	9210	9527	9549	9512	9526	6114	9523	9549	691	9533	9521	92	9530	6558	712	9530	9554	9524	606	9529	92	1940	9522	94	1	9525	2034	9528	6419	9483	2023	9515	9549	9527	9525	9528	9549	9555	9534	9525	9528	9553	690	9526	9508	9524	9517	676	9513	693	9529	9521	9549	9553	2107	6087	9527	9520	9549	93	6637	9551	6099	9514	9337	9491	6428	9521	9534	9549	9523	9549	9518	1964	9513	9540	9526	9526	9509	912	9522	9513	9549	9528	9549	9526	6381	9523	9525	9524	9522	6467	9522	9523	9525	9523	9548	9528	9552	6033	9554	9549	677	1991	9531	9526	716	76	2016	6132	9514	9554	9527	9522	1989	32	9554	2083	9524	9530	9549	9529	9525	9526	9549	9553	698	9421	9549	9513	9526	9549	9527	6141	9526	9549	9520	9549	9548	2029	9528	2032	9527	6110	82	9524	687	1919	9553	9526	6436	6088	9549	9550	96	6127	9505	9524	6085	6087	9522	9526	685	9523	87	6513	6528	9541	9527	6338	9525	6064	9528	9549	9550	9525	9549	9529	6108	9549	9557	9549	9526	80	9525	9529	35	9522	94	9550	9520	674	9525	9513	9527	9531	9547	9522	2054	6088	6092	1	6159	9530	9549	9530	9526	9549	9549	9514	9549	6032	9544	9531	9522	0	6469	9522	6098	9549	9539	9525	9518	9523	6099	6463	682	9528	2054	677	9525	9549	675	9531	1	6137	9528	9549	9554	9514	6090	9523	9549	6102	6545	9022	9520	9550	9553	9561	9529	9531	6142	688	139	9528	9526	9527	719	9508	9549	9527	9549	9523	9401	2094	6106	6101	9348	9550	9543	9524	702	2039	9530	6051	2060	9526	9526
ERR6806714	68	75	61	128	39	35	142	290	25	10452	9611	72	26	72	9802	66	27	129	77	34	7686	130	72	72	125	165	10335	124	62	9636	7757	125	23	237	38	125	26	10640	89	77	41	7787	8129	64	77	86	33	72	10626	122	9518	0	72	61	72	146	125	7772	29	72	10538	40	39	9611	65	7839	10619	128	77	123	7033	49	9584	10081	39	9652	9505	124	10455	103	8113	25	10372	159	73	61	124	126	72	79	69	123	154	77	10487	125	347	61	187	10402	17	10594	63	25	72	75	10569	7737	155	53	72	9591	7963	74	7759	71	91	197	8169	248	68	72	123	73	43	10301	18	46	125	126	153	9578	40	24	72	127	72	124	8113	27	123	57	27	8218	56	27	124	121	71	128	76	7701	77	72	10474	10276	39	125	10301	9572	10435	7778	162	77	125	26	11098	9606	77	10554	123	130	72	62	124	30	72	77	10595	71	74	159	67	72	125	7745	125	72	26	72	72	10429	127	11183	128	7727	9596	132	10491	10145	76	60	8184	7693	72	73	9909	7762	290	122	7703	7665	26	125	10437	121	9755	8277	8317	72	125	8014	59	7624	207	73	73	58	73	127	7671	73	80	72	128	9695	123	222	9541	147	10302	73	53	10414	123	159	61	130	72	26	10498	7735	7693	9523	7762	50	72	63	129	72	72	24	72	7535	72	130	27	9567	8216	26	7688	72	45	123	51	121	7695	8225	10412	63	10520	10446	60	72	10407	130	9512	7751	126	72	77	24	7661	29	72	7690	8351	75	24	73	76	87	63	66	7765	10577	9917	127	125	155	10631	344	72	62	72	122	75	10792	7612	7707	71	73	72	122	10639	10354	135	7528	10554	127	124
CLL6CH_S17_L001	46	92	78	146	54	50	158	359	40	10106	9282	14	51	14	9466	87	43	145	18	48	7641	148	14	14	142	187	9964	141	81	9305	7441	141	46	256	53	143	41	10265	163	19	55	7492	8231	85	18	26	48	13	10284	138	9210	72	0	79	14	167	143	7453	40	14	10199	11	54	9279	86	7516	10271	144	19	141	6825	30	9253	9721	111	9357	9182	141	10074	125	8195	40	9994	180	15	78	141	143	14	20	90	144	177	18	10142	142	380	77	187	10065	30	10257	81	41	14	16	10199	7417	178	74	14	9260	7634	16	7444	13	33	226	8258	262	86	14	141	15	54	9932	31	16	142	143	173	9252	54	73	14	145	14	141	8202	45	140	73	42	8316	74	45	142	139	13	145	17	7410	18	14	10122	9908	54	142	9981	9250	10065	7460	178	19	142	44	11480	9276	18	10184	141	145	14	79	141	46	14	19	10250	13	16	176	85	14	142	7452	143	14	41	14	14	10055	145	11563	146	7684	9271	149	10141	9789	17	77	8274	7641	14	15	9679	7446	302	141	7455	7594	42	143	10086	138	9426	8375	8423	14	142	8100	76	7574	224	15	15	75	15	143	7377	15	21	14	146	9371	139	240	9217	166	9976	15	71	10077	141	177	78	145	14	41	10121	7419	7397	9204	7708	30	14	81	146	14	14	72	14	7302	14	146	40	9239	8099	41	7631	14	15	141	69	139	7654	8324	10071	80	10140	10110	82	14	10076	145	9194	7458	143	14	19	73	7367	45	14	7619	8454	20	35	15	19	27	80	89	7473	10232	9580	145	141	177	10290	377	14	79	14	139	16	10430	7374	7638	15	15	14	139	10304	9981	152	7230	10188	144	140
ERR10880377	78	49	0	10	79	75	22	350	65	10406	9627	83	71	83	9813	51	67	10	88	74	7644	12	83	83	5	191	10286	6	17	9648	7642	5	67	163	78	6	66	10386	150	87	79	7749	7957	49	88	96	73	81	10583	9	9527	61	79	0	83	68	5	7654	69	83	10556	80	65	9622	50	7855	10572	10	87	2	6990	60	9595	9812	99	9663	9514	4	10406	71	7961	65	10323	185	83	6	4	4	83	90	54	2	78	88	10438	5	86	6	42	10356	57	10552	18	65	83	86	10525	7620	78	10	83	9600	7979	85	7644	82	101	63	8020	156	14	83	5	84	82	10252	58	86	6	4	179	9594	66	60	83	9	83	14	7948	67	13	16	67	8052	16	69	4	2	82	9	87	7668	88	83	10426	10226	78	6	10249	9581	10386	7660	67	87	14	68	10469	9615	88	10511	2	10	83	22	2	70	83	87	10546	81	84	67	19	83	6	7768	6	83	66	83	83	10380	8	10536	7	7689	9612	5	10443	9886	87	16	8021	7652	83	84	9890	7647	304	3	7649	7624	66	4	10389	3	9755	8111	8152	83	6	7850	18	7583	87	84	84	17	84	8	7692	84	91	83	5	9694	5	101	9551	67	10306	84	12	10368	2	66	0	11	83	66	10449	7619	7715	9532	7725	61	83	22	6	83	83	60	83	7541	83	12	65	9577	8048	66	7647	83	85	2	9	3	7657	8057	10370	5	10474	10400	45	83	10361	10	9524	7713	6	83	87	60	7618	69	83	7647	8182	80	64	84	87	98	2	51	7728	10528	9930	7	5	78	10586	87	83	18	83	3	85	10506	7626	7670	79	84	83	3	10597	10305	10	7545	10275	7	5
CIT15EB1_S3_L001	45	98	82	150	55	50	163	363	41	10513	9636	0	52	0	9822	90	43	150	7	48	7975	152	0	0	146	187	10353	145	84	9656	7792	146	47	262	53	147	41	10663	164	11	55	7828	8625	88	7	16	48	0	10690	142	9549	72	14	83	0	168	147	7804	42	0	10603	3	54	9629	89	7873	10686	149	11	145	7100	29	9602	10107	111	9708	9523	145	10474	127	8590	40	10390	180	1	82	145	148	0	9	93	148	179	7	10543	146	401	81	207	10460	31	10662	85	41	0	15	10597	7765	180	77	0	9609	7997	2	7792	1	23	246	8657	268	90	0	144	1	53	10319	33	15	146	147	173	9603	55	74	0	149	0	145	8598	45	144	77	42	8713	77	44	146	143	1	149	6	7743	7	0	10535	10294	55	146	10370	9591	10454	7809	182	11	146	43	11894	9624	7	10576	145	150	0	83	145	46	0	11	10652	1	2	179	88	0	146	7785	147	0	41	0	0	10446	149	11984	150	8018	9620	153	10555	10172	6	80	8671	7974	0	1	10022	7797	310	145	7782	7927	42	147	10502	142	9773	8772	8818	0	146	8494	80	7907	228	1	1	79	1	148	7709	1	14	0	150	9713	143	244	9559	168	10355	1	74	10467	145	181	82	151	0	42	10518	7767	7732	9541	8042	30	0	85	150	0	0	73	0	7624	0	151	41	9586	8494	41	7964	0	14	145	72	143	7988	8723	10464	85	10540	10504	85	0	10465	153	9533	7792	148	0	11	74	7705	45	0	7952	8850	11	38	1	7	17	84	92	7807	10634	9938	149	145	180	10696	398	0	82	0	143	5	10829	7704	7971	14	1	0	143	10711	10371	156	7564	10589	148	144
ERR5751726	165	144	68	126	100	108	139	239	78	10383	9591	168	155	168	9799	185	70	127	173	89	7643	120	168	168	121	278	10272	122	69	9631	7883	123	151	124	162	123	100	10661	210	173	164	7744	8063	161	173	176	84	168	10557	120	9512	146	167	68	168	0	122	7897	111	168	10531	164	136	9597	108	7850	10545	126	173	120	6979	98	9575	10116	183	9638	9500	121	10383	103	8052	122	10305	270	169	66	121	124	168	175	86	136	32	173	10424	122	468	67	306	10316	105	10527	71	77	168	171	10501	7861	31	61	168	9580	7975	170	7885	163	167	307	8095	121	73	168	120	169	97	10229	87	170	122	123	265	9556	95	100	168	125	168	122	8050	79	121	64	98	8156	63	152	121	119	167	125	172	7661	173	168	10402	10210	88	122	10228	9566	10365	7902	33	173	123	151	10646	9597	173	10490	120	128	168	69	121	104	168	173	10524	141	169	32	73	168	123	7762	123	168	122	168	168	10361	122	10720	126	7684	9593	130	10414	10174	172	67	8124	7650	168	169	9867	7888	297	120	7646	7622	70	122	10367	119	9739	8214	8254	168	123	7950	66	7581	126	169	169	65	169	125	7687	169	176	168	126	9676	121	127	9535	18	10289	169	61	10330	121	32	68	127	158	81	10429	7860	7710	9518	7720	106	168	70	127	168	167	71	168	7538	167	126	81	9562	8149	102	7645	168	169	121	58	119	7653	8161	10330	71	10443	10363	114	168	10319	127	9504	7708	124	168	173	96	7615	115	168	7645	8286	141	72	169	172	183	70	161	7723	10497	9907	124	122	32	10560	465	168	69	168	120	152	10815	7624	7666	166	169	164	120	10574	10292	133	7542	10577	124	122
ERR11219811	144	57	5	9	94	135	21	360	113	10464	9623	145	128	147	9812	61	115	9	152	132	7710	8	147	147	3	240	10344	5	18	9647	7685	4	129	227	140	5	124	10445	209	151	141	7814	8027	49	152	160	128	145	10638	8	9526	125	143	5	147	122	0	7695	120	147	10552	143	113	9621	56	7862	10629	9	151	3	7046	60	9594	9872	160	9662	9513	1	10464	134	8028	126	10382	233	97	3	1	5	147	154	53	4	142	152	10496	2	135	5	77	10414	118	10607	19	113	147	150	10580	7661	141	11	147	9599	7987	149	7685	146	163	98	8084	205	11	147	2	148	145	10310	114	149	3	1	227	9590	114	122	147	9	147	13	8014	119	13	16	119	8119	16	130	1	2	146	9	151	7731	152	147	10484	10284	107	3	10307	9580	10444	7701	116	151	13	129	10526	9614	152	10566	3	10	147	22	3	106	147	151	10604	145	147	116	19	147	5	7772	3	147	121	147	147	10439	5	10593	6	7752	9608	3	10501	9947	151	16	8087	7718	147	148	9887	7690	303	2	7713	7690	124	2	10447	2	9754	8177	8217	147	7	7918	19	7649	48	148	148	17	148	7	7697	148	155	147	4	9693	4	64	9550	117	10305	148	12	10426	4	115	5	11	147	127	10507	7660	7720	9531	7790	61	147	22	6	147	147	109	147	7549	143	12	64	9576	8117	121	7713	147	148	3	9	3	7721	8125	10425	9	10532	10458	56	147	10419	10	9521	7778	6	147	151	116	7685	130	147	7713	8247	143	125	148	151	162	7	59	7792	10586	9929	7	3	141	10641	136	147	18	147	3	149	10563	7634	7733	141	148	147	2	10653	10363	10	7553	10330	6	4
ERR4401598	7776	7636	7656	7697	7795	7796	7706	7768	7786	6837	5900	7793	7781	7805	6254	7665	7785	7699	7811	7783	82	7696	7806	7806	7692	7781	6615	7689	7661	6199	24	7691	7780	7977	7796	7696	7784	6667	7796	7809	7785	76	452	7659	7810	7791	7781	7578	6993	7689	6114	7772	7453	7654	7804	7897	7695	0	7783	7806	6957	7800	7786	6287	7657	824	6939	7698	7809	7693	5232	7611	6266	6398	7777	6290	6112	7692	6644	7784	414	7765	6623	7786	7669	7661	7693	7696	7806	7812	7668	7691	7907	7808	6922	7694	7636	7657	7573	6878	7780	6953	7663	7786	7803	7809	6670	5	7911	7653	7806	6176	833	7807	4	7771	7602	7619	453	7887	7660	7806	7690	7805	7788	6606	7776	7806	7694	7695	7770	5889	7784	7755	7806	7697	7806	7694	395	7785	7695	7656	7787	438	7652	7781	7693	7691	7805	7698	7808	73	7810	7806	6848	6501	7793	7694	6858	6184	6629	3	7803	7810	7636	7786	6798	6151	7810	6607	7693	7698	7805	7663	7696	7791	7806	7808	6983	7670	7805	7800	7660	7806	7695	66	7636	7805	7783	7806	7804	6610	7688	6836	7690	73	6190	7686	6859	6420	7809	7657	425	82	7806	7807	6235	24	7629	7693	93	78	7787	7688	6831	7691	6277	446	450	7794	7691	418	7659	79	7771	7806	7804	7653	7805	7697	61	7806	7814	7806	7694	6229	7693	7788	6147	7902	6263	7806	7650	6875	7686	7800	7656	7700	7802	7781	6638	4	70	6109	71	7615	7806	7664	7695	7806	7803	7750	7806	92	7805	7694	7651	6142	440	7783	83	7805	7805	7693	7648	7683	79	453	6883	7662	6619	6880	7656	7801	6880	7692	6118	86	7698	7806	7810	7751	86	7786	7806	78	451	7336	7785	7807	7809	7819	7658	7665	84	6951	6291	7697	7689	7911	6987	7636	7801	7659	7806	7683	7657	6670	92	81	7604	7804	7795	7688	6985	6634	7699	77	6546	7695	7690
ERR9976609	40	84	68	123	41	37	137	309	27	10458	9620	42	39	42	9809	77	29	124	47	34	7697	125	42	42	120	155	10340	119	67	9643	7768	120	34	194	40	121	28	10645	122	47	42	7799	8328	75	47	55	33	40	10632	116	9523	29	40	69	42	111	120	7783	0	42	10547	39	29	9616	76	7848	10624	123	47	119	7043	21	9589	10090	68	9657	9510	119	10460	114	8325	27	10377	149	43	68	119	122	42	49	80	118	123	47	10490	120	358	68	194	10409	12	10602	71	27	42	45	10575	7745	124	61	42	9596	7973	44	7769	41	60	191	8392	201	76	42	118	43	44	10306	13	45	120	121	142	9587	30	31	42	123	42	120	8321	29	118	64	29	8432	63	29	119	117	41	123	46	7716	47	42	10479	10281	41	120	10316	9576	10440	7786	115	47	120	28	11869	9611	47	10560	118	125	42	69	119	32	42	47	10598	39	44	112	74	42	120	7757	120	42	28	42	42	10434	123	11959	124	7737	9604	127	10496	10151	46	67	8397	7704	42	43	9882	7773	296	118	7734	7676	28	120	10442	116	9749	8489	8530	42	120	8224	65	7635	202	43	43	65	43	122	7682	43	50	42	124	9689	118	217	9546	112	10300	43	61	10421	118	112	68	125	42	28	10503	7744	7705	9528	7774	22	42	70	124	42	42	31	42	7567	42	126	28	9572	8216	28	7699	42	44	118	58	117	7706	8437	10420	70	10526	10453	71	42	10414	126	9518	7763	121	42	47	31	7670	31	42	7699	8563	42	19	43	46	56	70	77	7777	10580	9925	123	120	124	10635	355	42	69	42	118	43	10798	7648	7719	42	43	42	117	10647	10358	130	7538	10562	122	119
CIS15MR1_S17_L001	45	98	82	150	55	50	163	362	41	10513	9636	0	52	0	9822	90	43	150	7	48	7976	152	0	0	146	187	10353	145	84	9656	7794	146	47	262	53	147	41	10661	164	11	55	7829	8626	88	7	16	48	0	10690	142	9549	72	14	83	0	168	147	7806	42	0	10603	3	54	9629	89	7873	10686	149	11	145	7100	29	9602	10105	111	9708	9523	145	10474	127	8589	40	10390	180	1	82	145	148	0	9	93	148	179	7	10543	146	401	81	207	10460	31	10662	85	41	0	15	10596	7767	180	77	0	9609	7998	2	7794	1	23	246	8657	269	90	0	144	1	53	10319	33	15	146	147	173	9603	55	74	0	149	0	145	8597	45	144	77	42	8713	77	44	146	143	1	149	6	7744	7	0	10535	10294	55	146	10370	9591	10454	7811	182	11	146	43	11894	9624	7	10576	145	150	0	83	145	46	0	11	10652	1	2	179	88	0	146	7786	147	0	41	0	0	10446	149	11984	150	8020	9620	153	10555	10170	6	80	8671	7975	0	1	10022	7799	310	145	7783	7928	42	147	10502	142	9773	8772	8818	0	146	8495	80	7908	228	1	1	79	1	148	7710	1	14	0	150	9713	143	244	9559	168	10355	1	74	10467	145	181	82	151	0	42	10518	7769	7733	9541	8043	30	0	85	150	0	0	73	0	7625	0	151	41	9586	8493	41	7965	0	14	145	72	143	7989	8723	10464	85	10539	10504	85	0	10465	153	9533	7793	148	0	11	74	7706	45	0	7953	8850	11	38	1	7	17	84	92	7808	10634	9938	149	145	180	10695	398	0	82	0	143	5	10827	7706	7972	14	1	0	143	10709	10372	156	7565	10586	148	144
SRR13313309	10406	10427	10553	10558	10564	10555	10566	10288	10550	648	1709	10597	10370	10599	406	10557	10549	10557	10608	10378	6957	10549	10603	10603	10550	10445	2791	10555	10554	679	6957	10553	10368	10625	10561	10554	10547	2825	10302	10607	10248	7072	6775	10558	10604	10572	10376	10334	19	10377	691	10538	10199	10556	10603	10531	10552	6957	10547	10603	0	10562	10546	833	10555	7398	683	10559	10607	10551	286	10553	834	2687	10428	857	686	10551	2864	10554	6752	10502	2816	10451	10603	10555	10552	10554	10603	10605	10561	10553	10551	10602	17	10553	10537	10553	10528	338	10541	12	10556	10550	10603	10607	2908	6932	10553	10545	10603	737	7492	10604	6956	10557	10366	10520	6790	10389	10563	10599	10550	10603	10374	2777	10539	10569	10555	10552	10430	1703	10548	10529	10602	10553	10603	10554	6724	10549	10554	10551	10549	6831	10550	10549	10553	10549	10602	10555	10606	6975	10608	10603	638	2615	10554	10555	39	737	2841	6975	10384	10608	10533	10547	2777	702	10608	2930	10551	10555	10602	10554	10550	10554	10603	10607	18	10390	10603	10381	10552	10600	10553	7033	10535	10603	10546	10603	10602	2852	10441	2819	10555	6978	711	10549	650	2685	10606	10554	6780	6958	10602	10604	940	6968	10356	10550	6954	6941	10549	10552	642	10550	1033	6874	6911	10591	10553	6689	10552	6903	10553	10603	10604	10551	10603	10556	6986	10603	10611	10603	10551	1021	10550	10556	697	10547	973	10604	10547	367	10551	10380	10554	10557	10601	10547	2883	6931	6994	686	7021	10557	10603	10559	10552	10603	10602	10533	10603	6871	10598	10559	10547	693	6822	10549	6952	10603	10568	10550	10543	10548	6958	6823	350	10558	2898	400	10554	10603	359	10441	689	7016	10555	10603	10607	10527	6949	10550	10603	6961	6931	9993	10503	10604	10606	10617	10555	10560	7022	17	423	10554	10552	10550	39	10537	10603	10554	10603	10551	10412	2900	6951	6965	10331	10604	10591	10550	20	2821	10557	6899	2850	10555	10552
CAAP2A_S14_L001	37	94	79	147	52	47	160	331	38	10468	9632	3	49	3	9819	87	40	147	8	45	7714	148	3	3	143	176	10350	141	80	9653	7788	143	44	258	50	144	38	10660	131	8	52	7822	8361	85	8	17	45	3	10649	139	9533	40	11	80	3	164	143	7800	39	3	10562	0	51	9626	86	7867	10636	146	8	142	7055	26	9599	10104	78	9667	9520	142	10470	124	8366	37	10387	170	4	79	142	145	3	10	90	141	176	8	10502	143	369	78	204	10419	28	10617	82	38	3	12	10594	7764	176	73	3	9606	7992	5	7788	2	24	214	8420	266	87	3	141	4	50	10316	30	12	143	144	163	9599	52	41	3	146	3	142	8363	39	141	74	39	8473	74	41	142	140	2	146	7	7738	8	3	10490	10291	52	143	10329	9587	10450	7805	179	8	143	40	11891	9621	8	10573	141	147	3	80	142	43	3	8	10611	2	5	176	85	3	143	7780	144	3	38	3	3	10443	146	11981	147	7759	9617	150	10506	10168	7	77	8436	7721	3	4	9895	7793	306	142	7748	7693	38	143	10453	139	9759	8530	8570	3	143	8264	77	7652	225	4	4	76	4	145	7704	4	11	3	147	9699	140	241	9556	164	10311	4	71	10431	141	177	79	148	3	39	10514	7763	7727	9538	7797	27	3	81	146	3	3	41	3	7586	3	148	38	9582	8248	38	7716	3	11	142	69	140	7727	8477	10433	82	10536	10463	82	3	10424	149	9530	7786	144	3	8	41	7690	42	3	7716	8603	9	35	4	7	18	81	88	7801	10593	9935	146	142	177	10655	366	3	79	3	140	6	10824	7666	7739	11	4	3	140	10669	10369	153	7558	10586	145	141
ERR6806833	51	78	64	117	37	29	129	333	10	10456	9617	54	49	54	9805	83	4	118	57	29	7701	119	54	54	113	146	10338	113	65	9641	7772	114	45	241	33	115	13	10617	128	59	48	7805	8223	72	57	66	25	54	10632	111	9521	39	54	65	54	136	113	7786	29	54	10546	51	0	9614	79	7854	10623	117	59	113	7040	18	9587	10059	77	9655	9508	112	10458	123	8239	19	10375	139	55	64	112	116	54	59	76	112	157	57	10490	113	226	64	189	10407	27	10601	67	10	54	57	10573	7749	158	57	54	9594	7979	56	7774	53	71	186	8292	220	72	54	111	55	55	10304	23	57	113	114	132	9584	1	41	54	117	54	114	8222	12	112	60	16	8330	59	35	112	111	53	117	56	7723	57	54	10477	10279	37	113	10307	9575	10438	7790	133	59	114	34	11256	9609	57	10558	112	117	54	65	113	11	54	59	10598	53	55	130	64	54	114	7764	114	54	18	54	54	10432	116	11328	115	7743	9602	113	10494	10118	56	63	8297	7708	54	55	9880	7778	294	112	7726	7680	21	113	10440	110	9747	8388	8428	54	114	8128	62	7639	195	55	55	61	54	116	7688	55	62	54	114	9687	112	211	9544	131	10298	55	57	10419	112	130	64	119	54	20	10501	7748	7711	9526	7781	19	54	66	114	54	54	28	54	7563	50	119	12	9570	8113	10	7703	54	56	112	54	111	7711	8335	10418	67	10524	10451	79	54	10412	120	9516	7769	115	54	59	35	7676	27	54	7703	8459	57	34	55	58	67	66	82	7783	10580	9921	117	113	157	10635	223	54	65	54	112	55	10764	7652	7723	53	55	54	111	10647	10356	118	7544	10529	116	113
ERR4338896	9606	9611	9622	9624	9628	9624	9635	9668	9614	812	971	9623	9612	9629	181	9625	9616	9626	9634	9617	6277	9618	9629	9629	9618	9608	2040	9621	9623	17	6289	9622	9610	9702	9627	9622	9615	2064	9662	9634	9605	6255	6594	9624	9633	9600	9616	9395	845	9617	92	9611	9279	9622	9629	9597	9621	6287	9616	9629	833	9626	9614	0	9625	6725	846	9625	9634	9619	761	9609	7	1966	9648	2	93	9620	2068	9621	6575	9575	2050	9610	9629	9622	9620	9623	9629	9635	9629	9620	9621	9633	836	9621	9601	9619	9612	660	9606	839	9625	9614	9629	9633	2135	6264	9620	9615	9629	122	6808	9631	6266	9593	9413	9584	6595	9703	9629	9629	9617	9629	9614	1991	9606	9633	9621	9621	9604	966	9615	9607	9629	9623	9629	9622	6546	9616	9621	9619	9615	6648	9617	9616	9620	9618	9628	9623	9632	6178	9634	9629	809	2022	9624	9621	857	142	2044	6304	9612	9634	9623	9615	2014	102	9634	2110	9619	9625	9629	9624	9620	9619	9629	9633	839	9501	9629	9611	9621	9629	9622	6317	9622	9629	9613	9629	9628	2056	9623	2058	9622	6285	108	9619	815	1942	9633	9622	6602	6263	9629	9630	151	6298	9602	9619	6251	6254	9615	9621	815	9618	109	6683	6709	9621	9622	6497	9620	6235	9623	9629	9630	9620	9629	9624	6282	9630	9637	9629	9621	99	9620	9624	103	9615	109	9630	9615	658	9620	9611	9622	9626	9627	9615	2083	6264	6255	93	6338	9610	9629	9625	9621	9629	9629	9608	9629	6185	9624	9626	9615	94	6640	9615	6271	9629	9632	9620	9613	9618	6274	6630	665	9623	2079	660	9620	9629	659	9625	95	6312	9623	9629	9634	9608	6282	9616	9629	6274	6727	9091	9613	9630	9633	9642	9624	9626	6316	835	181	9623	9621	9620	867	9601	9629	9623	9629	9618	9478	2120	6278	6278	9419	9630	9623	9619	843	2066	9625	6223	2087	9621	9621
ERR10176869	81	57	49	60	82	81	72	354	68	10468	9626	89	74	89	9816	8	73	61	94	77	7706	62	89	89	55	207	10348	56	50	9651	7645	57	74	203	84	58	72	10655	157	94	88	7808	8343	3	94	103	76	86	10641	54	9530	65	86	50	89	108	56	7657	76	89	10555	86	79	9625	0	7858	10634	60	94	55	7049	67	9598	10103	108	9666	9517	55	10468	145	8345	71	10386	201	89	49	55	59	89	96	8	55	119	94	10500	56	228	48	45	10418	64	10610	52	68	89	92	10583	7623	121	42	89	9603	7982	89	7647	88	106	74	8403	203	57	89	55	88	90	10314	65	92	56	56	194	9593	80	67	89	60	89	57	8340	73	55	45	73	8450	44	73	55	54	88	59	93	7726	94	89	10488	10288	81	56	10325	9584	10448	7663	117	94	57	72	11862	9618	94	10569	54	62	89	50	55	76	89	94	10608	88	90	114	55	89	57	7767	57	89	69	89	89	10443	59	11952	61	7747	9611	64	10505	10164	93	48	8415	7714	89	90	9889	7650	308	55	7743	7686	69	55	10450	53	9758	8508	8550	89	56	8243	47	7645	137	90	90	46	90	59	7691	90	97	89	61	9697	55	153	9554	109	10309	90	42	10430	54	114	49	61	89	70	10511	7622	7714	9535	7784	68	89	51	61	89	89	67	89	7575	89	63	68	9580	8229	72	7709	89	91	55	39	54	7715	8455	10428	52	10535	10462	7	89	10423	62	9524	7772	58	89	94	67	7680	72	89	7709	8583	88	71	90	93	104	51	5	7786	10590	9933	59	55	121	10644	229	89	51	89	55	92	10812	7656	7728	86	90	89	54	10656	10366	67	7548	10573	58	56
SRR1967735	7842	7837	7856	7865	7866	7865	7871	7776	7854	7284	6357	7866	7849	7873	6695	7866	7852	7867	7878	7851	813	7854	7873	7873	7859	7848	7084	7855	7864	6646	836	7857	7847	7940	7863	7863	7851	7117	7863	7877	7855	807	1168	7859	7877	7854	7849	7630	7436	7859	6558	7839	7516	7855	7873	7850	7862	824	7848	7873	7398	7867	7854	6725	7858	0	7374	7866	7877	7860	5631	7820	6707	6833	7845	6732	6556	7860	7107	7851	1127	7817	7084	7850	7874	7863	7861	7864	7873	7879	7870	7856	7854	7873	7375	7862	7840	7860	7776	7323	7847	7393	7863	7854	7870	7877	7129	825	7855	7855	7873	6619	50	7875	824	7838	7665	7823	1157	7844	7860	7873	7860	7874	7847	7068	7842	7874	7862	7862	7834	6344	7851	7822	7871	7864	7873	7862	1103	7853	7861	7857	7856	1150	7852	7848	7861	7859	7872	7864	7877	797	7877	7873	7287	6967	7863	7862	7292	6622	7090	824	7761	7877	7808	7853	7069	6595	7877	7076	7860	7866	7873	7865	7861	7860	7872	7877	7425	7735	7872	7760	7863	7873	7863	800	7808	7873	7850	7873	7873	7072	7855	7089	7856	801	6637	7852	7306	6845	7877	7857	1141	813	7873	7874	6671	836	7841	7860	817	805	7855	7855	7270	7859	6716	1163	1157	7860	7857	1115	7861	811	7860	7874	7869	7853	7873	7865	794	7873	7881	7873	7862	6670	7861	7865	6589	7852	6703	7871	7850	7317	7853	7760	7857	7867	7868	7849	7100	823	806	6553	806	7823	7873	7866	7862	7873	7868	7815	7873	808	7872	7859	7855	6586	1159	7850	814	7872	7873	7861	7848	7850	810	1165	7324	7864	7083	7318	7856	7867	7320	7858	6558	814	7864	7873	7877	7816	812	7853	7873	809	1157	7371	7854	7874	7877	7886	7858	7867	804	7395	6735	7864	7856	7856	7432	7840	7866	7859	7873	7850	7722	7129	815	812	7661	7871	7866	7854	7435	7095	7866	787	6985	7862	7856
SRR13312061	10603	10525	10571	10633	10638	10631	10644	10382	10624	16	1681	10680	10562	10684	219	10634	10624	10634	10691	10567	6933	10627	10686	10686	10568	10563	2812	10629	10631	698	6945	10632	10559	10635	10636	10631	10623	2844	10481	10690	10451	6936	6730	10633	10688	10654	10566	10417	702	10567	712	10619	10271	10572	10686	10545	10629	6939	10624	10686	683	10636	10623	846	10634	7374	0	10634	10689	10628	694	10665	843	2692	10585	849	712	10629	2893	10630	6710	10580	2822	10562	10685	10630	10628	10630	10686	10691	10638	10629	10630	10689	683	10630	10549	10628	10522	783	10614	693	10633	10624	10686	10690	2906	6915	10629	10624	10686	754	7456	10687	6924	10643	10441	10534	6735	10534	10637	10685	10625	10686	10562	2813	10615	10643	10630	10630	10564	1678	10624	10616	10686	10632	10686	10630	6681	10626	10629	10628	10623	6777	10626	10625	10628	10627	10685	10632	10630	6860	10691	10686	18	2640	10633	10630	723	726	2873	6957	10468	10689	10630	10624	2787	715	10691	2952	10628	10634	10685	10633	10629	10627	10686	10690	691	10497	10682	10466	10630	10686	10631	6993	10630	10686	10622	10686	10685	2883	10592	2831	10631	6934	741	10628	4	2696	10689	10630	6733	6922	10686	10687	810	6952	10487	10628	6931	6920	10623	10630	18	10627	956	6819	6838	10678	10631	6635	10629	6897	10573	10686	10687	10629	10686	10633	6942	10687	10694	10686	10630	943	10629	10574	723	10624	933	10687	10625	773	10629	10465	10571	10635	10684	10565	2913	6915	6987	712	6992	10666	10686	10633	10629	10686	10678	10617	10686	6843	10681	10634	10563	712	6775	10623	6932	10686	10642	10629	10622	10626	6934	6766	775	10633	2915	775	10628	10686	778	10545	712	6971	10632	10686	10690	10616	6960	10624	10686	6936	6854	10002	10621	10687	10689	10699	10574	10634	6973	695	218	10631	10630	10629	725	10550	10686	10631	10686	10627	10487	2898	6937	6938	10418	10686	10676	10628	698	2837	10635	6877	2854	10629	10629
ERR10088104	146	61	10	14	98	139	11	363	117	10468	9630	147	131	149	9816	65	119	0	154	136	7713	14	149	149	7	244	10348	10	22	9651	7688	9	133	230	144	10	128	10449	212	153	145	7821	8030	53	154	163	132	148	10645	13	9530	128	144	10	149	126	9	7698	123	149	10559	146	117	9625	60	7866	10634	0	153	8	7053	62	9598	9877	164	9666	9517	8	10468	137	8038	130	10386	237	99	10	8	10	149	156	57	8	145	154	10500	9	143	8	81	10418	121	10614	23	117	149	152	10587	7664	144	15	149	9603	7991	151	7688	148	165	102	8092	209	18	149	9	150	146	10314	117	152	10	8	231	9597	118	125	149	13	149	18	8023	123	17	20	123	8126	20	134	8	7	148	13	153	7739	154	149	10488	10288	111	10	10311	9584	10448	7704	120	153	18	133	10529	9618	154	10573	7	0	149	26	8	110	149	153	10608	148	149	120	23	149	10	7780	10	149	125	149	149	10443	12	10596	11	7759	9615	7	10505	9952	153	20	8094	7721	149	150	9893	7693	307	7	7716	7693	128	9	10451	7	9758	8185	8227	149	11	7927	23	7652	70	150	150	21	150	12	7704	150	157	149	9	9697	9	82	9554	120	10309	150	16	10430	9	119	10	1	149	131	10511	7663	7727	9535	7797	63	149	26	10	149	149	112	149	7554	145	2	68	9580	8121	125	7716	149	151	8	13	7	7727	8132	10432	13	10536	10462	60	149	10423	14	9527	7785	10	149	153	119	7689	134	149	7716	8257	147	128	150	153	164	12	63	7799	10590	9933	11	10	144	10648	144	149	22	149	7	151	10573	7639	7739	144	150	149	7	10660	10367	14	7557	10338	9	9
44341_3#268	50	103	86	154	60	55	167	368	46	10517	9641	11	57	11	9827	95	48	154	16	53	7980	156	11	11	150	192	10358	149	86	9661	7798	150	52	267	58	151	46	10667	169	0	60	7833	8629	93	16	24	53	10	10693	146	9554	77	19	87	11	173	151	7809	47	11	10607	8	59	9634	94	7877	10689	153	0	149	7105	34	9607	10110	116	9713	9528	149	10479	132	8589	45	10395	185	12	86	149	152	11	18	98	152	184	16	10548	150	406	85	212	10465	36	10666	88	46	11	20	10596	7771	185	80	11	9614	8002	13	7798	10	32	251	8659	274	94	11	148	12	58	10324	38	20	150	150	178	9608	60	79	11	153	11	149	8597	50	148	81	47	8714	81	49	150	147	10	153	15	7747	16	11	10539	10299	60	150	10374	9596	10459	7815	187	0	150	48	11899	9629	16	10581	149	154	11	87	149	51	11	0	10656	9	13	184	92	11	150	7789	151	11	46	11	11	10451	153	11989	154	8022	9625	157	10560	10176	15	84	8674	7979	11	12	10027	7803	315	149	7787	7932	47	151	10506	146	9778	8773	8817	10	150	8497	83	7912	232	12	12	83	12	152	7714	12	19	11	154	9718	147	248	9564	173	10360	12	78	10472	149	186	86	155	11	47	10523	7773	7737	9546	8046	35	11	89	154	11	11	78	11	7628	11	155	46	9591	8497	46	7969	11	19	149	76	147	7993	8725	10469	87	10544	10509	90	11	10470	157	9538	7796	152	11	0	79	7710	50	11	7957	8849	17	43	12	16	26	88	97	7811	10638	9943	153	149	185	10696	403	11	86	11	147	14	10823	7708	7976	18	12	11	147	10708	10377	160	7569	10587	152	148
ERR9785512	141	56	2	8	94	135	19	358	113	10462	9622	143	127	145	9810	60	115	8	150	132	7707	2	145	145	1	240	10342	4	15	9645	7683	3	129	224	140	4	124	10443	208	149	141	7813	8024	48	150	159	128	144	10637	7	9524	123	141	2	145	120	3	7693	119	145	10551	142	113	9619	55	7860	10628	8	149	0	7045	58	9592	9870	159	9660	9511	2	10462	131	8028	126	10380	233	95	4	2	2	145	152	52	0	139	150	10494	3	138	2	75	10412	117	10606	17	113	145	148	10579	7659	138	9	145	9597	7985	147	7683	144	161	97	8083	204	12	145	3	146	141	10308	113	148	4	2	226	9589	114	121	145	7	145	12	8012	118	11	14	118	8117	14	129	2	0	144	7	149	7731	150	145	10482	10282	107	4	10305	9578	10442	7699	115	149	12	128	10524	9612	150	10565	0	8	145	20	0	106	145	149	10602	144	145	115	17	145	4	7772	4	145	121	145	145	10437	6	10591	5	7751	9607	1	10499	9945	149	14	8086	7715	145	146	9885	7688	301	1	7710	7687	124	3	10445	1	9752	8175	8219	145	5	7918	16	7646	32	146	146	15	146	6	7696	146	153	145	3	9691	3	44	9548	115	10303	146	10	10424	1	114	2	9	145	127	10505	7658	7719	9529	7789	59	145	20	4	145	145	108	145	7548	141	10	62	9574	8113	121	7710	145	147	0	7	1	7719	8123	10424	4	10530	10456	55	145	10417	8	9519	7777	4	145	149	115	7683	130	145	7710	8249	143	124	146	149	160	4	58	7791	10584	9927	5	4	138	10640	139	145	16	145	1	147	10564	7632	7731	139	146	145	1	10652	10360	8	7551	10330	3	3
SRR13313312	6912	6924	6987	7052	7057	7049	7060	6720	7043	638	1453	7097	6860	7097	358	7051	7043	7051	7105	6867	5232	7044	7100	7100	6984	6941	2456	7049	7048	603	5229	7047	6858	7073	7055	7048	7041	2507	6789	7105	6679	5353	4789	7052	7102	7084	6865	6919	288	6866	606	7033	6825	6990	7100	6979	7046	5232	7043	7100	286	7055	7040	761	7049	5631	694	7053	7105	7045	0	7051	772	2377	6920	789	599	7045	2548	7049	4792	7011	2487	6946	7100	7049	7046	7048	7100	7103	7055	7047	7046	7100	274	7047	6970	7047	6962	587	7035	276	7050	7043	7100	7104	2582	5204	7048	7039	7100	662	5722	7102	5227	7067	6956	6953	4802	6881	7057	7097	7044	7100	6864	2461	7032	7062	7049	7046	6926	1443	7042	7022	7100	7047	7100	7048	4783	7043	7048	7045	7043	4839	7044	7043	7047	7043	7099	7049	7043	5271	7105	7100	628	2278	7049	7049	290	655	2522	5248	6877	7105	7027	7041	2448	617	7105	2606	7045	7049	7100	7048	7044	7048	7100	7104	290	6939	7096	6874	7045	7098	7047	5308	7029	7100	7040	7100	7099	2533	6932	2492	7049	5255	628	7044	646	2365	7104	7048	4803	5234	7100	7101	870	5240	6787	7044	5234	5215	7043	7046	634	7044	966	4871	4904	7093	7047	4728	7046	5177	6987	7100	7101	7045	7100	7050	5261	7100	7108	7100	7045	945	7044	6990	609	7042	889	7101	7041	622	7045	6873	6988	7051	7098	6981	2566	5203	5275	601	5292	7055	7100	7053	7046	7100	7092	7027	7100	5173	7099	7054	6981	615	4829	7043	5226	7100	7061	7044	7037	7042	5236	4835	603	7051	2594	648	7048	7100	614	6932	605	5288	7049	7100	7105	7021	5224	7044	7100	5236	4928	6628	6997	7101	7104	7114	6989	7054	5296	281	379	7048	7046	7045	306	6971	7100	7049	7100	7046	6977	2574	5223	5240	6928	7100	7093	7044	280	2487	7051	5173	2535	7049	7046
ERR5751227	32	75	59	62	32	28	75	339	18	10493	9612	29	30	29	9802	68	20	63	34	27	7917	65	29	29	59	152	10333	59	61	9636	7599	59	25	194	31	60	19	10614	143	34	33	7767	8451	66	34	43	26	29	10639	56	9529	49	30	60	29	98	60	7611	21	29	10553	26	18	9609	67	7820	10665	62	34	58	7051	0	9582	10052	89	9688	9503	58	10454	105	8415	18	10370	145	30	59	58	61	29	36	71	61	109	34	10498	59	99	59	49	10437	9	10612	62	18	29	32	10567	7574	112	53	29	9589	7943	31	7601	28	48	76	8485	186	67	29	57	30	31	10299	10	32	59	59	138	9579	19	52	29	62	29	59	8413	23	57	55	20	8526	54	22	59	56	28	62	33	7685	34	29	10514	10274	32	59	10324	9571	10434	7617	100	34	59	21	11591	9601	34	10552	58	62	29	60	58	23	29	34	10606	28	31	97	59	29	59	7721	59	29	19	29	29	10427	62	11663	60	7956	9596	58	10535	10114	33	58	8487	7916	29	30	9998	7604	196	57	7727	7869	20	59	10481	55	9753	8586	8630	29	58	8319	57	7852	141	30	30	56	30	61	7645	30	37	29	59	9693	57	157	9539	99	10334	30	52	10444	57	98	59	64	29	19	10497	7576	7668	9521	7978	1	29	62	60	29	29	51	29	7565	29	65	19	9566	8316	19	7906	29	31	57	49	56	7925	8537	10437	62	10519	10481	62	29	10442	66	9510	7727	61	29	34	52	7648	22	29	7894	8660	33	16	30	34	44	61	69	7741	10588	9918	62	58	110	10642	100	29	60	29	57	32	10760	7644	7909	29	30	29	56	10654	10351	63	7506	10522	61	58
SRR1106479	9579	9583	9595	9597	9601	9597	9608	9640	9587	810	972	9596	9585	9602	179	9598	9589	9599	9607	9590	6255	9591	9602	9602	9591	9581	2040	9594	9596	15	6268	9595	9583	9675	9600	9595	9588	2062	9635	9607	9579	6238	6578	9597	9606	9574	9589	9371	847	9590	92	9584	9253	9595	9602	9575	9594	6266	9589	9602	834	9599	9587	7	9598	6707	843	9598	9607	9592	772	9582	0	1965	9621	11	93	9593	2062	9594	6559	9548	2048	9583	9603	9595	9593	9596	9602	9608	9602	9593	9594	9606	836	9594	9573	9592	9585	661	9579	843	9598	9587	9602	9606	2135	6243	9593	9588	9602	120	6790	9604	6245	9566	9390	9556	6578	9676	9602	9602	9590	9603	9587	1989	9580	9606	9594	9594	9577	967	9588	9581	9602	9596	9602	9595	6532	9589	9594	9592	9588	6632	9590	9589	9593	9591	9601	9596	9606	6162	9607	9602	807	2022	9597	9594	858	139	2043	6283	9585	9607	9596	9588	2014	99	9607	2111	9592	9598	9602	9597	9593	9592	9602	9607	841	9477	9602	9584	9595	9602	9595	6297	9595	9602	9586	9602	9602	2056	9596	2057	9595	6269	109	9592	815	1941	9606	9595	6580	6247	9602	9603	149	6277	9576	9592	6236	6238	9588	9594	815	9591	106	6662	6692	9594	9595	6479	9593	6218	9596	9603	9603	9593	9602	9597	6266	9603	9610	9602	9594	94	9593	9597	99	9589	107	9603	9588	658	9593	9584	9595	9599	9600	9588	2080	6243	6238	91	6317	9583	9602	9598	9594	9602	9602	9581	9602	6182	9597	9599	9588	90	6624	9588	6256	9602	9605	9593	9586	9591	6253	6613	665	9596	2082	660	9593	9602	659	9598	91	6295	9596	9602	9607	9581	6264	9589	9602	6258	6705	9078	9586	9603	9606	9615	9597	9599	6300	839	181	9596	9594	9593	869	9573	9602	9596	9602	9591	9459	2120	6261	6262	9402	9603	9596	9592	845	2065	9598	6201	2086	9594	9594
ERR4145363	10052	10094	9811	9874	10100	10094	9890	10274	10090	2655	1330	10092	10078	10103	2052	10102	10089	9878	10111	10088	6371	9878	10107	10103	9815	9954	39	9871	9874	1973	6414	9873	10079	10203	10099	9873	10086	31	10133	10107	9927	6373	7107	10103	10108	10070	10086	9863	2699	9871	1940	10081	9721	9812	10107	10116	9872	6398	10090	10105	2687	10104	10059	1966	10103	6833	2692	9877	10110	9870	2377	10052	1965	0	10007	1967	1941	9870	40	9951	7073	10055	32	9960	10104	9872	9871	9872	10105	10109	10107	9870	10195	10107	2685	9872	9810	9869	9807	2506	10079	2692	9876	10090	10105	10107	33	6393	10196	9867	10107	1977	6866	10104	6390	10072	9877	9781	7124	10248	9880	10102	9867	10104	10098	31	10080	10109	9870	9872	9948	1329	10059	10078	10105	9876	10105	9874	7062	10087	9871	9870	10085	7117	9868	10086	9870	9870	10104	9874	10048	6348	10112	10105	2648	40	10091	9872	2699	1993	32	6398	10156	10108	9874	10085	1298	1954	10110	29	9871	9875	10104	9875	9870	10089	10105	10108	2698	9967	10082	10154	9873	10105	9874	6373	9872	10105	10083	10105	10103	30	9875	1318	9874	6371	1965	9872	2656	15	10107	9873	7094	6368	10103	10108	2003	6412	9788	9872	6388	6358	10083	9873	2658	9868	1966	7122	7129	10097	9871	7063	9871	6357	9892	10104	10107	9871	10106	9873	6359	10106	10114	10107	9871	1956	9871	9908	1959	10188	1968	10104	9867	2506	9869	10154	9811	9880	10103	10027	29	6398	6361	1941	6379	10055	10105	9876	9871	10105	10097	10085	10107	6331	10097	9878	10023	1943	6908	10087	6368	10104	10108	9869	9864	9871	6372	7127	2507	9876	30	2509	10098	10105	2507	9877	1942	6382	9872	10105	10108	10082	6390	10085	10105	6365	7142	9466	10087	10105	10109	10118	9813	10105	6385	2689	2054	9876	9869	10195	2719	9808	10105	9874	10105	9870	9945	14	6402	6368	9883	10105	10088	9871	2703	30	9876	6349	19	9873	9870
ERR5751304	106	83	98	164	78	74	175	85	64	10422	9647	111	65	111	9795	108	66	165	114	73	7694	158	111	111	159	202	10372	160	99	9640	7761	161	62	273	77	162	65	10578	77	116	80	7793	8337	107	116	124	72	110	10516	158	9522	39	111	99	111	183	160	7777	68	111	10428	78	77	9648	108	7845	10585	164	116	159	6920	89	9621	10007	0	9689	9509	159	10492	122	8336	64	10409	194	112	98	159	163	111	118	112	159	182	116	10375	160	386	97	224	10437	56	10484	100	64	111	114	10606	7742	184	91	111	9595	7968	113	7766	110	130	234	8371	189	106	111	158	112	70	10338	57	84	160	161	189	9614	78	59	111	164	111	161	8333	65	159	94	64	8439	93	64	159	158	110	163	113	7712	114	111	10443	10280	78	160	10197	9564	10472	7784	166	116	161	63	11717	9607	114	10591	158	166	111	99	159	69	111	116	10483	109	112	162	104	111	161	7753	161	111	65	111	111	10466	163	11797	165	7737	9600	168	10458	10086	113	96	8405	7701	111	112	9913	7769	236	159	7730	7673	65	159	10405	157	9790	8499	8538	111	160	8236	96	7632	164	112	112	95	111	163	7677	111	119	111	165	9730	159	167	9544	184	10338	112	91	10449	158	163	98	165	111	65	10535	7739	7700	9527	7770	90	111	100	165	111	111	63	111	7561	111	166	63	9571	8221	65	7696	111	83	159	88	158	7703	8447	10447	101	10558	10481	103	111	10442	133	9516	7757	162	111	116	51	7670	68	111	7698	8573	114	63	112	115	126	100	109	7771	10461	9911	163	159	184	10517	383	111	98	111	159	114	10703	7645	7716	108	112	111	158	10527	10391	171	7534	10466	162	160
ERR4400834	9685	9652	9663	9665	9669	9665	9676	9709	9655	814	972	9702	9653	9708	181	9666	9657	9667	9713	9658	6280	9659	9708	9708	9659	9649	2042	9662	9664	19	6292	9663	9651	9741	9668	9663	9656	2063	9703	9713	9646	6258	6597	9665	9712	9679	9657	9471	871	9658	94	9652	9357	9663	9708	9638	9662	6290	9657	9708	857	9667	9655	2	9666	6732	849	9666	9713	9660	789	9688	11	1967	9689	0	95	9661	2065	9662	6578	9616	2049	9651	9708	9663	9661	9664	9708	9714	9670	9661	9662	9712	861	9662	9642	9660	9653	663	9647	862	9666	9655	9708	9712	2136	6267	9661	9656	9708	123	6815	9710	6269	9672	9491	9625	6598	9744	9670	9708	9658	9708	9655	1991	9647	9674	9662	9662	9645	967	9656	9648	9708	9664	9708	9663	6549	9657	9662	9660	9656	6652	9658	9657	9661	9659	9707	9664	9711	6182	9713	9708	810	2023	9665	9662	880	143	2044	6307	9653	9713	9664	9656	2015	102	9713	2111	9660	9666	9708	9665	9661	9660	9708	9712	862	9579	9708	9652	9662	9708	9663	6320	9663	9708	9654	9708	9707	2057	9664	2057	9663	6288	111	9660	817	1943	9712	9663	6605	6266	9708	9709	154	6301	9643	9660	6254	6257	9656	9662	817	9659	110	6686	6712	9700	9663	6500	9661	6238	9664	9708	9709	9661	9708	9665	6285	9709	9716	9708	9662	99	9661	9665	103	9656	111	9709	9656	663	9661	9652	9663	9667	9706	9656	2082	6267	6259	95	6341	9689	9708	9666	9662	9708	9708	9649	9708	6188	9703	9667	9656	94	6643	9656	6274	9708	9673	9661	9654	9659	6277	6633	668	9664	2080	662	9661	9708	664	9666	95	6315	9664	9708	9713	9649	6285	9657	9708	6277	6730	9170	9654	9709	9712	9721	9665	9667	6319	858	182	9664	9662	9661	891	9642	9708	9664	9708	9659	9556	2121	6281	6281	9496	9709	9702	9660	867	2067	9666	6226	2088	9662	9662
SRR7842526	9500	9504	9514	9516	9522	9518	9527	9518	9508	680	916	9517	9506	9523	136	9517	9510	9518	9528	9511	6100	9510	9523	9523	9510	9502	2017	9513	9515	92	6116	9514	9504	9597	9521	9514	9509	2033	9515	9528	9499	6079	6425	9516	9527	9495	9510	9294	698	9509	1	9505	9182	9514	9523	9500	9513	6112	9510	9523	686	9520	9508	93	9517	6556	712	9517	9528	9511	599	9503	93	1941	9509	95	0	9512	2035	9515	6411	9470	2024	9504	9524	9514	9512	9515	9523	9529	9521	9512	9515	9527	685	9513	9495	9511	9504	678	9500	690	9516	9508	9523	9527	2108	6088	9514	9507	9523	93	6635	9525	6097	9488	9310	9478	6424	9507	9521	9523	9510	9524	9508	1965	9501	9527	9513	9513	9498	913	9509	9501	9523	9515	9523	9513	6371	9510	9512	9511	9509	6467	9509	9510	9512	9510	9522	9515	9527	6025	9528	9523	678	1990	9518	9513	710	77	2017	6130	9501	9528	9514	9509	1990	33	9528	2084	9511	9517	9523	9516	9512	9513	9523	9528	695	9398	9523	9500	9514	9523	9514	6140	9513	9523	9507	9523	9523	2028	9515	2033	9514	6103	83	9511	687	1920	9527	9513	6425	6090	9523	9524	95	6125	9496	9511	6084	6089	9509	9513	684	9510	85	6506	6527	9515	9514	6328	9512	6066	9515	9524	9524	9512	9523	9516	6107	9523	9531	9523	9513	80	9512	9516	36	9509	91	9524	9507	677	9512	9500	9514	9518	9521	9509	2055	6086	6091	2	6157	9504	9523	9517	9513	9523	9523	9501	9523	6031	9518	9518	9509	1	6466	9509	6100	9523	9526	9512	9505	9510	6100	6453	684	9515	2055	679	9512	9523	677	9518	0	6136	9515	9523	9528	9501	6091	9510	9523	6104	6544	8997	9507	9524	9527	9536	9516	9518	6140	684	139	9515	9513	9514	715	9495	9523	9514	9523	9510	9376	2095	6105	6103	9323	9524	9517	9511	698	2038	9517	6050	2061	9513	9513
ERR10125140	142	56	4	8	93	134	19	360	112	10463	9622	143	126	145	9811	60	114	8	150	131	7707	8	145	145	1	239	10343	4	16	9646	7682	3	128	226	139	4	123	10445	208	149	140	7812	8024	48	150	158	127	143	10637	7	9525	124	141	4	145	121	1	7692	119	145	10551	142	112	9620	55	7860	10629	8	149	2	7045	58	9593	9870	159	9661	9512	0	10463	133	8025	125	10381	232	95	2	0	4	145	152	52	3	141	150	10495	1	129	3	76	10413	117	10606	17	112	145	148	10579	7658	140	9	145	9598	7985	147	7682	144	161	97	8083	204	10	145	1	146	144	10309	113	148	2	0	226	9589	113	121	145	8	145	12	8011	118	12	15	118	8116	15	129	0	1	144	8	149	7730	150	145	10483	10283	106	2	10306	9579	10443	7698	115	149	12	128	10525	9613	150	10565	2	9	145	21	2	105	145	149	10603	143	145	115	18	145	4	7771	2	145	120	145	145	10438	4	10592	5	7750	9607	1	10500	9945	149	15	8085	7715	145	146	9885	7687	302	1	7712	7687	123	1	10446	1	9753	8174	8215	145	6	7914	17	7646	53	146	146	16	146	6	7695	146	153	145	3	9692	3	69	9549	116	10304	146	10	10425	3	114	4	10	145	126	10506	7657	7718	9530	7788	59	145	21	5	145	145	108	145	7547	141	11	63	9575	8115	120	7710	145	147	2	8	2	7718	8122	10424	6	10531	10457	55	145	10418	9	9520	7776	5	145	149	115	7683	129	145	7710	8245	141	124	146	149	160	6	58	7790	10585	9928	6	2	140	10640	130	145	17	145	2	147	10561	7632	7730	139	146	145	1	10652	10362	9	7551	10330	4	3
SRR9627787	10384	10453	10406	10467	10469	10468	10478	10386	10458	2840	1410	10466	10391	10474	2156	10468	10460	10469	10479	10396	6627	10461	10474	10474	10402	10415	37	10464	10465	2070	6659	10465	10389	10489	10471	10465	10459	104	10440	10479	10324	6653	6980	10467	10478	10442	10395	10242	2882	10395	2034	10455	10074	10406	10474	10383	10464	6644	10460	10474	2864	10470	10458	2068	10468	7107	2893	10468	10479	10462	2548	10454	2062	40	10492	2065	2035	10463	0	10465	6914	10421	30	10403	10474	10465	10463	10466	10474	10480	10472	10463	10465	10478	2855	10464	10386	10462	10396	2691	10450	2883	10468	10458	10474	10478	30	6638	10464	10458	10474	2087	7143	10476	6637	10442	10243	10369	6969	10548	10472	10474	10461	10474	10391	27	10450	10477	10464	10464	10407	1405	10459	10451	10474	10466	10474	10465	6900	10460	10464	10462	10459	6976	10460	10460	10463	10461	10473	10466	10418	6568	10479	10474	2838	34	10464	10464	2872	2089	29	6644	10456	10479	10466	10459	30	2052	10479	26	10462	10468	10474	10467	10463	10463	10474	10478	2887	10341	10470	10454	10464	10474	10465	6656	10465	10474	10457	10474	10473	24	10466	26	10465	6616	2076	10462	2847	33	10478	10465	6942	6627	10474	10475	2157	6657	10322	10462	6667	6615	10459	10464	2840	10461	2127	6982	6997	10466	10465	6877	10463	6616	10407	10474	10475	10463	10474	10467	6615	10475	10482	10474	10464	2117	10463	10408	2053	10460	2098	10475	10458	2699	10463	10453	10406	10469	10472	10400	21	6645	6616	2035	6635	10455	10474	10468	10464	10474	10466	10452	10474	6556	10470	10469	10400	2038	6972	10459	6627	10473	10476	10463	10456	10461	6627	6969	2702	10466	33	2699	10463	10474	2694	10468	2033	6641	10466	10474	10479	10452	6647	10460	10474	6622	7009	9846	10457	10475	10478	10487	10408	10469	6637	2872	2165	10466	10464	10464	2909	10387	10474	10466	10474	10461	10309	37	6629	6627	10249	10474	10471	10462	2892	56	10468	6602	44	10464	10464
ERR6806726	110	144	71	137	124	120	151	201	110	10463	9625	127	112	127	9814	146	112	138	132	119	7700	131	127	127	133	246	10345	133	72	9646	7770	134	108	187	123	134	111	10521	196	132	121	7807	8198	144	132	138	118	127	10642	131	9528	103	125	71	127	103	134	7784	114	127	10554	124	123	9621	145	7851	10630	137	132	131	7049	105	9594	9951	122	9662	9515	133	10465	0	8192	110	10382	237	128	71	133	135	127	134	149	132	95	132	10497	134	362	70	197	10414	102	10610	74	110	127	130	10583	7750	94	64	127	9601	7977	129	7772	126	144	206	8226	203	78	127	132	128	117	10311	103	130	134	135	232	9592	124	105	127	136	127	133	8191	112	132	67	111	8292	66	111	133	130	126	136	131	7722	132	127	10483	10286	124	134	10304	9582	10445	7791	115	132	134	110	10676	9616	132	10567	131	139	127	72	132	115	127	132	10605	123	129	114	76	127	134	7764	134	127	111	127	127	10439	136	10751	137	7746	9610	141	10500	10026	131	70	8262	7707	127	128	9890	7775	300	131	7708	7679	111	134	10447	130	9754	8352	8394	127	134	8091	69	7638	138	128	128	68	128	136	7689	128	135	127	137	9694	132	139	9551	101	10305	128	64	10426	132	114	71	138	127	111	10508	7748	7711	9533	7781	106	127	73	138	127	127	105	127	7539	119	139	111	9577	8284	111	7702	127	129	132	61	130	7713	8299	10428	74	10530	10458	140	127	10419	138	9525	7769	135	127	132	105	7675	114	127	7704	8428	126	109	128	131	142	73	146	7782	10587	9929	135	134	95	10645	359	127	72	127	131	130	10649	7627	7725	126	128	111	131	10655	10364	144	7542	10413	135	133
SRR2917137	8342	8336	7957	8034	8344	8347	8041	8346	8322	6631	6200	8576	8307	8580	6256	8356	8324	8032	8593	8315	424	8029	8589	8585	7971	8239	6882	8023	8030	6497	426	8023	8332	8145	8351	8030	8330	7313	8352	8586	8280	356	24	8343	8586	8568	8311	8338	6788	8026	6419	8113	8195	7961	8590	8052	8028	414	8325	8589	6752	8366	8239	6575	8345	1127	6710	8038	8589	8028	4792	8415	6559	7073	8336	6578	6411	8025	6914	8192	0	8314	6896	8247	8577	8030	8027	8027	8589	8588	8350	8022	8124	8581	6721	8030	7959	8029	7893	6654	8337	6748	8029	8322	8586	8591	6937	415	8128	8020	8591	6472	1136	8570	412	8547	8374	7928	13	8022	8029	8579	8025	8569	8339	6872	8322	8371	8031	8031	8219	6193	8236	8304	8585	8030	8589	8029	0	8327	8028	8024	8335	2	8020	8315	8029	8028	8588	8031	8526	354	8593	8589	6644	6784	8330	8031	6670	6484	6895	415	7934	8587	7978	8322	7997	6440	8593	6890	8028	8029	8584	8030	8024	8330	8588	8586	6777	8421	8566	7934	8024	8587	8031	363	7983	8589	8316	8587	8582	6884	8023	8045	8024	415	6487	8021	6650	7077	8587	8024	0	425	8586	8592	6613	426	7929	8027	420	422	8322	8023	6633	8025	6563	0	1	8573	8021	2	8028	421	8042	8583	8584	8019	8589	8032	372	8589	8596	8589	8029	6528	8029	8058	6444	8112	6551	8583	8016	6650	8019	7935	7959	8038	8581	8259	6905	411	385	6412	368	8422	8587	8035	8030	8589	8575	8296	8591	417	8567	8026	8046	6441	9	8328	425	8585	8370	8026	8012	8014	423	15	6653	8035	6904	6656	8350	8577	6656	8025	6420	383	8030	8587	8587	8297	381	8322	8587	422	3	7970	8341	8589	8589	8596	7961	8359	382	6748	6292	8030	8019	8125	6782	7957	8580	8025	8589	8017	8424	7346	410	423	8335	8584	8576	8022	6781	6907	8032	387	7236	8032	8020
ERR7197834	37	69	64	130	24	10	142	319	10	10415	9578	40	35	40	9766	71	8	131	43	19	7680	132	40	40	126	159	10300	126	65	9602	7749	127	31	216	19	128	7	10596	118	45	34	7783	8311	70	43	52	18	40	10587	124	9483	25	40	65	40	122	126	7765	27	40	10502	37	19	9575	71	7817	10580	130	45	126	7011	18	9548	10055	64	9616	9470	125	10421	110	8314	0	10338	152	41	64	125	129	40	45	75	125	133	43	10445	126	351	64	189	10363	15	10557	67	10	40	43	10536	7728	134	57	40	9556	7942	42	7753	39	57	198	8365	223	72	40	124	41	42	10267	16	43	126	127	145	9546	20	28	40	130	40	127	8308	2	125	60	2	8417	59	22	125	124	39	130	42	7704	43	40	10434	10242	24	126	10263	9536	10401	7769	136	45	127	21	11497	9571	43	10521	125	132	40	65	126	5	40	45	10553	39	41	134	70	40	127	7742	127	40	11	40	40	10394	129	11587	131	7722	9564	134	10451	10115	42	63	8385	7687	40	41	9840	7755	293	125	7707	7659	11	126	10398	123	9709	8474	8514	40	127	8211	62	7618	208	41	41	61	40	129	7665	41	48	40	131	9649	125	224	9506	122	10260	41	57	10375	125	134	64	132	40	5	10464	7727	7689	9488	7759	19	40	66	131	40	40	28	40	7540	40	132	12	9532	8203	7	7682	40	42	125	54	124	7690	8421	10374	67	10490	10407	66	40	10368	133	9478	7747	128	40	45	28	7654	14	40	7682	8547	43	22	41	44	53	66	72	7760	10535	9883	130	126	134	10590	348	40	65	40	125	41	10751	7628	7702	39	41	40	124	10602	10319	137	7522	10524	129	126
SRR7457932	10374	10371	10323	10385	10386	10385	10396	10366	10375	2772	1372	10382	10373	10390	2134	10386	10377	10387	10395	10378	6606	10379	10390	10390	10319	10369	23	10382	10384	2058	6638	10383	10371	10405	10388	10383	10376	45	10422	10395	10306	6612	6961	10385	10394	10358	10377	10161	2829	10378	2023	10372	9994	10323	10390	10305	10382	6623	10377	10390	2816	10387	10375	2050	10386	7084	2822	10386	10395	10380	2487	10370	2048	32	10409	2049	2024	10381	30	10382	6896	10338	0	10371	10391	10383	10381	10384	10390	10396	10390	10381	10382	10394	2813	10382	10302	10380	10313	2636	10367	2821	10386	10375	10390	10394	24	6617	10381	10376	10390	2059	7120	10392	6616	10357	10166	10285	6949	10464	10390	10390	10378	10391	10373	17	10368	10394	10382	10382	10365	1369	10376	10369	10390	10384	10390	10383	6882	10377	10382	10380	10376	6957	10378	10377	10381	10379	10389	10384	10334	6534	10395	10390	2769	21	10381	10382	2816	2077	17	6623	10373	10395	10384	10376	15	2038	10395	17	10380	10386	10390	10385	10381	10380	10390	10395	2827	10258	10386	10372	10383	10390	10383	6605	10383	10390	10374	10390	10390	13	10384	14	10383	6598	2047	10380	2778	24	10394	10383	6921	6608	10390	10391	2089	6636	10304	10380	6596	6596	10376	10382	2771	10379	2050	6960	6977	10382	10383	6857	10381	6596	10324	10391	10391	10381	10390	10385	6597	10391	10398	10390	10382	2035	10381	10325	2037	10377	2049	10391	10376	2632	10381	10372	10323	10387	10388	10316	14	6624	6598	2023	6613	10371	10390	10386	10382	10390	10382	10369	10390	6543	10386	10387	10316	2024	6953	10376	6608	10390	10393	10381	10374	10379	6606	6950	2638	10384	21	2634	10381	10390	2634	10386	2023	6621	10384	10390	10395	10369	6628	10377	10390	6603	6985	9766	10374	10391	10394	10403	10325	10387	6620	2816	2138	10384	10382	10381	2851	10302	10390	10384	10390	10379	10227	25	6611	6608	10168	10390	10387	10380	2833	46	10386	6580	29	10382	10382
ERR12321280	70	205	184	237	164	162	250	162	139	10396	9580	180	57	180	9754	206	141	238	185	45	7697	239	180	180	233	16	10334	232	185	9637	7769	233	51	375	166	235	150	10492	154	185	40	7741	8227	194	184	193	41	179	10540	122	9515	159	180	185	180	270	233	7786	149	180	10451	170	139	9610	201	7850	10562	237	185	233	6946	145	9583	9960	194	9651	9504	232	10403	237	8247	152	10371	0	181	184	232	236	180	186	198	232	283	184	10416	233	347	183	311	10356	147	10502	187	139	180	182	10579	7749	284	177	180	9579	7974	182	7774	179	198	307	8280	335	192	180	231	181	48	10253	143	175	233	234	15	9546	140	160	180	237	180	234	8227	143	232	180	146	8339	179	152	232	231	179	237	184	7663	185	180	10417	10275	166	233	10240	9569	10377	7791	269	185	234	151	11425	9604	185	10485	232	237	180	185	233	144	180	185	10497	179	181	266	184	180	234	7714	234	180	147	180	180	10370	236	11478	235	7743	9597	233	10439	10044	184	183	8304	7704	180	181	9779	7775	301	232	7697	7676	150	233	10381	230	9685	8397	8439	179	234	8143	182	7635	314	181	181	181	181	236	7687	181	188	180	233	9628	231	319	9540	269	9653	181	177	10355	232	266	184	239	180	153	10437	7749	7637	9522	7780	146	180	186	232	180	180	149	180	7569	176	240	137	9566	8114	147	7699	180	174	232	174	231	7710	8345	10364	187	10449	10391	201	180	10359	240	9514	7769	235	180	185	152	7665	155	180	7699	8470	182	154	181	184	195	186	204	7783	10481	9840	237	233	283	10538	343	180	185	180	232	182	10670	7651	7722	176	181	179	231	10558	10353	238	7540	10430	235	232
44341_3#136	46	98	82	100	56	51	113	364	41	10512	9637	1	53	1	9822	90	44	100	8	49	7976	102	1	1	96	188	10354	95	83	9656	7661	96	48	263	54	97	42	10661	165	12	55	7830	8617	88	8	17	49	1	10689	92	9549	73	15	83	1	169	97	7669	43	1	10603	4	55	9629	89	7874	10685	99	12	95	7100	30	9603	10104	112	9708	9524	95	10474	128	8577	41	10391	181	0	82	95	98	1	10	93	98	180	8	10544	96	265	81	71	10460	32	10662	84	42	1	16	10592	7634	181	76	1	9610	7999	1	7661	2	24	113	8653	270	90	1	94	0	54	10320	33	16	96	96	174	9604	56	75	1	99	1	95	8583	46	94	77	43	8691	77	45	96	93	2	99	7	7743	8	1	10534	10294	56	96	10370	9591	10455	7677	183	12	96	44	11893	9623	8	10576	95	100	1	83	95	47	1	12	10652	2	3	180	88	1	96	7785	97	1	42	1	1	10446	99	11983	100	8018	9620	103	10556	10167	7	80	8655	7975	1	2	10023	7666	310	95	7784	7928	43	97	10500	92	9773	8749	8793	1	96	8482	79	7909	178	2	2	79	2	98	7711	2	15	1	100	9713	93	194	9559	169	10356	2	74	10467	95	182	82	101	1	43	10519	7636	7734	9542	8042	31	1	85	100	1	1	74	1	7626	1	101	42	9586	8490	42	7965	1	15	95	72	93	7989	8701	10464	83	10539	10504	85	1	10466	103	9534	7793	98	1	12	75	7707	46	1	7953	8826	12	39	2	8	18	84	92	7807	10634	9938	99	95	181	10692	266	1	82	1	93	6	10817	7705	7972	15	2	1	93	10704	10373	106	7566	10582	98	94
ERR10880183	79	48	6	10	78	74	23	346	64	10465	9626	82	70	82	9813	50	66	10	87	73	7710	12	82	82	5	191	10345	6	17	9648	7651	5	66	163	77	6	65	10447	149	86	78	7817	8027	48	87	95	72	79	10641	9	9527	61	78	6	82	66	3	7661	68	82	10555	79	64	9622	49	7863	10630	10	86	4	7049	59	9595	9872	98	9663	9514	2	10465	71	8030	64	10383	184	82	0	2	6	82	89	53	4	79	87	10497	3	86	6	42	10415	56	10610	18	64	82	85	10583	7627	78	10	82	9600	7988	84	7651	81	99	63	8088	156	7	82	3	83	82	10311	57	85	4	2	178	9593	65	59	82	9	82	14	8017	66	13	16	66	8120	16	68	2	3	81	9	86	7734	87	82	10485	10285	77	4	10308	9581	10445	7667	67	86	14	67	10528	9615	87	10569	3	10	82	22	4	69	82	86	10605	80	83	67	19	82	6	7775	4	82	65	82	82	10440	4	10595	7	7754	9611	5	10502	9947	86	16	8089	7718	82	83	9889	7656	304	3	7713	7690	65	3	10448	3	9755	8179	8220	82	7	7920	18	7649	85	83	83	17	83	8	7700	83	90	82	5	9694	5	101	9551	67	10306	83	12	10427	5	66	6	11	82	65	10508	7626	7723	9532	7792	60	82	22	6	82	82	59	82	7550	82	10	65	9577	8119	65	7713	82	84	4	9	3	7723	8126	10428	7	10533	10459	44	82	10420	10	9523	7781	6	82	86	59	7686	68	82	7713	8250	79	63	83	86	97	8	50	7795	10587	9930	7	4	78	10644	87	82	18	82	3	84	10566	7635	7735	79	83	82	3	10656	10364	10	7554	10334	7	5
ERR12091513	142	56	4	8	93	134	19	360	112	10463	9623	143	127	145	9811	60	114	8	150	131	7708	4	145	145	1	239	10343	4	17	9646	7683	3	128	226	139	4	123	10445	208	149	140	7814	8025	48	150	158	127	143	10638	7	9525	124	141	4	145	121	1	7693	119	145	10552	142	112	9620	55	7861	10628	8	149	2	7046	58	9593	9871	159	9661	9512	0	10463	133	8027	125	10381	232	95	2	0	4	145	152	52	3	141	150	10495	1	134	3	76	10413	117	10607	17	112	145	148	10580	7659	140	9	145	9598	7986	147	7683	144	161	97	8084	204	10	145	1	146	144	10309	113	148	2	0	226	9590	113	121	145	8	145	12	8013	118	12	15	118	8118	15	129	0	1	144	8	149	7731	150	145	10483	10283	106	2	10306	9579	10443	7699	115	149	12	128	10525	9613	150	10566	2	9	145	21	2	105	145	149	10603	143	145	115	18	145	4	7772	2	145	120	145	145	10438	4	10592	5	7751	9608	1	10500	9946	149	15	8086	7716	145	146	9886	7688	302	1	7712	7688	123	1	10446	1	9753	8176	8216	145	6	7917	18	7647	55	146	146	16	146	6	7697	146	153	145	3	9692	3	71	9549	116	10304	146	11	10425	3	114	4	10	145	126	10506	7658	7720	9530	7789	59	145	21	5	145	145	108	145	7548	141	11	63	9575	8116	120	7711	145	147	2	8	2	7720	8124	10425	7	10531	10457	55	145	10418	9	9520	7778	5	145	149	115	7684	129	145	7711	8246	141	124	146	149	160	6	58	7792	10585	9928	6	2	140	10641	135	145	17	145	2	147	10563	7634	7732	139	146	145	1	10653	10361	9	7552	10331	4	3
ERR12078573	144	60	4	10	97	138	21	363	116	10465	9625	146	130	148	9814	64	118	10	153	135	7710	11	148	148	3	243	10346	6	18	9649	7686	5	132	228	143	6	127	10447	211	152	144	7816	8026	52	153	161	131	146	10640	9	9528	126	143	4	148	124	5	7696	122	148	10554	145	116	9623	59	7864	10630	10	152	2	7048	61	9596	9872	163	9664	9515	4	10466	135	8027	129	10384	236	98	6	4	0	148	155	56	2	143	153	10497	5	141	4	79	10415	120	10609	19	116	148	151	10583	7662	142	11	148	9601	7989	150	7686	147	164	100	8085	207	14	148	5	149	145	10312	116	151	6	4	230	9592	117	124	148	9	148	14	8013	122	13	17	122	8118	17	133	4	2	147	9	152	7733	153	148	10485	10286	110	6	10308	9582	10446	7702	118	152	14	132	10528	9616	153	10569	2	10	148	23	2	109	148	152	10605	146	148	118	20	148	6	7774	6	148	124	148	148	10440	8	10595	7	7753	9611	3	10502	9946	152	17	8087	7718	148	149	9889	7691	305	3	7713	7690	127	5	10448	3	9756	8176	8217	148	7	7917	19	7649	61	149	149	18	149	8	7700	149	156	148	5	9695	5	73	9552	118	10307	149	13	10427	3	117	4	11	148	130	10509	7661	7723	9533	7791	62	148	23	6	148	148	111	148	7550	144	12	65	9578	8116	124	7713	148	150	2	10	3	7722	8124	10427	5	10534	10459	59	148	10420	10	9523	7780	6	148	152	118	7686	133	148	7713	8247	144	127	149	152	163	6	62	7794	10587	9931	7	6	142	10643	142	148	19	148	3	150	10564	7635	7734	141	149	148	3	10655	10365	10	7555	10333	5	5
CIT15GH1_S36_L001	45	98	82	150	55	50	163	363	41	10513	9636	0	52	0	9822	90	43	150	7	48	7976	152	0	0	146	187	10353	145	84	9656	7794	146	47	262	53	147	41	10661	164	11	55	7829	8626	88	7	16	48	0	10690	142	9549	72	14	83	0	168	147	7806	42	0	10603	3	54	9629	89	7873	10686	149	11	145	7100	29	9602	10105	111	9708	9523	145	10474	127	8589	40	10390	180	1	82	145	148	0	9	93	148	179	7	10543	146	401	81	207	10460	31	10662	85	41	0	15	10593	7767	180	77	0	9609	7998	2	7794	1	23	246	8657	269	90	0	144	1	53	10319	33	15	146	147	173	9603	55	74	0	149	0	145	8597	45	144	77	42	8713	77	44	146	143	1	149	6	7744	7	0	10535	10294	55	146	10370	9591	10454	7811	182	11	146	43	11894	9624	7	10576	145	150	0	83	145	46	0	11	10652	1	2	179	88	0	146	7786	147	0	41	0	0	10446	149	11984	150	8020	9620	153	10555	10170	6	80	8671	7975	0	1	10022	7799	310	145	7783	7928	42	147	10502	142	9773	8772	8819	0	146	8496	80	7908	228	1	1	79	1	148	7710	1	14	0	150	9713	143	244	9559	168	10355	1	74	10467	145	181	82	151	0	42	10518	7769	7733	9541	8043	30	0	85	150	0	0	73	0	7625	0	151	41	9586	8493	41	7965	0	14	145	72	143	7989	8723	10464	85	10539	10504	85	0	10465	153	9533	7793	148	0	11	74	7706	45	0	7953	8851	11	38	1	7	17	84	92	7808	10634	9938	149	145	180	10693	398	0	82	0	143	5	10825	7706	7972	14	1	0	143	10706	10372	156	7565	10583	148	144
ERR9966382	51	105	89	157	60	55	170	368	46	10518	9639	9	58	9	9826	97	48	157	6	52	7982	159	9	9	153	193	10359	152	90	9662	7800	153	53	269	58	154	46	10667	170	18	61	7832	8631	95	4	15	52	9	10691	148	9555	79	20	90	9	175	154	7812	49	9	10605	10	59	9635	96	7879	10691	156	18	152	7103	36	9608	10109	118	9714	9529	152	10480	134	8588	45	10396	186	10	89	152	155	9	0	100	155	186	2	10549	153	408	88	214	10466	38	10664	91	46	9	22	10594	7773	187	83	9	9615	8004	11	7800	8	23	253	8659	276	97	9	151	10	59	10325	40	22	153	154	179	9606	60	81	9	156	9	152	8598	50	151	84	47	8713	84	51	153	150	8	156	5	7747	6	9	10540	10300	60	153	10375	9597	10460	7817	189	18	153	50	11900	9630	6	10579	152	157	9	90	152	51	9	18	10657	8	11	186	95	9	153	7789	154	9	46	9	9	10452	156	11990	157	8022	9623	160	10561	10172	5	87	8672	7981	9	10	10025	7805	316	152	7789	7934	47	154	10507	149	9779	8772	8817	9	153	8492	86	7914	235	10	10	86	10	155	7713	10	21	9	157	9719	150	251	9565	175	10361	10	81	10473	152	188	89	158	9	47	10524	7775	7736	9547	8046	37	9	92	157	9	9	80	9	7631	9	158	46	9592	8499	46	7971	9	21	152	79	150	7992	8723	10467	90	10545	10510	92	9	10471	160	9537	7795	155	9	18	81	7712	50	9	7959	8849	17	45	10	14	16	91	99	7810	10639	9942	156	152	187	10694	405	9	89	9	150	4	10820	7710	7975	20	10	9	150	10706	10377	163	7571	10583	155	151
ERR11453719	86	61	53	57	86	85	70	358	72	10472	9632	93	78	93	9820	12	77	58	98	81	7717	59	93	93	52	204	10352	53	53	9655	7658	54	78	181	88	55	76	10659	161	98	92	7823	8349	7	98	107	80	90	10647	51	9534	69	90	54	93	86	53	7668	80	93	10561	90	76	9629	8	7870	10638	57	98	52	7055	71	9602	10107	112	9670	9521	52	10472	149	8350	75	10390	198	93	53	52	56	93	100	0	52	98	98	10504	53	232	52	49	10422	68	10616	56	72	93	96	10589	7634	99	46	93	9607	7995	93	7658	92	110	71	8418	174	61	93	52	92	95	10318	69	96	53	53	191	9599	77	71	93	57	93	54	8346	77	52	49	77	8457	48	77	52	51	92	56	97	7741	98	93	10492	10292	85	53	10329	9588	10452	7674	88	98	54	76	11860	9622	98	10575	51	59	93	54	52	80	93	98	10612	92	94	85	59	93	54	7782	54	93	73	93	93	10447	56	11950	58	7761	9617	61	10509	10167	97	52	8423	7725	93	94	9895	7663	312	52	7751	7697	73	53	10455	50	9762	8514	8554	93	54	8248	50	7656	134	94	94	50	94	56	7706	94	101	93	58	9701	52	150	9558	87	10313	94	46	10434	52	85	53	58	93	74	10515	7633	7729	9539	7799	72	93	55	58	93	93	71	93	7588	93	60	72	9584	8236	76	7720	93	95	52	43	51	7729	8462	10434	55	10540	10466	11	93	10427	59	9529	7787	55	93	98	71	7693	76	93	7720	8588	91	75	94	97	108	55	5	7801	10594	9937	56	53	99	10650	233	93	55	93	52	96	10814	7669	7741	90	94	93	51	10662	10371	64	7561	10580	55	53
ERR9939684	145	56	2	8	93	134	22	360	112	10463	9624	146	126	148	9811	60	114	8	153	131	7707	8	148	148	4	239	10343	4	15	9646	7680	3	128	240	139	4	123	10444	207	152	140	7810	8019	48	153	161	127	146	10639	7	9525	123	144	2	148	136	4	7691	118	148	10553	141	112	9620	55	7856	10629	8	152	0	7047	61	9593	9870	159	9661	9512	3	10463	132	8022	125	10381	232	98	4	3	2	148	155	52	0	155	153	10495	4	138	4	76	10413	116	10608	16	112	148	151	10581	7657	154	8	148	9598	7981	150	7681	147	164	97	8080	219	12	148	4	149	143	10309	112	147	5	3	226	9591	113	120	148	7	148	12	8008	118	11	14	118	8113	14	129	3	0	147	7	152	7728	153	148	10483	10283	106	5	10306	9579	10443	7697	130	152	12	128	10527	9613	153	10567	0	8	148	20	0	105	148	152	10603	146	148	130	17	148	4	7769	4	148	120	148	148	10438	7	10594	5	7750	9609	3	10500	9944	152	14	8082	7714	148	149	9887	7685	302	1	7710	7687	123	4	10446	1	9753	8171	8212	148	5	7911	16	7644	76	149	149	15	149	6	7693	149	156	148	3	9692	3	90	9549	130	10304	149	10	10425	1	129	2	9	148	126	10506	7656	7716	9530	7786	62	148	20	4	148	148	107	148	7543	144	10	63	9575	8110	120	7708	148	146	0	7	1	7720	8119	10426	3	10531	10457	55	148	10418	8	9521	7774	4	148	152	114	7679	129	148	7710	8242	145	123	149	152	163	4	58	7788	10585	9928	5	5	154	10642	139	148	16	148	1	150	10562	7628	7730	141	149	148	1	10654	10362	8	7547	10332	5	3
ERR10176870	174	156	79	145	112	120	157	256	90	10463	9622	172	163	179	9814	197	82	146	184	101	7700	138	179	179	141	292	10345	141	80	9646	7893	142	159	93	174	142	112	10745	221	184	176	7805	8132	173	184	187	95	179	10639	139	9528	154	177	78	179	32	142	7907	123	179	10551	176	157	9621	119	7854	10630	145	184	139	7046	109	9594	10195	182	9662	9515	141	10465	95	8124	133	10382	283	180	79	141	143	179	186	98	155	0	183	10497	142	483	78	318	10414	117	10607	82	89	179	182	10580	7873	1	71	179	9601	7978	181	7895	174	176	328	8158	140	85	179	139	180	99	10311	99	182	142	143	277	9588	115	112	179	144	179	141	8120	83	140	75	102	8223	74	153	141	138	178	144	183	7721	184	179	10484	10286	100	142	10304	9582	10445	7914	52	184	142	153	10737	9616	184	10565	139	147	179	80	140	116	179	184	10605	152	181	51	84	179	142	7762	142	179	134	179	179	10439	143	10812	144	7744	9607	148	10501	10256	183	78	8195	7708	179	180	9887	7898	300	139	7707	7680	82	140	10447	138	9754	8281	8324	179	140	8023	77	7639	138	180	180	75	180	144	7687	180	187	179	145	9694	140	139	9551	38	10305	180	72	10426	138	51	78	146	169	92	10508	7871	7709	9533	7779	117	179	81	146	179	179	83	179	7540	178	146	85	9577	8224	113	7703	179	181	140	69	137	7711	8233	10425	82	10531	10458	125	179	10419	146	9523	7767	143	179	184	107	7676	127	179	7705	8359	151	84	180	183	194	80	173	7781	10587	9929	143	140	2	10642	480	179	80	179	138	163	10903	7626	7723	177	180	174	138	10652	10363	152	7543	10667	143	141
ERR9929342	48	103	87	155	58	53	167	366	44	10516	9636	7	56	7	9824	95	46	155	4	50	7978	157	7	7	151	191	10357	150	89	9660	7794	151	51	267	56	152	44	10664	168	16	59	7825	8624	93	2	13	50	7	10688	146	9553	77	18	88	7	173	152	7808	47	7	10602	8	57	9633	94	7873	10689	154	16	150	7100	34	9606	10107	116	9712	9527	150	10478	132	8581	43	10394	184	8	87	150	153	7	2	98	153	183	0	10547	151	406	86	212	10464	36	10661	89	44	7	20	10591	7769	185	81	7	9613	7998	9	7796	6	21	251	8651	274	95	7	149	8	56	10323	38	20	151	152	177	9603	58	79	7	154	7	150	8591	48	149	82	45	8706	82	49	151	148	6	154	3	7740	4	7	10538	10298	58	151	10373	9595	10458	7813	187	16	151	48	11898	9628	4	10576	150	155	7	88	150	49	7	16	10655	6	9	184	93	7	151	7782	152	7	44	7	7	10450	154	11988	155	8016	9620	158	10559	10170	3	85	8664	7977	7	8	10022	7799	314	150	7785	7930	45	151	10505	147	9777	8765	8809	7	150	8485	85	7910	233	8	8	84	8	153	7706	8	19	7	155	9717	148	249	9563	173	10359	8	79	10471	149	186	87	156	7	45	10522	7771	7729	9545	8039	35	7	90	155	7	7	78	7	7625	7	156	44	9590	8492	44	7967	7	19	150	77	148	7986	8716	10464	89	10543	10508	90	7	10469	158	9534	7788	153	7	16	79	7706	48	7	7955	8841	15	43	8	12	14	89	97	7803	10637	9940	154	149	185	10691	403	7	87	7	148	2	10817	7704	7970	18	8	7	148	10703	10375	161	7565	10579	153	149
SRR13277434	10413	10372	10438	10499	10504	10500	10510	10192	10490	647	1703	10537	10381	10543	349	10500	10492	10501	10548	10386	6922	10493	10543	10543	10434	10414	2790	10496	10498	679	6923	10497	10379	10509	10503	10497	10491	2820	10266	10548	10198	6978	6744	10499	10547	10516	10385	10272	5	10385	690	10487	10142	10438	10543	10424	10496	6922	10490	10543	17	10502	10490	836	10500	7375	683	10500	10548	10494	274	10498	836	2685	10375	861	685	10495	2855	10497	6721	10445	2813	10416	10544	10497	10495	10497	10543	10549	10504	10495	10497	10547	0	10496	10418	10494	10410	294	10482	18	10500	10490	10543	10547	2904	6898	10496	10490	10543	732	7469	10545	6922	10497	10312	10401	6756	10329	10504	10543	10492	10544	10383	2777	10483	10509	10496	10496	10406	1695	10491	10474	10543	10498	10543	10496	6690	10492	10495	10494	10491	6798	10492	10492	10495	10493	10542	10498	10488	6882	10548	10543	638	2610	10500	10496	35	735	2835	6941	10325	10548	10476	10491	2776	700	10548	2925	10494	10500	10543	10499	10495	10495	10543	10548	4	10337	10539	10323	10497	10543	10497	6989	10478	10543	10489	10543	10543	2845	10382	2816	10497	6947	713	10494	650	2682	10547	10497	6745	6926	10543	10544	889	6934	10307	10494	6922	6909	10491	10496	642	10493	982	6837	6877	10535	10497	6658	10495	6871	10439	10544	10544	10495	10543	10499	6952	10543	10551	10543	10496	967	10495	10440	695	10491	930	10544	10490	309	10495	10322	10438	10501	10541	10432	2876	6897	6959	685	6982	10499	10543	10500	10496	10543	10535	10474	10543	6842	10538	10501	10431	691	6787	10491	6919	10543	10508	10495	10488	10493	6925	6789	302	10498	2892	354	10495	10543	311	10385	684	6979	10498	10543	10548	10474	6915	10492	10543	6929	6895	9886	10448	10544	10547	10557	10440	10501	6987	13	362	10498	10496	10496	35	10419	10543	10498	10543	10493	10356	2895	6914	6929	10280	10543	10532	10494	16	2817	10500	6864	2845	10496	10496
ERR11420238	143	57	5	9	94	135	20	360	113	10464	9624	144	128	146	9812	61	115	9	151	132	7709	8	146	146	2	240	10344	5	18	9647	7684	4	129	227	140	5	124	10446	209	150	141	7815	8026	49	151	159	128	144	10639	8	9526	125	142	5	146	122	2	7694	120	146	10553	143	113	9621	56	7862	10630	9	150	3	7047	59	9594	9872	160	9662	9513	1	10464	134	8030	126	10382	233	96	3	1	5	146	153	53	4	142	151	10496	0	135	4	77	10414	118	10608	18	113	146	149	10581	7660	141	10	146	9599	7987	148	7684	145	162	98	8087	205	11	146	2	147	145	10310	114	149	1	1	227	9591	114	122	146	9	146	13	8017	119	13	16	119	8120	16	130	1	2	145	9	150	7733	151	146	10484	10284	107	1	10307	9580	10444	7700	116	150	13	129	10526	9614	151	10567	3	10	146	22	3	106	146	150	10604	144	146	116	19	146	5	7774	3	146	121	146	146	10439	5	10593	6	7753	9609	2	10501	9947	150	16	8088	7717	146	147	9887	7689	303	2	7713	7689	124	2	10447	2	9754	8179	8219	146	7	7919	19	7648	60	147	147	17	147	7	7698	147	154	146	4	9693	4	76	9550	117	10305	147	12	10426	4	115	5	11	146	127	10507	7659	7721	9531	7791	60	146	22	6	146	146	109	146	7549	142	12	64	9576	8118	121	7712	146	148	3	9	3	7721	8126	10426	8	10532	10458	56	146	10419	10	9521	7779	6	146	150	116	7685	130	146	7712	8249	142	125	147	150	161	7	59	7793	10586	9929	7	3	141	10642	136	146	18	146	3	148	10565	7634	7733	140	147	146	2	10654	10363	10	7553	10332	5	4
ERR4399358	393	226	86	143	363	361	152	472	351	10384	9607	374	358	401	9794	229	353	144	406	360	7628	145	401	401	135	352	10266	139	90	9628	7627	140	353	560	364	140	352	10384	441	406	360	7734	7953	227	406	409	359	398	10565	137	9508	347	380	86	401	468	135	7636	358	401	10537	369	226	9601	228	7840	10549	143	406	138	6970	99	9573	9810	386	9642	9495	129	10386	362	7959	351	10302	347	265	86	134	141	401	408	232	138	483	406	10418	135	0	90	71	10335	347	10533	92	351	401	404	10505	7603	484	82	401	9581	7965	403	7627	400	398	52	7993	431	93	401	133	402	372	10231	348	375	135	136	340	9574	227	350	401	142	401	139	7941	353	138	86	353	8039	80	355	134	136	400	143	405	7652	406	401	10404	10207	365	135	10230	9561	10366	7643	345	406	140	354	10715	9595	406	10489	138	143	401	91	139	356	401	406	10527	381	391	342	90	401	140	7752	140	401	352	401	401	10359	137	10794	135	7672	9592	139	10422	9889	405	89	8015	7635	398	402	9903	7632	279	137	7630	7607	352	135	10368	136	9747	8097	8136	401	140	7852	87	7566	217	402	402	87	399	142	7677	402	409	401	139	9687	138	231	9530	473	10293	402	82	10347	138	342	86	145	401	352	10429	7602	7700	9513	7709	100	401	92	140	400	401	350	401	7529	385	145	211	9557	8051	352	7630	400	374	138	80	136	7641	8044	10349	91	10451	10379	223	396	10340	145	9505	7699	141	401	406	350	7603	355	401	7630	8167	389	354	402	405	411	88	229	7714	10509	9910	137	135	479	10568	2	401	91	401	137	402	10504	7612	7653	388	402	389	137	10579	10284	144	7530	10273	142	139
ERR9822145	79	47	6	8	78	74	20	348	64	10462	9624	81	70	81	9810	49	66	8	86	73	7707	10	81	81	2	190	10342	2	17	9645	7647	1	66	160	77	5	65	10444	149	85	76	7815	8024	47	86	95	72	80	10639	7	9524	61	77	6	81	67	5	7657	68	81	10553	78	64	9619	48	7860	10628	8	85	2	7047	59	9592	9869	97	9660	9511	3	10462	70	8029	64	10380	183	81	6	3	4	81	88	52	4	78	86	10494	4	90	0	41	10412	56	10608	18	64	81	84	10581	7623	77	10	81	9597	7985	83	7647	80	99	63	8087	156	14	81	4	82	81	10308	57	84	5	3	176	9591	65	59	81	8	81	12	8016	65	13	16	65	8119	16	67	3	1	80	8	85	7732	86	81	10482	10282	77	5	10305	9578	10442	7663	67	85	12	66	10525	9612	86	10567	0	8	81	22	4	69	81	85	10602	80	83	67	19	81	4	7774	4	81	65	81	81	10437	7	10592	6	7753	9609	1	10499	9943	85	16	8088	7715	81	82	9887	7652	301	2	7710	7687	65	4	10445	1	9752	8178	8219	81	5	7918	18	7646	84	82	82	17	82	6	7698	82	89	81	1	9691	1	98	9548	67	10303	82	12	10424	3	66	6	9	81	65	10505	7622	7721	9529	7791	60	81	22	3	81	81	59	81	7548	81	12	64	9574	8116	65	7710	81	83	2	9	1	7721	8125	10426	7	10530	10456	43	81	10417	9	9521	7779	6	81	85	59	7683	68	81	7710	8249	79	63	82	85	96	8	49	7793	10584	9927	5	5	77	10642	91	81	18	81	1	83	10564	7632	7733	79	82	81	2	10654	10361	9	7551	10332	1	1
ERR5751308	204	43	42	81	201	199	93	339	189	10359	9610	197	193	207	9778	46	191	82	212	198	7563	83	207	207	76	316	10276	77	42	9638	7565	78	192	402	202	78	190	10380	275	212	204	7668	7885	44	212	221	197	206	10554	75	9517	187	187	42	207	306	77	7573	194	207	10528	204	189	9612	45	7776	10522	81	212	75	6962	49	9585	9807	224	9653	9504	76	10396	197	7893	189	10313	311	71	42	76	79	207	214	49	76	318	212	10410	77	71	41	0	10346	182	10524	44	189	207	210	10515	7540	320	34	207	9590	7900	209	7569	206	217	53	7942	394	49	207	76	208	206	10242	183	210	77	78	304	9577	190	185	207	80	207	77	7868	191	76	38	191	7969	37	193	76	74	206	80	211	7596	212	207	10377	10216	202	77	10221	9546	10376	7580	308	212	78	192	10458	9604	212	10501	75	81	207	43	76	194	207	212	10517	202	208	304	42	207	78	7684	77	207	190	207	207	10370	79	10525	78	7599	9602	77	10395	9880	211	41	7943	7572	207	208	9853	7568	293	75	7570	7552	190	76	10340	74	9745	8031	8067	207	77	7782	39	7507	159	208	208	39	208	80	7612	208	215	207	77	9684	76	174	9541	307	10296	208	34	10358	75	305	42	82	207	190	10439	7537	7643	9522	7639	50	207	44	78	207	207	185	207	7466	207	83	54	9567	7971	190	7569	207	209	76	32	74	7578	7977	10360	43	10463	10390	40	207	10351	82	9514	7632	79	207	212	185	7541	193	207	7570	8098	206	189	208	211	222	44	46	7647	10500	9894	79	76	319	10557	72	207	44	207	75	210	10501	7545	7588	206	208	201	75	10569	10295	82	7466	10269	79	77
SRR27481822	10315	10400	10356	10417	10421	10417	10428	10316	10407	757	1559	10454	10283	10460	331	10418	10409	10419	10465	10288	6868	10411	10460	10460	10352	10353	2626	10414	10416	669	6880	10415	10281	10434	10420	10415	10408	2662	10373	10465	10213	6897	6680	10417	10464	10433	10287	10193	355	10288	676	10402	10065	10356	10460	10316	10414	6878	10409	10460	338	10419	10407	660	10418	7323	783	10418	10465	10412	587	10437	661	2506	10437	663	678	10413	2691	10414	6654	10363	2636	10356	10460	10415	10413	10415	10460	10466	10422	10413	10414	10464	294	10414	10335	10412	10346	0	10399	346	10418	10407	10460	10464	2718	6855	10413	10408	10460	712	7406	10462	6857	10417	10229	10318	6683	10491	10422	10460	10409	10460	10285	2614	10399	10426	10414	10414	10339	1554	10408	10400	10460	10416	10460	10415	6631	10409	10414	10412	10408	6737	10410	10409	10413	10411	10459	10416	10404	6807	10465	10460	756	2608	10416	10414	318	727	2675	6895	10401	10465	10413	10408	2598	690	10465	2753	10412	10418	10460	10417	10413	10412	10460	10464	316	10255	10456	10399	10414	10460	10415	6933	10415	10460	10406	10460	10459	2688	10413	2644	10415	6877	700	10412	757	2499	10464	10415	6688	6855	10460	10461	858	6889	10210	10412	6868	6846	10408	10414	760	10411	824	6771	6798	10452	10415	6582	10413	6826	10357	10460	10461	10413	10460	10417	6874	10461	10468	10460	10414	817	10413	10358	689	10408	750	10461	10408	13	10413	10398	10356	10419	10458	10349	2715	6855	6906	674	6929	10438	10460	10418	10414	10460	10452	10401	10460	6776	10455	10419	10348	677	6727	10408	6863	10460	10425	10413	10406	10411	6866	6715	8	10416	2720	9	10413	10460	9	10414	682	6901	10416	10460	10465	10400	6875	10409	10460	6866	6814	9805	10403	10461	10464	10474	10358	10419	6908	322	344	10416	10414	10413	349	10336	10460	10416	10460	10411	10271	2705	6864	6870	10197	10459	10449	10412	351	2651	10418	6814	2665	10414	10414
ERR11219800	29	72	56	121	29	25	135	311	15	10448	9612	31	27	31	9799	65	17	122	36	24	7694	123	31	31	118	153	10330	117	56	9633	7767	118	22	200	28	119	16	10634	110	36	30	7801	8336	63	36	45	23	29	10627	115	9513	17	30	57	31	105	118	7780	12	31	10541	28	27	9606	64	7847	10614	121	36	117	7035	9	9579	10079	56	9647	9500	117	10450	102	8337	15	10367	147	32	56	117	120	31	38	68	116	117	36	10482	118	347	56	182	10399	0	10596	59	15	31	34	10568	7743	118	49	31	9586	7972	33	7767	30	50	190	8394	205	64	31	116	32	32	10296	1	34	118	119	140	9579	28	19	31	121	31	118	8333	17	116	52	17	8443	51	19	117	115	30	121	35	7718	36	31	10469	10271	29	118	10308	9567	10430	7784	119	36	118	18	11869	9601	36	10553	116	123	31	57	117	20	31	36	10590	28	33	116	62	31	118	7759	118	31	16	31	31	10424	121	11959	122	7738	9597	125	10486	10141	35	55	8408	7701	31	32	9875	7772	286	116	7728	7673	16	118	10432	114	9739	8501	8542	31	118	8236	53	7632	200	32	32	53	32	120	7684	32	39	31	122	9679	116	215	9536	106	10290	32	49	10411	116	116	56	123	31	16	10493	7742	7707	9518	7776	10	31	58	122	31	31	19	31	7566	31	124	16	9562	8225	16	7696	31	33	116	46	115	7707	8448	10413	58	10516	10443	59	31	10404	124	9510	7765	119	31	36	19	7669	19	31	7696	8575	32	7	32	35	46	58	65	7779	10572	9915	121	118	118	10630	344	31	57	31	116	32	10791	7646	7719	31	32	31	115	10642	10348	128	7537	10554	120	117
SRR13311773	10460	10482	10549	10613	10622	10610	10621	10281	10605	658	1714	10655	10421	10658	415	10612	10604	10612	10667	10428	6952	10604	10662	10661	10546	10497	2795	10610	10609	683	6953	10608	10420	10619	10616	10609	10602	2841	10354	10666	10239	7070	6767	10613	10663	10631	10426	10391	15	10427	693	10594	10257	10552	10662	10527	10607	6953	10602	10662	12	10617	10601	839	10610	7393	693	10614	10666	10606	276	10612	843	2692	10484	862	690	10606	2883	10610	6748	10557	2821	10502	10662	10610	10607	10609	10662	10664	10616	10608	10607	10661	18	10608	10533	10608	10524	346	10596	0	10611	10608	10662	10666	2912	6927	10609	10600	10662	741	7486	10663	6952	10617	10424	10515	6785	10442	10618	10658	10606	10662	10424	2799	10594	10624	10610	10607	10483	1705	10603	10584	10662	10608	10661	10609	6721	10604	10609	10606	10604	6826	10605	10604	10608	10604	10661	10610	10606	6978	10667	10662	647	2620	10610	10610	36	742	2864	6971	10438	10666	10588	10602	2783	707	10667	2952	10606	10610	10661	10609	10605	10609	10665	10666	16	10449	10658	10435	10607	10660	10608	7035	10590	10662	10601	10661	10661	2874	10496	2825	10610	6977	716	10604	659	2689	10665	10609	6775	6957	10661	10662	954	6964	10348	10605	6954	6937	10604	10607	654	10605	1045	6869	6907	10650	10608	6685	10607	6901	10549	10662	10663	10606	10662	10611	6980	10662	10670	10662	10606	1033	10605	10552	702	10602	984	10662	10602	376	10606	10434	10550	10612	10660	10543	2906	6927	7003	691	7016	10616	10662	10614	10607	10662	10654	10588	10662	6861	10656	10614	10543	699	6818	10604	6946	10661	10623	10605	10598	10603	6958	6818	356	10616	2920	405	10609	10661	366	10496	692	7012	10610	10662	10666	10582	6944	10605	10661	6956	6926	9993	10558	10662	10668	10676	10551	10615	7019	14	433	10609	10607	10606	36	10533	10661	10609	10662	10606	10469	2906	6945	6964	10388	10661	10650	10605	15	2824	10612	6894	2856	10610	10607
ERR9420153	81	50	18	23	81	77	37	348	67	10467	9627	85	73	84	9815	53	69	22	90	75	7711	25	85	84	19	194	10348	18	19	9650	7651	18	68	166	80	18	68	10450	151	88	79	7815	8027	51	90	98	75	83	10642	16	9529	63	81	18	85	71	19	7663	71	85	10556	82	67	9625	52	7863	10633	23	88	17	7050	62	9598	9876	100	9666	9516	17	10468	74	8029	67	10386	187	84	18	17	19	85	91	56	16	82	89	10500	18	92	18	44	10418	59	10611	0	67	85	88	10584	7629	81	12	85	9602	7988	86	7653	84	103	65	8087	158	26	84	18	85	83	10314	60	88	20	18	180	9594	68	61	85	21	85	18	8016	68	17	18	69	8119	18	70	18	16	84	21	88	7733	90	85	10487	10287	79	20	10311	9583	10448	7669	68	88	18	70	10530	9617	90	10570	15	22	84	24	16	71	85	88	10608	83	87	69	21	85	19	7774	19	85	68	85	84	10443	20	10597	19	7754	9611	18	10504	9949	88	2	8088	7719	84	86	9889	7656	306	15	7715	7691	68	19	10450	16	9758	8178	8219	85	19	7918	20	7650	101	85	86	19	86	21	7698	86	92	85	18	9697	18	113	9553	70	10309	85	14	10430	18	68	18	24	85	68	10511	7628	7721	9534	7791	62	85	24	19	85	85	62	85	7550	85	24	68	9579	8119	67	7714	85	87	17	11	16	7722	8125	10429	19	10536	10462	46	85	10423	21	9524	7779	18	85	88	61	7686	71	85	7714	8249	83	65	86	88	100	20	52	7793	10590	9932	19	19	81	10645	93	85	4	85	15	87	10567	7635	7734	81	86	85	16	10657	10366	22	7554	10336	19	18
ERR12321282	37	68	64	117	22	20	129	320	0	10457	9620	41	35	41	9804	68	12	118	44	17	7702	119	41	41	113	146	10338	113	65	9641	7773	114	31	172	23	115	11	10641	118	46	35	7809	8326	67	44	53	16	41	10641	111	9521	25	41	65	41	77	113	7786	27	41	10550	38	10	9614	68	7854	10624	117	46	113	7043	18	9587	10090	64	9655	9508	112	10458	110	8322	10	10375	139	42	64	112	116	41	46	72	112	89	44	10490	113	351	64	189	10407	15	10608	67	0	41	44	10583	7749	90	57	41	9594	7980	43	7774	40	57	186	8387	165	72	41	111	42	41	10304	16	44	113	114	132	9587	11	28	41	117	41	114	8317	12	112	60	12	8425	59	21	112	111	40	117	43	7727	44	41	10478	10279	22	113	10309	9575	10438	7790	79	46	114	20	11214	9609	44	10561	112	119	41	65	113	15	41	46	10599	40	42	76	70	41	114	7768	114	41	9	41	41	10432	116	11302	118	7748	9605	121	10494	10152	43	63	8392	7709	41	42	9883	7779	294	112	7705	7681	1	113	10441	110	9747	8483	8526	41	114	8222	62	7640	195	42	42	61	41	116	7692	42	49	41	118	9687	112	211	9544	76	10298	42	57	10419	112	76	64	119	41	11	10501	7748	7715	9526	7785	19	41	66	118	41	41	28	41	7542	41	119	2	9570	8218	11	7704	41	43	112	54	111	7715	8430	10421	67	10525	10451	63	41	10412	120	9518	7774	115	41	46	28	7677	12	41	7704	8559	44	22	42	45	54	66	69	7787	10582	9920	117	113	90	10643	348	41	65	41	112	42	10810	7627	7727	40	42	41	111	10659	10357	124	7545	10572	116	113
CIV13RE2_S11_L001	45	98	82	150	55	50	163	362	41	10513	9636	0	52	0	9822	90	43	150	7	48	7975	152	0	0	146	187	10353	145	84	9656	7791	146	47	262	53	147	41	10661	164	11	55	7826	8623	88	7	16	48	0	10690	142	9549	72	14	83	0	168	147	7803	42	0	10603	3	54	9629	89	7870	10686	149	11	145	7100	29	9602	10105	111	9708	9523	145	10474	127	8586	40	10390	180	1	82	145	148	0	9	93	148	179	7	10543	146	401	81	207	10460	31	10662	85	41	0	15	10595	7764	180	77	0	9609	7995	2	7791	1	23	246	8654	269	90	0	144	1	53	10319	33	15	146	147	173	9603	55	74	0	149	0	145	8594	45	144	77	42	8710	77	44	146	143	1	149	6	7741	7	0	10535	10294	55	146	10370	9591	10454	7808	182	11	146	43	11894	9624	7	10576	145	150	0	83	145	46	0	11	10652	1	2	179	88	0	146	7783	147	0	41	0	0	10446	149	11984	150	8018	9620	153	10555	10170	6	80	8668	7974	0	1	10022	7796	310	145	7780	7927	42	147	10502	142	9773	8769	8815	0	146	8492	80	7907	228	1	1	79	1	148	7707	1	14	0	150	9713	143	244	9559	168	10355	1	74	10467	145	181	82	151	0	42	10518	7766	7730	9541	8040	30	0	85	150	0	0	73	0	7622	0	151	41	9586	8490	41	7964	0	14	145	72	143	7987	8720	10464	85	10539	10504	85	0	10465	153	9533	7790	148	0	11	74	7703	45	0	7952	8847	11	38	1	7	17	84	92	7805	10634	9938	149	145	180	10695	398	0	82	0	143	5	10826	7703	7971	14	1	0	143	10708	10372	156	7562	10585	148	144
CAAR9T_S6_L001	49	101	85	153	58	53	166	366	44	10518	9640	15	55	15	9826	93	46	153	20	51	7980	155	15	15	149	190	10357	148	87	9660	7797	149	50	265	56	150	44	10662	167	20	58	7832	8622	91	20	29	51	14	10695	145	9553	75	16	86	15	171	150	7809	45	15	10607	12	57	9633	92	7877	10690	152	20	148	7104	32	9606	10107	114	9712	9527	148	10478	130	8591	43	10394	182	16	85	148	151	15	22	96	151	182	20	10547	149	404	84	210	10464	34	10666	88	44	15	0	10602	7770	183	80	15	9613	8002	17	7797	14	35	249	8661	272	93	15	147	16	56	10323	36	1	149	150	176	9607	58	77	15	152	15	148	8601	48	147	80	45	8710	80	47	149	146	14	152	19	7749	20	15	10539	10298	58	149	10375	9595	10458	7814	185	20	149	46	11898	9628	20	10580	148	153	15	86	148	49	15	20	10656	14	17	182	91	15	149	7790	150	15	44	15	15	10451	152	11988	153	8024	9624	156	10559	10172	19	83	8672	7979	15	16	10026	7802	314	148	7787	7932	45	150	10506	145	9777	8769	8816	15	149	8498	83	7912	231	16	16	82	16	151	7714	16	23	15	153	9717	146	247	9563	171	10359	16	77	10471	148	184	85	154	15	45	10522	7772	7737	9545	8047	33	15	88	153	15	15	76	15	7629	15	154	44	9590	8492	44	7969	15	1	148	75	146	7993	8720	10468	88	10543	10508	88	15	10469	156	9537	7797	151	15	20	77	7709	48	15	7957	8848	20	41	16	20	30	87	95	7812	10639	9942	152	148	183	10700	401	15	85	15	146	17	10831	7711	7976	0	16	15	146	10715	10376	159	7568	10590	151	147
SRR27762886	10564	10569	10522	10586	10590	10582	10594	10566	10583	2853	1450	10587	10570	10588	2223	10585	10576	10585	10603	10576	6653	10577	10594	10598	10519	10568	33	10583	10581	2141	6685	10581	10568	10600	10588	10582	10574	51	10621	10596	10504	6656	7003	10586	10593	10555	10574	10357	2920	10576	2107	10569	10199	10525	10597	10501	10580	6670	10575	10596	2908	10594	10573	2135	10583	7129	2906	10587	10596	10579	2582	10567	2135	33	10606	2136	2108	10579	30	10583	6937	10536	24	10579	10592	10583	10580	10583	10593	10594	10589	10581	10580	10591	2904	10581	10505	10581	10515	2718	10568	2912	10584	10583	10595	10602	0	6664	10582	10573	10595	2147	7166	10593	6663	10558	10367	10493	6994	10663	10591	10588	10578	10592	10572	24	10566	10601	10583	10580	10563	1447	10575	10566	10591	10581	10595	10583	6924	10576	10583	10579	10576	7000	10578	10576	10581	10577	10597	10583	10536	6569	10603	10597	2853	32	10578	10583	2908	2164	24	6670	10572	10599	10583	10574	26	2125	10603	21	10579	10583	10591	10582	10578	10581	10598	10596	2918	10448	10593	10570	10580	10589	10581	6653	10582	10598	10573	10598	10591	23	10585	33	10583	6640	2134	10578	2860	29	10595	10582	6968	6650	10591	10598	2176	6683	10502	10578	6637	6638	10576	10580	2852	10578	2138	7009	7021	10580	10581	6899	10580	6640	10522	10592	10598	10579	10598	10584	6639	10598	10606	10598	10579	2124	10578	10525	2126	10575	2138	10599	10575	2717	10579	10570	10523	10585	10592	10515	19	6671	6640	2107	6661	10571	10597	10587	10580	10597	10583	10570	10598	6576	10594	10588	10516	2110	6997	10576	6650	10595	10601	10578	10571	10576	6653	6995	2723	10592	24	2719	10582	10595	2718	10584	2109	6666	10583	10597	10596	10566	6676	10577	10597	6645	7035	9955	10571	10595	10595	10611	10524	10588	6663	2910	2223	10582	10580	10579	2942	10504	10598	10582	10598	10579	10425	30	6656	6650	10363	10597	10588	10578	2924	50	10585	6630	33	10583	10580
ERR4400884	7737	7601	7622	7663	7758	7759	7672	7733	7749	6813	5875	7754	7746	7767	6228	7631	7748	7665	7772	7746	80	7662	7767	7767	7658	7744	6609	7655	7628	6175	25	7657	7745	7943	7759	7662	7747	6661	7757	7771	7747	78	453	7625	7771	7753	7744	7539	6967	7656	6087	7737	7417	7620	7765	7861	7661	5	7745	7767	6932	7764	7749	6264	7623	825	6915	7664	7771	7659	5204	7574	6243	6393	7742	6267	6088	7658	6638	7750	415	7728	6617	7749	7634	7627	7659	7662	7767	7773	7634	7657	7873	7769	6898	7660	7603	7623	7540	6855	7743	6927	7629	7749	7764	7770	6664	0	7877	7619	7767	6152	834	7769	1	7732	7565	7586	458	7847	7626	7767	7656	7767	7751	6600	7739	7770	7660	7661	7733	5864	7747	7719	7767	7663	7767	7660	396	7749	7661	7622	7751	440	7618	7745	7659	7657	7766	7664	7770	74	7771	7767	6824	6494	7755	7660	6831	6158	6622	4	7765	7771	7603	7750	6792	6127	7771	6601	7659	7664	7767	7629	7662	7754	7767	7770	6958	7633	7766	7762	7627	7767	7661	67	7603	7766	7746	7767	7766	6604	7654	6830	7656	71	6166	7651	6835	6413	7771	7623	426	80	7767	7768	6207	25	7598	7659	93	76	7750	7654	6806	7657	6251	447	451	7755	7657	419	7625	77	7738	7767	7765	7619	7766	7663	62	7767	7775	7767	7660	6203	7659	7755	6123	7865	6238	7767	7616	6852	7652	7762	7622	7666	7763	7744	6632	1	71	6085	73	7578	7767	7630	7661	7767	7764	7713	7767	93	7766	7659	7618	6118	446	7746	81	7766	7769	7659	7614	7649	77	454	6860	7628	6613	6857	7622	7763	6857	7657	6094	88	7664	7767	7771	7714	86	7749	7767	76	452	7297	7748	7768	7771	7781	7624	7631	85	6926	6265	7663	7655	7877	6962	7603	7762	7625	7767	7649	7626	6664	93	79	7564	7765	7756	7654	6960	6628	7665	78	6539	7661	7656
ERR10460856	178	157	78	144	113	121	158	258	91	10462	9624	173	164	180	9813	198	83	145	185	102	7703	138	180	180	140	293	10344	140	79	9645	7897	141	160	93	175	141	113	10746	222	185	177	7810	8136	174	185	188	97	180	10641	138	9527	155	178	78	180	31	141	7911	124	180	10553	176	158	9620	121	7855	10629	144	185	138	7048	112	9593	10196	184	9661	9514	140	10464	94	8128	134	10381	284	181	78	140	142	180	187	99	154	1	185	10496	141	484	77	320	10413	118	10609	81	90	180	183	10582	7877	0	71	180	9600	7980	182	7899	175	177	329	8164	139	85	180	139	181	102	10310	100	182	141	142	279	9591	117	113	180	143	180	140	8126	84	139	74	103	8229	73	155	140	137	179	143	184	7726	185	180	10483	10285	101	141	10303	9581	10444	7918	51	185	141	154	10738	9615	185	10567	138	146	180	79	139	117	180	185	10604	153	182	50	83	180	141	7767	141	180	135	180	180	10438	143	10813	144	7750	9609	148	10500	10256	184	77	8201	7710	180	181	9890	7902	299	138	7709	7682	83	141	10446	137	9753	8287	8328	180	141	8027	76	7641	137	181	181	75	181	143	7692	181	188	180	144	9693	139	138	9550	37	10304	181	71	10425	139	50	78	145	170	94	10507	7875	7714	9532	7785	120	180	80	145	180	180	84	180	7542	179	146	86	9576	8227	115	7705	180	181	139	68	137	7717	8239	10427	81	10530	10457	127	180	10418	145	9524	7772	142	180	185	109	7678	128	180	7707	8363	149	85	181	184	195	80	174	7786	10586	9928	142	141	1	10644	481	180	79	180	138	164	10905	7628	7728	178	181	175	138	10654	10362	151	7545	10671	142	140
ERR6806028	71	41	10	15	71	67	28	340	57	10459	9616	77	63	76	9806	43	59	14	82	65	7704	17	77	76	11	184	10338	10	9	9641	7643	10	58	156	70	10	58	10440	142	80	70	7806	8020	41	82	90	65	75	10631	8	9520	53	74	10	77	61	11	7653	61	77	10545	73	57	9615	42	7855	10624	15	80	9	7039	53	9588	9867	91	9656	9507	9	10458	64	8020	57	10376	177	76	10	9	11	77	83	46	8	71	81	10490	10	82	10	34	10408	49	10600	12	57	77	80	10573	7619	71	0	77	9593	7980	78	7643	76	95	55	8078	149	18	76	10	77	73	10304	50	79	12	10	170	9583	58	51	77	13	77	10	8006	58	9	8	59	8110	8	60	10	8	76	13	80	7723	82	77	10479	10278	69	12	10301	9574	10438	7659	59	80	10	60	10521	9608	82	10559	7	14	76	14	8	61	77	80	10598	75	79	60	11	77	11	7764	11	77	58	77	76	10433	13	10588	11	7745	9601	10	10495	9940	80	10	8079	7712	76	78	9880	7648	296	7	7705	7684	58	10	10441	8	9748	8169	8210	77	10	7910	10	7643	93	77	78	9	78	13	7689	78	84	77	10	9687	10	106	9544	60	10299	77	1	10420	9	59	10	16	77	58	10501	7618	7712	9525	7782	53	77	14	11	77	77	52	77	7542	77	16	58	9570	8112	57	7707	77	78	9	1	8	7714	8116	10418	11	10526	10452	36	77	10413	14	9514	7770	10	77	80	51	7678	61	77	7707	8240	76	55	78	80	92	12	42	7784	10580	9923	11	10	71	10634	83	77	12	77	7	79	10556	7627	7726	74	78	77	8	10646	10357	14	7546	10325	11	10
CIV143E2_S28_L001	45	98	82	150	55	50	163	363	41	10513	9636	0	52	0	9822	90	43	150	7	48	7976	152	0	0	146	187	10353	145	84	9656	7794	146	47	262	53	147	41	10663	164	11	55	7829	8626	88	7	16	48	0	10690	142	9549	72	14	83	0	168	147	7806	42	0	10603	3	54	9629	89	7873	10686	149	11	145	7100	29	9602	10107	111	9708	9523	145	10474	127	8591	40	10390	180	1	82	145	148	0	9	93	148	179	7	10543	146	401	81	207	10460	31	10662	85	41	0	15	10595	7767	180	77	0	9609	7998	2	7794	1	23	246	8658	269	90	0	144	1	53	10319	33	15	146	147	173	9603	55	74	0	149	0	145	8598	45	144	77	42	8714	77	44	146	143	1	149	6	7744	7	0	10535	10294	55	146	10370	9591	10454	7811	182	11	146	43	11894	9624	7	10576	145	150	0	83	145	46	0	11	10652	1	2	179	88	0	146	7786	147	0	41	0	0	10446	149	11984	150	8019	9620	153	10555	10172	6	80	8672	7975	0	1	10022	7799	310	145	7783	7928	42	147	10502	142	9773	8773	8821	0	146	8497	80	7908	228	1	1	79	1	148	7710	1	14	0	150	9713	143	244	9559	168	10355	1	74	10467	145	181	82	151	0	42	10518	7769	7733	9541	8043	30	0	85	150	0	0	73	0	7625	0	151	41	9586	8495	41	7965	0	14	145	72	143	7989	8724	10464	85	10539	10504	85	0	10465	153	9533	7793	148	0	11	74	7706	45	0	7953	8853	11	38	1	7	17	84	92	7808	10634	9938	149	145	180	10695	398	0	82	0	143	5	10829	7705	7972	14	1	0	143	10708	10372	156	7565	10587	148	144
SRR7841631	9571	9597	9600	9602	9608	9604	9613	9589	9594	724	949	9603	9577	9609	168	9603	9596	9604	9614	9582	6163	9596	9609	9609	9596	9580	2052	9599	9601	123	6181	9600	9575	9683	9607	9600	9595	2082	9585	9614	9573	6148	6487	9602	9613	9580	9581	9375	748	9580	93	9591	9260	9600	9609	9580	9599	6176	9596	9609	737	9606	9594	122	9603	6619	754	9603	9614	9597	662	9589	120	1977	9595	123	93	9598	2087	9601	6472	9556	2059	9579	9610	9600	9598	9601	9609	9615	9607	9598	9601	9613	732	9599	9581	9597	9590	712	9586	741	9602	9594	9609	9613	2147	6152	9600	9593	9609	0	6699	9611	6161	9574	9389	9564	6485	9593	9607	9609	9596	9610	9579	2012	9587	9613	9599	9599	9573	947	9595	9587	9609	9601	9609	9599	6433	9596	9598	9597	9595	6528	9595	9596	9598	9596	9608	9601	9613	6090	9614	9609	719	2027	9604	9599	759	105	2069	6195	9587	9614	9600	9595	2025	101	9614	2138	9597	9603	9609	9602	9598	9599	9609	9614	746	9483	9609	9585	9600	9609	9600	6211	9599	9609	9593	9609	9609	2081	9601	2067	9600	6166	19	9597	730	1954	9613	9599	6487	6154	9609	9610	137	6190	9567	9597	6149	6152	9595	9599	723	9596	75	6568	6588	9601	9600	6392	9598	6130	9601	9610	9610	9598	9609	9602	6170	9609	9617	9609	9599	64	9598	9602	104	9595	118	9610	9593	710	9598	9584	9600	9604	9607	9595	2111	6150	6168	93	6222	9590	9609	9603	9599	9609	9609	9587	9609	6091	9604	9604	9595	92	6527	9595	6165	9609	9612	9598	9591	9596	6165	6514	717	9601	2112	712	9598	9609	708	9604	93	6201	9601	9609	9614	9587	6154	9596	9609	6167	6606	9074	9593	9610	9613	9622	9602	9604	6205	735	174	9601	9599	9600	766	9582	9609	9600	9609	9596	9460	2132	6169	6166	9400	9610	9603	9597	750	2077	9603	6114	2102	9599	9599
SRR1966891	7965	7960	7981	7990	7991	7990	7996	7896	7980	7366	6436	7991	7975	7998	6776	7991	7977	7992	8003	7975	822	7979	7998	7998	7984	7972	7119	7980	7989	6726	845	7982	7973	8064	7988	7988	7976	7153	7984	8002	7977	817	1177	7984	8002	7978	7973	7750	7529	7983	6637	7963	7634	7979	7997	7975	7987	833	7973	7998	7492	7992	7979	6808	7982	50	7456	7991	8002	7985	5722	7943	6790	6866	7968	6815	6635	7985	7143	7977	1136	7942	7120	7974	7999	7988	7986	7989	7998	8004	7995	7981	7978	7998	7469	7987	7965	7985	7900	7406	7972	7486	7988	7980	7995	8002	7166	834	7980	7980	7998	6699	0	8000	833	7961	7788	7948	1167	7967	7985	7998	7983	7999	7970	7103	7967	7999	7987	7987	7958	6421	7976	7947	7996	7989	7998	7987	1112	7978	7986	7982	7981	1160	7977	7973	7986	7984	7997	7989	8002	806	8002	7998	7368	6999	7986	7987	7383	6703	7126	833	7882	8002	7932	7978	7104	6675	8002	7110	7985	7991	7998	7990	7986	7985	7997	8002	7517	7857	7997	7881	7988	7998	7988	810	7932	7998	7975	7998	7998	7108	7979	7123	7980	810	6717	7977	7386	6874	8002	7982	1150	823	7998	7999	6751	845	7965	7985	823	814	7981	7979	7353	7984	6800	1173	1167	7985	7982	1122	7986	820	7985	7999	7994	7978	7998	7990	803	7998	8006	7998	7987	6753	7986	7990	6668	7977	6786	7996	7975	7400	7977	7881	7981	7992	7993	7973	7136	832	815	6632	816	7947	7998	7991	7987	7998	7993	7940	7998	811	7997	7983	7981	6665	1168	7975	823	7997	7998	7986	7973	7974	819	1174	7408	7989	7117	7401	7981	7992	7403	7981	6637	827	7989	7998	8002	7941	824	7978	7998	818	1167	7495	7979	7999	8002	8011	7983	7992	816	7488	6816	7989	7980	7981	7525	7965	7991	7984	7998	7974	7842	7166	820	825	7784	7996	7991	7978	7528	7131	7991	796	7015	7987	7981
44341_3#128	47	98	84	152	57	52	165	365	43	10515	9638	2	54	2	9824	90	45	152	9	50	7978	154	2	2	148	189	10355	147	85	9658	7796	148	49	264	55	149	43	10661	166	13	57	7831	8626	88	9	18	50	2	10690	144	9551	74	16	85	2	170	149	7807	44	2	10604	5	56	9631	89	7875	10687	151	13	147	7102	31	9604	10104	113	9710	9525	147	10476	129	8570	42	10392	182	1	84	147	150	2	11	93	150	181	9	10545	148	403	83	209	10462	33	10663	86	43	2	17	10593	7769	182	78	2	9611	8000	0	7796	3	25	248	8640	271	92	2	146	1	55	10321	35	17	148	149	175	9605	57	76	2	151	2	147	8578	47	146	79	44	8695	79	46	148	145	3	151	8	7745	9	2	10536	10296	57	148	10368	9593	10456	7813	184	13	148	45	11693	9625	9	10578	147	152	2	85	147	48	2	13	10653	3	4	181	90	2	148	7787	149	2	43	2	2	10448	151	11782	152	8020	9622	155	10557	10167	8	82	8654	7977	2	3	10024	7801	312	147	7785	7930	44	149	10502	144	9775	8753	8798	2	148	8475	81	7910	230	3	3	81	3	150	7712	3	16	2	152	9715	145	246	9561	170	10357	3	76	10469	147	183	84	153	2	44	10520	7771	7735	9543	8044	32	2	87	152	2	2	75	2	7627	2	153	43	9588	8491	43	7967	2	16	147	74	145	7991	8705	10466	85	10541	10506	85	2	10467	155	9535	7794	150	2	13	76	7708	47	2	7955	8830	13	40	3	9	19	86	92	7809	10635	9940	151	147	182	10693	400	2	84	2	145	7	10817	7706	7974	16	3	2	145	10705	10374	158	7567	10582	150	146
ERR4399363	7764	7627	7646	7687	7783	7784	7696	7764	7774	6822	5878	7781	7768	7794	6231	7655	7773	7689	7799	7771	82	7686	7794	7794	7682	7769	6608	7679	7652	6184	24	7681	7767	7965	7784	7686	7772	6658	7783	7798	7772	76	452	7649	7798	7781	7769	7566	6993	7680	6099	7759	7444	7644	7792	7885	7685	4	7769	7794	6956	7788	7774	6266	7647	824	6924	7688	7798	7683	5227	7601	6245	6390	7766	6269	6097	7682	6637	7772	412	7753	6616	7774	7661	7651	7683	7686	7794	7800	7658	7681	7895	7796	6922	7684	7627	7647	7569	6857	7767	6952	7653	7774	7791	7797	6663	1	7899	7643	7794	6161	833	7796	0	7759	7593	7610	455	7880	7650	7794	7680	7794	7776	6599	7763	7794	7684	7685	7758	5867	7772	7743	7794	7687	7794	7684	396	7774	7685	7646	7776	436	7642	7770	7683	7681	7793	7688	7797	73	7798	7794	6833	6500	7780	7684	6858	6162	6622	3	7796	7798	7632	7775	6791	6136	7798	6600	7683	7688	7794	7653	7686	7779	7794	7797	6982	7660	7793	7793	7651	7794	7685	66	7632	7794	7771	7794	7793	6603	7678	6829	7680	73	6175	7675	6844	6409	7798	7647	424	82	7794	7795	6212	24	7621	7683	92	78	7775	7678	6817	7681	6256	443	448	7782	7681	414	7649	79	7762	7794	7792	7643	7794	7687	61	7794	7802	7794	7684	6208	7683	7779	6132	7889	6243	7794	7640	6854	7676	7793	7646	7690	7790	7769	6631	0	70	6094	71	7605	7794	7654	7685	7794	7791	7737	7794	97	7793	7684	7643	6127	443	7771	83	7793	7793	7683	7638	7673	79	450	6862	7652	6612	6859	7646	7790	6859	7682	6103	86	7688	7794	7798	7738	85	7774	7794	78	449	7324	7772	7795	7798	7808	7648	7655	84	6952	6268	7687	7679	7899	6987	7627	7789	7649	7794	7673	7653	6661	92	81	7593	7792	7783	7678	6985	6627	7689	77	6537	7685	7680
BKRMVD_S15_L001	44	96	81	149	54	49	162	361	40	10471	9600	1	50	1	9787	89	42	149	6	47	7941	151	1	1	145	186	10321	144	83	9620	7757	145	45	257	51	146	40	10628	163	10	54	7791	8584	87	6	15	47	1	10643	141	9514	71	13	82	1	163	146	7771	41	1	10557	2	53	9593	88	7838	10643	148	10	144	7067	28	9566	10072	110	9672	9488	144	10442	126	8547	39	10357	179	2	81	144	147	1	8	92	147	174	6	10497	145	400	80	206	10417	30	10617	84	40	1	14	10558	7732	175	76	1	9574	7961	3	7759	0	22	245	8614	264	89	1	143	2	52	10286	32	14	145	146	172	9567	54	73	1	148	1	144	8559	44	143	76	41	8671	76	43	145	142	0	148	5	7707	6	1	10495	10261	54	145	10323	9555	10422	7776	177	10	145	42	11863	9589	6	10543	144	149	1	82	144	45	1	10	10605	0	3	174	87	1	145	7749	146	1	40	1	1	10413	148	11952	149	7984	9584	152	10517	10139	5	79	8629	7940	1	2	9986	7762	308	144	7752	7893	41	146	10457	141	9738	8729	8775	1	145	8453	79	7873	227	2	2	78	2	147	7673	2	13	1	149	9677	142	243	9524	163	10319	2	73	10424	144	176	81	150	1	41	10486	7734	7695	9505	8006	29	1	84	149	1	1	72	1	7591	1	150	40	9550	8451	40	7930	1	13	144	71	142	7953	8680	10422	84	10504	10461	84	1	10422	152	9498	7755	147	1	10	73	7670	44	1	7918	8808	10	37	2	6	16	83	91	7770	10588	9898	148	144	175	10646	397	1	81	1	142	4	10790	7668	7936	13	2	1	142	10659	10340	155	7529	10549	147	143
CNSLL4_S20_L001	62	113	100	166	72	67	178	377	57	10270	9425	23	66	23	9599	107	59	166	21	64	7776	168	23	23	162	205	10125	161	99	9438	7593	161	62	258	70	163	57	10432	182	32	72	7631	8407	105	21	8	64	23	10458	157	9337	91	33	101	23	167	163	7602	60	23	10366	24	71	9413	106	7665	10441	165	32	161	6956	48	9390	9877	130	9491	9310	161	10243	144	8374	57	10166	198	24	99	161	164	23	23	110	164	176	21	10312	162	398	99	217	10229	50	10424	103	57	23	35	10367	7565	177	95	23	9389	7788	25	7593	22	0	257	8439	267	107	23	160	24	70	10080	52	35	162	163	191	9398	71	92	23	165	23	161	8380	62	160	95	59	8494	95	62	162	159	22	165	20	7547	21	23	10291	10066	72	162	10148	9380	10219	7608	181	32	162	61	11667	9406	21	10344	161	166	23	100	161	63	23	32	10414	22	25	178	105	23	162	7590	162	23	58	23	23	10220	165	11751	166	7820	9404	169	10315	9950	20	98	8451	7775	23	24	9807	7597	319	161	7587	7728	58	163	10257	158	9556	8553	8598	23	162	8279	98	7708	244	24	24	97	24	164	7514	24	35	23	166	9502	159	259	9341	167	10129	24	91	10232	161	180	100	167	23	59	10286	7567	7534	9331	7843	49	23	102	166	23	23	91	23	7432	23	167	57	9369	8272	57	7765	23	34	161	90	159	7788	8504	10232	103	10308	10271	102	23	10237	168	9317	7596	163	23	32	92	7510	62	23	7753	8630	31	57	24	28	5	102	109	7611	10401	9714	165	161	177	10456	397	23	100	23	159	19	10596	7508	7773	34	24	22	159	10470	10150	172	7369	10355	164	160
ERR4399362	243	74	63	102	211	209	115	351	186	10367	9590	236	203	246	9777	79	188	103	251	205	7611	104	246	246	98	312	10249	98	63	9611	7610	99	202	410	213	99	197	10355	282	251	214	7717	7922	67	251	260	201	243	10547	96	9491	197	226	63	246	307	98	7619	191	246	10520	214	186	9584	74	7823	10534	102	251	97	6953	76	9556	9781	234	9625	9478	97	10369	206	7928	198	10285	307	113	63	97	100	246	253	71	97	328	251	10401	98	52	63	53	10318	190	10515	65	186	246	249	10493	7586	329	55	246	9564	7948	248	7610	245	257	0	7989	391	70	246	96	247	217	10214	186	220	98	99	300	9557	187	194	246	101	246	98	7909	192	97	59	196	8007	58	203	97	95	245	102	250	7634	251	246	10388	10190	213	98	10212	9544	10349	7626	305	251	99	202	10430	9578	251	10472	97	102	246	64	98	191	246	251	10509	240	247	302	63	246	99	7735	99	246	194	246	246	10342	100	10498	99	7655	9575	98	10405	9857	250	62	7984	7618	246	247	9886	7615	261	96	7613	7590	197	98	10350	95	9730	8067	8106	246	99	7820	60	7549	180	247	247	60	247	101	7660	247	254	246	98	9670	97	195	9513	303	10276	247	55	10330	97	302	63	104	246	200	10412	7585	7683	9496	7692	77	246	65	99	246	246	181	246	7512	242	104	54	9540	8021	194	7613	246	219	97	53	95	7624	8013	10332	64	10435	10362	74	246	10323	104	9488	7682	100	246	251	188	7586	203	246	7613	8137	245	197	247	250	261	65	77	7696	10491	9893	101	98	328	10552	53	246	64	246	96	249	10480	7595	7636	243	247	240	96	10566	10268	103	7513	10247	101	98
SRR5121494	8398	8393	8016	8089	8396	8399	8097	8399	8387	6642	6228	8639	8359	8650	6252	8413	8390	8089	8663	8373	452	8085	8659	8657	8027	8273	6936	8081	8087	6509	470	8080	8392	8175	8403	8088	8386	7380	8409	8656	8337	382	48	8410	8655	8634	8370	8407	6826	8081	6428	8169	8258	8020	8657	8095	8084	453	8392	8657	6790	8420	8292	6595	8403	1157	6735	8092	8659	8083	4802	8485	6578	7124	8371	6598	6424	8083	6969	8226	13	8365	6949	8280	8653	8088	8084	8085	8657	8659	8418	8080	8158	8651	6756	8087	7993	8087	7942	6683	8394	6785	8087	8387	8654	8661	6994	458	8164	8078	8658	6485	1167	8640	455	8614	8439	7989	0	8072	8087	8650	8082	8639	8380	6927	8384	8428	8087	8085	8255	6220	8290	8360	8655	8087	8657	8087	9	8369	8086	8082	8370	23	8078	8349	8086	8082	8655	8089	8597	380	8662	8657	6664	6828	8382	8087	6705	6500	6950	458	7985	8658	8029	8352	8069	6454	8660	6935	8086	8087	8654	8088	8082	8398	8655	8656	6814	8491	8634	7984	8081	8654	8085	390	8031	8656	8373	8657	8652	6933	8080	8113	8082	443	6501	8074	6668	7125	8657	8082	9	453	8657	8659	6631	470	7975	8084	447	450	8379	8079	6642	8082	6583	8	11	8643	8079	8	8086	449	8078	8654	8653	8077	8657	8087	399	8656	8666	8659	8084	6543	8083	8099	6457	8178	6573	8653	8074	6679	8074	7984	8018	8092	8652	8311	6960	454	412	6423	395	8494	8657	8093	8085	8657	8643	8364	8658	451	8641	8083	8098	6454	28	8389	453	8655	8426	8082	8070	8071	451	39	6682	8094	6946	6684	8407	8644	6685	8083	6430	410	8088	8656	8658	8360	408	8376	8657	450	11	8037	8398	8656	8659	8665	8020	8418	410	6784	6290	8087	8077	8161	6820	7995	8650	8083	8657	8075	8491	7416	436	451	8399	8653	8646	8077	6818	6957	8090	414	7294	8089	8076
ERR9924209	266	170	156	209	201	209	222	409	166	10372	9676	269	257	269	9765	284	158	210	274	187	7685	211	269	269	205	335	10427	205	157	9640	7876	206	253	224	264	206	198	10806	188	274	205	7789	8013	250	274	277	179	269	10472	203	9521	248	262	156	268	121	205	7887	201	269	10389	266	220	9703	203	7844	10534	209	274	204	6881	186	9676	10248	189	9744	9507	204	10548	203	8022	223	10464	335	270	156	204	207	269	276	174	219	140	274	10329	205	431	156	394	10491	205	10442	158	165	269	272	10663	7847	139	149	269	9593	7967	271	7880	264	267	391	8072	0	163	269	203	270	208	10393	182	272	205	206	329	9645	179	199	269	208	269	204	7998	170	203	152	194	8096	151	253	204	202	268	209	273	7719	274	269	10392	10278	189	205	10143	9538	10528	7892	24	274	205	252	10727	9605	274	10648	204	209	269	157	205	192	269	274	10437	242	270	24	155	269	206	7749	205	269	217	269	269	10521	150	10794	206	7720	9602	205	10412	10307	273	154	8069	7694	269	270	9853	7879	293	203	7700	7674	168	205	10355	202	9833	8160	8195	269	206	7910	154	7629	286	270	270	153	270	208	7675	270	277	269	205	9774	204	301	9543	115	10385	270	149	10503	204	23	156	211	259	182	10591	7848	7708	9525	7764	194	269	158	206	269	269	158	269	7534	264	211	169	9570	8097	197	7691	269	271	204	146	202	7698	8105	10503	159	10612	10535	214	269	10496	142	9515	7756	207	269	274	189	7648	216	269	7692	8225	236	172	270	273	284	158	258	7770	10416	9882	208	205	139	10472	428	269	156	269	203	252	10955	7614	7707	267	270	265	203	10486	10446	210	7534	10719	208	205
ERR10880311	85	56	14	18	86	82	30	354	72	10472	9634	90	78	90	9820	58	74	18	95	81	7709	20	90	90	13	199	10352	14	25	9655	7648	13	74	170	85	14	73	10455	157	94	86	7815	8025	56	95	104	80	88	10649	17	9534	68	86	14	90	73	11	7660	76	90	10563	87	72	9629	57	7860	10637	18	94	12	7057	67	9602	9880	106	9670	9521	10	10472	78	8029	72	10390	192	90	7	10	14	90	97	61	12	85	95	10504	11	93	14	49	10422	64	10618	26	72	90	93	10591	7626	85	18	90	9607	7985	92	7650	89	107	70	8087	163	0	90	11	91	89	10318	65	93	12	10	186	9601	73	67	90	17	90	22	8016	74	21	24	74	8119	24	76	10	11	89	17	94	7732	95	90	10492	10292	85	12	10315	9588	10452	7666	74	94	22	75	10536	9622	95	10577	11	18	90	30	12	77	90	94	10612	89	91	74	27	90	14	7773	12	90	73	90	90	10447	12	10603	15	7753	9619	13	10509	9955	94	24	8088	7717	90	91	9897	7653	311	11	7715	7689	73	10	10455	11	9762	8178	8219	90	14	7919	26	7648	93	91	91	25	91	16	7698	91	98	90	13	9701	13	109	9558	74	10313	91	20	10434	12	73	14	19	90	73	10515	7625	7721	9539	7790	68	90	30	14	90	90	67	90	7548	90	18	72	9584	8116	73	7712	90	92	12	17	11	7722	8125	10436	15	10540	10466	52	90	10427	18	9531	7779	14	90	94	67	7683	76	90	7712	8249	87	71	91	94	105	16	58	7793	10594	9937	15	11	85	10652	94	90	26	90	11	92	10575	7632	7735	88	91	90	11	10664	10370	18	7551	10343	15	13
44341_3#281	45	98	82	150	55	50	163	363	41	10513	9633	0	52	0	9822	90	43	150	7	48	7976	152	0	0	146	187	10353	145	83	9656	7794	146	47	262	53	147	41	10660	164	11	55	7826	8624	88	7	16	48	0	10685	142	9549	72	14	83	0	168	147	7806	42	0	10599	3	54	9629	89	7873	10685	149	11	145	7097	29	9602	10102	111	9708	9523	145	10474	127	8579	40	10390	180	1	82	145	148	0	9	93	148	179	7	10543	146	401	81	207	10460	31	10658	84	41	0	15	10588	7767	180	76	0	9609	7998	2	7794	1	23	246	8650	269	90	0	144	1	53	10320	33	15	146	147	173	9600	55	74	0	149	0	145	8588	45	144	77	42	8705	77	44	146	143	1	149	6	7740	7	0	10535	10294	55	146	10369	9591	10454	7811	182	11	146	43	11894	9624	7	10573	145	150	0	83	145	46	0	11	10651	1	2	179	88	0	146	7782	147	0	41	0	0	10446	149	11984	150	8015	9617	153	10555	10165	6	80	8664	7975	0	1	10019	7799	310	145	7783	7928	42	147	10501	142	9773	8763	8808	0	146	8484	79	7908	228	1	1	79	1	148	7707	1	14	0	150	9713	143	244	9559	168	10355	1	74	10467	145	181	82	151	0	42	10518	7769	7730	9541	8039	30	0	85	150	0	0	73	0	7625	0	151	41	9586	8491	41	7965	0	14	145	72	143	7986	8715	10461	83	10539	10504	85	0	10465	153	9531	7789	148	0	11	74	7706	45	0	7953	8840	11	38	1	7	17	84	92	7804	10633	9938	149	145	180	10688	398	0	82	0	143	5	10812	7704	7969	14	1	0	143	10700	10372	156	7565	10577	148	144
ERR12146144	140	56	5	9	92	133	18	358	111	10459	9622	142	126	144	9809	60	113	9	149	130	7704	7	144	144	2	238	10341	5	17	9643	7680	4	127	225	138	5	122	10442	207	148	139	7812	8022	48	149	158	126	143	10636	8	9523	123	141	5	144	120	2	7690	118	144	10550	141	111	9617	55	7860	10625	9	148	3	7044	57	9590	9867	158	9658	9510	1	10461	132	8025	124	10378	231	94	3	1	5	144	151	52	4	139	149	10492	2	133	4	76	10409	116	10606	18	111	144	147	10578	7656	139	10	144	9596	7983	146	7680	143	160	96	8082	203	11	144	0	145	141	10306	112	147	3	1	225	9588	112	120	144	9	144	13	8010	117	13	16	117	8116	16	128	1	2	143	9	148	7730	149	144	10480	10280	105	3	10302	9577	10441	7696	114	148	13	127	10524	9611	149	10565	3	10	144	22	3	104	144	148	10599	143	144	114	19	144	5	7771	3	144	119	144	144	10435	4	10590	6	7750	9607	2	10497	9943	148	16	8085	7713	144	145	9885	7685	300	2	7711	7685	122	0	10443	2	9751	8173	8214	144	6	7915	18	7644	59	145	145	17	145	7	7696	145	152	144	4	9689	4	75	9547	115	10302	145	12	10421	3	113	5	11	144	125	10504	7655	7718	9527	7788	58	144	22	6	144	144	107	144	7548	140	12	62	9572	8113	119	7708	144	146	3	9	3	7719	8121	10424	7	10528	10453	55	144	10414	10	9520	7776	6	144	148	114	7682	128	144	7708	8245	142	121	145	148	159	7	58	7790	10582	9924	7	1	139	10639	134	144	18	144	3	146	10561	7630	7730	140	145	144	1	10652	10361	10	7550	10330	5	4
44341_3#131	46	97	83	151	56	51	164	364	42	10513	9637	1	53	1	9822	89	44	151	8	49	7976	153	1	1	147	188	10354	146	84	9656	7794	147	48	263	54	148	42	10661	165	12	56	7830	8625	87	8	17	49	1	10689	143	9549	73	15	84	1	169	148	7805	43	1	10603	4	55	9629	88	7874	10686	150	12	146	7100	30	9603	10104	112	9708	9524	146	10474	128	8569	41	10391	181	0	83	146	149	1	10	92	149	180	8	10544	147	402	82	208	10460	32	10662	85	42	1	16	10592	7767	181	77	1	9610	7999	1	7794	2	24	247	8639	270	91	1	145	0	54	10320	34	16	147	148	174	9604	56	75	1	150	1	146	8578	46	145	78	43	8694	78	45	147	144	2	150	7	7743	8	1	10536	10294	56	147	10367	9591	10455	7811	183	12	147	44	11691	9624	8	10576	146	151	1	84	146	47	1	12	10652	2	3	180	89	1	147	7785	148	1	42	1	1	10446	150	11780	151	8018	9620	154	10556	10167	7	81	8653	7975	1	2	10023	7799	310	146	7784	7928	43	148	10501	143	9773	8752	8797	1	147	8474	80	7909	229	2	2	80	2	149	7711	2	15	1	151	9713	144	245	9559	169	10356	2	75	10467	146	182	83	152	1	43	10519	7769	7734	9542	8042	31	1	86	151	1	1	74	1	7626	1	152	42	9586	8491	42	7965	1	15	146	73	144	7989	8704	10464	84	10539	10504	84	1	10466	154	9534	7793	149	1	12	75	7707	46	1	7953	8829	12	39	2	8	18	85	91	7807	10634	9938	150	146	181	10692	399	1	83	1	144	6	10817	7705	7972	15	2	1	144	10704	10373	157	7566	10581	149	145
ERR10113269	43	99	82	146	53	52	159	111	41	10398	9581	53	42	53	9678	91	44	149	58	40	7692	141	53	53	142	47	10336	142	81	9641	7768	145	39	191	55	146	43	10590	94	58	51	7662	8341	90	55	64	38	53	10462	135	9518	43	54	82	53	97	145	7788	44	53	10374	50	55	9614	90	7847	10562	146	58	141	6864	31	9587	10098	70	9655	9508	144	10391	117	8339	42	10373	48	54	82	144	145	53	59	95	143	99	56	10383	145	372	81	206	10285	32	10424	83	41	53	56	10572	7751	102	73	53	9579	7970	55	7776	52	70	217	8380	208	89	53	141	54	0	10243	33	56	145	146	40	9547	55	45	53	148	53	145	8334	33	143	76	32	8452	76	31	144	142	52	145	57	7586	58	53	10420	10277	55	145	10207	9572	10365	7792	122	58	145	31	11695	9575	58	10472	142	139	53	81	141	47	53	56	10456	52	54	119	88	53	143	7706	145	53	42	53	53	10358	147	11776	148	7734	9594	149	10442	10163	57	79	8415	7700	53	54	9683	7775	295	141	7679	7673	42	143	10384	139	9609	8502	8549	53	141	8244	80	7632	138	54	54	78	53	147	7681	54	60	53	148	9545	141	141	9544	108	9590	54	75	10280	140	119	81	149	53	41	10425	7750	7616	9526	7772	30	53	82	145	53	53	45	53	7564	52	149	30	9570	8231	42	7695	53	55	141	70	139	7704	8457	10295	75	10437	10324	85	53	10290	150	9516	7761	144	53	58	44	7667	45	53	7696	8582	57	39	54	57	67	83	92	7775	10432	9758	147	143	102	10483	367	53	82	53	140	52	10808	7644	7718	53	54	53	141	10472	10355	154	7534	10569	145	142
SRR8293522	10233	10299	10252	10313	10315	10314	10324	10232	10304	2761	1334	10309	10241	10319	2076	10314	10306	10315	10324	10246	6588	10307	10319	10319	10248	10265	28	10310	10311	1998	6621	10311	10239	10334	10317	10311	10305	89	10290	10324	10175	6603	6938	10313	10323	10283	10245	10083	2798	10245	1964	10301	9932	10252	10319	10229	10310	6606	10306	10319	2777	10316	10304	1991	10314	7068	2813	10314	10324	10308	2461	10299	1989	31	10338	1991	1965	10309	27	10311	6872	10267	17	10253	10320	10311	10309	10312	10319	10325	10318	10309	10311	10323	2777	10310	10231	10308	10242	2614	10296	2799	10314	10304	10319	10323	24	6600	10310	10304	10319	2012	7103	10321	6599	10286	10080	10214	6927	10393	10318	10320	10306	10320	10243	0	10297	10323	10310	10310	10257	1333	10305	10298	10319	10312	10319	10311	6858	10306	10310	10308	10305	6934	10306	10306	10309	10307	10318	10312	10264	6525	10324	10319	2762	27	10310	10310	2792	2015	1	6606	10302	10324	10312	10305	21	1977	10324	16	10308	10314	10320	10313	10309	10309	10319	10324	2803	10182	10315	10300	10311	10319	10311	6622	10311	10319	10303	10319	10320	18	10312	25	10311	6574	2002	10308	2769	25	10323	10311	6903	6585	10319	10320	2081	6619	10172	10308	6618	6573	10305	10310	2762	10307	2054	6943	6955	10307	10311	6836	10309	6575	10253	10320	10320	10309	10319	10313	6574	10320	10327	10319	10310	2040	10309	10254	1978	10306	2021	10320	10304	2621	10309	10299	10252	10315	10317	10246	15	6607	6575	1964	6596	10300	10319	10314	10310	10319	10311	10298	10319	6517	10315	10315	10246	1965	6930	10305	6585	10319	10322	10309	10302	10307	6588	6928	2622	10312	22	2621	10309	10319	2616	10314	1964	6599	10312	10319	10324	10298	6606	10306	10319	6580	6970	9684	10303	10320	10323	10332	10254	10315	6597	2792	2083	10312	10310	10310	2825	10232	10319	10312	10319	10307	10151	26	6589	6585	10093	10319	10316	10308	2812	45	10314	6561	32	10310	10310
ERR11201713	30	73	57	117	30	26	131	312	16	10448	9610	33	28	33	9799	66	18	118	38	25	7690	119	33	33	114	149	10331	113	57	9633	7761	114	23	182	29	115	17	10635	111	38	31	7793	8325	64	38	47	24	31	10625	111	9513	18	31	58	33	87	114	7776	13	33	10539	30	23	9606	65	7842	10615	117	38	113	7032	10	9580	10080	57	9647	9501	113	10450	103	8322	16	10368	143	33	57	113	116	33	40	69	112	99	38	10483	114	348	57	183	10399	1	10594	60	16	33	36	10566	7739	100	50	33	9587	7967	35	7763	32	52	186	8384	182	65	33	112	34	33	10297	0	36	114	115	136	9577	24	20	33	117	33	114	8318	18	112	53	18	8429	52	20	113	111	32	117	37	7709	38	33	10470	10271	30	114	10309	9567	10431	7780	96	38	114	19	11864	9601	38	10550	112	119	33	58	113	21	33	38	10591	30	35	93	63	33	114	7750	114	33	17	33	33	10424	117	11954	118	7730	9594	121	10487	10142	37	56	8394	7697	33	34	9873	7766	286	112	7727	7669	17	114	10432	110	9739	8486	8527	33	114	8221	54	7629	196	34	34	54	34	116	7676	34	41	33	118	9679	112	211	9536	88	10291	34	50	10411	112	93	57	119	33	17	10494	7738	7699	9519	7767	11	33	59	118	33	33	20	33	7561	33	120	17	9562	8213	17	7692	33	35	112	47	111	7699	8434	10410	59	10516	10443	60	33	10405	120	9509	7757	115	33	38	20	7664	20	33	7692	8560	34	8	34	37	48	59	66	7770	10573	9915	117	114	100	10628	345	33	58	33	112	34	10788	7641	7712	33	34	33	111	10640	10349	124	7532	10552	116	113
CAAQUT_S12_L001	44	100	85	153	58	53	166	337	44	10476	9639	15	55	15	9826	93	46	153	20	51	7721	154	15	15	149	182	10357	147	86	9660	7794	149	50	264	56	150	44	10664	137	20	58	7828	8361	91	20	29	51	14	10656	145	9540	46	16	86	15	170	149	7806	45	15	10569	12	57	9633	92	7874	10643	152	20	148	7062	32	9606	10109	84	9674	9527	148	10477	130	8371	43	10394	175	16	85	148	151	15	22	96	147	182	20	10509	149	375	84	210	10426	34	10624	88	44	15	1	10601	7770	182	79	15	9613	7999	17	7794	14	35	220	8428	272	93	15	147	16	56	10323	36	0	149	150	169	9606	58	47	15	152	15	148	8371	45	147	80	45	8474	80	47	148	146	14	152	19	7746	20	15	10497	10298	58	149	10336	9594	10457	7811	185	20	149	46	11898	9628	20	10580	147	153	15	86	148	49	15	20	10618	14	17	182	91	15	149	7787	150	15	44	15	15	10451	152	11988	153	7767	9624	156	10513	10173	19	83	8441	7728	15	16	9902	7799	313	148	7755	7700	44	149	10460	145	9766	8531	8570	15	149	8270	83	7659	231	16	16	82	16	151	7711	16	23	15	153	9706	146	247	9563	170	10318	16	77	10438	147	183	85	154	15	45	10521	7769	7734	9545	7804	33	15	87	152	15	15	47	15	7593	15	154	44	9589	8248	44	7723	15	0	148	75	146	7734	8478	10440	88	10543	10470	88	15	10431	155	9537	7793	150	15	20	47	7696	48	15	7723	8603	20	41	16	19	30	87	94	7808	10600	9942	152	148	183	10662	372	15	85	15	146	17	10828	7675	7746	1	16	15	146	10676	10376	159	7564	10591	151	147
ERR11437918	143	57	6	10	94	135	21	361	113	10464	9626	144	128	146	9812	61	115	10	151	132	7709	4	146	146	3	240	10344	6	18	9647	7684	5	129	227	140	6	124	10444	209	150	141	7817	8025	49	151	160	128	145	10641	9	9526	125	142	6	146	122	3	7694	120	146	10555	143	113	9621	56	7862	10630	10	150	4	7049	59	9594	9870	160	9662	9513	2	10464	134	8031	126	10382	233	96	4	2	6	146	153	53	5	142	151	10496	1	135	5	77	10414	118	10610	20	113	146	149	10583	7660	141	12	146	9599	7987	148	7684	145	162	98	8087	205	12	146	3	147	145	10310	114	149	0	2	227	9593	114	122	146	10	146	14	8016	119	14	17	119	8120	17	130	2	3	145	10	150	7735	151	146	10484	10284	107	2	10307	9580	10444	7700	116	150	14	129	10526	9614	151	10569	4	11	146	23	4	106	146	150	10604	145	146	116	20	146	6	7776	4	146	121	146	146	10439	6	10593	7	7755	9611	3	10501	9946	150	17	8089	7717	146	147	9889	7689	303	3	7713	7689	124	3	10447	3	9754	8179	8221	146	8	7920	19	7648	36	147	147	18	147	8	7700	147	154	146	5	9693	5	52	9550	117	10305	147	13	10426	5	115	6	12	146	127	10507	7659	7723	9531	7793	60	146	23	7	146	146	109	146	7550	142	13	64	9576	8116	121	7712	146	148	4	10	4	7723	8126	10428	9	10532	10458	56	146	10419	11	9523	7781	7	146	150	116	7685	130	146	7712	8251	143	125	147	150	161	8	59	7795	10586	9929	8	4	141	10644	136	146	19	146	4	148	10566	7634	7735	141	147	146	3	10656	10363	11	7553	10332	6	5
ERR9966386	144	57	4	8	95	136	19	360	114	10464	9623	145	128	147	9812	61	116	8	152	133	7709	4	147	147	1	241	10344	4	17	9647	7685	3	130	228	141	4	125	10445	210	150	142	7814	8026	49	152	159	129	144	10638	7	9526	126	143	4	147	123	1	7695	121	147	10552	144	114	9621	56	7862	10630	8	150	2	7046	59	9594	9872	161	9662	9513	0	10464	135	8031	127	10382	234	96	2	0	4	147	154	53	3	143	152	10496	1	136	3	78	10414	119	10607	18	114	147	150	10580	7661	142	10	147	9599	7987	149	7685	146	163	99	8085	206	10	147	1	148	146	10310	115	150	2	0	228	9590	115	123	147	8	147	12	8015	120	12	15	120	8119	15	131	0	1	146	8	151	7732	152	147	10484	10284	108	2	10307	9580	10444	7701	117	150	12	130	10526	9614	152	10566	2	9	147	21	2	107	147	150	10604	144	147	117	18	147	4	7773	2	147	122	147	147	10439	4	10593	5	7752	9608	1	10501	9948	151	15	8087	7717	147	148	9886	7690	303	1	7713	7689	125	1	10447	1	9754	8178	8220	146	6	7920	18	7648	48	148	148	16	148	6	7697	148	155	147	3	9693	3	64	9550	118	10305	148	11	10426	3	116	4	10	147	128	10507	7660	7720	9531	7790	60	147	21	5	147	147	110	147	7548	143	11	64	9576	8117	122	7712	147	149	2	8	2	7720	8125	10425	8	10532	10458	56	147	10419	9	9521	7778	5	147	150	117	7685	131	147	7712	8250	143	126	148	151	162	6	59	7792	10586	9929	6	2	142	10641	137	147	17	147	2	149	10566	7634	7732	140	148	147	1	10653	10362	9	7553	10330	4	3
ERR6752863	60	198	178	231	157	155	243	148	132	10399	9570	172	49	173	9738	199	134	232	178	37	7682	225	173	173	226	9	10328	226	178	9631	7751	227	44	370	159	229	143	10490	141	178	32	7708	8208	187	177	186	33	172	10518	115	9509	153	173	179	173	265	227	7770	142	173	10430	163	132	9604	194	7834	10564	231	178	226	6926	138	9577	9948	189	9645	9498	226	10407	232	8219	145	10365	15	174	178	226	230	173	179	191	226	277	177	10406	227	340	176	304	10339	140	10483	180	132	173	176	10563	7733	279	170	173	9573	7958	175	7758	172	191	300	8255	329	186	173	225	174	40	10257	136	169	227	228	0	9536	133	153	173	231	173	228	8200	137	226	174	140	8312	173	146	226	225	172	230	177	7629	178	173	10419	10269	159	227	10232	9563	10381	7775	263	178	228	145	11391	9587	178	10486	225	231	173	179	226	137	173	178	10488	172	174	260	178	173	228	7694	228	173	140	173	173	10374	230	11452	229	7722	9588	227	10442	10026	177	177	8277	7689	173	174	9766	7757	295	226	7694	7661	143	226	10382	224	9677	8369	8410	172	227	8110	175	7620	231	174	174	175	174	230	7668	174	181	173	227	9620	225	233	9534	263	9656	174	171	10342	225	260	178	232	173	146	10441	7733	7628	9516	7760	139	173	180	226	173	173	142	173	7553	169	234	131	9560	8093	140	7684	173	168	226	168	225	7691	8317	10347	179	10452	10377	194	173	10345	233	9506	7749	229	173	178	146	7651	148	173	7684	8441	175	147	174	177	188	180	197	7763	10463	9820	230	226	278	10513	336	173	179	173	226	175	10643	7633	7704	170	174	173	225	10531	10347	232	7524	10408	228	226
ERR10109287	9543	9572	9591	9596	9599	9593	9603	9576	9587	1634	49	9597	9544	9600	1041	9595	9587	9595	9608	9552	5879	9587	9603	9603	9588	9545	1361	9593	9592	943	5887	9591	9542	9675	9599	9592	9585	1405	9590	9608	9540	5885	6206	9596	9605	9572	9550	9371	1715	9551	912	9578	9252	9594	9603	9556	9590	5889	9587	9603	1703	9599	9584	966	9593	6344	1678	9597	9608	9589	1443	9579	967	1329	9614	967	913	9589	1405	9592	6193	9546	1369	9546	9604	9593	9590	9592	9603	9606	9599	9591	9588	9603	1695	9591	9574	9591	9577	1554	9579	1705	9594	9587	9603	9607	1447	5864	9591	9583	9603	947	6421	9605	5867	9567	9398	9557	6220	9645	9601	9600	9588	9604	9547	1333	9577	9606	9593	9590	9536	0	9586	9576	9603	9591	9603	9592	6167	9587	9592	9589	9587	6255	9588	9587	9591	9587	9602	9593	9607	5812	9608	9603	1632	1320	9592	9593	1709	966	1391	5906	9555	9608	9585	9585	1335	926	9608	1453	9589	9593	9603	9592	9588	9592	9603	9608	1713	9473	9603	9552	9590	9601	9591	5939	9585	9603	9584	9603	9603	1406	9595	1381	9593	5889	936	9588	1642	1302	9607	9592	6220	5870	9603	9604	1001	5897	9534	9588	5877	5862	9587	9589	1628	9588	991	6283	6314	9592	9590	6130	9590	5839	9591	9604	9604	9589	9603	9594	5886	9604	9611	9603	9589	972	9588	9594	928	9586	982	9604	9585	1551	9588	9551	9592	9595	9601	9585	1430	5864	5890	910	5935	9583	9603	9597	9590	9603	9603	9580	9603	5789	9599	9598	9585	911	6245	9587	5881	9603	9605	9588	9581	9586	5877	6239	1559	9595	1449	1553	9592	9603	1552	9587	913	5916	9593	9603	9608	9575	5877	9588	9603	5882	6327	9074	9582	9604	9607	9616	9593	9598	5922	1704	1049	9592	9589	9588	1738	9575	9603	9592	9603	9589	9455	1434	5881	5882	9382	9604	9600	9588	1717	1389	9595	5830	1424	9593	9590
ERR6805998	51	79	65	118	38	30	129	333	11	10457	9619	55	50	55	9806	84	5	119	58	30	7700	120	55	55	114	147	10339	114	65	9642	7769	115	46	200	34	116	14	10618	129	60	49	7803	8220	73	58	67	26	55	10634	112	9522	40	54	66	55	95	114	7784	30	55	10548	52	1	9615	80	7851	10624	118	60	114	7042	19	9588	10059	78	9656	9509	113	10459	124	8236	20	10376	140	56	65	113	117	55	60	77	113	115	58	10491	114	227	65	190	10408	28	10603	68	11	55	58	10575	7747	117	58	55	9595	7976	57	7772	54	71	187	8290	179	73	55	112	56	55	10305	24	58	114	115	133	9586	0	42	55	118	55	115	8219	13	113	61	17	8327	60	36	113	112	54	118	57	7721	58	55	10478	10280	38	114	10308	9576	10439	7788	92	60	115	35	11257	9610	58	10560	113	118	55	66	114	12	55	60	10599	54	56	89	65	55	115	7762	115	55	19	55	55	10433	117	11329	116	7742	9604	114	10495	10118	57	64	8295	7707	55	56	9882	7775	295	113	7724	7679	22	113	10441	111	9748	8385	8426	55	114	8125	62	7638	196	56	56	62	55	117	7686	56	63	55	115	9688	113	212	9545	90	10299	56	58	10420	112	89	65	120	55	21	10502	7746	7709	9527	7779	20	55	67	115	55	55	29	55	7560	51	120	13	9571	8110	11	7702	55	57	113	55	112	7710	8332	10420	67	10525	10452	80	55	10413	121	9517	7767	116	55	60	36	7673	28	55	7702	8457	57	35	56	59	68	67	83	7781	10581	9922	118	113	116	10637	224	55	66	55	113	56	10765	7648	7723	54	56	55	112	10649	10357	119	7541	10531	117	114
ERR4451427	70	74	59	125	42	38	139	301	28	10449	9609	74	33	74	9791	68	30	126	79	36	7668	127	74	74	122	166	10332	121	59	9633	7741	122	28	195	41	123	29	10633	101	79	42	7772	8308	66	79	88	35	74	10615	118	9513	24	73	60	74	100	122	7755	31	74	10529	41	41	9607	67	7822	10616	125	79	121	7022	52	9581	10078	59	9648	9501	121	10451	105	8304	28	10369	160	75	59	121	124	74	81	71	120	112	79	10474	122	350	59	185	10400	19	10584	61	28	74	77	10566	7719	113	51	74	9587	7947	76	7743	73	92	194	8360	199	67	74	120	75	45	10298	20	47	122	123	153	9576	42	0	74	125	74	122	8298	30	120	55	30	8408	54	32	121	119	73	125	78	7689	79	74	10470	10271	42	122	10298	9559	10432	7760	114	79	122	31	11869	9600	79	10550	120	127	74	60	121	33	74	79	10582	73	76	111	65	74	122	7729	122	74	29	74	74	10425	125	11959	126	7709	9593	129	10488	10140	78	58	8375	7676	74	75	9897	7746	287	120	7705	7648	29	122	10432	118	9753	8467	8508	74	122	8203	56	7608	204	75	75	56	75	124	7655	75	82	74	126	9693	120	220	9535	101	10302	75	52	10412	120	111	59	127	74	29	10495	7718	7678	9519	7746	53	74	61	126	74	74	0	74	7541	74	128	29	9562	8195	29	7671	74	46	120	49	119	7678	8415	10410	60	10517	10444	62	74	10406	127	9508	7736	123	74	79	0	7645	32	74	7671	8541	76	26	75	78	89	61	68	7748	10564	9907	125	122	113	10618	347	74	60	74	120	76	10785	7621	7690	74	75	74	119	10630	10350	132	7512	10550	124	121
CIV140E7_S24_L001	45	98	82	150	55	50	163	363	41	10513	9636	0	52	0	9822	90	43	150	7	48	7974	152	0	0	146	187	10353	145	84	9656	7792	146	47	262	53	147	41	10661	164	11	55	7827	8624	88	7	16	48	0	10689	142	9549	72	14	83	0	168	147	7806	42	0	10602	3	54	9629	89	7871	10686	149	11	145	7100	29	9602	10105	111	9708	9523	145	10474	127	8585	40	10390	180	1	82	145	148	0	9	93	148	179	7	10543	146	401	81	207	10460	31	10662	85	41	0	15	10591	7767	180	77	0	9609	7996	2	7794	1	23	246	8655	269	90	0	144	1	53	10319	33	15	146	147	173	9603	55	74	0	149	0	145	8595	45	144	77	42	8711	77	44	146	143	1	149	6	7742	7	0	10535	10294	55	146	10370	9591	10454	7811	182	11	146	43	11894	9624	7	10576	145	150	0	83	145	46	0	11	10652	1	2	179	88	0	146	7784	147	0	41	0	0	10446	149	11984	150	8018	9620	153	10555	10169	6	80	8669	7973	0	1	10022	7797	310	145	7783	7926	42	147	10502	142	9773	8770	8813	0	146	8490	80	7906	228	1	1	79	1	148	7708	1	14	0	150	9713	143	244	9559	168	10355	1	74	10467	145	181	82	151	0	42	10518	7769	7731	9541	8041	30	0	85	150	0	0	73	0	7623	0	151	41	9586	8491	41	7963	0	14	145	72	143	7987	8721	10464	85	10539	10504	85	0	10465	153	9533	7790	148	0	11	74	7704	45	0	7951	8845	11	38	1	7	17	84	92	7805	10634	9938	149	145	180	10692	398	0	82	0	143	5	10819	7704	7970	14	1	0	143	10704	10372	156	7563	10581	148	144
ERR12312688	145	61	9	1	98	139	26	364	117	10466	9624	147	131	149	9814	65	119	13	154	136	7711	15	149	149	8	244	10346	9	21	9649	7687	8	133	229	144	3	128	10449	212	153	145	7815	8029	53	154	163	132	148	10639	12	9528	127	145	9	149	125	9	7697	123	149	10553	146	117	9623	60	7864	10632	13	153	7	7047	62	9596	9876	164	9664	9515	8	10466	136	8030	130	10384	237	99	9	8	9	149	156	57	7	144	154	10498	9	142	8	80	10416	121	10608	21	117	149	152	10581	7663	143	13	149	9601	7989	151	7687	148	165	101	8087	208	17	149	9	150	148	10312	117	152	10	8	231	9591	118	125	149	0	149	17	8017	123	16	19	123	8121	19	134	8	6	148	0	153	7733	154	149	10486	10286	111	10	10309	9582	10446	7703	119	153	17	133	10529	9616	154	10567	6	13	149	25	7	110	149	153	10606	148	149	119	22	149	9	7774	9	149	125	149	149	10441	12	10596	10	7753	9609	7	10503	9950	153	19	8089	7719	149	150	9887	7692	306	6	7714	7691	128	9	10449	6	9756	8179	8219	149	10	7919	22	7650	88	150	150	20	150	11	7698	150	157	149	8	9695	8	102	9552	119	10307	150	15	10428	8	118	9	14	149	131	10509	7662	7721	9533	7791	63	149	25	9	149	149	112	149	7552	145	15	67	9578	8119	125	7714	149	151	7	12	6	7721	8127	10426	11	10534	10460	60	149	10421	13	9522	7779	9	149	153	119	7687	134	149	7714	8249	147	128	150	153	164	11	63	7793	10588	9931	10	10	143	10642	143	149	21	149	6	151	10565	7636	7733	144	150	149	6	10654	10364	1	7555	10334	9	8
CIV13XE5_S19_L001	45	98	82	150	55	50	163	363	41	10513	9636	0	52	0	9822	90	43	150	7	48	7976	152	0	0	146	187	10353	145	84	9656	7794	146	47	262	53	147	41	10661	164	11	55	7829	8626	88	7	16	48	0	10689	142	9549	72	14	83	0	168	147	7806	42	0	10603	3	54	9629	89	7873	10686	149	11	145	7100	29	9602	10105	111	9708	9523	145	10474	127	8589	40	10390	180	1	82	145	148	0	9	93	148	179	7	10543	146	401	81	207	10460	31	10661	85	41	0	15	10595	7767	180	77	0	9609	7998	2	7794	1	23	246	8657	269	90	0	144	1	53	10319	33	15	146	147	173	9603	55	74	0	149	0	145	8597	45	144	77	42	8713	77	44	146	143	1	149	6	7744	7	0	10535	10294	55	146	10369	9591	10454	7811	182	11	146	43	11894	9624	7	10576	145	150	0	83	145	46	0	11	10651	1	2	179	88	0	146	7786	147	0	41	0	0	10446	149	11984	150	8020	9620	153	10555	10169	6	80	8671	7975	0	1	10022	7799	310	145	7783	7928	42	147	10501	142	9773	8772	8819	0	146	8496	80	7908	228	1	1	79	1	148	7710	1	14	0	150	9713	143	244	9559	168	10355	1	74	10467	145	181	82	151	0	42	10518	7769	7733	9541	8043	30	0	85	150	0	0	73	0	7625	0	151	41	9586	8493	41	7965	0	14	145	72	143	7989	8723	10464	85	10539	10504	85	0	10465	153	9533	7793	148	0	11	74	7706	45	0	7953	8851	11	38	1	7	17	84	92	7808	10633	9938	149	145	180	10694	398	0	82	0	143	5	10827	7706	7972	14	1	0	143	10707	10372	156	7565	10584	148	144
ERR12552381	142	57	14	18	95	136	29	361	114	10464	9625	143	128	145	9812	62	116	18	150	133	7709	16	145	145	11	241	10345	14	17	9647	7684	13	130	226	141	14	125	10447	208	149	142	7816	8026	50	150	159	129	144	10640	11	9526	124	141	14	145	122	13	7694	120	145	10554	142	114	9622	57	7862	10630	18	149	12	7048	59	9595	9874	161	9663	9513	12	10465	133	8029	127	10383	234	95	14	12	14	145	152	54	12	141	150	10496	13	139	12	77	10415	118	10609	18	114	145	148	10583	7660	140	10	145	9599	7987	147	7684	144	161	98	8087	204	22	145	13	146	145	10311	114	148	14	12	228	9592	115	122	145	17	145	0	8015	120	5	16	120	8120	16	131	12	11	144	17	149	7734	150	145	10484	10284	108	14	10307	9580	10445	7700	115	149	0	130	10528	9614	150	10569	11	18	145	22	12	107	145	149	10604	144	145	115	19	145	14	7775	14	145	122	145	145	10440	16	10595	15	7754	9610	11	10501	9947	149	16	8089	7717	145	146	9888	7689	303	11	7712	7689	125	13	10447	11	9755	8178	8219	145	15	7918	18	7648	59	146	146	17	146	16	7699	146	153	145	13	9694	13	73	9550	116	10306	146	12	10427	13	114	14	19	145	128	10508	7659	7722	9531	7792	60	145	22	14	145	145	109	145	7550	141	20	64	9576	8116	122	7712	145	147	12	9	11	7722	8126	10428	15	10533	10459	57	145	10420	17	9522	7780	14	145	149	116	7685	131	145	7712	8249	144	125	146	149	160	16	60	7794	10586	9929	15	14	140	10643	140	145	18	145	11	147	10565	7634	7734	140	146	145	11	10655	10364	18	7553	10335	13	13
SRR2917136	8340	8332	7943	8018	8339	8340	8027	8276	8317	6604	6177	8583	8302	8587	6237	8352	8320	8018	8603	8310	407	8015	8599	8595	7958	8221	6867	8008	8015	6457	406	8009	8334	8142	8347	8016	8326	7294	8345	8593	8276	340	22	8339	8595	8575	8308	8350	6758	8012	6381	8113	8202	7948	8598	8050	8014	395	8321	8597	6724	8363	8222	6546	8340	1103	6681	8023	8597	8012	4783	8413	6532	7062	8333	6549	6371	8011	6900	8191	0	8308	6882	8227	8583	8017	8013	8013	8597	8598	8346	8008	8120	8591	6690	8017	7941	8016	7868	6631	8333	6721	8016	8317	8594	8601	6924	396	8126	8006	8598	6433	1112	8578	396	8559	8380	7909	9	7998	8016	8588	8010	8578	8334	6858	8318	8371	8016	8015	8200	6167	8219	8298	8595	8017	8597	8015	0	8320	8014	8010	8327	0	8007	8310	8015	8013	8596	8017	8535	338	8603	8597	6613	6762	8324	8018	6641	6450	6881	396	7908	8595	7955	8315	7923	6399	8601	6878	8014	8015	8593	8016	8010	8324	8596	8594	6749	8439	8574	7908	8008	8595	8015	347	7959	8597	8310	8597	8590	6870	8008	7969	8010	398	6450	8004	6620	7063	8596	8011	0	409	8596	8600	6578	407	7915	8013	403	405	8318	8010	6597	8011	6536	0	0	8583	8007	0	8015	404	8028	8592	8594	8005	8597	8016	357	8597	8605	8599	8013	6501	8013	8042	6404	8110	6523	8592	8002	6626	8004	7910	7946	8022	8592	8254	6891	393	370	6371	352	8420	8597	8021	8014	8597	8583	8292	8599	404	8577	8012	8041	6402	9	8322	408	8595	8370	8011	7999	8000	408	14	6631	8022	6896	6633	8344	8583	6634	8011	6381	367	8016	8597	8596	8293	366	8318	8597	406	1	7988	8336	8597	8597	8606	7947	8354	365	6717	6272	8016	8006	8122	6753	7938	8590	8012	8597	8003	8423	7328	400	406	8344	8594	8586	8006	6752	6889	8018	372	7223	8018	8005
ERR9939690	42	71	66	123	26	12	135	126	12	10459	9620	45	37	45	9807	73	10	124	48	21	7700	117	45	45	118	151	10340	119	67	9643	7771	120	33	174	21	121	9	10637	120	50	36	7805	8325	72	48	57	20	45	10635	117	9523	27	45	67	45	79	119	7785	29	45	10549	39	12	9616	73	7853	10626	123	50	118	7043	23	9589	10087	65	9657	9510	118	10460	112	8327	2	10377	143	46	66	118	122	45	50	77	118	83	48	10492	119	353	65	191	10409	17	10604	68	12	45	48	10576	7749	84	58	45	9596	7978	47	7774	44	62	192	8369	170	74	45	117	46	33	10306	18	45	119	120	137	9587	13	30	45	123	45	120	8320	0	118	62	1	8431	61	23	118	117	44	122	47	7723	48	45	10479	10281	26	119	10309	9577	10440	7790	85	50	120	22	11334	9610	48	10561	117	125	45	67	118	7	45	50	10600	44	46	82	72	45	120	7764	120	45	13	45	45	10434	122	11414	124	7743	9605	127	10496	10146	47	65	8398	7707	45	46	9883	7777	296	118	7728	7679	13	119	10441	116	9749	8488	8528	45	120	8224	64	7638	123	46	46	63	45	122	7688	46	53	45	124	9689	118	126	9546	79	10300	46	59	10421	118	82	66	124	45	7	10503	7748	7711	9528	7781	24	45	68	124	45	45	30	45	7562	45	125	13	9572	8213	9	7702	45	44	118	56	117	7711	8436	10421	68	10526	10453	68	45	10414	125	9518	7769	121	45	50	30	7675	16	45	7702	8561	48	24	46	49	58	68	74	7783	10582	9923	122	119	84	10638	350	45	67	45	118	46	10792	7650	7723	44	46	45	117	10650	10359	130	7543	10559	121	119
ERR11896635	141	55	13	17	93	134	31	359	112	10463	9625	142	126	144	9811	60	114	17	149	131	7708	19	144	144	13	239	10344	13	16	9646	7685	12	128	225	139	13	123	10444	206	148	140	7816	8023	48	149	158	127	143	10640	10	9525	123	140	13	144	121	13	7695	118	144	10554	141	112	9621	55	7861	10629	17	148	11	7048	57	9594	9871	159	9662	9512	12	10464	132	8028	125	10382	232	94	13	12	13	144	151	52	11	140	149	10495	13	138	13	76	10414	116	10609	17	112	144	147	10583	7661	139	9	144	9598	7986	146	7685	143	160	97	8086	203	21	144	13	145	143	10310	112	147	14	12	226	9592	113	120	144	16	144	5	8014	118	0	15	118	8118	15	129	12	10	143	16	148	7734	149	144	10483	10283	106	14	10306	9579	10444	7701	114	148	5	128	10527	9613	149	10569	10	17	144	21	11	105	144	148	10603	143	144	114	18	144	13	7775	13	144	120	144	144	10439	16	10594	14	7754	9610	12	10500	9944	148	15	8087	7716	144	145	9888	7690	302	10	7711	7688	123	13	10446	10	9754	8177	8218	144	14	7917	17	7647	95	145	145	16	145	15	7699	145	152	144	12	9693	12	109	9549	115	10305	145	11	10426	12	113	13	18	144	126	10507	7660	7722	9530	7792	58	144	21	13	144	144	107	144	7549	140	19	63	9575	8115	120	7711	144	146	11	8	10	7722	8124	10428	14	10532	10458	55	144	10419	16	9522	7780	13	144	148	114	7684	128	144	7711	8248	143	123	145	146	159	15	58	7794	10585	9928	14	14	139	10643	139	144	17	144	10	146	10564	7633	7734	139	145	144	10	10655	10363	17	7552	10333	14	12
ERR10123158	75	44	16	20	74	70	34	343	60	10462	9622	77	66	77	9810	46	62	20	82	69	7704	22	77	77	16	187	10342	16	15	9645	7645	15	62	159	73	16	61	10444	145	81	74	7810	8021	44	82	90	68	75	10637	13	9524	57	73	16	77	64	16	7656	64	77	10551	74	60	9619	45	7857	10628	20	81	14	7045	55	9592	9870	94	9660	9511	15	10462	67	8024	60	10380	180	77	16	15	17	77	84	49	14	75	82	10494	16	86	16	38	10412	52	10606	18	60	77	80	10579	7622	74	8	77	9597	7982	79	7646	76	95	59	8082	152	24	77	16	78	76	10308	53	80	17	15	174	9589	61	55	77	19	77	16	8010	62	15	0	62	8114	12	64	15	13	76	19	81	7728	82	77	10482	10282	73	17	10305	9578	10442	7662	63	81	16	63	10524	9612	82	10565	13	20	77	6	14	65	77	81	10602	75	79	63	13	77	16	7769	16	77	61	77	77	10437	19	10591	17	7748	9607	15	10499	9944	81	16	8083	7712	77	78	9885	7650	300	13	7710	7684	61	16	10445	13	9752	8173	8214	77	17	7913	2	7643	98	78	78	1	78	18	7693	78	85	77	15	9691	15	110	9548	63	10303	78	10	10424	15	62	16	21	77	61	10505	7621	7716	9529	7786	56	77	6	16	77	77	55	77	7544	77	22	61	9574	8113	61	7707	77	79	14	7	13	7716	8120	10424	17	10529	10456	40	77	10417	20	9519	7774	16	77	81	55	7680	64	77	7707	8244	76	59	78	81	92	18	46	7788	10584	9927	17	17	74	10640	87	77	18	77	13	79	10562	7629	7728	74	78	77	13	10652	10361	20	7548	10331	17	15
ERR9079758	39	71	66	123	26	12	135	127	12	10457	9620	42	37	42	9806	73	10	124	45	21	7703	117	42	42	118	154	10339	119	67	9642	7775	120	33	193	21	121	9	10634	120	47	36	7809	8331	72	45	54	20	42	10635	117	9522	27	42	67	42	98	119	7787	29	42	10549	39	16	9615	73	7856	10623	123	47	118	7043	20	9588	10085	64	9656	9509	118	10459	111	8335	2	10376	146	43	66	118	122	42	47	77	118	102	45	10491	119	353	65	191	10408	17	10604	69	12	42	45	10576	7751	103	59	42	9595	7981	44	7776	41	59	196	8370	194	74	42	117	43	32	10305	18	45	119	120	140	9587	17	30	42	123	42	120	8327	1	118	62	0	8437	61	22	118	117	41	122	44	7726	45	42	10478	10280	26	119	10308	9576	10439	7792	109	47	120	21	11338	9610	45	10561	117	125	42	67	118	7	42	47	10599	41	43	106	72	42	120	7767	120	42	13	42	42	10433	122	11418	124	7746	9605	127	10495	10145	44	65	8404	7710	42	43	9883	7781	295	118	7727	7682	13	119	10441	116	9748	8494	8537	42	120	8234	64	7641	123	43	43	63	42	122	7692	43	50	42	124	9688	118	126	9545	99	10299	43	59	10420	118	106	66	124	42	7	10502	7750	7715	9527	7784	21	42	68	124	42	42	30	42	7565	42	125	12	9571	8221	9	7705	42	44	118	56	117	7715	8442	10421	69	10525	10452	68	42	10413	125	9518	7773	121	42	47	30	7678	16	42	7705	8570	45	24	43	46	55	68	74	7787	10581	9922	122	119	103	10638	350	42	67	42	118	43	10794	7653	7727	41	43	42	117	10650	10358	130	7546	10557	121	119
SRR5121497	8465	8440	8049	8123	8447	8449	8131	8468	8425	6689	6264	8700	8407	8705	6304	8463	8428	8123	8719	8420	448	8120	8715	8711	8062	8332	6942	8114	8120	6553	450	8114	8434	8244	8455	8120	8434	7382	8454	8711	8385	377	22	8450	8712	8691	8415	8463	6866	8116	6467	8218	8316	8052	8713	8156	8119	438	8432	8713	6831	8473	8330	6648	8450	1150	6777	8126	8714	8117	4839	8526	6632	7117	8439	6652	6467	8116	6976	8292	2	8417	6957	8339	8691	8120	8118	8118	8713	8713	8457	8113	8223	8706	6798	8120	8039	8119	7969	6737	8443	6826	8119	8425	8710	8710	7000	440	8229	8110	8714	6528	1160	8695	436	8671	8494	8007	23	8096	8119	8705	8116	8694	8452	6934	8429	8474	8120	8119	8312	6255	8327	8408	8711	8121	8713	8120	0	8431	8118	8114	8437	0	8110	8419	8119	8116	8711	8121	8652	374	8718	8713	6707	6823	8434	8121	6747	6553	6957	439	8008	8713	8054	8424	8076	6496	8716	6938	8119	8120	8709	8120	8115	8435	8711	8711	6856	8543	8690	8007	8112	8710	8120	383	8056	8712	8418	8713	8707	6941	8114	8128	8114	438	6545	8109	6708	7123	8712	8114	3	449	8711	8715	6682	451	8004	8118	440	446	8426	8113	6680	8115	6637	2	1	8699	8111	0	8118	445	8133	8709	8709	8109	8713	8120	392	8712	8721	8715	8117	6595	8117	8154	6503	8213	6626	8708	8107	6733	8107	8008	8050	8126	8705	8362	6967	436	406	6466	388	8534	8713	8125	8118	8713	8699	8403	8714	438	8693	8116	8139	6497	8	8433	449	8711	8472	8115	8102	8105	447	15	6736	8126	6949	6737	8457	8701	6738	8115	6472	403	8120	8712	8713	8404	405	8427	8713	446	1	8093	8448	8712	8714	8722	8052	8466	402	6824	6342	8121	8109	8226	6861	8037	8706	8115	8713	8108	8549	7412	430	446	8449	8709	8702	8110	6859	6966	8123	407	7286	8122	8110
ERR6806632	74	43	16	20	73	69	34	344	59	10460	9621	77	64	77	9808	45	61	20	82	68	7701	22	77	77	16	186	10340	16	15	9643	7640	15	61	158	72	16	60	10442	144	81	73	7806	8016	43	82	91	67	76	10636	13	9522	56	74	16	77	63	16	7652	63	77	10550	74	59	9617	44	7852	10626	20	81	14	7044	54	9590	9868	93	9658	9509	15	10460	66	8020	59	10378	179	77	16	15	17	77	84	48	14	74	82	10492	16	80	16	37	10410	51	10605	18	59	77	80	10578	7618	73	8	77	9595	7977	79	7642	76	95	58	8078	151	24	77	16	78	76	10306	52	80	17	15	173	9588	60	54	77	19	77	16	8007	61	15	12	61	8110	0	63	15	13	76	19	81	7724	82	77	10480	10280	72	17	10303	9576	10440	7658	62	81	16	62	10523	9610	82	10564	13	20	77	18	14	64	77	81	10600	76	79	62	15	77	16	7765	16	77	60	77	77	10435	19	10590	17	7745	9606	15	10497	9942	81	16	8079	7709	77	78	9884	7645	299	13	7705	7681	60	16	10443	13	9750	8169	8210	77	17	7909	14	7640	98	78	78	13	78	18	7689	78	85	77	15	9689	15	111	9546	62	10301	78	9	10422	15	61	16	21	77	60	10503	7617	7712	9527	7782	55	77	18	16	77	77	54	77	7540	77	22	60	9572	8108	60	7704	77	79	14	7	13	7713	8116	10423	17	10528	10454	39	77	10415	20	9518	7770	16	77	81	54	7675	63	77	7704	8240	77	58	78	81	92	18	45	7784	10582	9925	17	17	73	10639	81	77	18	77	13	79	10561	7624	7726	75	78	77	13	10651	10358	20	7543	10330	17	15
ERR5751808	39	71	68	134	35	32	145	128	21	10459	9620	44	35	44	9809	73	24	135	49	27	7697	128	44	44	129	160	10340	130	68	9643	7767	131	32	245	35	132	23	10637	121	49	37	7800	8329	72	49	58	26	44	10635	127	9523	27	45	69	44	152	130	7781	29	44	10549	41	35	9616	73	7848	10625	134	49	129	7043	22	9589	10086	64	9657	9510	129	10460	111	8315	22	10377	152	45	68	129	133	44	51	77	129	153	49	10492	130	355	67	193	10409	19	10604	70	21	44	47	10576	7745	155	60	44	9596	7973	46	7770	43	62	203	8349	253	76	44	128	45	31	10306	20	47	130	131	146	9587	36	32	44	134	44	131	8310	23	129	64	22	8419	63	0	129	128	43	133	48	7717	49	44	10480	10281	35	130	10306	9577	10440	7786	168	49	131	3	11007	9611	49	10561	128	136	44	69	129	27	44	49	10600	42	45	165	74	44	131	7758	131	44	22	44	44	10434	133	11085	135	7738	9605	138	10496	10145	48	67	8387	7704	44	45	9883	7773	296	129	7703	7676	22	129	10442	127	9749	8476	8517	44	130	8213	65	7635	134	45	45	65	44	133	7683	45	52	44	135	9689	129	136	9546	153	10301	45	61	10421	128	165	68	135	44	22	10503	7744	7706	9528	7775	23	44	70	135	44	44	32	44	7535	44	136	20	9572	8218	23	7699	44	46	129	58	128	7707	8424	10421	69	10526	10453	68	44	10414	136	9518	7764	132	44	49	32	7670	25	44	7699	8550	47	26	45	48	59	70	74	7778	10582	9925	133	129	155	10638	352	44	69	44	129	47	10791	7620	7720	44	45	44	128	10650	10359	141	7538	10559	132	130
ERR12259395	143	56	4	8	93	134	19	359	112	10463	9624	144	127	146	9811	60	114	8	151	131	7709	7	146	146	1	239	10343	4	16	9646	7683	3	128	226	139	4	123	10444	208	150	140	7815	8026	48	151	159	127	144	10639	7	9525	124	142	4	146	121	1	7693	119	146	10553	142	112	9620	55	7861	10628	8	150	2	7047	59	9593	9870	159	9661	9512	0	10463	133	8029	125	10381	232	96	2	0	4	146	153	52	3	141	151	10495	1	134	3	76	10413	117	10608	18	112	146	149	10581	7659	140	10	146	9598	7986	148	7683	145	162	97	8086	204	10	146	1	147	144	10309	113	148	2	0	226	9591	113	121	146	8	146	12	8015	118	12	15	118	8119	15	129	0	1	145	8	150	7732	151	146	10483	10283	106	2	10306	9579	10443	7699	115	150	12	128	10525	9613	151	10567	2	9	146	21	2	105	146	150	10603	144	146	115	18	146	4	7773	2	146	120	146	146	10438	4	10592	5	7753	9609	1	10500	9945	150	15	8088	7717	146	147	9888	7688	302	1	7712	7689	123	1	10446	1	9753	8178	8219	146	6	7919	17	7648	49	147	147	16	147	6	7698	147	154	146	3	9692	3	65	9549	116	10304	147	11	10425	3	114	4	10	146	126	10506	7658	7721	9530	7791	60	146	21	5	146	146	108	146	7548	142	11	63	9575	8117	120	7712	146	147	2	8	2	7722	8125	10426	7	10531	10457	55	146	10418	9	9521	7779	5	146	150	115	7684	129	146	7712	8249	142	124	147	150	161	6	58	7793	10585	9928	6	2	140	10642	135	146	17	146	2	148	10564	7633	7734	140	147	146	1	10654	10361	9	7552	10331	4	3
ERR9966388	139	55	2	7	92	133	18	358	111	10461	9620	141	125	143	9809	59	113	7	148	130	7706	8	143	143	0	238	10341	2	15	9644	7681	1	127	223	138	3	122	10442	206	147	139	7811	8023	47	148	157	126	142	10635	6	9523	121	139	2	143	119	2	7691	117	143	10549	140	111	9618	54	7859	10627	7	147	0	7043	56	9591	9870	158	9659	9510	1	10461	130	8028	124	10379	231	93	3	1	2	143	150	51	0	138	148	10493	2	136	1	74	10411	115	10604	16	111	143	146	10577	7657	137	8	143	9596	7984	145	7681	142	159	95	8082	202	11	143	2	144	142	10307	111	146	3	1	225	9587	112	119	143	6	143	11	8013	117	10	13	117	8116	13	128	1	0	142	6	147	7729	148	143	10481	10281	105	3	10304	9577	10441	7697	113	147	11	127	10524	9611	148	10563	0	7	143	19	0	104	143	147	10601	142	143	113	16	143	3	7770	3	143	119	143	143	10436	5	10591	4	7749	9605	0	10498	9945	147	13	8084	7714	143	144	9883	7686	300	0	7709	7686	122	2	10444	0	9751	8175	8217	143	4	7917	16	7645	63	144	144	14	144	5	7694	144	151	143	1	9690	1	77	9547	113	10302	144	9	10423	1	112	2	8	143	125	10504	7656	7717	9528	7787	57	143	19	2	143	143	106	143	7547	139	9	61	9573	8113	119	7709	143	145	0	6	0	7717	8122	10422	5	10529	10455	54	143	10416	7	9518	7775	3	143	147	113	7682	128	143	7709	8247	141	122	144	147	158	4	57	7789	10583	9926	4	3	137	10638	137	143	15	143	0	145	10563	7631	7729	138	144	143	0	10650	10360	7	7550	10328	2	1
CAAYDF_S3_L001	44	97	81	149	54	49	162	362	40	10512	9635	1	51	1	9821	89	42	149	6	47	7975	151	1	1	145	186	10352	144	83	9655	7793	145	46	261	52	146	40	10660	163	10	54	7828	8625	87	6	15	47	1	10689	141	9548	71	13	82	1	167	146	7805	41	1	10602	2	53	9628	88	7872	10685	148	10	144	7099	28	9601	10104	110	9707	9522	144	10473	126	8588	39	10389	179	2	81	144	147	1	8	92	147	178	6	10542	145	400	80	206	10459	30	10661	84	40	1	14	10597	7766	179	76	1	9608	7997	3	7793	0	22	245	8655	268	89	1	143	2	52	10318	32	14	145	146	172	9602	54	73	1	148	1	144	8596	44	143	76	41	8711	76	43	145	142	0	148	5	7743	6	1	10534	10293	54	145	10369	9590	10453	7810	181	10	145	42	11893	9623	6	10575	144	149	1	82	144	45	1	10	10651	0	3	178	87	1	145	7785	146	1	40	1	1	10445	148	11983	149	8018	9619	152	10554	10169	5	79	8669	7974	1	2	10021	7798	309	144	7782	7927	41	146	10501	141	9772	8770	8818	1	145	8494	79	7907	227	2	2	78	2	147	7709	2	13	1	149	9712	142	243	9558	167	10354	2	73	10466	144	180	81	150	1	41	10517	7768	7732	9540	8042	29	1	84	149	1	1	72	1	7624	1	150	40	9585	8492	40	7964	1	13	144	71	142	7988	8721	10463	84	10538	10503	84	1	10464	152	9532	7792	147	1	10	73	7705	44	1	7952	8850	10	37	2	6	16	83	91	7807	10633	9937	148	144	179	10695	397	1	81	1	142	4	10829	7704	7971	13	2	1	142	10710	10371	155	7564	10587	147	143
ERR12312689	146	60	9	1	98	139	26	363	117	10466	9626	147	131	149	9814	64	119	13	154	136	7711	15	149	149	8	244	10346	9	20	9649	7688	8	133	229	144	3	128	10448	212	153	145	7817	8028	52	154	163	132	148	10641	12	9528	128	145	9	149	125	9	7698	123	149	10555	146	117	9623	59	7864	10632	13	153	7	7049	62	9596	9874	163	9664	9515	8	10466	136	8031	130	10384	237	99	9	8	9	149	156	56	7	144	154	10498	9	143	8	80	10416	121	10610	21	117	149	152	10583	7664	143	13	149	9601	7989	151	7688	148	165	102	8089	209	17	149	9	150	145	10312	117	152	10	8	230	9593	118	125	149	0	149	17	8017	122	16	19	122	8121	19	133	8	6	148	0	153	7735	154	149	10486	10286	111	10	10309	9582	10446	7704	120	153	17	132	10527	9616	154	10569	6	13	149	25	7	110	149	153	10606	148	149	120	22	149	9	7776	9	149	125	149	149	10441	12	10594	10	7755	9611	7	10503	9948	153	19	8090	7719	149	150	9889	7693	306	6	7714	7691	128	9	10449	6	9756	8180	8221	149	10	7920	21	7650	85	150	150	20	150	11	7700	150	157	149	8	9695	8	97	9552	120	10307	150	15	10428	8	119	9	14	149	131	10509	7663	7723	9533	7793	63	149	25	9	149	149	112	149	7552	145	15	67	9578	8120	125	7714	149	151	7	12	6	7723	8127	10428	10	10534	10460	59	149	10421	13	9523	7781	9	149	153	119	7687	134	149	7714	8251	147	128	150	153	164	11	62	7795	10588	9931	10	10	143	10644	144	149	21	149	6	151	10566	7637	7735	144	150	149	6	10656	10365	1	7555	10335	9	8
44341_3#96	49	102	86	154	57	52	167	367	43	10457	9640	6	56	6	9823	94	45	154	1	50	7920	156	6	6	150	190	10298	149	87	9659	7797	150	51	266	55	151	43	10605	168	15	59	7773	8569	92	3	12	50	6	10633	146	9552	76	17	87	6	172	151	7808	46	6	10606	7	56	9632	93	7877	10630	153	15	149	7043	33	9606	10048	113	9711	9527	149	10418	131	8526	42	10334	184	7	86	149	152	6	5	97	152	183	3	10488	150	405	85	211	10404	35	10606	88	43	6	19	10536	7770	184	80	6	9613	8002	8	7797	5	20	250	8597	273	94	6	148	7	57	10264	37	19	150	151	177	9607	57	78	6	153	6	149	8535	47	148	81	44	8652	81	48	150	147	5	153	0	7687	1	6	10480	10238	57	150	10314	9594	10399	7814	186	15	150	47	11837	9627	1	10520	149	154	6	87	149	48	6	15	10596	5	8	183	92	6	150	7788	151	6	43	6	6	10389	153	11927	154	7962	9623	157	10500	10113	0	84	8611	7919	6	7	10026	7802	313	149	7727	7872	44	151	10445	146	9776	8710	8755	6	150	8433	83	7853	232	7	7	83	7	152	7714	7	18	6	154	9716	147	248	9562	172	10359	7	78	10411	149	185	86	155	6	44	10463	7772	7737	9545	7985	34	6	89	154	6	6	77	6	7629	6	155	43	9589	8435	43	7909	6	18	149	76	147	7933	8661	10408	87	10483	10448	89	6	10410	157	9537	7736	152	6	15	78	7651	47	6	7897	8787	14	42	7	11	13	88	96	7751	10578	9939	153	149	184	10636	402	6	86	6	147	1	10761	7708	7916	16	7	6	147	10647	10317	160	7569	10525	152	148
SRR5056398	7585	7706	7666	7738	7738	7733	7741	7512	7727	6773	5823	7740	7587	7740	6226	7735	7721	7736	7749	7589	52	7724	7744	7744	7671	7650	6519	7726	7733	6100	86	7726	7584	7744	7734	7734	7719	6582	7655	7747	7533	1	390	7732	7745	7727	7587	7515	7016	7599	6033	7701	7410	7668	7743	7661	7731	73	7716	7744	6975	7738	7723	6178	7726	797	6860	7739	7747	7731	5271	7685	6162	6348	7712	6182	6025	7730	6568	7722	354	7704	6534	7663	7743	7734	7731	7733	7744	7747	7741	7728	7721	7740	6882	7733	7652	7732	7596	6807	7718	6978	7733	7727	7741	7749	6569	74	7726	7723	7744	6090	806	7745	73	7707	7547	7634	380	7719	7732	7740	7730	7743	7586	6525	7709	7746	7735	7732	7629	5812	7721	7689	7742	7733	7744	7734	338	7723	7734	7728	7726	374	7724	7717	7732	7729	7743	7735	7687	0	7748	7744	6769	6429	7730	7734	6812	6096	6554	73	7636	7747	7685	7722	6516	6101	7748	6557	7731	7735	7743	7734	7730	7731	7743	7746	6964	7608	7739	7634	7730	7742	7733	44	7686	7744	7720	7744	7742	6544	7726	6538	7727	43	6098	7721	6792	6347	7747	7728	364	52	7744	7745	6188	86	7518	7730	76	48	7726	7724	6775	7730	6247	380	385	7730	7727	356	7732	49	7669	7743	7740	7723	7744	7736	45	7744	7752	7744	7730	6222	7729	7677	6053	7720	6242	7742	7721	6793	7722	7634	7667	7737	7739	7658	6562	72	80	6023	41	7691	7744	7738	7730	7744	7731	7687	7744	61	7743	7729	7665	6052	381	7720	53	7743	7745	7730	7717	7717	49	388	6802	7737	6579	6796	7728	7738	6798	7728	6034	56	7735	7744	7747	7683	51	7722	7744	48	386	7222	7721	7745	7747	7757	7669	7739	54	6949	6263	7733	7725	7724	6989	7653	7737	7729	7744	7721	7603	6569	61	51	7539	7741	7737	7723	7013	6542	7737	59	6482	7733	7724
CNS7YP_S5_L001	50	103	87	155	58	53	168	368	44	10518	9641	7	57	7	9825	95	46	155	0	51	7980	157	7	7	151	192	10358	150	89	9661	7798	151	52	267	56	152	44	10668	169	16	60	7833	8630	93	4	13	51	7	10695	147	9554	77	18	88	7	173	152	7810	47	7	10608	8	57	9634	94	7877	10691	154	16	150	7105	34	9607	10112	114	9713	9528	150	10479	132	8593	43	10395	185	8	87	150	153	7	6	98	153	184	4	10548	151	406	86	212	10465	36	10667	90	44	7	20	10603	7771	185	82	7	9614	8002	9	7798	6	21	251	8662	274	95	7	149	8	58	10324	38	20	151	152	178	9608	58	79	7	154	7	150	8603	48	149	82	45	8718	82	49	151	148	6	154	1	7748	0	7	10540	10299	58	151	10375	9596	10459	7815	187	16	151	48	11899	9629	0	10581	150	155	7	88	150	49	7	16	10657	6	9	184	93	7	151	7790	152	7	44	7	7	10451	154	11989	155	8023	9625	158	10560	10176	1	85	8676	7979	7	8	10027	7803	315	150	7787	7932	45	152	10507	147	9778	8777	8821	7	151	8497	85	7912	233	8	8	84	8	153	7714	8	19	7	155	9718	148	249	9564	173	10360	8	79	10472	150	186	87	156	7	45	10523	7773	7737	9546	8047	35	7	90	155	7	7	78	7	7629	7	156	44	9591	8499	44	7969	7	19	150	77	148	7993	8728	10469	90	10544	10509	90	7	10470	158	9538	7797	153	7	16	79	7710	48	7	7957	8853	15	43	8	12	14	89	97	7812	10639	9941	154	150	185	10701	403	7	87	7	148	2	10833	7709	7976	17	8	7	148	10716	10377	161	7569	10595	153	149
CIV140U1_S14_L001	45	98	82	150	55	50	163	363	41	10513	9636	0	52	0	9822	90	43	150	7	48	7976	152	0	0	146	187	10353	145	84	9656	7794	146	47	262	53	147	41	10661	164	11	55	7829	8626	88	7	16	48	0	10690	142	9549	72	14	83	0	168	147	7806	42	0	10603	3	54	9629	89	7873	10686	149	11	145	7100	29	9602	10105	111	9708	9523	145	10474	127	8589	40	10390	180	1	82	145	148	0	9	93	148	179	7	10543	146	401	81	207	10460	31	10662	85	41	0	15	10597	7767	180	77	0	9609	7998	2	7794	1	23	246	8657	269	90	0	144	1	53	10319	33	15	146	147	173	9603	55	74	0	149	0	145	8597	45	144	77	42	8713	77	44	146	143	1	149	6	7744	7	0	10535	10294	55	146	10370	9591	10454	7811	182	11	146	43	11894	9624	7	10576	145	150	0	83	145	46	0	11	10652	1	2	179	88	0	146	7786	147	0	41	0	0	10446	149	11984	150	8020	9620	153	10555	10170	6	80	8671	7975	0	1	10022	7799	310	145	7783	7928	42	147	10502	142	9773	8772	8818	0	146	8495	80	7908	228	1	1	79	1	148	7710	1	14	0	150	9713	143	244	9559	168	10355	1	74	10467	145	181	82	151	0	42	10518	7769	7733	9541	8043	30	0	85	150	0	0	73	0	7625	0	151	41	9586	8493	41	7965	0	14	145	72	143	7989	8723	10464	85	10539	10504	85	0	10465	153	9533	7793	148	0	11	74	7706	45	0	7953	8850	11	38	1	7	17	84	92	7808	10634	9938	149	145	180	10696	398	0	82	0	143	5	10828	7706	7972	14	1	0	143	10710	10372	156	7565	10587	148	144
SRR7130371	10455	10383	10425	10487	10492	10486	10498	10247	10478	12	1636	10529	10418	10533	206	10489	10479	10489	10540	10423	6837	10481	10535	10535	10422	10419	2760	10483	10485	669	6854	10486	10416	10495	10490	10485	10478	2791	10343	10539	10311	6844	6658	10487	10538	10503	10422	10270	656	10423	677	10474	10122	10426	10535	10402	10484	6848	10479	10535	638	10490	10477	809	10488	7287	18	10488	10539	10482	628	10514	807	2648	10443	810	678	10483	2838	10483	6644	10434	2769	10417	10534	10485	10483	10485	10535	10540	10492	10483	10484	10538	638	10484	10404	10482	10377	756	10469	647	10487	10478	10535	10539	2853	6824	10483	10479	10535	719	7368	10536	6833	10495	10291	10388	6664	10392	10492	10535	10480	10536	10420	2762	10470	10497	10484	10484	10419	1632	10478	10470	10535	10486	10535	10484	6613	10479	10483	10482	10478	6707	10480	10480	10483	10481	10534	10486	10480	6769	10540	10535	0	2598	10487	10485	676	689	2821	6866	10331	10538	10485	10478	2736	679	10540	2899	10482	10488	10535	10487	10483	10481	10535	10540	645	10352	10531	10329	10484	10535	10485	6896	10484	10535	10476	10535	10535	2832	10450	2778	10485	6839	704	10482	14	2651	10539	10484	6665	6826	10535	10536	773	6861	10344	10482	6840	6824	10478	10484	13	10481	909	6744	6762	10527	10485	6572	10483	6802	10427	10536	10536	10482	10535	10487	6847	10536	10543	10535	10483	898	10483	10428	688	10478	886	10536	10479	746	10483	10329	10426	10489	10533	10419	2861	6824	6897	678	6896	10516	10535	10488	10484	10535	10527	10472	10535	6754	10530	10489	10418	677	6702	10477	6836	10535	10496	10483	10476	10481	6838	6696	747	10487	2869	747	10481	10535	750	10403	676	6875	10486	10535	10540	10471	6869	10479	10535	6840	6779	9854	10475	10536	10539	10548	10427	10488	6879	647	206	10486	10484	10482	677	10405	10535	10485	10535	10481	10341	2843	6843	6838	10266	10535	10525	10482	651	2785	10489	6786	2807	10484	10484
SRR8503644	10276	10275	10226	10287	10290	10289	10298	10226	10279	2596	1321	10286	10277	10294	2061	10288	10281	10289	10299	10282	6482	10281	10294	10294	10222	10273	29	10284	10285	2024	6517	10285	10275	10309	10292	10285	10280	53	10285	10299	10217	6483	6839	10287	10298	10260	10281	10062	2626	10280	1991	10276	9908	10226	10294	10210	10284	6501	10281	10294	2615	10291	10279	2022	10288	6967	2640	10288	10299	10282	2278	10274	2022	40	10280	2023	1990	10283	34	10286	6784	10242	21	10275	10294	10285	10283	10286	10294	10300	10292	10283	10286	10298	2610	10284	10207	10282	10216	2608	10271	2620	10287	10279	10294	10298	32	6494	10285	10278	10294	2027	6999	10296	6500	10261	10066	10190	6828	10278	10292	10294	10280	10294	10277	27	10271	10298	10284	10284	10269	1320	10280	10271	10294	10286	10294	10284	6762	10281	10283	10282	10280	6823	10280	10281	10283	10281	10293	10286	10238	6429	10299	10294	2598	0	10285	10284	2614	2007	26	6502	10272	10299	10285	10280	22	2005	10299	27	10282	10288	10294	10287	10283	10284	10294	10298	2625	10161	10290	10271	10284	10294	10285	6481	10284	10294	10278	10294	10293	18	10286	21	10285	6470	2015	10282	2607	34	10298	10284	6804	6482	10294	10295	2027	6515	10208	10282	6472	6478	10280	10284	2599	10281	2021	6841	6843	10284	10285	6747	10283	6475	10227	10294	10295	10283	10294	10287	6469	10294	10302	10294	10284	2008	10283	10228	2005	10281	2022	10295	10278	2607	10283	10271	10226	10289	10292	10221	24	6499	6481	1991	6485	10275	10294	10288	10284	10294	10286	10272	10294	6422	10290	10289	10221	1992	6828	10280	6484	10294	10297	10283	10276	10281	6484	6829	2612	10286	26	2607	10283	10294	2608	10289	1989	6494	10286	10294	10299	10272	6484	10281	10294	6480	6857	9668	10278	10295	10298	10307	10228	10289	6492	2611	2067	10286	10284	10285	2645	10207	10294	10286	10294	10281	10132	34	6485	6480	10076	10294	10291	10282	2629	53	10288	6460	37	10284	10284
ERR12142634	51	81	77	111	12	34	123	333	22	10465	9625	55	49	55	9815	81	26	112	58	31	7708	113	55	55	107	173	10344	107	78	9651	7779	108	45	183	37	109	25	10642	132	60	49	7812	8342	80	58	67	30	54	10641	105	9531	39	54	78	55	88	107	7793	41	55	10554	52	37	9624	81	7863	10633	111	60	107	7049	32	9597	10091	78	9665	9518	106	10464	124	8330	24	10381	166	56	77	106	110	55	60	85	106	100	58	10500	107	365	77	202	10416	29	10610	79	22	55	58	10578	7755	101	69	55	9604	7986	57	7780	54	72	213	8382	189	85	55	105	56	55	10310	30	58	107	108	159	9592	38	42	55	111	55	108	8324	26	106	73	26	8434	72	35	106	105	54	111	57	7730	58	55	10487	10285	0	107	10313	9584	10444	7796	103	60	108	34	11234	9619	58	10564	106	113	55	78	107	29	55	60	10607	54	56	100	83	55	108	7771	108	55	23	55	55	10438	110	11321	112	7750	9612	115	10504	10150	57	76	8401	7715	55	56	9890	7785	308	106	7713	7688	23	107	10450	104	9757	8490	8530	55	108	8226	75	7647	189	56	56	74	55	110	7696	56	63	55	112	9697	106	205	9554	88	10307	56	70	10428	106	100	77	113	55	25	10507	7754	7718	9536	7788	33	55	79	112	55	55	42	55	7550	55	113	24	9580	8232	25	7710	55	57	106	67	105	7719	8438	10428	79	10530	10460	76	55	10421	114	9526	7775	109	55	60	42	7684	26	55	7711	8564	58	35	56	59	68	79	82	7789	10590	9930	111	107	101	10644	362	55	78	55	106	56	10795	7633	7730	53	56	55	105	10657	10363	118	7551	10562	110	107
ERR11807709	143	57	6	10	94	135	21	360	113	10465	9626	144	128	146	9812	61	115	10	151	132	7709	9	146	146	3	240	10344	6	19	9647	7684	5	129	227	140	6	124	10445	209	150	141	7817	8026	49	151	160	128	145	10641	9	9526	125	142	6	146	122	3	7694	120	146	10555	143	113	9621	56	7862	10630	10	150	4	7049	59	9594	9872	160	9662	9513	2	10464	134	8031	126	10382	233	96	4	2	6	146	153	53	5	142	151	10496	1	135	5	77	10414	118	10610	20	113	146	149	10583	7660	141	12	146	9599	7987	148	7684	145	162	98	8087	205	12	146	3	147	145	10310	114	149	2	2	227	9593	114	122	146	10	146	14	8018	119	14	17	119	8121	17	130	2	3	145	10	150	7734	151	146	10485	10284	107	0	10307	9580	10444	7700	116	150	14	129	10526	9614	151	10569	4	11	146	23	4	106	146	150	10604	145	146	116	20	146	6	7775	4	146	121	146	146	10439	6	10593	7	7754	9611	3	10501	9947	150	17	8089	7717	146	147	9889	7689	303	3	7713	7689	124	3	10447	3	9754	8180	8220	146	8	7921	20	7648	58	147	147	18	147	8	7700	147	154	146	5	9693	5	74	9550	117	10305	147	13	10426	5	115	6	12	146	127	10507	7659	7723	9531	7792	60	146	23	7	146	146	109	146	7550	142	13	64	9576	8117	121	7712	146	148	4	10	4	7723	8127	10428	10	10532	10458	56	146	10419	11	9523	7781	7	146	150	116	7685	130	146	7712	8250	143	125	147	150	161	8	59	7795	10586	9929	8	4	141	10644	136	146	19	146	4	148	10567	7634	7735	141	147	146	3	10656	10363	11	7553	10333	6	5
SRR13719289	10223	10193	10249	10310	10323	10317	10321	10020	10306	686	1714	10363	10189	10369	371	10325	10309	10312	10375	10198	6856	10304	10370	10369	10245	10240	2791	10307	10309	706	6858	10308	10200	10324	10320	10308	10308	2853	10093	10374	10021	6899	6681	10324	10373	10342	10197	10105	37	10194	716	10301	9981	10249	10370	10228	10307	6858	10316	10370	39	10329	10307	857	10325	7292	723	10311	10374	10305	290	10324	858	2699	10197	880	710	10306	2872	10304	6670	10263	2816	10240	10370	10308	10306	10308	10370	10375	10329	10306	10304	10373	35	10307	10230	10305	10221	318	10308	36	10311	10309	10370	10375	2908	6831	10303	10301	10370	759	7383	10368	6858	10323	10148	10212	6705	10143	10315	10369	10302	10367	10207	2792	10309	10336	10307	10307	10232	1709	10308	10298	10370	10309	10369	10307	6641	10309	10306	10305	10308	6747	10303	10306	10306	10304	10369	10309	10314	6812	10375	10370	676	2614	10313	10307	0	763	2854	6877	10139	10374	10287	10305	2791	729	10375	2943	10305	10311	10369	10310	10306	10312	10375	10374	37	10171	10366	10137	10306	10370	10308	6937	10289	10370	10303	10369	10369	2864	10194	2832	10308	6882	735	10305	689	2702	10373	10308	6697	6860	10369	10370	915	6867	10115	10305	6862	6837	10305	10307	682	10304	1009	6789	6825	10363	10308	6608	10306	6806	10250	10370	10371	10306	10370	10310	6879	10370	10378	10370	10307	992	10306	10251	721	10302	956	10370	10301	335	10306	10136	10249	10312	10368	10246	2896	6833	6902	712	6919	10325	10370	10311	10307	10370	10362	10300	10370	6765	10364	10312	10242	720	6728	10308	6846	10369	10335	10306	10299	10304	6860	6738	328	10316	2911	376	10320	10369	336	10197	713	6913	10309	10370	10374	10300	6851	10306	10369	6856	6846	9718	10274	10370	10376	10384	10251	10326	6920	28	379	10309	10307	10303	2	10230	10369	10309	10370	10304	10189	2912	6849	6865	10108	10369	10354	10305	25	2819	10311	6797	2859	10307	10307
SRR16301618	9573	9559	9581	9583	9589	9585	9594	9545	9575	695	970	9585	9571	9591	150	9584	9577	9585	9596	9576	6174	9577	9591	9591	9577	9567	2059	9580	9582	105	6183	9581	9569	9664	9588	9581	9576	2086	9568	9596	9551	6157	6502	9583	9595	9562	9575	9364	749	9574	76	9572	9250	9581	9591	9566	9580	6184	9576	9591	737	9587	9575	142	9584	6622	726	9584	9596	9578	655	9571	139	1993	9564	143	77	9579	2089	9582	6484	9536	2077	9569	9591	9581	9579	9582	9591	9597	9588	9579	9582	9595	735	9580	9561	9578	9546	727	9567	742	9583	9575	9591	9595	2164	6158	9581	9574	9591	105	6703	9593	6162	9555	9380	9544	6500	9538	9588	9591	9577	9591	9572	2015	9567	9594	9580	9580	9563	966	9576	9559	9591	9582	9591	9580	6450	9577	9579	9578	9576	6553	9576	9577	9579	9577	9590	9582	9594	6096	9596	9591	689	2007	9584	9580	763	0	2070	6202	9531	9596	9556	9576	2042	84	9596	2138	9578	9584	9591	9583	9579	9580	9591	9595	748	9465	9591	9530	9580	9591	9581	6219	9555	9591	9574	9591	9590	2083	9570	2085	9581	6190	96	9577	700	1969	9595	9580	6498	6168	9591	9592	122	6193	9559	9578	6160	6164	9576	9580	698	9577	137	6583	6615	9582	9581	6404	9579	6135	9582	9591	9592	9579	9591	9583	6185	9591	9599	9591	9580	128	9579	9583	87	9577	141	9592	9574	724	9579	9530	9581	9585	9589	9576	2108	6158	6163	78	6232	9572	9591	9584	9580	9591	9591	9560	9591	6101	9586	9584	9576	76	6542	9576	6177	9591	9593	9579	9572	9577	6174	6534	731	9582	2109	726	9579	9591	725	9573	77	6218	9582	9591	9596	9560	6164	9577	9591	6182	6625	9063	9574	9592	9595	9604	9583	9585	6223	736	152	9582	9580	9581	765	9561	9591	9581	9591	9577	9447	2150	6180	6182	9387	9592	9585	9578	752	2093	9584	6120	2117	9580	9580
SRR8325561	10358	10433	10386	10447	10449	10448	10458	10359	10438	2822	1395	10445	10365	10454	2140	10448	10440	10449	10459	10370	6611	10441	10454	10454	10382	10389	27	10444	10445	2053	6644	10445	10363	10469	10451	10445	10439	95	10414	10459	10299	6638	6962	10447	10458	10421	10369	10220	2863	10369	2016	10435	10065	10386	10454	10365	10444	6629	10440	10454	2841	10450	10438	2044	10448	7090	2873	10448	10459	10442	2522	10434	2043	32	10472	2044	2017	10443	29	10445	6895	10401	17	10377	10455	10445	10443	10446	10454	10460	10452	10443	10445	10458	2835	10444	10366	10442	10376	2675	10430	2864	10448	10438	10454	10458	24	6622	10444	10438	10454	2069	7126	10456	6622	10422	10219	10349	6950	10528	10452	10454	10441	10455	10365	1	10431	10457	10444	10444	10381	1391	10439	10432	10454	10446	10454	10445	6881	10440	10444	10442	10439	6957	10440	10440	10443	10441	10453	10446	10399	6554	10459	10454	2821	26	10444	10444	2854	2070	0	6628	10436	10459	10446	10439	20	2032	10459	17	10442	10448	10454	10447	10443	10443	10454	10459	2869	10321	10450	10434	10445	10454	10445	6647	10445	10454	10437	10454	10454	19	10446	25	10445	6597	2055	10442	2828	24	10458	10445	6926	6608	10454	10455	2138	6641	10297	10442	6647	6597	10439	10444	2822	10441	2110	6966	6979	10445	10445	6857	10443	6598	10387	10455	10455	10443	10454	10447	6597	10455	10462	10454	10444	2094	10443	10388	2031	10440	2081	10455	10438	2681	10443	10433	10386	10449	10452	10380	14	6629	6597	2017	6620	10435	10454	10448	10444	10454	10446	10432	10454	6540	10450	10449	10380	2017	6953	10439	6608	10454	10456	10443	10436	10441	6611	6951	2683	10446	22	2680	10443	10454	2677	10448	2016	6622	10446	10454	10459	10432	6628	10440	10454	6603	6993	9821	10437	10455	10458	10467	10388	10449	6620	2853	2148	10446	10444	10444	2890	10367	10454	10446	10454	10441	10288	25	6611	6608	10224	10454	10451	10442	2876	46	10448	6586	30	10444	10444
ERR4400265	7781	7642	7662	7703	7799	7800	7712	7775	7790	6855	5916	7798	7787	7811	6272	7671	7789	7705	7816	7787	82	7702	7811	7811	7698	7786	6615	7695	7668	6217	24	7697	7786	7984	7800	7702	7788	6667	7800	7815	7789	76	452	7665	7815	7798	7785	7583	7013	7696	6132	7778	7460	7660	7809	7902	7701	3	7786	7811	6975	7805	7790	6304	7663	824	6957	7704	7815	7699	5248	7617	6283	6398	7784	6307	6130	7698	6644	7791	415	7769	6623	7791	7677	7667	7699	7702	7811	7817	7674	7697	7914	7813	6941	7700	7643	7663	7580	6895	7784	6971	7669	7790	7808	7814	6670	4	7918	7659	7811	6195	833	7813	3	7776	7608	7626	458	7892	7666	7811	7696	7811	7792	6606	7780	7811	7700	7701	7775	5906	7788	7760	7811	7703	7811	7700	396	7790	7701	7662	7792	439	7658	7786	7699	7697	7810	7704	7814	73	7815	7811	6866	6502	7796	7700	6877	6202	6628	0	7808	7815	7643	7791	6798	6169	7815	6607	7699	7704	7811	7669	7702	7795	7811	7814	7002	7676	7810	7805	7667	7811	7701	66	7643	7810	7787	7811	7810	6610	7694	6836	7696	73	6208	7691	6877	6420	7815	7663	427	82	7811	7812	6253	24	7638	7699	93	78	7791	7694	6848	7697	6294	447	451	7799	7697	419	7665	79	7778	7811	7809	7659	7810	7703	61	7811	7819	7811	7700	6246	7699	7795	6165	7906	6281	7811	7656	6892	7692	7805	7662	7706	7807	7785	6638	3	70	6127	71	7621	7811	7670	7701	7811	7808	7754	7811	97	7810	7699	7658	6160	446	7787	83	7810	7810	7699	7654	7689	79	453	6900	7668	6619	6897	7662	7807	6897	7698	6136	86	7704	7811	7815	7755	86	7790	7811	78	452	7341	7789	7812	7815	7825	7664	7671	84	6970	6309	7703	7695	7918	7006	7643	7806	7665	7811	7689	7662	6671	92	81	7609	7809	7800	7694	7004	6634	7705	77	6546	7701	7696
ERR12078572	179	155	67	120	115	123	133	401	80	10312	9586	182	170	182	9762	198	72	121	187	100	7602	122	182	182	116	277	10336	116	67	9634	7791	117	166	134	178	117	112	10716	177	187	178	7704	7927	164	187	190	92	180	10468	113	9514	162	178	67	182	33	116	7803	115	182	10384	179	133	9612	117	7761	10468	120	187	115	6877	100	9585	10156	166	9653	9501	115	10456	115	7934	136	10373	269	183	67	115	118	182	189	88	130	52	187	10325	116	345	67	308	10401	119	10438	68	79	182	185	10572	7765	51	59	182	9587	7882	184	7796	177	181	305	7985	24	74	182	114	183	122	10302	96	185	116	117	263	9555	92	114	182	119	182	115	7908	85	114	63	109	8008	62	168	115	113	181	120	186	7636	187	182	10331	10272	103	116	10139	9531	10436	7808	0	187	116	167	10638	9598	187	10557	115	120	182	68	116	106	182	187	10433	155	183	2	66	182	117	7664	116	182	131	182	182	10430	118	10705	117	7637	9596	116	10351	10216	186	65	7982	7611	182	183	9846	7796	203	114	7610	7591	82	116	10294	113	9744	8071	8106	182	117	7822	64	7546	198	183	183	64	183	119	7590	182	190	182	116	9684	115	213	9536	26	10297	183	60	10413	115	0	67	122	172	96	10499	7762	7624	9519	7677	108	182	69	117	182	182	72	182	7449	177	122	84	9563	8010	111	7608	182	184	115	57	113	7615	8018	10413	68	10521	10445	128	182	10406	122	9509	7671	118	182	187	104	7562	130	182	7609	8136	152	86	183	186	197	69	172	7685	10412	9878	119	116	51	10468	342	182	66	182	114	166	10863	7529	7625	180	183	178	114	10482	10355	121	7448	10631	119	116
44341_3#265	50	103	86	154	60	55	167	368	46	10517	9641	11	57	11	9827	95	48	154	16	53	7980	156	11	11	150	192	10358	149	86	9661	7798	150	52	267	58	151	46	10666	169	0	60	7833	8629	93	16	24	53	10	10694	146	9554	77	19	87	11	173	151	7810	47	11	10608	8	59	9634	94	7877	10689	153	0	149	7105	34	9607	10108	116	9713	9528	149	10479	132	8587	45	10395	185	12	86	149	152	11	18	98	152	184	16	10548	150	406	85	212	10465	36	10666	88	46	11	20	10599	7771	185	80	11	9614	8002	13	7798	10	32	251	8658	274	94	11	148	12	58	10324	38	20	150	150	178	9608	60	79	11	153	11	149	8595	50	148	81	47	8713	81	49	150	147	10	153	15	7747	16	11	10538	10299	60	150	10374	9596	10459	7815	187	0	150	48	11899	9628	16	10581	149	154	11	87	149	51	11	0	10656	9	13	184	92	11	150	7789	151	11	46	11	11	10451	153	11989	154	8022	9625	157	10560	10173	15	84	8673	7979	11	12	10027	7803	315	149	7787	7932	47	151	10505	146	9778	8772	8816	10	150	8494	83	7912	232	12	12	83	12	152	7714	12	19	11	154	9718	147	248	9564	173	10360	12	78	10472	149	186	86	155	11	47	10523	7773	7737	9546	8046	35	11	89	154	11	11	78	11	7628	11	155	46	9591	8495	46	7969	11	19	149	76	147	7993	8724	10469	87	10544	10509	90	11	10470	157	9538	7797	152	11	0	79	7710	50	11	7957	8848	17	43	12	16	26	88	97	7812	10638	9943	153	149	185	10698	403	11	86	11	147	14	10824	7708	7976	18	12	11	147	10711	10377	160	7569	10589	152	148
ERR12552377	143	57	14	18	95	136	29	358	114	10465	9618	144	128	146	9788	62	116	18	151	133	7652	13	146	146	11	241	10346	14	17	9648	7630	13	130	227	141	14	125	10446	208	150	142	7758	7972	50	151	159	129	144	10618	11	9527	125	142	14	146	123	13	7636	120	146	10533	143	114	9623	57	7808	10630	18	150	12	7027	59	9596	9874	161	9664	9514	12	10466	134	7978	127	10384	234	96	14	12	14	146	153	54	12	142	151	10476	13	140	12	78	10413	118	10588	18	114	146	149	10583	7603	141	10	146	9600	7932	148	7632	145	162	99	8029	205	22	146	13	147	145	10312	114	149	14	12	228	9585	115	122	146	17	146	0	7955	120	5	16	120	8054	16	131	12	11	145	17	150	7685	151	146	10485	10285	108	14	10287	9556	10446	7643	116	150	0	130	10528	9612	151	10569	11	18	146	22	12	107	146	150	10583	144	146	116	19	146	14	7714	14	146	122	146	146	10441	16	10595	15	7687	9610	11	10502	9947	150	16	8028	7661	146	147	9861	7633	224	11	7659	7641	125	13	10448	11	9756	8115	8152	146	15	7867	18	7596	50	147	147	17	147	16	7642	147	154	146	13	9695	13	64	9551	117	10307	147	12	10425	13	115	14	19	146	128	10509	7600	7673	9532	7729	60	146	22	14	146	146	109	146	7497	142	20	65	9577	8058	122	7658	146	148	12	9	11	7666	8063	10425	15	10534	10457	57	146	10418	17	9522	7722	14	146	150	116	7632	131	146	7659	8182	144	125	147	150	161	16	60	7736	10566	9904	15	14	141	10621	141	146	18	146	11	148	10564	7577	7675	140	147	146	11	10634	10365	18	7498	10334	13	13
ERR7197741	39	70	67	133	34	31	145	127	20	10457	9618	43	34	43	9808	72	23	134	48	26	7700	127	43	43	128	159	10339	129	68	9642	7772	130	31	244	34	131	22	10634	120	48	36	7804	8333	71	48	57	25	43	10633	126	9522	26	44	68	43	151	129	7786	28	43	10547	40	34	9615	72	7853	10624	133	48	128	7041	21	9588	10085	63	9656	9509	128	10459	110	8322	21	10376	151	44	67	128	132	43	50	76	128	153	48	10491	129	354	66	192	10408	18	10602	70	20	43	46	10574	7750	154	60	43	9595	7978	45	7775	42	61	202	8352	252	75	43	127	44	31	10305	19	46	129	130	145	9585	35	31	43	133	43	130	8315	22	128	63	21	8424	62	3	128	127	42	132	47	7722	48	43	10478	10280	34	129	10305	9576	10439	7791	167	48	130	0	11006	9610	48	10559	127	135	43	68	128	26	43	48	10599	41	44	164	73	43	130	7763	130	43	21	43	43	10433	132	11084	134	7742	9603	137	10495	10145	47	66	8391	7707	43	44	9881	7778	295	128	7706	7679	21	129	10441	126	9748	8481	8523	43	130	8219	65	7638	133	44	44	64	43	132	7687	44	51	43	134	9688	128	135	9545	152	10300	44	60	10420	128	164	67	134	43	21	10502	7749	7710	9527	7780	22	43	69	134	43	43	31	43	7540	43	135	19	9571	8223	22	7702	43	45	128	57	127	7710	8429	10419	70	10525	10452	67	43	10413	135	9517	7768	131	43	48	31	7675	24	43	7702	8556	46	25	44	47	58	69	73	7782	10581	9924	132	129	154	10636	351	43	68	43	128	46	10791	7626	7722	43	44	43	127	10648	10357	140	7543	10555	131	129
SRR7427053	10798	11845	10468	10528	11238	11494	10541	11762	11214	2735	1337	11814	10979	11894	2100	11867	11527	10531	11899	11228	6582	10531	11894	11894	10463	11423	24	10525	10527	2022	6813	10527	11876	10753	11552	10528	11536	1416	11912	11899	11810	6590	7898	11856	11897	11861	11224	11663	2790	10522	1989	11098	11480	10469	11894	10646	10526	6798	11869	11894	2777	11891	11256	2014	11862	7069	2787	10529	11899	10524	2448	11591	2014	1298	11717	2015	1990	10525	30	10676	7997	11497	15	11425	11893	10528	10525	10528	11894	11900	11860	10527	10737	11898	2776	10526	10715	10525	10458	2598	11869	2783	10530	11214	11894	11898	26	6792	10738	10521	11894	2025	7104	11693	6791	11863	11667	10430	8069	10727	10536	11894	10524	11691	11695	21	11864	11898	10526	10526	11391	1335	11257	11869	11894	10529	11894	10528	7923	11334	10527	10524	11338	8076	10523	11007	10525	10524	11893	10527	11837	6516	11899	11894	2736	22	11234	10526	2791	2042	20	6798	10638	11899	10528	11006	0	2004	11899	21	10524	10525	11894	10529	10525	11476	11893	11897	2788	11742	11850	10635	10527	11894	10526	6583	10527	11894	11220	11894	11893	14	10529	1	10528	6573	2013	10524	2742	1382	11898	10527	8027	6584	11894	11895	2052	6811	10253	10524	6605	6572	11225	10526	2735	10522	2016	8008	8090	11886	10526	7955	10526	6573	10350	11894	11895	10526	11894	10529	6573	11895	11901	11894	10527	2001	10524	10368	2003	10910	2016	11894	10521	2597	10525	10634	10468	10531	11890	11153	18	6799	6574	1989	6590	11591	11894	10530	10525	11886	11884	11859	11894	6558	11841	10533	10545	1990	7442	11533	6584	11888	11897	10524	10518	10523	6582	8082	2602	10525	20	2598	11862	11894	2598	10531	1989	6598	10528	11894	11899	11866	6604	11229	11894	6579	8091	11237	11876	11895	11898	11907	10470	11866	6596	2778	2104	10529	10526	10737	2813	10724	11893	10529	11894	10523	11728	1415	6613	6584	11667	11894	11860	10524	2794	50	10530	6563	1364	10527	10525
SRR21224019	9569	9602	9614	9617	9623	9619	9628	9619	9609	685	927	9618	9573	9623	183	9618	9611	9619	9629	9577	6140	9611	9624	9624	9611	9598	2030	9613	9615	101	6155	9615	9571	9696	9622	9615	9610	2048	9615	9628	9561	6158	6455	9617	9628	9596	9577	9395	714	9576	32	9606	9276	9615	9624	9597	9614	6151	9611	9624	702	9621	9609	102	9618	6595	715	9618	9629	9612	617	9601	99	1954	9607	102	33	9613	2052	9616	6440	9571	2038	9604	9623	9615	9613	9616	9624	9630	9622	9613	9616	9628	700	9614	9595	9612	9604	690	9601	707	9617	9609	9624	9628	2125	6127	9615	9608	9624	101	6675	9625	6136	9589	9406	9578	6454	9605	9622	9624	9611	9624	9575	1977	9601	9628	9614	9614	9587	926	9610	9600	9624	9616	9624	9614	6399	9610	9613	9612	9610	6496	9610	9611	9613	9611	9623	9616	9627	6101	9629	9624	679	2005	9619	9614	729	84	2032	6169	9598	9628	9612	9610	2004	0	9629	2098	9612	9618	9624	9617	9613	9613	9624	9628	712	9495	9624	9597	9613	9624	9615	6179	9614	9624	9608	9624	9623	2044	9612	2046	9615	6141	90	9612	690	1930	9628	9614	6456	6128	9624	9625	134	6164	9558	9612	6122	6127	9610	9614	688	9611	132	6537	6557	9616	9615	6357	9613	6104	9616	9624	9625	9612	9624	9617	6145	9624	9632	9624	9613	124	9613	9617	43	9610	137	9625	9608	712	9613	9598	9615	9619	9622	9610	2070	6125	6129	33	6196	9602	9624	9618	9614	9624	9624	9602	9624	6064	9619	9619	9610	33	6496	9609	6138	9624	9627	9613	9606	9611	6139	6483	712	9616	2071	705	9612	9624	704	9616	33	6173	9616	9624	9629	9600	6129	9611	9624	6142	6575	9089	9604	9625	9628	9637	9616	9618	6178	701	192	9616	9614	9614	731	9595	9624	9615	9624	9611	9479	2109	6143	6141	9419	9625	9618	9612	716	2055	9618	6089	2078	9614	9614
BKRRIF_S2_L001	50	103	87	155	58	53	168	368	44	10518	9641	7	57	7	9825	95	46	155	0	51	7980	157	7	7	151	192	10358	150	89	9661	7798	151	52	267	56	152	44	10666	169	16	60	7833	8630	93	4	13	51	7	10695	147	9554	77	18	88	7	173	152	7810	47	7	10608	8	57	9634	94	7877	10691	154	16	150	7105	34	9607	10110	114	9713	9528	150	10479	132	8593	43	10395	185	8	87	150	153	7	6	98	153	184	4	10548	151	406	86	212	10465	36	10667	90	44	7	20	10603	7771	185	82	7	9614	8002	9	7798	6	21	251	8660	274	95	7	149	8	58	10324	38	20	151	152	178	9608	58	79	7	154	7	150	8601	48	149	82	45	8716	82	49	151	148	6	154	1	7748	0	7	10540	10299	58	151	10375	9596	10459	7815	187	16	151	48	11899	9629	0	10581	150	155	7	88	150	49	7	16	10657	6	9	184	93	7	151	7790	152	7	44	7	7	10451	154	11989	155	8023	9625	158	10560	10175	1	85	8674	7979	7	8	10027	7803	315	150	7787	7932	45	152	10507	147	9778	8775	8822	7	151	8498	85	7912	233	8	8	84	8	153	7714	8	19	7	155	9718	148	249	9564	173	10360	8	79	10472	150	186	87	156	7	45	10523	7773	7737	9546	8047	35	7	90	155	7	7	78	7	7629	7	156	44	9591	8497	44	7969	7	19	150	77	148	7993	8726	10469	90	10544	10509	90	7	10470	158	9538	7797	153	7	16	79	7710	48	7	7957	8854	15	43	8	12	14	89	97	7812	10639	9941	154	150	185	10701	403	7	87	7	148	2	10834	7709	7976	17	8	7	148	10716	10377	161	7569	10593	153	149
ERR4145353	10464	10555	10508	10572	10572	10567	10580	10465	10561	2902	1457	10568	10469	10573	2208	10571	10561	10571	10581	10475	6590	10563	10576	10576	10505	10495	28	10569	10567	2116	6622	10567	10466	10585	10573	10568	10559	93	10520	10581	10411	6617	6939	10572	10578	10541	10473	10338	2952	10476	2083	10554	10184	10511	10576	10490	10566	6607	10560	10576	2930	10573	10558	2110	10569	7076	2952	10573	10581	10565	2606	10552	2111	29	10591	2111	2084	10565	26	10567	6890	10521	17	10485	10576	10569	10566	10569	10576	10579	10575	10567	10565	10576	2925	10567	10489	10567	10501	2753	10553	2952	10570	10561	10576	10580	21	6601	10567	10559	10576	2138	7110	10578	6600	10543	10344	10472	6935	10648	10577	10573	10565	10576	10472	16	10550	10580	10569	10566	10486	1453	10560	10550	10576	10567	10576	10569	6878	10561	10569	10565	10561	6938	10564	10561	10567	10563	10575	10569	10520	6557	10581	10576	2899	27	10564	10569	2943	2138	17	6607	10557	10581	10569	10559	21	2098	10581	0	10565	10569	10576	10568	10564	10566	10576	10580	2956	10435	10572	10554	10565	10574	10567	6627	10568	10576	10558	10576	10575	18	10571	25	10569	6591	2124	10564	2907	25	10580	10568	6920	6587	10576	10577	2215	6620	10400	10564	6642	6575	10561	10566	2900	10564	2188	6949	6956	10565	10567	6855	10566	6577	10508	10576	10577	10565	10576	10570	6576	10577	10584	10576	10565	2174	10564	10511	2100	10560	2159	10577	10561	2760	10565	10553	10509	10571	10574	10500	16	6608	6577	2083	6597	10556	10576	10573	10566	10576	10568	10555	10576	6516	10572	10574	10501	2084	6936	10561	6587	10576	10579	10564	10557	10562	6590	6943	2761	10571	7	2762	10567	10576	2757	10570	2083	6601	10569	10576	10581	10551	6611	10562	10576	6582	6970	9940	10556	10577	10580	10589	10510	10574	6601	2942	2215	10568	10566	10564	2979	10490	10576	10568	10576	10565	10411	24	6593	6587	10336	10576	10573	10564	2963	44	10571	6566	28	10569	10566
ERR9822146	142	55	2	7	93	134	19	359	112	10462	9622	143	126	145	9810	59	114	7	150	131	7708	6	145	145	1	239	10342	2	14	9645	7683	1	128	224	139	3	123	10445	207	149	140	7813	8026	47	150	158	127	143	10637	6	9524	123	141	2	145	120	3	7693	118	145	10551	141	112	9619	54	7860	10628	7	149	0	7045	58	9592	9871	158	9660	9511	2	10462	131	8028	125	10380	232	95	3	2	2	145	152	51	0	139	150	10494	3	138	0	75	10412	116	10606	15	112	145	148	10579	7659	138	7	145	9597	7985	147	7683	144	161	97	8086	204	11	145	3	146	142	10308	112	147	4	2	225	9589	113	120	145	6	145	11	8014	117	10	13	117	8119	13	128	2	0	144	6	149	7731	150	145	10482	10282	106	4	10305	9578	10442	7699	115	149	11	127	10524	9612	150	10565	0	7	145	19	0	105	145	149	10602	143	145	115	16	145	3	7772	3	145	120	145	145	10437	6	10591	4	7752	9607	0	10499	9945	149	13	8088	7716	145	146	9886	7688	301	0	7710	7688	123	3	10445	0	9752	8177	8218	145	4	7917	15	7647	72	146	146	14	146	5	7696	146	153	145	1	9691	1	86	9548	115	10303	146	9	10424	1	114	2	8	145	126	10505	7658	7719	9529	7790	59	145	19	2	145	145	107	145	7547	141	9	62	9574	8117	120	7711	145	146	0	6	0	7720	8125	10424	3	10530	10456	54	145	10417	7	9519	7777	3	145	149	114	7683	129	145	7711	8248	142	123	146	149	160	4	57	7791	10584	9927	4	4	138	10640	139	145	15	145	0	147	10562	7632	7732	139	146	145	0	10652	10361	7	7551	10332	1	1
ERR9822144	148	63	10	14	100	141	12	360	119	10468	9626	148	133	150	9816	67	121	0	155	138	7713	8	150	150	8	244	10348	10	21	9651	7688	9	135	232	146	10	130	10449	214	154	147	7817	8029	55	155	164	134	149	10641	13	9530	130	145	10	150	128	10	7698	125	150	10555	147	117	9625	62	7866	10634	0	154	8	7049	62	9598	9875	166	9666	9517	9	10468	139	8029	132	10386	237	100	10	9	10	150	157	59	8	147	155	10500	10	143	8	81	10418	123	10610	22	119	150	153	10583	7664	146	14	150	9603	7991	152	7688	149	166	102	8087	209	18	150	10	151	139	10314	119	153	11	9	231	9593	118	127	150	13	150	18	8015	125	17	20	125	8120	20	136	9	7	149	13	154	7735	155	150	10488	10288	113	11	10311	9584	10448	7704	120	154	18	135	10525	9618	155	10569	7	0	150	26	8	112	150	154	10608	149	150	120	23	150	10	7776	10	150	127	150	150	10443	13	10592	11	7755	9611	7	10505	9949	154	20	8089	7721	150	151	9889	7693	307	7	7716	7693	130	10	10451	7	9758	8178	8219	150	11	7918	22	7652	32	151	151	21	151	12	7700	151	158	150	9	9697	9	35	9554	122	10309	151	16	10430	9	119	10	1	150	133	10511	7663	7723	9535	7793	63	150	26	10	150	150	114	150	7554	146	2	70	9580	8120	127	7716	150	152	8	13	7	7723	8126	10428	11	10536	10462	62	150	10423	14	9524	7781	10	150	154	121	7689	136	150	7716	8249	148	130	151	154	165	12	65	7795	10590	9933	11	11	146	10644	144	150	22	150	7	152	10564	7638	7735	145	151	150	7	10656	10366	14	7557	10334	9	9
44341_3#305	45	98	82	150	55	50	163	363	41	10513	9636	0	52	0	9822	90	43	150	7	48	7976	152	0	0	146	187	10353	145	83	9656	7794	146	47	262	53	147	41	10661	164	11	55	7829	8625	88	7	16	48	0	10688	142	9549	72	14	83	0	168	147	7805	42	0	10602	3	54	9629	89	7873	10685	149	11	145	7100	29	9602	10104	111	9708	9523	145	10474	127	8584	40	10390	180	1	82	145	148	0	9	93	148	179	7	10543	146	401	81	207	10460	31	10661	84	41	0	15	10591	7767	180	76	0	9609	7998	2	7794	1	23	246	8654	269	90	0	144	1	53	10320	33	15	146	147	173	9603	55	74	0	149	0	145	8593	45	144	77	42	8709	77	44	146	143	1	149	6	7743	7	0	10535	10294	55	146	10369	9591	10454	7811	182	11	146	43	11894	9624	7	10576	145	150	0	83	145	46	0	11	10651	1	2	179	88	0	146	7785	147	0	41	0	0	10446	149	11984	150	8018	9620	153	10555	10169	6	80	8671	7975	0	1	10022	7799	310	145	7783	7928	42	147	10501	142	9773	8768	8812	0	146	8491	79	7908	228	1	1	79	1	148	7710	1	14	0	150	9713	143	244	9559	168	10355	1	74	10467	145	181	82	151	0	42	10518	7769	7733	9541	8042	30	0	85	150	0	0	73	0	7625	0	151	41	9586	8492	41	7965	0	14	145	72	143	7989	8720	10464	83	10539	10504	85	0	10465	153	9533	7792	148	0	11	74	7706	45	0	7953	8844	11	38	1	7	17	84	92	7806	10633	9938	149	145	180	10691	398	0	82	0	143	5	10817	7704	7972	14	1	0	143	10703	10372	156	7565	10582	148	144
ERR12302226	80	49	22	26	79	75	40	348	65	10467	9625	83	71	83	9814	51	67	26	88	74	7712	28	83	83	22	192	10347	22	21	9650	7653	21	67	164	78	22	66	10449	150	87	79	7816	8029	49	88	97	73	82	10640	19	9529	62	79	22	83	69	22	7663	69	83	10554	80	65	9624	50	7865	10633	26	87	20	7048	60	9597	9875	99	9665	9516	21	10467	72	8030	65	10385	185	83	22	21	23	83	90	54	20	80	88	10499	22	91	22	43	10417	57	10609	24	65	83	86	10582	7629	79	14	83	9602	7990	85	7653	82	100	64	8088	157	30	83	22	84	81	10313	58	86	23	21	179	9592	66	60	83	25	83	22	8016	67	21	6	67	8120	18	69	21	19	82	25	87	7734	88	83	10487	10287	78	23	10310	9583	10447	7669	68	87	22	68	10529	9617	88	10568	19	26	83	0	20	70	83	87	10607	82	85	68	19	83	22	7775	22	83	66	83	83	10442	25	10596	23	7754	9610	21	10504	9948	87	22	8089	7720	83	84	9888	7658	305	19	7715	7692	66	22	10450	19	9757	8179	8220	83	23	7919	4	7651	104	84	84	5	84	24	7699	84	91	83	21	9696	21	116	9553	68	10308	84	16	10429	21	67	22	27	83	66	10510	7628	7722	9534	7792	61	83	2	22	83	83	60	83	7553	83	28	66	9579	8121	66	7715	83	85	20	13	19	7722	8126	10427	23	10534	10461	45	83	10422	26	9523	7780	22	83	87	60	7688	69	83	7715	8250	82	64	84	87	98	24	51	7794	10589	9931	23	23	79	10643	92	83	24	83	19	85	10565	7637	7734	81	84	83	19	10655	10365	26	7556	10334	23	21
ERR12165616	142	56	2	8	94	135	21	358	113	10463	9621	143	127	145	9811	60	115	8	150	132	7708	2	145	145	3	240	10343	4	15	9646	7686	3	129	225	140	4	124	10444	208	149	141	7812	8024	48	150	158	128	143	10636	7	9525	124	141	2	145	121	3	7696	119	145	10550	142	113	9620	55	7861	10629	8	149	0	7044	58	9593	9870	159	9661	9512	2	10463	132	8024	126	10381	233	95	4	2	2	145	152	52	0	140	150	10495	3	139	4	76	10413	117	10605	16	113	145	148	10578	7662	139	8	145	9598	7986	147	7686	144	161	98	8082	205	12	145	3	146	141	10309	113	148	4	2	226	9588	114	121	145	7	145	12	8010	118	11	14	118	8115	14	129	2	0	144	7	149	7730	150	145	10483	10283	107	4	10306	9579	10443	7702	116	149	12	128	10525	9613	150	10564	0	8	145	20	0	106	145	149	10603	143	145	116	17	145	4	7771	4	145	121	145	145	10438	6	10592	5	7750	9606	3	10500	9944	149	14	8084	7716	145	146	9884	7691	302	1	7711	7688	124	3	10446	1	9753	8173	8214	145	5	7913	16	7647	30	146	146	15	146	6	7695	146	153	145	3	9692	3	42	9549	116	10304	146	10	10425	1	115	2	9	145	127	10506	7661	7718	9530	7788	59	145	20	4	145	145	108	145	7548	141	10	63	9575	8115	121	7711	145	147	0	7	1	7718	8121	10423	3	10531	10457	55	145	10418	8	9519	7776	4	145	149	115	7684	130	145	7711	8244	142	124	146	149	160	4	58	7790	10585	9928	5	4	139	10639	140	145	16	145	1	147	10559	7633	7730	138	146	145	1	10651	10362	8	7552	10329	5	3
ERR11502778	42	74	69	110	29	5	122	325	15	10461	9625	46	40	46	9810	76	13	111	49	24	7707	112	46	46	106	151	10343	106	69	9646	7778	107	36	199	24	108	12	10641	123	51	39	7814	8328	75	49	58	23	46	10640	104	9526	30	46	70	46	104	106	7791	32	46	10554	43	11	9619	76	7860	10627	110	51	106	7048	23	9592	10089	69	9660	9513	105	10463	115	8330	5	10380	144	47	69	105	109	46	51	80	105	116	49	10495	106	356	69	194	10412	20	10609	71	15	46	49	10581	7754	117	61	46	9599	7985	48	7779	45	63	191	8398	192	77	46	104	47	47	10309	21	49	106	107	137	9592	12	33	46	110	46	107	8324	7	105	65	7	8435	64	27	105	104	45	110	48	7731	49	46	10481	10284	29	106	10312	9580	10443	7795	106	51	107	26	11476	9613	49	10566	105	112	46	70	106	0	46	51	10603	45	47	103	75	46	107	7772	107	46	16	46	46	10437	109	11566	111	7751	9610	114	10499	10148	48	68	8403	7714	46	47	9888	7784	299	105	7731	7686	16	106	10444	103	9752	8492	8533	46	107	8228	66	7645	188	47	47	66	46	109	7697	47	54	46	111	9692	105	204	9549	104	10303	47	62	10424	105	103	69	112	46	10	10506	7753	7720	9531	7789	24	46	71	111	46	46	33	46	7569	46	112	17	9575	8219	12	7709	46	48	105	59	104	7720	8440	10426	70	10529	10456	71	46	10417	113	9523	7778	108	46	51	33	7682	19	46	7709	8566	49	27	47	50	59	71	77	7792	10585	9926	110	106	117	10643	353	46	70	46	105	47	10796	7657	7732	45	47	46	104	10655	10362	117	7550	10564	109	106
CIV147E3_S35_L001	45	98	82	150	55	50	163	363	41	10513	9636	0	52	0	9822	90	43	150	7	48	7975	152	0	0	146	187	10353	145	84	9656	7793	146	47	262	53	147	41	10661	164	11	55	7828	8625	88	7	16	48	0	10695	142	9549	72	14	83	0	168	147	7806	42	0	10603	3	54	9629	89	7872	10686	149	11	145	7100	29	9602	10105	111	9708	9523	145	10474	127	8588	40	10390	180	1	82	145	148	0	9	93	148	179	7	10543	146	401	81	207	10460	31	10665	85	41	0	15	10598	7767	180	77	0	9609	7997	2	7794	1	23	246	8655	269	90	0	144	1	53	10319	33	15	146	147	173	9603	55	74	0	149	0	145	8596	45	144	77	42	8711	77	44	146	143	1	149	6	7743	7	0	10535	10294	55	146	10375	9591	10454	7811	182	11	146	43	11893	9624	7	10576	145	150	0	83	145	46	0	11	10652	1	2	179	88	0	146	7785	147	0	41	0	0	10446	149	11983	150	8018	9620	153	10555	10170	6	80	8669	7974	0	1	10022	7798	310	145	7783	7927	42	147	10502	142	9773	8770	8816	0	146	8492	80	7907	228	1	1	79	1	148	7709	1	14	0	150	9713	143	244	9559	168	10355	1	74	10467	145	181	82	151	0	42	10518	7769	7732	9541	8042	30	0	85	150	0	0	73	0	7624	0	151	41	9586	8492	41	7964	0	14	145	72	143	7988	8721	10464	85	10539	10504	85	0	10465	153	9533	7792	148	0	11	74	7705	45	0	7952	8848	11	38	1	7	17	84	92	7807	10635	9938	149	145	180	10696	398	0	82	0	143	5	10828	7704	7971	14	1	0	143	10711	10372	156	7564	10588	148	144
44341_3#280	50	103	86	154	60	55	167	367	46	10517	9641	11	57	11	9826	95	48	154	16	53	7979	156	11	11	150	192	10358	149	86	9660	7797	150	52	267	58	151	46	10665	169	0	60	7833	8628	93	16	24	53	10	10693	146	9553	77	19	87	11	173	151	7808	47	11	10607	8	59	9633	94	7877	10690	153	0	149	7104	34	9607	10108	116	9712	9528	149	10478	132	8586	45	10395	185	12	86	149	152	11	18	98	152	184	16	10548	150	406	85	212	10464	36	10666	88	46	11	20	10596	7770	185	80	11	9614	8002	13	7797	10	32	251	8656	274	94	11	148	12	56	10324	38	20	150	150	178	9608	60	79	11	153	11	149	8594	50	148	81	47	8711	81	49	150	147	10	153	15	7746	16	11	10540	10298	60	150	10374	9595	10459	7814	187	0	150	48	11897	9628	16	10580	149	154	11	87	149	51	11	0	10656	9	13	184	92	11	150	7788	151	11	46	11	11	10450	153	11987	154	8021	9624	157	10560	10173	15	84	8671	7978	11	12	10027	7802	314	149	7787	7931	47	151	10505	146	9777	8770	8814	10	150	8493	83	7912	232	12	12	83	12	152	7714	12	19	11	154	9717	147	246	9563	173	10360	12	78	10471	149	186	86	155	11	47	10523	7772	7737	9546	8045	35	11	89	154	11	11	78	11	7628	11	155	46	9590	8494	46	7968	11	19	149	76	147	7992	8722	10468	87	10543	10508	90	11	10470	157	9538	7796	152	11	0	79	7710	50	11	7956	8846	17	43	12	16	26	88	97	7809	10638	9942	153	149	185	10696	403	11	86	11	147	14	10821	7708	7975	18	12	11	147	10708	10377	160	7569	10586	152	148
SRR13277412	10487	10480	10546	10607	10613	10608	10618	10276	10599	657	1721	10645	10455	10651	384	10608	10600	10609	10657	10460	6981	10601	10652	10651	10542	10496	2802	10604	10606	683	6984	10605	10454	10621	10611	10605	10599	2844	10350	10656	10272	7058	6799	10607	10655	10624	10459	10380	5	10459	698	10595	10250	10546	10652	10524	10604	6983	10598	10652	18	10611	10598	839	10608	7425	691	10608	10656	10602	290	10606	841	2698	10483	862	695	10603	2887	10605	6777	10553	2827	10497	10652	10605	10603	10605	10652	10657	10612	10603	10605	10655	4	10604	10527	10602	10517	316	10590	16	10608	10599	10652	10656	2918	6958	10604	10598	10652	746	7517	10653	6982	10605	10414	10509	6814	10437	10612	10651	10599	10652	10456	2803	10591	10618	10604	10604	10488	1713	10599	10582	10652	10606	10651	10604	6749	10600	10603	10602	10599	6856	10600	10600	10603	10601	10651	10606	10596	6964	10657	10652	645	2625	10607	10604	37	748	2869	7002	10433	10656	10583	10599	2788	712	10657	2956	10602	10608	10651	10607	10603	10603	10652	10656	0	10446	10648	10431	10605	10652	10605	7058	10585	10652	10597	10651	10651	2878	10490	2831	10605	7004	722	10602	657	2695	10655	10605	6806	6983	10651	10652	925	6995	10382	10602	6983	6966	10599	10604	652	10601	1015	6900	6936	10643	10605	6714	10603	6929	10547	10652	10653	10603	10652	10607	7012	10652	10660	10652	10604	998	10603	10548	707	10599	965	10652	10598	336	10603	10430	10546	10609	10650	10540	2910	6958	7033	696	7047	10607	10652	10608	10604	10652	10644	10582	10652	6894	10646	10609	10539	703	6847	10599	6975	10651	10617	10603	10596	10601	6984	6847	326	10607	2924	375	10603	10651	334	10493	698	7041	10606	10652	10656	10580	6974	10600	10651	6985	6956	9983	10556	10652	10655	10666	10548	10609	7048	13	395	10606	10604	10604	36	10527	10651	10606	10652	10601	10465	2911	6976	6991	10386	10651	10640	10602	16	2831	10608	6925	2861	10604	10604
CAAXBN_S10_L001	44	96	80	149	54	49	162	361	40	10325	9506	1	50	1	9696	89	42	148	6	47	7845	151	1	1	145	186	10217	144	81	9528	7658	143	46	234	52	145	40	10529	163	9	54	7693	8452	87	6	15	47	1	10479	140	9421	71	13	81	1	141	145	7670	39	1	10390	2	53	9501	88	7735	10497	148	9	144	6939	28	9477	9967	109	9579	9398	143	10341	123	8421	39	10258	179	2	80	143	146	1	8	92	146	152	6	10337	144	381	80	202	10255	28	10449	83	40	1	14	10448	7633	153	75	1	9483	7857	3	7660	0	22	240	8491	242	89	1	143	2	52	10182	30	14	145	144	172	9473	54	73	1	148	1	144	8439	44	143	75	41	8543	76	42	144	142	0	148	5	7608	6	1	10352	10161	54	145	10171	9465	10321	7676	155	9	144	41	11742	9495	6	10435	143	149	1	82	143	45	1	9	10446	0	3	152	86	1	144	7650	145	1	40	1	1	10314	148	11829	149	7884	9488	151	10369	10042	5	79	8504	7844	1	2	9893	7663	307	143	7656	7797	41	145	10320	141	9647	8602	8646	1	145	8322	79	7777	226	2	2	77	2	146	7574	2	13	1	148	9585	142	242	9433	141	10219	2	73	10265	144	154	80	150	1	40	10383	7635	7597	9413	7907	29	1	83	148	1	1	72	1	7498	1	150	40	9459	8331	40	7834	1	13	143	71	142	7854	8553	10257	83	10397	10300	84	1	10261	151	9404	7656	145	1	9	73	7574	44	1	7822	8678	10	35	2	6	16	82	91	7670	10428	9810	147	144	152	10482	380	1	80	1	141	4	10677	7573	7837	13	2	1	141	10494	10238	154	7433	10442	146	142
CIV142E6_S29_L001	47	99	83	150	56	51	163	341	42	10509	9636	2	54	2	9822	90	44	150	9	49	7971	152	2	2	146	188	10349	145	86	9656	7793	146	48	263	54	147	42	10636	166	13	56	7824	8604	89	9	18	49	2	10686	142	9549	74	16	84	2	169	147	7805	44	2	10603	5	55	9629	90	7872	10682	149	13	145	7096	31	9602	10082	112	9708	9523	145	10470	129	8566	41	10386	181	3	83	145	148	2	11	94	148	181	9	10539	146	391	83	208	10456	33	10658	87	42	2	17	10593	7766	182	79	2	9609	7997	4	7793	3	25	247	8634	270	91	2	144	3	54	10315	35	17	146	147	174	9603	56	76	2	149	2	145	8574	46	144	79	43	8690	79	45	146	143	3	149	8	7739	9	2	10531	10290	56	146	10366	9591	10450	7810	183	13	146	44	11850	9624	9	10572	145	150	2	85	145	47	2	13	10648	3	0	180	90	2	146	7785	147	2	42	2	2	10442	149	11935	150	8015	9620	153	10551	10146	8	82	8648	7970	2	3	10022	7798	311	145	7779	7923	43	147	10498	142	9773	8749	8796	2	146	8473	82	7903	227	3	3	81	3	148	7709	3	16	2	150	9713	143	242	9559	170	10355	3	76	10463	145	182	83	151	2	43	10514	7768	7732	9541	8038	32	2	87	150	2	2	75	2	7624	2	151	42	9586	8476	42	7960	2	16	145	74	143	7984	8700	10460	87	10535	10500	86	2	10461	153	9533	7788	148	2	13	76	7701	46	2	7948	8827	12	40	3	9	19	85	93	7803	10630	9938	149	145	182	10692	388	2	84	2	143	7	10805	7705	7967	16	3	2	143	10706	10368	156	7564	10563	148	144
ERR11747320	176	152	67	120	112	120	133	397	77	10310	9583	179	167	179	9761	194	69	121	184	97	7601	122	179	179	116	274	10335	116	67	9633	7788	117	163	133	175	117	109	10711	174	184	175	7702	7928	161	184	187	89	177	10465	113	9513	159	176	67	179	32	116	7800	112	179	10381	176	130	9611	114	7760	10466	120	184	115	6874	97	9584	10154	162	9652	9500	115	10454	114	7934	134	10372	266	180	67	115	118	179	186	85	130	51	184	10323	116	342	67	304	10399	116	10435	69	76	179	182	10570	7762	50	60	179	9585	7881	181	7793	174	178	302	7984	24	74	179	114	180	119	10300	93	182	116	117	260	9552	89	111	179	119	179	115	7908	82	114	63	106	8007	62	165	115	113	178	120	183	7634	184	179	10329	10271	100	116	10137	9530	10434	7805	2	184	116	164	10635	9597	184	10554	115	120	179	68	116	103	179	184	10431	152	180	0	66	179	117	7661	116	179	128	179	179	10428	118	10702	117	7635	9593	116	10349	10213	183	65	7981	7610	179	180	9844	7793	202	114	7609	7590	79	116	10292	113	9743	8071	8106	179	117	7822	64	7545	198	180	180	64	180	119	7588	179	187	179	116	9683	115	213	9535	26	10295	180	60	10411	115	2	67	122	169	93	10497	7759	7621	9518	7675	105	179	69	117	179	179	69	179	7448	174	122	80	9562	8011	108	7607	179	181	115	57	113	7613	8017	10410	69	10519	10443	125	179	10404	122	9508	7669	118	179	184	101	7561	127	179	7608	8136	152	83	180	183	194	69	169	7683	10410	9877	119	116	50	10465	339	179	67	179	114	163	10860	7528	7623	177	180	175	114	10479	10354	121	7447	10626	119	116
ERR4451478	85	54	19	23	84	80	37	353	70	10464	9623	88	76	88	9812	56	72	23	93	79	7708	25	88	88	19	191	10345	19	18	9647	7651	18	72	168	83	19	71	10445	154	92	84	7814	8025	54	93	101	78	85	10638	16	9526	67	85	19	88	73	19	7660	74	88	10552	85	64	9621	55	7863	10630	23	92	17	7045	59	9595	9873	104	9662	9514	18	10464	76	8024	70	10383	184	88	19	18	20	88	95	59	17	84	93	10497	19	90	19	42	10414	62	10607	21	70	88	91	10580	7627	83	11	88	9600	7988	90	7651	87	105	63	8081	155	27	88	19	89	88	10311	63	91	20	18	178	9590	65	65	88	22	88	19	8008	72	18	13	72	8112	15	74	18	16	87	22	92	7730	93	88	10484	10284	83	20	10306	9580	10445	7667	66	92	19	73	10527	9613	93	10565	16	23	88	19	17	75	88	92	10605	86	90	66	0	88	19	7771	19	88	71	88	88	10439	22	10594	20	7750	9607	18	10502	9945	92	19	8083	7717	88	89	9886	7656	302	16	7713	7689	71	19	10446	16	9754	8172	8213	88	20	7914	15	7649	101	89	89	14	89	21	7697	89	96	88	18	9693	18	115	9550	72	10306	89	13	10426	18	65	19	24	88	71	10508	7626	7720	9532	7788	60	88	19	19	88	88	65	88	7550	88	25	71	9576	8114	71	7712	83	90	17	10	16	7719	8120	10424	20	10532	10458	50	88	10420	23	9521	7778	19	88	92	65	7686	74	88	7712	8243	87	69	89	92	103	21	56	7790	10587	9929	20	20	83	10641	91	88	21	88	16	90	10561	7635	7731	84	89	87	16	10653	10363	23	7554	10331	20	18
CIU145B1_S13_L001	45	98	82	150	55	50	163	363	41	10513	9634	0	52	0	9822	90	43	150	7	48	7976	152	0	0	146	187	10353	145	84	9656	7794	146	47	262	53	147	41	10661	164	11	55	7827	8626	88	7	16	48	0	10687	142	9549	72	14	83	0	168	147	7806	42	0	10600	3	54	9629	89	7873	10686	149	11	145	7098	29	9602	10105	111	9708	9523	145	10474	127	8587	40	10390	180	1	82	145	148	0	9	93	148	179	7	10543	146	401	81	207	10460	31	10660	85	41	0	15	10589	7767	180	77	0	9609	7998	2	7794	1	23	246	8654	269	90	0	144	1	53	10319	33	15	146	147	173	9601	55	74	0	149	0	145	8595	45	144	77	42	8710	77	44	146	143	1	149	6	7742	7	0	10535	10294	55	146	10370	9591	10454	7811	182	11	146	43	11894	9624	7	10574	145	150	0	83	145	46	0	11	10652	1	2	179	88	0	146	7784	147	0	41	0	0	10446	149	11984	150	8017	9618	153	10555	10170	6	80	8668	7975	0	1	10020	7799	310	145	7783	7928	42	147	10502	142	9773	8769	8815	0	146	8491	80	7908	228	1	1	79	1	148	7708	1	14	0	150	9713	143	244	9559	168	10355	1	74	10467	145	181	82	151	0	42	10518	7769	7731	9541	8041	30	0	85	150	0	0	73	0	7625	0	151	41	9586	8493	41	7965	0	14	145	72	143	7987	8720	10462	85	10539	10504	85	0	10465	153	9531	7790	148	0	11	74	7706	45	0	7953	8847	11	38	1	7	17	84	92	7805	10634	9938	149	145	180	10690	398	0	82	0	143	5	10819	7705	7970	14	1	0	143	10702	10372	156	7565	10579	148	144
ERR9785509	143	58	6	10	95	136	21	360	114	10465	9624	144	128	146	9813	62	116	10	151	133	7710	9	146	146	3	241	10345	6	18	9648	7685	5	130	227	141	6	125	10446	209	150	142	7815	8027	50	151	159	129	144	10639	9	9527	125	142	6	146	123	5	7695	120	146	10553	143	114	9622	57	7863	10631	10	150	4	7047	59	9595	9874	161	9663	9514	4	10465	134	8031	127	10383	234	96	6	4	6	146	153	54	4	142	151	10497	5	140	4	78	10415	118	10608	19	114	146	149	10581	7661	141	11	146	9600	7988	148	7685	145	162	99	8085	206	14	146	5	147	143	10311	114	149	6	4	228	9591	115	122	146	9	146	14	8015	120	13	16	120	8120	16	131	4	3	145	9	150	7733	151	146	10485	10285	108	6	10308	9581	10445	7701	117	150	14	130	10526	9615	151	10567	3	10	146	22	4	107	146	150	10605	144	146	117	19	146	0	7774	6	146	122	146	146	10440	8	10593	7	7753	9609	3	10502	9949	150	16	8088	7718	146	147	9887	7690	304	3	7713	7690	125	5	10448	3	9755	8178	8220	146	7	7920	19	7649	46	147	147	17	147	8	7698	147	154	146	5	9694	5	58	9551	117	10306	147	12	10427	5	116	6	11	146	128	10508	7660	7721	9532	7791	60	146	22	6	146	146	109	146	7550	142	12	65	9577	8117	122	7713	146	148	4	9	3	7721	8126	10426	9	10533	10459	57	146	10420	10	9522	7779	6	146	150	116	7686	131	146	7713	8250	143	125	147	150	161	8	60	7793	10587	9930	7	6	141	10642	141	146	18	146	3	148	10566	7635	7733	140	147	146	3	10654	10364	10	7554	10332	5	5
SRR3002514	7704	7748	7766	7779	7779	7774	7782	7632	7768	6888	5950	7782	7709	7782	6288	7777	7762	7777	7791	7710	44	7765	7786	7786	7771	7712	6595	7768	7774	6226	78	7768	7706	7846	7775	7775	7760	6653	7722	7789	7713	46	400	7773	7787	7769	7708	7556	7076	7720	6141	7745	7452	7768	7785	7762	7772	66	7757	7786	7033	7780	7764	6317	7767	800	6993	7780	7789	7772	5308	7721	6297	6373	7753	6320	6140	7771	6656	7764	363	7742	6605	7714	7785	7775	7772	7774	7786	7789	7782	7769	7762	7782	6989	7774	7752	7774	7684	6933	7759	7035	7774	7768	7783	7790	6653	67	7767	7764	7786	6211	810	7787	66	7749	7590	7735	390	7749	7773	7782	7771	7785	7706	6622	7750	7787	7776	7773	7694	5939	7762	7729	7784	7774	7786	7775	347	7764	7775	7769	7767	383	7765	7758	7773	7770	7785	7776	7788	44	7790	7786	6896	6481	7771	7775	6937	6219	6647	66	7664	7789	7714	7763	6583	6179	7790	6627	7772	7776	7785	7775	7771	7772	7785	7788	7058	7650	7785	7661	7771	7784	7774	0	7715	7786	7761	7786	7784	6629	7767	6609	7768	35	6224	7762	6910	6390	7789	7769	373	44	7786	7787	6295	78	7697	7771	69	40	7767	7765	6882	7771	6330	390	395	7772	7768	365	7773	41	7770	7785	7782	7764	7786	7777	37	7786	7794	7786	7772	6280	7771	7777	6174	7762	6315	7784	7762	6927	7763	7660	7767	7778	7781	7758	6657	65	90	6137	33	7727	7786	7779	7772	7786	7781	7727	7786	53	7785	7770	7765	6169	391	7761	45	7785	7786	7771	7758	7758	41	397	6935	7778	6640	6930	7769	7780	6933	7769	6145	48	7776	7786	7789	7724	48	7764	7786	40	396	7324	7762	7787	7789	7799	7769	7780	47	7031	6326	7774	7766	7765	7069	7752	7779	7770	7786	7762	7645	6640	54	43	7566	7784	7779	7764	7067	6615	7778	51	6516	7775	7766
ERR10949303	143	58	6	10	95	136	21	361	114	10464	9618	145	128	147	9787	62	116	10	152	133	7652	9	147	147	3	241	10345	6	17	9647	7630	5	130	227	141	6	125	10445	209	151	142	7758	7973	50	152	160	129	145	10620	9	9526	125	143	6	147	123	3	7636	120	147	10535	144	114	9622	57	7808	10630	10	151	4	7029	59	9595	9872	161	9663	9513	2	10465	134	7983	127	10383	234	97	4	2	6	147	154	54	4	142	152	10478	3	140	4	77	10415	118	10590	19	114	147	150	10582	7603	141	11	147	9599	7932	149	7632	146	162	99	8031	205	12	147	3	148	145	10311	114	150	4	2	228	9585	115	122	147	9	147	14	7959	120	13	16	120	8056	16	131	2	3	146	9	151	7686	152	147	10484	10284	108	4	10289	9555	10445	7643	116	151	14	130	10527	9614	152	10568	3	10	147	22	4	107	147	151	10585	145	147	116	19	147	6	7715	0	147	122	147	147	10440	6	10594	7	7688	9609	3	10501	9948	151	16	8030	7661	147	148	9860	7633	304	3	7659	7641	125	3	10447	3	9755	8118	8157	147	7	7871	18	7596	43	148	148	17	148	8	7642	148	155	147	5	9694	5	59	9550	117	10306	148	12	10427	5	115	6	11	147	128	10508	7600	7673	9531	7730	60	147	22	6	147	147	109	147	7497	143	12	65	9576	8059	122	7658	147	149	4	9	3	7666	8065	10427	8	10533	10459	57	147	10420	10	9521	7722	6	147	151	116	7632	131	147	7659	8187	144	125	148	151	162	8	60	7736	10568	9903	7	4	141	10623	141	147	18	147	3	149	10567	7577	7675	141	148	147	3	10636	10364	10	7498	10332	5	5
CIV13YE8_S22_L001	45	98	82	150	55	50	163	363	41	10513	9636	0	52	0	9822	90	43	150	7	48	7976	152	0	0	146	187	10353	145	84	9656	7793	146	47	262	53	147	41	10661	164	11	55	7829	8626	88	7	16	48	0	10690	142	9549	72	14	83	0	168	147	7805	42	0	10603	3	54	9629	89	7873	10686	149	11	145	7100	29	9602	10105	111	9708	9523	145	10474	127	8589	40	10390	180	1	82	145	148	0	9	93	148	179	7	10543	146	401	81	207	10460	31	10662	85	41	0	15	10598	7766	180	77	0	9609	7998	2	7794	1	23	246	8656	269	90	0	144	1	53	10319	33	15	146	147	173	9603	55	74	0	149	0	145	8597	45	144	77	42	8712	77	44	146	143	1	149	6	7744	7	0	10535	10294	55	146	10370	9591	10454	7810	182	11	146	43	11894	9624	7	10576	145	150	0	83	145	46	0	11	10652	1	2	179	88	0	146	7786	147	0	41	0	0	10446	149	11984	150	8019	9620	153	10555	10170	6	80	8670	7975	0	1	10022	7799	310	145	7783	7928	42	147	10502	142	9773	8771	8818	0	146	8494	80	7908	228	1	1	79	0	148	7710	1	14	0	150	9713	143	244	9559	168	10355	1	74	10467	145	181	82	151	0	42	10518	7768	7733	9541	8043	30	0	85	150	0	0	73	0	7625	0	151	41	9586	8493	41	7965	0	14	145	72	143	7989	8722	10464	85	10539	10504	85	0	10465	153	9533	7793	148	0	11	74	7706	45	0	7953	8850	11	38	1	7	17	84	92	7808	10634	9938	149	145	180	10696	398	0	82	0	143	5	10829	7705	7972	14	1	0	143	10711	10372	156	7565	10588	148	144
ERR9971918	38	69	65	125	23	21	137	320	9	10455	9617	41	36	41	9804	69	13	126	44	12	7698	127	41	41	121	154	10337	121	66	9640	7768	122	32	217	24	123	12	10634	119	46	36	7802	8325	68	44	53	11	41	10632	119	9520	26	41	66	41	122	121	7783	28	41	10546	38	18	9613	69	7850	10622	125	46	121	7040	19	9586	10083	65	9654	9507	120	10457	111	8316	11	10374	147	42	65	120	124	41	46	73	120	134	44	10489	121	352	65	190	10406	16	10601	68	9	41	44	10573	7746	135	58	41	9593	7975	43	7771	40	58	194	8373	217	73	41	119	42	42	10303	17	44	121	122	140	9584	19	29	41	125	41	122	8310	13	120	61	13	8418	60	22	120	119	40	125	43	7720	44	41	10476	10278	23	121	10303	9574	10437	7787	131	46	122	21	11220	9608	44	10558	120	127	41	66	121	16	41	46	10597	40	42	128	71	41	122	7761	122	41	0	41	41	10431	124	11308	126	7741	9602	129	10493	10144	43	64	8385	7705	41	42	9880	7774	295	120	7703	7677	10	121	10439	118	9746	8476	8519	41	122	8214	63	7636	203	42	42	62	41	124	7685	42	49	41	126	9686	120	219	9543	122	10297	42	58	10418	120	128	65	127	41	12	10500	7745	7708	9525	7778	20	41	67	126	41	41	29	41	7538	41	127	11	9569	8217	12	7700	41	43	120	55	119	7709	8423	10418	68	10523	10450	64	41	10411	128	9515	7766	123	41	46	29	7672	5	41	7700	8552	44	23	42	45	54	67	70	7780	10579	9920	125	121	135	10635	349	41	66	41	120	42	10793	7622	7721	40	42	41	119	10647	10356	132	7540	10555	124	121
CIT15GS1_S23_L001	45	98	82	150	55	50	163	362	41	10513	9636	0	52	0	9822	90	43	150	7	48	7976	152	0	0	146	187	10353	145	84	9656	7794	146	47	262	53	147	41	10661	164	11	55	7829	8626	88	7	16	48	0	10689	142	9549	72	14	83	0	168	147	7806	42	0	10603	3	54	9629	89	7873	10686	149	11	145	7100	29	9602	10105	111	9708	9523	145	10474	127	8587	40	10390	180	1	82	145	148	0	9	93	148	179	7	10543	146	401	81	207	10460	31	10661	85	41	0	15	10598	7767	180	77	0	9609	7998	2	7794	1	23	246	8657	269	90	0	144	1	53	10319	33	15	146	147	173	9603	55	74	0	149	0	145	8597	45	144	77	42	8713	77	44	146	143	1	149	6	7744	7	0	10535	10294	55	146	10369	9591	10454	7811	182	11	146	43	11894	9624	7	10576	145	150	0	83	145	46	0	11	10651	1	2	179	88	0	146	7786	147	0	41	0	0	10446	149	11984	150	8020	9620	153	10555	10168	6	80	8671	7975	0	1	10022	7799	310	145	7783	7928	42	147	10501	142	9773	8772	8815	0	146	8492	80	7908	228	1	1	79	1	148	7710	1	14	0	150	9713	143	244	9559	168	10355	1	74	10467	145	181	82	151	0	42	10518	7769	7733	9541	8043	30	0	85	150	0	0	73	0	7625	0	151	41	9586	8493	41	7965	0	14	145	72	143	7989	8723	10464	85	10539	10504	85	0	10465	153	9533	7793	148	0	11	74	7706	45	0	7953	8847	11	38	1	7	17	84	92	7808	10633	9938	149	145	180	10695	398	0	82	0	143	5	10826	7706	7972	14	1	0	143	10710	10371	156	7565	10587	148	144
44341_3#304	45	98	82	150	55	50	163	363	41	10512	9636	0	52	0	9821	90	43	150	7	48	7975	152	0	0	146	187	10353	145	83	9655	7793	146	47	262	53	147	41	10660	164	11	55	7829	8624	88	7	16	48	0	10688	142	9548	72	14	83	0	168	147	7804	42	0	10602	3	54	9628	89	7873	10685	149	11	145	7099	29	9602	10103	111	9707	9523	145	10473	127	8582	40	10390	180	1	82	145	148	0	9	93	148	179	7	10543	146	401	81	207	10459	31	10661	84	41	0	15	10591	7766	180	76	0	9609	7998	2	7793	1	23	246	8652	269	90	0	144	1	53	10320	33	15	146	147	173	9603	55	74	0	149	0	145	8590	45	144	77	42	8707	77	44	146	143	1	149	6	7742	7	0	10535	10293	55	146	10369	9590	10454	7810	182	11	146	43	11893	9623	7	10575	145	150	0	83	145	46	0	11	10651	1	2	179	88	0	146	7784	147	0	41	0	0	10445	149	11983	150	8017	9619	153	10555	10169	6	80	8667	7974	0	1	10022	7798	309	145	7783	7927	42	147	10500	142	9772	8766	8810	0	146	8490	79	7908	228	1	1	79	1	148	7710	1	14	0	150	9712	143	244	9558	168	10355	1	74	10466	145	181	82	151	0	42	10518	7768	7733	9541	8041	30	0	85	150	0	0	73	0	7625	0	151	41	9585	8490	41	7964	0	14	145	72	143	7988	8718	10463	83	10538	10503	85	0	10465	153	9533	7792	148	0	11	74	7706	45	0	7952	8842	11	38	1	7	17	84	92	7805	10633	9937	149	145	180	10691	398	0	82	0	143	5	10816	7704	7971	14	1	0	143	10703	10372	156	7565	10580	148	144
SRR1646109	10360	10428	10380	10442	10443	10442	10453	10351	10432	2829	1408	10438	10358	10446	2152	10443	10434	10444	10451	10363	6593	10436	10446	10446	10376	10382	17	10439	10441	2062	6625	10440	10356	10461	10445	10440	10433	96	10407	10451	10294	6620	6944	10442	10450	10414	10362	10216	2873	10363	2029	10429	10055	10380	10446	10361	10439	6610	10434	10446	2852	10443	10432	2056	10443	7072	2883	10443	10451	10437	2533	10427	2056	30	10466	2057	2028	10438	24	10439	6884	10394	13	10370	10446	10440	10438	10440	10446	10452	10447	10438	10439	10450	2845	10439	10359	10437	10370	2688	10424	2874	10443	10432	10446	10451	23	6604	10438	10433	10446	2081	7108	10448	6603	10413	10220	10342	6933	10521	10447	10446	10435	10446	10358	18	10424	10451	10439	10439	10374	1406	10433	10425	10446	10441	10446	10440	6870	10434	10439	10437	10433	6941	10435	10434	10438	10436	10445	10441	10389	6544	10451	10446	2832	18	10438	10439	2864	2083	19	6610	10430	10451	10441	10433	14	2044	10451	18	10437	10443	10446	10442	10438	10437	10446	10450	2878	10314	10442	10428	10439	10446	10440	6629	10440	10446	10431	10446	10445	0	10441	13	10440	6584	2070	10437	2838	26	10450	10440	6912	6591	10446	10447	2148	6623	10288	10437	6631	6579	10433	10439	2833	10436	2120	6948	6960	10438	10440	6845	10438	6580	10381	10446	10447	10438	10446	10442	6580	10447	10454	10446	10439	2108	10438	10382	2046	10434	2093	10447	10433	2696	10438	10427	10380	10444	10444	10373	17	6611	6581	2029	6601	10428	10446	10443	10439	10446	10438	10426	10446	6530	10442	10444	10372	2030	6936	10433	6591	10446	10450	10438	10431	10436	6594	6939	2698	10441	16	2698	10438	10446	2692	10443	2027	6605	10441	10446	10451	10426	6611	10434	10446	6586	6973	9822	10431	10447	10450	10459	10382	10444	6603	2865	2162	10441	10439	10438	2901	10360	10446	10441	10446	10436	10280	27	6595	6591	10222	10446	10443	10437	2885	45	10443	6568	30	10439	10439
ERR10109274	144	60	8	12	97	138	22	359	116	10431	9628	147	131	149	9801	64	118	12	154	135	7703	12	149	149	5	243	10346	8	21	9649	7676	7	132	228	143	8	127	10448	212	153	144	7809	8019	52	154	163	131	148	10527	11	9528	127	145	8	149	122	5	7688	123	149	10441	146	116	9623	59	7855	10592	12	153	6	6932	62	9596	9875	163	9664	9515	4	10466	136	8023	129	10384	236	99	4	4	8	149	156	56	7	143	154	10382	5	137	7	79	10413	121	10496	20	116	149	152	10585	7654	143	13	149	9601	7979	151	7678	148	165	100	8080	150	12	149	4	150	147	10312	117	152	6	4	230	9595	117	125	149	12	149	16	8008	122	16	19	122	8114	19	133	4	5	148	12	153	7726	154	149	10450	10286	110	6	10194	9570	10446	7694	118	153	16	132	10529	9612	154	10571	6	13	149	25	6	109	149	153	10490	148	149	118	22	149	8	7767	6	149	124	149	149	10441	0	10596	9	7747	9613	5	10467	9950	153	18	8082	7711	149	150	9891	7681	213	5	7710	7683	127	4	10413	5	9755	8172	8212	149	9	7913	22	7642	66	150	150	20	150	10	7692	150	157	149	7	9694	7	82	9552	119	10307	150	15	10425	6	117	8	14	149	130	10509	7653	7715	9533	7784	63	149	25	9	149	149	112	149	7542	145	13	66	9578	8108	124	7706	149	151	6	12	6	7716	8120	10427	11	10534	10457	59	149	10418	13	9525	7773	9	149	153	119	7677	133	149	7706	8242	145	128	150	153	164	10	62	7787	10468	9919	10	5	143	10528	138	149	20	149	6	151	10569	7626	7729	143	150	149	5	10540	10365	13	7545	10337	8	7
SRR3049609	10876	11936	10535	10595	11326	11584	10608	11853	11302	2779	1382	11904	11066	11984	2142	11957	11617	10598	11989	11315	6610	10598	11984	11984	10530	11476	23	10592	10594	2066	6851	10594	11965	10829	11642	10595	11626	1435	11997	11989	11899	6616	7946	11946	11987	11950	11311	11753	2832	10588	2032	11183	11563	10536	11984	10720	10593	6836	11959	11984	2819	11981	11328	2058	11952	7089	2831	10596	11989	10591	2492	11663	2057	1318	11797	2057	2033	10592	26	10751	8045	11587	14	11478	11983	10595	10592	10595	11984	11990	11950	10594	10812	11988	2816	10593	10794	10592	10525	2644	11959	2825	10597	11302	11984	11988	33	6830	10813	10588	11984	2067	7123	11782	6829	11952	11751	10498	8113	10794	10603	11984	10590	11780	11776	25	11954	11988	10593	10593	11452	1381	11329	11959	11984	10596	11984	10595	7969	11414	10594	10591	11418	8128	10590	11085	10592	10591	11983	10594	11927	6538	11989	11984	2778	21	11321	10593	2832	2085	25	6836	10705	11989	10595	11084	1	2046	11989	25	10591	10592	11984	10596	10592	11566	11983	11987	2831	11829	11935	10702	10594	11984	10593	6609	10594	11984	11308	11984	11983	13	10596	0	10595	6602	2055	10591	2785	1401	11988	10594	8079	6612	11984	11985	2098	6849	10309	10591	6631	6600	11313	10593	2779	10589	2058	8054	8138	11976	10593	8003	10593	6602	10407	11984	11985	10593	11984	10596	6601	11985	11991	11984	10594	2043	10591	10425	2046	10995	2057	11981	10588	2640	10592	10701	10535	10598	11980	11242	23	6837	6602	2032	6618	11663	11984	10597	10592	11978	11976	11949	11984	6577	11925	10600	10620	2033	7491	11623	6612	11977	11987	10591	10585	10590	6610	8130	2646	10592	21	2642	11952	11983	2642	10598	2032	6625	10595	11984	11989	11956	6632	11317	11984	6607	8138	11313	11966	11985	11988	11997	10537	11956	6624	2819	2145	10596	10593	10812	2854	10803	11983	10596	11984	10590	11814	1435	6643	6612	11753	11984	11952	10591	2836	54	10597	6585	1384	10594	10592
ERR10109276	145	63	7	11	99	140	22	365	118	10465	9626	148	131	150	9813	66	120	11	155	137	7704	12	150	150	5	242	10345	7	18	9648	7678	6	134	230	145	7	129	10448	213	154	146	7809	8020	54	155	164	133	149	10641	10	9527	128	146	7	150	126	6	7690	124	150	10555	147	115	9622	61	7856	10631	11	154	5	7049	60	9595	9874	165	9663	9514	5	10465	137	8024	131	10383	235	100	7	5	7	150	157	58	5	144	155	10497	6	135	6	78	10415	122	10610	19	118	150	153	10583	7656	144	11	150	9600	7980	152	7680	149	166	99	8082	206	15	150	6	151	148	10311	118	153	7	5	229	9593	116	126	150	10	150	15	8010	124	14	17	124	8114	17	135	5	4	149	10	154	7727	155	150	10485	10285	112	7	10308	9581	10445	7696	117	154	15	134	10528	9615	155	10569	4	11	150	23	5	111	150	154	10605	149	150	117	20	150	7	7768	7	150	126	150	150	10440	9	10595	0	7748	9611	5	10502	9948	154	17	8083	7712	150	151	9889	7683	304	4	7709	7684	129	5	10448	4	9755	8173	8214	150	7	7913	19	7643	80	151	151	18	151	3	7692	151	158	150	6	9694	6	88	9551	120	10306	151	12	10427	5	116	7	12	150	132	10508	7655	7715	9532	7785	61	150	23	7	150	150	113	150	7543	146	13	68	9577	8111	126	7707	150	152	5	10	4	7716	8120	10428	8	10533	10459	61	150	10420	11	9523	7773	3	150	154	120	7678	135	150	7707	8244	147	129	151	154	165	9	64	7787	10587	9930	0	6	144	10644	136	150	19	150	4	152	10567	7627	7729	145	151	150	4	10656	10363	11	7546	10336	7	6
SRR5379276	7987	7729	7687	7758	7759	7753	7762	7598	7748	6835	5896	8016	7739	8015	6253	7756	7741	7756	8025	7739	13	7746	8020	8020	7691	7739	6582	7749	7754	6188	85	7748	7736	7770	7755	7754	7740	6625	7752	8022	7682	45	453	7753	8020	8000	7737	7791	7016	7748	6110	7727	7684	7689	8018	7684	7752	73	7737	8020	6978	7759	7743	6285	7747	801	6934	7759	8022	7751	5255	7956	6269	6371	7737	6288	6103	7750	6616	7746	415	7722	6598	7743	8018	7754	7751	7753	8020	8022	7761	7750	7744	8016	6947	7753	7672	7753	7599	6877	7738	6977	7754	7748	8018	8024	6640	71	7750	7745	8019	6166	810	8020	73	7984	7820	7655	443	7720	7753	8015	7750	8018	7734	6574	7730	7767	7755	7752	7722	5889	7742	7709	8018	7753	8020	7754	398	7743	7754	7748	7746	438	7745	7738	7753	7749	8018	7755	7962	43	8023	8020	6839	6470	7750	7754	6882	6190	6597	73	7637	8022	7687	7742	6573	6141	8023	6591	7752	7755	8018	7754	7750	7751	8018	8021	7004	7884	8015	7635	7750	8017	7753	35	7688	8019	7741	8020	8017	6584	7747	6602	7748	0	6180	7742	6855	6392	8022	7749	425	13	8020	8020	6316	85	7669	7750	62	9	7747	7746	6833	7750	6272	444	450	8006	7748	417	7752	10	7691	8018	8016	7744	8020	7756	44	8019	8027	8020	7751	6237	7750	7697	6136	7742	6259	8018	7742	6873	7744	7636	7688	7757	8016	7679	6607	72	59	6103	63	7962	8020	7759	7752	8020	8007	7707	8019	61	8019	7750	7685	6133	444	7741	13	8019	7765	7751	7738	7738	10	450	6881	7758	6601	6878	7749	8015	6879	7749	6112	37	7756	8019	8022	7704	38	7743	8020	9	451	7495	7741	8020	8022	8028	7690	7760	54	6975	6291	7753	7746	7747	7010	7672	8014	7750	8020	7742	7881	6628	61	12	7815	8017	8014	7744	7007	6607	7757	59	6517	7754	7746
ERR4399344	9586	9606	9609	9614	9619	9611	9622	9604	9605	709	939	9614	9588	9617	156	9613	9605	9613	9625	9596	6179	9605	9620	9620	9606	9596	2040	9611	9610	109	6194	9609	9586	9688	9617	9610	9603	2068	9601	9625	9586	6160	6502	9614	9622	9589	9594	9383	725	9595	82	9596	9271	9612	9620	9593	9608	6190	9604	9620	711	9617	9602	108	9611	6637	741	9615	9625	9607	628	9596	109	1965	9600	111	83	9607	2076	9610	6487	9564	2047	9597	9620	9611	9608	9611	9620	9623	9617	9609	9607	9620	713	9609	9592	9609	9602	700	9597	716	9611	9605	9620	9624	2134	6166	9609	9601	9620	19	6717	9622	6175	9584	9404	9575	6501	9602	9619	9617	9607	9620	9594	2002	9594	9624	9611	9608	9588	936	9604	9593	9620	9609	9620	9610	6450	9605	9610	9607	9605	6545	9606	9605	9609	9605	9619	9611	9623	6098	9625	9620	704	2015	9612	9611	735	96	2055	6208	9596	9625	9610	9603	2013	90	9625	2124	9607	9611	9620	9610	9606	9610	9620	9624	722	9488	9620	9593	9607	9618	9609	6224	9609	9620	9602	9620	9619	2070	9613	2055	9611	6180	0	9606	713	1941	9624	9609	6503	6167	9620	9621	120	6203	9577	9606	6157	6166	9605	9608	711	9606	62	6584	6604	9609	9609	6409	9608	6143	9609	9620	9621	9607	9620	9612	6184	9620	9628	9620	9607	51	9606	9612	92	9603	102	9621	9603	700	9607	9592	9610	9613	9618	9603	2093	6164	6183	83	6235	9600	9620	9615	9608	9620	9620	9598	9620	6098	9615	9616	9604	82	6543	9605	6177	9620	9623	9606	9599	9604	6178	6530	705	9613	2095	698	9610	9620	700	9613	84	6214	9611	9620	9625	9594	6167	9606	9620	6181	6622	9083	9600	9621	9624	9633	9611	9616	6218	708	163	9610	9608	9606	740	9593	9620	9609	9620	9607	9470	2119	6181	6180	9405	9621	9614	9606	726	2066	9613	6128	2088	9611	9608
ERR10087012	149	65	5	7	102	143	17	367	121	10462	9621	151	135	153	9810	69	123	7	158	140	7700	1	153	153	0	240	10342	3	17	9645	7673	2	137	232	148	4	132	10444	216	157	147	7804	8016	57	158	166	136	151	10636	6	9524	132	149	5	153	130	3	7686	127	153	10549	150	113	9619	64	7852	10628	7	157	1	7044	58	9592	9872	168	9660	9511	1	10462	141	8021	134	10380	233	103	5	1	3	153	160	61	3	148	158	10494	2	139	1	77	10412	125	10604	18	121	153	156	10578	7651	148	10	153	9597	7977	155	7675	152	169	98	8074	205	13	153	2	154	149	10308	121	156	3	1	227	9588	114	129	153	7	153	11	8004	127	12	15	127	8109	15	138	1	0	152	7	157	7721	158	153	10482	10282	115	3	10305	9577	10442	7691	116	157	11	137	10524	9612	158	10564	0	7	153	21	3	114	153	157	10602	151	153	116	18	153	3	7762	3	153	129	153	153	10437	5	10591	5	7742	9606	0	10499	9947	157	15	8077	7708	153	154	9884	7678	301	1	7707	7681	132	1	10445	0	9752	8167	8210	153	3	7910	18	7640	26	154	154	16	154	5	7687	154	161	153	2	9691	2	38	9548	124	10303	154	11	10424	1	115	5	8	153	135	10505	7650	7710	9529	7779	59	153	21	4	153	153	116	153	7539	149	11	72	9574	8106	129	7703	148	155	1	8	0	7711	8115	10423	8	10530	10456	64	153	10417	8	9519	7767	5	153	157	123	7675	138	153	7704	8240	150	132	154	157	168	7	67	7781	10584	9927	4	2	148	10639	140	153	17	153	0	155	10565	7623	7724	147	154	153	1	10651	10360	8	7542	10330	2	2
SRR7130369	10482	10400	10443	10504	10508	10503	10515	10272	10494	13	1644	10549	10441	10555	207	10505	10496	10506	10560	10446	6851	10498	10555	10555	10439	10442	2768	10501	10503	680	6865	10502	10439	10510	10507	10502	10495	2798	10367	10560	10335	6856	6660	10504	10559	10524	10445	10292	669	10446	687	10491	10141	10443	10555	10414	10501	6859	10496	10555	650	10506	10494	815	10505	7306	4	10505	10560	10499	646	10535	815	2656	10458	817	687	10500	2847	10500	6650	10451	2778	10439	10556	10502	10500	10502	10555	10561	10509	10500	10501	10559	650	10501	10422	10499	10395	757	10486	659	10504	10494	10555	10559	2860	6835	10500	10495	10555	730	7386	10557	6844	10517	10315	10405	6668	10412	10509	10555	10497	10556	10442	2769	10487	10513	10501	10501	10442	1642	10495	10488	10555	10503	10555	10501	6620	10496	10500	10499	10495	6708	10497	10496	10500	10498	10554	10503	10500	6792	10560	10555	14	2607	10504	10501	689	700	2828	6877	10351	10560	10502	10495	2742	690	10560	2907	10499	10505	10555	10504	10500	10499	10555	10560	657	10369	10551	10349	10502	10555	10502	6910	10501	10555	10493	10555	10555	2838	10467	2785	10502	6855	713	10499	0	2659	10559	10501	6669	6840	10555	10556	782	6872	10368	10499	6851	6839	10495	10501	15	10498	918	6747	6766	10547	10502	6578	10500	6816	10444	10556	10556	10500	10555	10504	6860	10556	10563	10555	10501	907	10500	10445	698	10495	893	10556	10495	747	10500	10348	10443	10506	10553	10436	2868	6835	6908	687	6910	10536	10555	10505	10501	10555	10547	10488	10555	6765	10550	10506	10435	687	6707	10495	6850	10555	10512	10500	10493	10498	6852	6700	749	10503	2878	749	10500	10555	752	10419	687	6889	10503	10555	10560	10488	6881	10496	10555	6854	6781	9877	10493	10556	10559	10568	10445	10506	6894	661	206	10503	10501	10500	690	10423	10555	10502	10555	10498	10359	2851	6856	6855	10289	10555	10545	10499	664	2791	10505	6798	2818	10501	10501
ERR4145392	10113	10156	9885	9949	10160	10154	9964	10332	10155	2657	1303	10156	10140	10169	2022	10163	10148	9952	10175	10149	6388	9952	10171	10166	9890	10034	33	9945	9947	1950	6435	9947	10144	10271	10159	9947	10145	28	10198	10170	10007	6391	7110	10163	10171	10135	10148	9930	2696	9944	1919	10145	9789	9886	10172	10174	9947	6420	10151	10170	2685	10168	10118	1942	10164	6845	2696	9952	10176	9945	2365	10114	1941	15	10086	1943	1920	9945	33	10026	7077	10115	24	10044	10167	9947	9946	9946	10170	10172	10167	9944	10256	10170	2682	9947	9889	9943	9880	2499	10141	2689	9949	10152	10170	10172	29	6413	10256	9940	10172	1954	6874	10167	6409	10139	9950	9857	7125	10307	9955	10165	9943	10167	10163	25	10142	10173	9946	9948	10026	1302	10118	10140	10169	9950	10169	9947	7063	10146	9944	9944	10145	7123	9942	10145	9945	9945	10169	9948	10113	6347	10176	10170	2651	34	10150	9947	2702	1969	24	6420	10216	10173	9947	10145	1382	1930	10175	25	9945	9949	10169	9948	9944	10148	10170	10173	2695	10042	10146	10213	9945	10170	9949	6390	9948	10170	10144	10168	10169	26	9950	1401	9948	6392	1941	9947	2659	0	10170	9946	7099	6387	10166	10172	1981	6433	9863	9946	6407	6376	10143	9948	2658	9942	1943	7128	7135	10164	9945	7060	9945	6376	9967	10170	10171	9945	10170	9948	6377	10171	10178	10171	9946	1931	9946	9983	1932	10248	1940	10167	9940	2498	9944	10213	9885	9955	10168	10087	22	6419	6377	1920	6396	10117	10169	9950	9946	10170	10161	10147	10172	6352	10160	9952	10082	1920	6906	10146	6386	10167	10172	9944	9937	9945	6389	7130	2503	9954	26	2498	10158	10169	2499	9951	1919	6400	9946	10169	10171	10144	6406	10145	10168	6382	7148	9555	10150	10169	10175	10182	9887	10165	6401	2684	2025	9950	9944	10255	2717	9884	10168	9947	10170	9944	10014	1	6422	6388	9949	10168	10151	9946	2700	28	9950	6365	12	9947	9945
44341_3#21	49	102	86	154	57	52	167	367	43	10517	9640	6	56	6	9824	94	45	154	1	50	7980	156	6	6	150	191	10357	149	87	9660	7798	150	51	266	55	151	43	10664	168	15	59	7833	8629	92	3	12	50	6	10692	146	9553	76	17	87	6	172	151	7809	46	6	10606	7	56	9633	93	7877	10689	153	15	149	7104	33	9606	10107	113	9712	9527	149	10478	131	8587	42	10394	184	7	86	149	152	6	5	97	152	183	3	10547	150	405	85	211	10464	35	10665	88	43	6	19	10595	7771	184	80	6	9613	8002	8	7798	5	20	250	8657	273	94	6	148	7	57	10323	37	19	150	151	177	9607	57	78	6	153	6	149	8596	47	148	81	44	8712	81	48	150	147	5	153	0	7747	1	6	10539	10298	57	150	10373	9595	10458	7815	186	15	150	47	11898	9628	1	10580	149	154	6	87	149	48	6	15	10655	5	8	183	92	6	150	7789	151	6	43	6	6	10450	153	11988	154	8022	9624	157	10559	10170	0	84	8673	7979	6	7	10026	7803	314	149	7787	7932	44	151	10505	146	9777	8770	8815	6	150	8492	83	7912	232	7	7	83	7	152	7714	7	18	6	154	9717	147	248	9563	172	10359	7	78	10471	149	185	86	155	6	44	10522	7773	7737	9545	8046	34	6	89	154	6	6	77	6	7629	6	155	43	9590	8495	43	7969	6	18	149	76	147	7993	8722	10468	87	10543	10508	89	6	10469	157	9537	7796	152	6	15	78	7710	47	6	7957	8847	14	42	7	11	13	88	96	7811	10637	9940	153	149	184	10695	402	6	86	6	147	1	10820	7708	7976	16	7	6	147	10707	10376	160	7569	10585	152	148
ERR10117717	78	46	16	20	77	73	34	346	63	10464	9625	80	69	80	9812	49	65	20	85	72	7705	22	80	80	16	190	10345	16	17	9647	7645	15	65	162	76	16	64	10447	147	84	76	7810	8021	47	85	94	71	79	10640	13	9526	60	77	16	80	67	16	7657	67	80	10554	77	63	9622	48	7857	10630	20	84	14	7048	58	9595	9873	96	9663	9513	15	10465	70	8024	63	10383	183	80	16	15	17	80	87	52	14	78	85	10497	16	89	16	41	10415	55	10609	2	63	80	83	10582	7623	77	10	80	9599	7982	82	7647	79	98	62	8082	154	24	80	16	81	79	10311	56	83	17	15	177	9592	64	58	80	19	80	16	8011	65	15	16	65	8114	16	67	15	13	79	19	84	7728	85	80	10484	10284	76	17	10308	9580	10445	7663	65	84	16	66	10527	9614	85	10568	13	20	80	22	14	68	80	84	10605	79	82	65	19	80	16	7769	16	80	64	80	80	10440	18	10594	17	7749	9609	15	10501	9946	84	0	8083	7713	80	81	9887	7650	303	13	7712	7685	64	16	10447	13	9755	8173	8214	80	17	7913	18	7644	98	81	81	17	81	18	7693	81	88	80	15	9694	15	110	9550	66	10306	81	12	10427	15	64	16	21	80	64	10508	7622	7716	9531	7786	59	80	22	16	80	80	58	80	7545	80	22	64	9576	8113	64	7708	80	82	14	9	13	7717	8120	10427	17	10533	10459	43	80	10420	19	9521	7774	16	80	84	58	7680	67	80	7708	8244	79	62	81	84	95	18	49	7788	10587	9929	17	17	77	10643	90	80	2	80	13	82	10565	7629	7729	77	81	80	13	10655	10363	20	7548	10334	17	15
SRR2917139	8415	8406	8018	8092	8414	8417	8099	8423	8393	6654	6233	8658	8376	8665	6264	8429	8395	8091	8677	8388	434	8088	8673	8670	8030	8296	6912	8083	8089	6512	439	8083	8404	8212	8421	8089	8401	7342	8419	8670	8351	366	24	8416	8670	8649	8382	8421	6816	8084	6436	8184	8274	8021	8671	8124	8087	425	8397	8671	6780	8436	8297	6602	8415	1141	6733	8094	8674	8086	4803	8487	6580	7094	8405	6605	6425	8085	6942	8262	0	8385	6921	8304	8655	8089	8086	8087	8671	8672	8423	8082	8195	8664	6745	8088	8015	8088	7943	6688	8408	6775	8088	8392	8668	8672	6968	426	8201	8079	8672	6487	1150	8654	424	8629	8451	7984	9	8069	8088	8664	8085	8653	8415	6903	8394	8441	8089	8087	8277	6220	8295	8375	8669	8089	8671	8089	0	8398	8087	8083	8404	3	8079	8387	8088	8084	8669	8090	8611	364	8676	8671	6665	6804	8401	8089	6697	6498	6926	427	7982	8673	8028	8391	8027	6456	8674	6920	8088	8089	8671	8089	8084	8403	8669	8671	6806	8504	8648	7981	8083	8668	8088	373	8030	8670	8385	8671	8667	6912	8082	8079	8083	425	6503	8077	6669	7099	8673	8083	0	435	8670	8673	6629	439	7983	8086	430	432	8394	8081	6653	8084	6590	0	1	8657	8080	2	8087	431	8101	8669	8667	8078	8671	8089	382	8670	8679	8673	8086	6550	8085	8121	6459	8181	6578	8666	8076	6685	8076	7981	8019	8094	8663	8329	6936	423	395	6424	378	8496	8671	8094	8087	8671	8657	8367	8672	428	8651	8085	8112	6456	9	8401	435	8669	8439	8084	8071	8074	433	15	6688	8096	6932	6690	8423	8659	6690	8084	6435	393	8089	8670	8672	8369	392	8395	8671	432	3	8049	8412	8670	8674	8680	8021	8431	392	6774	6300	8089	8078	8198	6809	8010	8664	8084	8671	8077	8504	7376	420	433	8410	8667	8660	8079	6808	6932	8092	397	7266	8090	8079
SRR21535455	7946	7695	7654	7720	7720	7719	7728	7574	7709	6815	5876	7971	7703	7975	6231	7721	7706	7722	7980	7706	10	7712	7975	7975	7655	7703	6595	7713	7720	6175	94	7714	7701	7733	7719	7718	7706	6636	7717	7979	7648	54	462	7716	7979	7959	7704	7747	6995	7713	6088	7693	7641	7652	7974	7650	7718	82	7704	7975	6958	7721	7708	6263	7714	813	6922	7721	7979	7715	5234	7916	6247	6368	7701	6266	6090	7715	6627	7707	425	7687	6608	7704	7975	7718	7716	7718	7975	7981	7725	7714	7708	7977	6926	7717	7635	7715	7572	6855	7701	6957	7719	7709	7974	7979	6650	80	7710	7712	7975	6154	823	7977	82	7940	7775	7618	453	7694	7717	7975	7713	7975	7700	6585	7697	7728	7717	7717	7689	5870	7707	7676	7973	7719	7975	7717	409	7707	7716	7712	7710	449	7709	7704	7717	7714	7974	7719	7919	52	7979	7975	6826	6482	7715	7717	6860	6168	6608	82	7611	7979	7661	7707	6584	6128	7979	6587	7716	7721	7975	7720	7716	7714	7974	7978	6983	7844	7970	7610	7717	7975	7718	44	7661	7975	7705	7975	7974	6591	7711	6612	7712	13	6167	7708	6840	6387	7979	7713	435	0	7975	7976	6294	94	7634	7715	71	6	7711	7712	6813	7714	6250	454	460	7964	7714	426	7716	7	7657	7975	7972	7710	7975	7720	53	7975	7983	7975	7717	6207	7716	7661	6123	7707	6237	7974	7706	6851	7710	7611	7654	7722	7972	7645	6617	81	68	6089	73	7920	7975	7722	7718	7975	7962	7671	7975	69	7974	7714	7650	6120	454	7706	0	7974	7727	7716	7704	7706	7	460	6859	7719	6598	6856	7713	7970	6857	7713	6095	46	7720	7975	7979	7672	46	7707	7975	6	461	7452	7708	7976	7979	7983	7656	7723	63	6953	6269	7719	7712	7710	6989	7635	7970	7716	7975	7706	7836	6637	70	9	7775	7974	7969	7710	6987	6617	7721	68	6513	7717	7713
CIV143E4_S31_L001	45	98	82	150	55	50	163	363	41	10513	9636	0	52	0	9822	90	43	150	7	48	7976	152	0	0	146	187	10353	145	83	9656	7794	146	47	262	53	147	41	10661	164	11	55	7829	8625	88	7	16	48	0	10688	142	9549	72	14	83	0	168	147	7806	42	0	10602	3	54	9629	89	7873	10686	149	11	145	7100	29	9602	10103	111	9708	9523	145	10474	127	8586	40	10390	180	1	82	145	148	0	9	93	148	179	7	10543	146	398	81	207	10460	31	10661	84	41	0	15	10591	7767	180	76	0	9609	7998	2	7794	1	23	246	8657	269	90	0	144	1	53	10319	33	15	146	147	173	9603	55	74	0	149	0	145	8596	45	144	77	42	8711	77	44	146	143	1	149	6	7744	7	0	10535	10294	55	146	10369	9591	10454	7811	182	11	146	43	11894	9624	7	10576	145	150	0	83	145	46	0	11	10651	1	2	179	88	0	146	7786	147	0	41	0	0	10446	149	11984	150	8020	9620	153	10555	10166	6	80	8670	7975	0	1	10022	7799	310	145	7783	7928	42	147	10501	142	9773	8770	8814	0	146	8490	79	7908	228	1	1	79	1	148	7710	1	14	0	150	9713	143	244	9559	168	10355	1	74	10467	145	181	82	151	0	42	10518	7769	7733	9541	8043	30	0	85	150	0	0	73	0	7625	0	151	41	9586	8494	41	7965	0	14	145	72	143	7989	8721	10464	83	10539	10504	85	0	10465	153	9533	7792	148	0	11	74	7706	45	0	7953	8846	11	38	1	7	17	84	92	7807	10633	9938	149	145	180	10691	395	0	82	0	143	5	10817	7706	7972	14	1	0	143	10703	10372	156	7565	10580	148	144
CIV13PE7_S12_L001	46	99	83	151	56	51	164	364	42	10514	9637	1	53	1	9823	91	44	151	8	49	7977	153	1	1	147	188	10354	146	85	9657	7795	147	48	263	54	148	42	10664	165	12	56	7830	8627	89	8	17	49	1	10690	143	9550	73	15	84	1	169	148	7807	43	1	10604	4	55	9630	90	7874	10687	150	12	146	7101	30	9603	10108	112	9709	9524	146	10475	128	8592	41	10391	181	2	83	146	149	1	10	94	149	180	8	10544	147	402	82	208	10461	32	10662	86	42	1	16	10598	7768	181	78	1	9610	7999	3	7795	2	24	247	8659	270	91	1	145	2	54	10320	34	16	147	148	174	9604	56	75	1	150	1	146	8600	46	145	78	43	8715	78	45	147	144	2	150	7	7745	8	1	10536	10295	56	147	10370	9592	10455	7812	183	12	147	44	11895	9625	8	10577	146	151	1	84	146	47	1	12	10652	2	3	180	89	1	147	7787	148	1	42	1	1	10447	150	11985	151	8020	9621	154	10556	10172	7	81	8673	7976	1	0	10023	7800	311	146	7784	7929	43	148	10502	143	9774	8774	8821	1	147	8497	81	7909	229	2	2	80	2	149	7711	2	15	1	151	9714	144	245	9560	169	10356	2	75	10468	146	182	83	152	1	43	10519	7770	7734	9542	8044	31	1	86	151	1	1	74	1	7626	1	152	42	9587	8496	42	7966	1	15	146	73	144	7990	8725	10465	86	10540	10505	86	1	10466	154	9534	7794	149	1	12	75	7707	46	1	7954	8853	12	39	2	8	18	85	93	7809	10634	9939	150	146	181	10696	399	1	83	1	144	6	10831	7706	7973	15	2	1	144	10710	10373	157	7566	10589	149	145
SRR20212638	9798	9876	9887	9892	9897	9889	9900	9719	9883	777	1002	10016	9679	10019	290	9891	9883	9891	10027	9685	6301	9884	10022	10022	9884	9772	2071	9890	9889	124	6235	9887	9677	9973	9895	9888	9881	2154	9749	10027	9671	6265	6631	9892	10024	9992	9683	9790	958	9683	96	9909	9679	9890	10022	9867	9887	6235	9882	10022	940	9895	9880	151	9889	6671	810	9893	10027	9885	870	9998	149	2003	9913	154	95	9885	2157	9890	6613	9840	2089	9779	10023	9889	9886	9889	10022	10025	9895	9887	9887	10022	889	9887	9903	9887	9853	858	9875	954	9889	9883	10022	10026	2176	6207	9890	9880	10022	137	6751	10024	6212	9986	9807	9886	6631	9853	9897	10019	9885	10023	9683	2081	9873	9902	9889	9886	9766	1001	9882	9897	10022	9887	10022	9888	6578	9883	9888	9885	9883	6682	9884	9883	9888	9883	10021	9889	10026	6188	10027	10022	773	2027	9890	9889	915	122	2138	6253	9846	10027	9861	9881	2052	134	10027	2215	9886	9889	10022	9888	9884	9888	10022	10027	925	9893	10022	9844	9886	10020	9887	6295	9860	10022	9880	10022	10022	2148	9891	2098	9889	6316	120	9884	782	1981	10026	9887	6629	6294	10022	10023	0	6246	9671	9884	6274	6289	9884	9887	778	9884	210	6713	6744	10011	9887	6534	9886	6261	9887	10023	10023	9885	10022	9890	6235	10023	10030	10022	9885	207	9884	9890	107	9882	261	10023	9881	859	9886	9845	9888	9891	10020	9881	2179	6209	6275	95	6361	10002	10022	9894	9887	10022	10022	9900	10022	6139	10017	9894	9882	97	6673	9883	6304	10022	9901	9884	9877	9882	6300	6664	861	9891	2186	847	9888	10022	855	9892	97	6268	9890	10022	10027	9896	6214	9884	10022	6308	6756	9489	9878	10023	10026	10029	9889	9895	6274	925	298	9888	9886	9886	958	9901	10022	9887	10022	9885	9875	2160	6229	6307	9805	10023	10016	9884	961	2107	9891	6172	2128	9889	9886
ERR4401299	7763	7630	7649	7692	7786	7789	7699	7760	7779	6850	5910	7786	7769	7799	6271	7660	7776	7694	7804	7770	94	7689	7799	7799	7687	7770	6628	7682	7657	6212	0	7684	7768	7969	7787	7691	7775	6680	7784	7803	7773	88	464	7652	7803	7786	7768	7569	7003	7681	6127	7762	7446	7647	7797	7888	7690	24	7773	7799	6968	7793	7778	6298	7650	836	6952	7693	7803	7688	5240	7604	6277	6412	7769	6301	6125	7687	6657	7775	426	7755	6636	7775	7666	7656	7688	7691	7799	7805	7663	7685	7898	7799	6934	7689	7632	7652	7568	6889	7772	6964	7656	7779	7796	7802	6683	25	7902	7648	7799	6190	845	7801	24	7762	7597	7615	470	7879	7653	7799	7685	7799	7775	6619	7766	7799	7689	7690	7757	5897	7775	7746	7797	7692	7799	7689	407	7777	7690	7650	7781	451	7645	7773	7688	7686	7798	7693	7802	86	7803	7799	6861	6515	7785	7689	6867	6193	6641	24	7796	7803	7633	7778	6811	6164	7803	6620	7688	7693	7799	7658	7691	7784	7798	7802	6995	7663	7798	7793	7656	7799	7690	78	7633	7799	7774	7799	7798	6623	7681	6849	7683	85	6203	7678	6872	6433	7803	7650	439	94	7799	7800	6246	0	7622	7688	105	90	7780	7681	6844	7686	6288	458	462	7787	7684	429	7654	91	7765	7799	7795	7646	7799	7692	73	7799	7807	7799	7689	6240	7688	7784	6160	7892	6274	7797	7643	6886	7679	7793	7649	7695	7794	7772	6650	23	82	6122	83	7608	7799	7659	7690	7799	7794	7740	7799	104	7798	7687	7648	6155	458	7774	95	7798	7798	7688	7641	7676	91	465	6894	7657	6632	6891	7649	7793	6891	7687	6131	98	7693	7799	7803	7741	96	7777	7799	90	463	7325	7777	7800	7803	7813	7651	7660	96	6963	6308	7692	7682	7902	6999	7632	7792	7652	7799	7676	7656	6683	104	93	7594	7797	7786	7681	6997	6647	7694	89	6559	7690	7683
SRR13833609	305	213	304	307	308	304	317	257	294	10323	9567	310	292	310	9657	308	296	308	315	297	7626	301	310	310	300	300	10268	303	304	9626	7615	304	290	389	307	304	295	10305	253	315	213	7594	7926	307	314	320	296	305	10387	299	9505	290	302	304	310	297	303	7629	296	310	10356	306	294	9602	308	7841	10487	307	315	301	6787	196	9576	9788	236	9643	9496	302	10322	300	7929	293	10304	301	310	304	302	305	310	316	312	302	300	314	10307	303	279	301	293	10210	286	10348	306	294	310	314	10502	7598	299	296	310	9567	7965	312	7621	308	319	261	7975	293	311	310	300	310	295	10172	286	313	303	303	295	9534	295	287	310	306	310	303	7915	296	302	300	295	8004	299	296	302	300	309	306	313	7518	315	310	10344	10208	308	303	10115	9559	10297	7638	203	315	224	295	10253	9558	315	10400	301	307	310	305	302	299	310	314	10382	307	311	202	302	310	304	7697	304	310	295	310	309	10288	213	10309	304	7669	9577	301	10368	9863	314	303	7983	7634	310	311	9671	7622	0	301	7578	7606	295	303	10307	300	9597	8064	8104	310	304	7819	301	7566	305	310	311	301	310	306	7673	311	318	310	303	9533	302	306	9530	295	9578	311	296	10205	302	202	304	308	310	295	10357	7596	7608	9514	7704	197	310	306	303	310	310	288	310	7529	310	308	294	9557	8022	295	7629	310	312	302	294	300	7637	8011	10218	305	10366	10249	303	310	10216	215	9503	7693	305	310	315	288	7605	298	310	7631	8137	301	200	311	314	323	306	309	7709	10358	9736	305	303	299	10407	279	310	305	310	301	309	10479	7615	7648	302	311	310	301	10393	10287	308	7530	10246	303	303
ERR10088101	140	56	3	7	93	134	19	358	112	10462	9621	143	126	145	9810	60	114	7	150	131	7707	6	145	145	1	239	10342	3	15	9645	7683	2	128	224	139	3	123	10445	207	149	140	7812	8025	48	150	158	127	143	10636	6	9524	122	141	3	145	120	2	7693	118	145	10550	142	112	9619	55	7860	10628	7	149	1	7044	57	9592	9872	159	9660	9511	1	10462	131	8027	125	10380	232	95	3	1	3	145	152	52	1	139	150	10494	2	137	2	75	10412	116	10605	15	112	145	148	10578	7659	138	7	145	9597	7985	147	7683	144	161	96	8084	203	11	145	2	146	141	10308	112	148	3	1	226	9588	113	120	145	6	145	11	8013	118	10	13	118	8118	13	129	1	0	144	6	149	7730	150	145	10482	10282	106	3	10305	9578	10442	7699	114	149	11	128	10524	9612	150	10564	0	7	145	19	1	105	145	149	10602	143	145	114	16	145	3	7771	3	145	120	145	145	10437	5	10591	4	7750	9606	1	10499	9946	149	13	8086	7715	145	146	9884	7688	301	0	7710	7687	123	2	10445	0	9752	8176	8216	145	4	7916	16	7646	77	146	146	14	146	5	7695	146	153	145	2	9691	2	89	9548	114	10303	146	9	10424	2	113	3	8	145	126	10505	7658	7718	9529	7788	58	145	19	3	145	145	107	145	7547	141	9	62	9574	8115	120	7710	145	147	1	6	0	7718	8124	10423	5	10530	10456	55	145	10417	7	9519	7776	3	145	149	114	7683	129	145	7710	8246	142	123	146	149	160	5	58	7790	10584	9927	4	3	138	10639	138	145	15	145	0	147	10562	7632	7730	139	146	145	0	10651	10360	7	7551	10331	3	2
ERR3635287	7676	7729	7650	7715	7716	7736	7724	7554	7705	6829	5881	7779	7649	7783	6232	7747	7728	7717	7788	7654	71	7707	7783	7783	7650	7702	6583	7710	7714	6167	105	7710	7678	7732	7736	7713	7726	6682	7692	7787	7633	81	457	7743	7787	7771	7652	7559	6995	7657	6085	7703	7455	7649	7782	7646	7713	93	7734	7783	6954	7748	7726	6251	7743	817	6931	7716	7787	7710	5234	7727	6236	6388	7730	6254	6084	7712	6667	7708	420	7707	6596	7697	7784	7713	7712	7713	7783	7789	7751	7710	7707	7785	6922	7713	7630	7710	7570	6868	7728	6954	7715	7705	7780	7787	6637	93	7709	7705	7783	6149	823	7785	92	7752	7587	7613	447	7700	7715	7783	7711	7784	7679	6618	7727	7755	7713	7713	7694	5877	7724	7705	7783	7714	7783	7712	403	7728	7711	7710	7727	440	7705	7703	7712	7709	7782	7714	7727	76	7787	7783	6840	6472	7713	7713	6862	6160	6647	93	7610	7787	7659	7706	6605	6122	7787	6642	7710	7716	7783	7715	7711	7731	7783	7787	6983	7656	7779	7609	7713	7783	7713	69	7659	7783	7703	7783	7783	6631	7710	6631	7709	62	6157	7707	6851	6407	7787	7712	430	71	7783	7784	6274	105	7578	7710	0	67	7706	7709	6823	7709	6294	447	452	7772	7710	422	7711	68	7654	7784	7782	7708	7783	7715	64	7783	7791	7783	7712	6250	7711	7656	6117	7707	6271	7783	7705	6859	7707	7607	7649	7717	7779	7642	6660	92	147	6083	60	7731	7783	7716	7712	7783	7775	7701	7783	79	7782	7713	7645	6113	427	7724	72	7783	7754	7711	7703	7704	68	454	6867	7714	6654	6865	7740	7782	6867	7708	6089	75	7714	7783	7787	7702	75	7707	7783	67	453	7265	7735	7784	7787	7796	7652	7748	73	6955	6269	7714	7709	7709	6991	7630	7780	7712	7783	7704	7646	6655	81	70	7587	7780	7780	7706	6985	6604	7716	78	6532	7712	7709
SRR21787324	7899	7666	7626	7692	7692	7691	7700	7554	7681	6813	5867	7924	7675	7928	6226	7693	7678	7694	7933	7678	4	7684	7928	7928	7627	7675	6583	7685	7692	6174	90	7686	7673	7706	7691	7690	7678	6624	7689	7932	7620	50	460	7688	7932	7912	7676	7700	6972	7685	6087	7665	7594	7624	7927	7622	7690	78	7676	7928	6941	7693	7680	6254	7686	805	6920	7693	7932	7687	5215	7869	6238	6358	7673	6257	6089	7687	6615	7679	422	7659	6596	7676	7928	7690	7688	7690	7928	7934	7697	7687	7680	7930	6909	7689	7607	7687	7552	6846	7673	6937	7691	7681	7927	7932	6638	76	7682	7684	7928	6152	814	7930	78	7893	7728	7590	450	7674	7689	7928	7685	7928	7673	6573	7669	7700	7689	7689	7661	5862	7679	7648	7926	7691	7928	7689	405	7679	7688	7684	7682	446	7681	7676	7689	7686	7927	7691	7872	48	7932	7928	6824	6478	7688	7689	6837	6164	6597	78	7591	7932	7641	7679	6572	6127	7932	6575	7688	7693	7928	7692	7688	7686	7927	7931	6966	7797	7923	7590	7689	7928	7690	40	7641	7928	7677	7928	7927	6579	7683	6600	7684	9	6166	7681	6839	6376	7932	7685	432	6	7928	7929	6289	90	7606	7687	67	0	7683	7684	6811	7686	6241	451	457	7917	7686	424	7688	1	7629	7928	7925	7682	7928	7692	49	7928	7936	7928	7689	6198	7688	7633	6122	7679	6228	7927	7678	6842	7682	7591	7626	7694	7925	7617	6606	77	64	6088	70	7873	7928	7694	7690	7928	7915	7643	7928	65	7927	7687	7622	6119	451	7678	6	7927	7699	7688	7676	7678	1	457	6850	7691	6587	6847	7685	7923	6848	7685	6094	42	7692	7928	7932	7644	43	7679	7928	0	458	7408	7680	7929	7932	7936	7628	7695	60	6935	6264	7691	7684	7682	6972	7607	7923	7688	7928	7678	7789	6625	66	5	7728	7927	7922	7682	6970	6605	7693	64	6502	7689	7685
ERR12067314	39	69	65	128	23	21	140	321	1	10457	9620	42	36	42	9805	69	13	129	45	18	7704	130	42	42	124	157	10339	124	65	9642	7774	125	32	165	24	126	12	10635	119	47	36	7809	8334	68	45	54	17	42	10635	122	9522	26	42	66	42	70	124	7787	28	42	10549	38	21	9615	69	7855	10623	128	47	124	7043	20	9588	10083	65	9656	9509	123	10459	111	8322	11	10376	150	43	65	123	127	42	47	73	123	82	45	10491	124	352	65	190	10408	16	10604	68	1	42	45	10576	7750	83	58	42	9595	7981	44	7775	41	58	197	8379	168	73	42	122	43	42	10305	17	44	124	125	143	9587	22	29	42	128	42	125	8318	13	123	61	13	8426	60	22	123	122	41	128	44	7726	45	42	10478	10280	23	124	10305	9576	10439	7791	82	47	125	21	11225	9610	45	10561	123	130	42	66	124	16	42	47	10599	41	43	79	71	42	125	7767	125	42	10	42	42	10433	127	11313	129	7747	9605	132	10495	10143	44	64	8394	7711	42	43	9884	7780	295	123	7706	7683	0	124	10441	121	9748	8484	8525	42	125	8220	62	7642	206	43	43	62	42	127	7692	43	50	42	129	9688	123	222	9545	69	10299	43	58	10420	123	79	65	130	42	12	10502	7749	7715	9527	7785	21	42	67	129	42	42	29	42	7543	42	130	3	9571	8226	12	7706	42	43	123	55	122	7716	8431	10421	67	10525	10452	64	42	10413	131	9518	7773	126	42	47	29	7678	13	42	7706	8558	45	23	43	46	55	67	70	7786	10581	9921	128	124	83	10638	349	42	66	42	123	43	10791	7626	7728	41	43	42	122	10650	10358	135	7546	10557	127	124
ERR10109277	142	57	5	9	94	135	18	360	113	10464	9623	145	128	147	9812	61	115	9	152	132	7703	8	147	147	2	240	10344	5	18	9647	7676	4	129	226	140	5	124	10446	209	151	141	7806	8019	49	152	160	127	145	10638	8	9526	125	143	4	147	122	2	7688	120	147	10552	143	113	9621	55	7855	10630	9	151	3	7046	59	9594	9873	159	9662	9513	1	10464	134	8023	126	10382	233	97	3	1	5	147	154	53	4	140	151	10496	2	135	4	76	10414	118	10607	19	113	147	150	10580	7654	141	10	147	9599	7979	149	7678	146	163	98	8079	205	10	147	0	148	143	10310	114	149	3	1	226	9589	113	122	147	9	147	13	8010	119	13	16	119	8113	16	129	1	2	146	9	151	7724	152	147	10484	10284	107	3	10307	9580	10444	7694	116	151	13	129	10526	9614	152	10566	3	10	147	22	3	106	147	151	10604	145	147	116	19	147	5	7765	3	147	121	147	147	10439	4	10593	5	7746	9608	1	10501	9948	151	16	8081	7712	147	148	9887	7681	303	2	7709	7684	124	0	10447	2	9754	8172	8212	147	5	7912	19	7643	71	148	148	16	148	7	7689	148	155	147	4	9693	4	87	9550	117	10305	148	12	10426	2	115	4	11	147	126	10507	7653	7712	9531	7783	60	147	22	6	147	147	109	147	7541	143	11	64	9576	8111	120	7707	147	148	3	9	2	7714	8119	10425	9	10532	10458	55	147	10419	10	9521	7770	6	147	151	115	7677	130	147	7707	8242	143	125	148	151	162	6	59	7784	10586	9929	7	1	141	10641	136	147	18	147	2	149	10565	7627	7727	141	148	147	1	10653	10362	10	7545	10331	5	4
SRR7130370	10435	10346	10388	10450	10455	10449	10461	10210	10441	6	1632	10495	10382	10500	207	10451	10442	10452	10507	10386	6822	10444	10502	10501	10385	10383	2761	10446	10448	677	6836	10448	10381	10466	10453	10448	10441	2792	10306	10505	10283	6829	6630	10450	10505	10469	10386	10229	661	10387	685	10437	10086	10389	10502	10367	10447	6831	10442	10502	642	10453	10440	815	10450	7270	18	10451	10506	10445	634	10481	815	2658	10405	817	684	10446	2840	10447	6633	10398	2771	10381	10500	10448	10446	10448	10502	10507	10455	10446	10447	10505	642	10447	10368	10445	10340	760	10432	654	10450	10441	10502	10506	2852	6806	10446	10441	10502	723	7353	10502	6817	10457	10257	10350	6642	10355	10455	10501	10443	10501	10384	2762	10432	10460	10447	10447	10382	1628	10441	10432	10502	10449	10501	10447	6597	10441	10446	10445	10441	6680	10443	10442	10446	10444	10501	10449	10445	6775	10507	10502	13	2599	10450	10447	682	698	2822	6848	10294	10505	10448	10441	2735	688	10507	2900	10445	10451	10501	10450	10446	10444	10502	10505	652	10320	10498	10292	10446	10502	10448	6882	10447	10502	10439	10501	10500	2833	10413	2779	10448	6833	711	10445	15	2658	10505	10447	6653	6813	10501	10502	778	6844	10307	10445	6823	6811	10441	10447	0	10444	919	6720	6735	10493	10448	6558	10446	6787	10390	10501	10503	10445	10502	10450	6833	10503	10510	10502	10446	907	10446	10391	696	10441	890	10502	10441	748	10446	10292	10389	10452	10500	10382	2862	6808	6881	684	6880	10482	10502	10451	10447	10502	10494	10434	10502	6733	10496	10452	10381	686	6676	10440	6821	10501	10459	10446	10439	10444	6826	6680	752	10450	2871	753	10444	10501	755	10366	687	6860	10449	10502	10506	10434	6853	10442	10501	6826	6753	9816	10438	10502	10505	10515	10390	10451	6861	653	204	10449	10447	10445	683	10368	10501	10448	10502	10444	10311	2840	6830	6824	10234	10501	10491	10445	657	2784	10451	6772	2818	10447	10447
ERR9966389	139	54	3	7	91	132	18	356	110	10461	9621	140	124	142	9809	58	112	7	147	129	7706	6	142	142	0	237	10341	3	14	9644	7681	2	126	223	137	3	121	10441	205	146	138	7812	8022	46	147	156	125	141	10636	6	9523	121	138	3	142	119	2	7691	116	142	10550	139	110	9618	53	7859	10627	7	146	1	7044	55	9591	9868	157	9659	9510	1	10461	130	8025	123	10379	230	92	3	1	3	142	149	50	1	138	147	10493	2	136	1	74	10411	114	10605	16	110	142	145	10578	7657	137	8	142	9596	7984	144	7681	141	158	95	8082	202	11	142	2	143	139	10307	110	145	3	1	224	9588	111	118	142	6	142	11	8011	116	10	13	116	8115	13	127	1	0	141	6	146	7730	147	142	10481	10281	104	3	10304	9577	10441	7697	113	146	11	126	10522	9611	147	10564	0	7	142	19	1	103	142	146	10601	141	142	113	16	142	3	7771	3	142	118	142	142	10436	5	10589	4	7750	9606	0	10498	9942	146	13	8084	7714	142	143	9884	7686	300	0	7709	7686	121	2	10444	0	9751	8174	8215	142	4	7914	15	7645	45	143	143	14	143	5	7695	143	150	142	2	9690	2	57	9547	113	10302	143	9	10423	2	112	3	8	142	124	10504	7656	7718	9528	7788	56	142	19	3	142	142	105	142	7547	138	9	61	9573	8113	118	7709	142	144	1	6	0	7718	8121	10423	5	10529	10455	53	142	10416	7	9518	7776	3	142	146	112	7682	127	142	7709	8245	140	121	143	146	157	5	56	7790	10583	9926	4	3	137	10639	137	142	15	142	0	144	10560	7631	7730	137	143	142	0	10651	10360	7	7550	10328	2	2
SRR16227977	9611	9742	9755	9757	9761	9757	9768	9706	9747	912	993	9767	9607	9773	285	9758	9749	9759	9778	9612	6261	9751	9773	9773	9751	9683	2042	9754	9756	115	6279	9755	9605	9836	9760	9755	9748	2125	9701	9778	9599	6326	6582	9757	9777	9746	9611	9545	1052	9612	87	9755	9426	9755	9773	9739	9754	6277	9749	9773	1033	9759	9747	109	9758	6716	956	9758	9778	9752	966	9753	106	1966	9790	110	85	9753	2127	9754	6563	9709	2050	9685	9773	9755	9753	9756	9773	9779	9762	9753	9754	9777	982	9754	9747	9752	9745	824	9739	1045	9758	9747	9773	9777	2138	6251	9753	9748	9773	75	6800	9775	6256	9738	9556	9730	6583	9833	9762	9773	9751	9773	9609	2054	9739	9766	9754	9754	9677	991	9748	9753	9773	9756	9773	9755	6536	9749	9754	9752	9748	6637	9750	9749	9753	9751	9772	9756	9776	6247	9778	9773	909	2021	9757	9754	1009	137	2110	6294	9744	9778	9756	9748	2016	132	9778	2188	9752	9758	9773	9757	9753	9752	9773	9777	1015	9647	9773	9743	9754	9773	9755	6330	9755	9773	9746	9773	9772	2120	9755	2058	9755	6272	62	9752	918	1943	9777	9755	6590	6250	9773	9774	210	6288	9597	9752	6294	6241	9748	9754	919	9751	0	6671	6697	9765	9755	6484	9753	6222	9756	9773	9774	9753	9773	9757	6272	9774	9781	9773	9754	10	9753	9757	98	9748	153	9774	9748	826	9753	9743	9755	9759	9771	9748	2151	6254	6318	87	6329	9754	9773	9758	9754	9773	9773	9754	9773	6186	9768	9759	9748	86	6628	9748	6258	9773	9765	9753	9746	9751	6261	6618	827	9756	2160	823	9753	9773	822	9757	85	6303	9756	9773	9778	9752	6269	9749	9773	6261	6715	9241	9746	9774	9777	9785	9757	9759	6306	1021	294	9756	9754	9753	1049	9745	9773	9756	9773	9751	9627	2123	6267	6265	9564	9774	9767	9752	1053	2065	9758	6213	2093	9754	9754
SRR3137069	8512	8499	8107	8181	8505	8507	8190	8425	8484	6724	6295	8759	8466	8764	6334	8520	8486	8181	8778	8477	453	8178	8774	8770	8120	8389	6951	8172	8179	6593	458	8172	8492	8302	8512	8179	8492	7386	8514	8769	8444	382	24	8507	8770	8750	8473	8522	6910	8175	6513	8277	8375	8111	8772	8214	8177	446	8489	8772	6874	8530	8388	6683	8508	1163	6819	8185	8773	8175	4871	8586	6662	7122	8499	6686	6506	8174	6982	8352	0	8474	6960	8397	8749	8179	8176	8176	8772	8772	8514	8171	8281	8765	6837	8179	8097	8178	8031	6771	8501	6869	8178	8483	8769	8769	7009	447	8287	8169	8773	6568	1173	8753	443	8729	8553	8067	8	8160	8178	8763	8173	8752	8502	6943	8486	8531	8179	8178	8369	6283	8385	8467	8770	8179	8772	8178	0	8488	8177	8173	8494	2	8169	8476	8178	8175	8770	8180	8710	380	8777	8772	6744	6841	8490	8180	6789	6583	6966	447	8071	8772	8115	8481	8008	6537	8775	6949	8177	8178	8768	8179	8173	8492	8770	8770	6900	8602	8749	8071	8172	8769	8178	390	8118	8771	8476	8772	8766	6948	8172	8054	8173	444	6584	8167	6747	7128	8770	8173	0	454	8770	8774	6713	458	8064	8176	447	451	8484	8172	6720	8174	6671	0	1	8758	8170	2	8177	450	8191	8768	8768	8168	8772	8179	399	8771	8780	8774	8176	6629	8176	8205	6544	8272	6660	8767	8165	6768	8166	8072	8109	8185	8764	8420	6976	443	412	6503	395	8593	8772	8184	8177	8772	8758	8460	8773	444	8752	8174	8197	6537	9	8490	454	8770	8529	8174	8161	8163	452	15	6771	8186	6961	6773	8514	8759	6773	8174	6512	410	8179	8771	8771	8461	411	8484	8772	451	3	8148	8505	8771	8773	8781	8111	8523	409	6867	6372	8179	8168	8284	6905	8094	8765	8174	8772	8166	8598	7419	436	452	8508	8768	8761	8169	6903	6971	8181	414	7296	8181	8168
SRR2917138	8564	8542	8148	8224	8548	8551	8230	8551	8526	6742	6323	8805	8510	8808	6355	8561	8526	8221	8821	8518	459	8218	8817	8814	8161	8429	6962	8213	8220	6612	462	8213	8533	8345	8552	8220	8532	7401	8555	8814	8484	387	23	8548	8814	8798	8513	8565	6947	8215	6528	8317	8423	8152	8818	8254	8217	450	8530	8818	6911	8570	8428	6709	8550	1157	6838	8227	8817	8219	4904	8630	6692	7129	8538	6712	6527	8215	6997	8394	1	8514	6977	8439	8793	8220	8216	8217	8819	8817	8554	8212	8324	8809	6877	8219	8136	8219	8067	6798	8542	6907	8219	8526	8815	8816	7021	451	8328	8210	8821	6588	1167	8798	448	8775	8598	8106	11	8195	8219	8808	8214	8797	8549	6955	8527	8570	8221	8220	8410	6314	8426	8508	8813	8219	8819	8219	0	8528	8218	8214	8537	1	8210	8517	8219	8217	8818	8221	8755	385	8821	8818	6762	6843	8530	8220	6825	6615	6979	451	8106	8816	8152	8523	8090	6557	8822	6956	8218	8219	8812	8220	8214	8533	8816	8814	6936	8646	8796	8106	8213	8815	8220	395	8157	8818	8519	8815	8810	6960	8212	8138	8214	450	6604	8210	6766	7135	8815	8214	1	460	8814	8821	6744	462	8104	8216	452	457	8525	8212	6735	8215	6697	1	0	8801	8211	1	8218	456	8231	8812	8812	8209	8819	8223	404	8818	8824	8817	8220	6653	8218	8254	6564	8314	6686	8811	8206	6794	8210	8106	8150	8227	8811	8462	6988	447	417	6526	400	8638	8815	8225	8220	8818	8805	8500	8819	450	8795	8215	8236	6557	8	8531	460	8813	8569	8216	8202	8204	458	14	6797	8225	6968	6799	8555	8806	6800	8214	6532	415	8220	8815	8816	8502	417	8525	8815	457	2	8198	8545	8818	8817	8824	8152	8563	414	6903	6392	8219	8209	8325	6942	8134	8808	8215	8819	8207	8641	7432	441	458	8555	8812	8804	8213	6940	6987	8222	419	7301	8221	8210
CAAYSI_S8_L001	45	98	82	150	55	50	163	363	41	10505	9625	0	52	0	9814	90	43	150	7	48	7965	152	0	0	146	186	10345	145	83	9648	7782	145	47	262	53	147	41	10653	164	10	54	7815	8615	88	7	16	48	0	10677	142	9541	72	14	83	0	168	147	7794	42	0	10591	3	54	9621	89	7860	10678	149	10	145	7093	29	9594	10097	111	9700	9515	145	10466	127	8573	40	10382	179	1	82	145	148	0	9	93	148	179	7	10535	146	401	81	207	10452	31	10650	85	41	0	15	10580	7755	180	77	0	9601	7985	2	7782	1	23	246	8643	269	90	0	144	1	53	10307	33	15	146	146	172	9592	55	74	0	149	0	145	8583	45	144	77	42	8699	77	44	146	143	1	149	6	7730	7	0	10527	10284	55	146	10363	9582	10445	7799	182	10	146	43	11886	9616	7	10565	145	150	0	83	145	46	0	10	10643	1	2	179	88	0	146	7772	147	0	41	0	0	10438	149	11976	150	8006	9609	153	10547	10164	6	80	8657	7964	0	1	10011	7787	310	145	7772	7917	42	147	10493	142	9765	8758	8801	0	146	8478	80	7897	228	1	1	79	1	148	7696	1	14	0	150	9705	143	244	9551	168	10347	1	74	10459	145	181	82	151	0	42	10509	7757	7719	9533	8029	30	0	85	150	0	0	73	0	7616	0	151	41	9578	8482	41	7954	0	14	145	72	143	7975	8708	10453	85	10531	10496	85	0	10457	152	9523	7778	147	0	10	74	7695	45	0	7942	8833	11	38	1	7	17	84	92	7793	10625	9930	149	145	180	10680	398	0	82	0	143	5	10808	7695	7958	14	1	0	143	10692	10363	156	7554	10569	148	144
ERR10176866	141	58	7	11	95	136	21	360	114	10465	9624	144	128	146	9813	62	116	11	151	133	7705	9	146	146	5	241	10345	7	18	9648	7679	6	130	226	141	7	125	10445	209	150	142	7809	8018	50	151	160	128	145	10639	10	9527	125	142	6	146	123	7	7691	120	146	10553	143	114	9622	56	7857	10631	11	150	5	7047	58	9595	9871	160	9663	9514	6	10465	134	8021	127	10383	234	96	7	6	7	146	153	54	5	140	150	10497	7	140	5	77	10415	118	10608	19	114	146	149	10581	7657	141	10	146	9600	7982	148	7681	145	162	99	8079	206	14	146	6	147	141	10311	114	149	8	6	227	9590	114	122	146	10	146	15	8007	120	14	17	120	8111	17	130	6	4	145	10	150	7727	151	146	10485	10285	108	8	10308	9581	10445	7697	117	150	15	130	10526	9615	151	10567	4	11	146	23	5	107	146	150	10605	145	146	117	20	146	7	7768	7	146	122	146	146	10440	9	10593	7	7748	9609	3	10502	9945	150	17	8080	7714	146	147	9887	7684	304	4	7710	7686	125	5	10448	4	9755	8170	8211	146	0	7910	19	7645	62	147	147	17	147	9	7692	147	154	146	6	9694	6	74	9551	117	10306	147	13	10427	4	116	6	12	146	127	10508	7656	7715	9532	7785	59	146	23	7	146	146	109	146	7545	142	12	65	9577	8111	121	7709	146	148	5	10	3	7716	8117	10426	8	10533	10459	56	146	10420	11	9522	7773	7	146	150	115	7680	131	146	7709	8241	143	125	147	150	161	8	60	7787	10587	9930	8	6	141	10642	141	146	19	146	3	148	10562	7629	7729	141	147	146	3	10654	10364	11	7548	10331	6	6
SRR3001933	8250	8235	7847	7923	8244	8245	7930	8260	8225	6568	6137	8483	8206	8488	6171	8254	8222	7922	8498	8213	426	7918	8494	8490	7860	8129	6844	7913	7920	6416	429	7912	8233	8044	8248	7919	8228	7273	8251	8491	8179	358	22	8241	8491	8474	8208	8243	6725	7915	6338	8014	8100	7850	8494	7950	7918	418	8224	8495	6689	8264	8128	6497	8243	1115	6635	7927	8497	7918	4728	8319	6479	7063	8236	6500	6328	7914	6877	8091	2	8211	6857	8143	8482	7920	7917	7917	8496	8492	8248	7911	8023	8485	6658	7919	7852	7918	7782	6582	8236	6685	7918	8222	8492	8498	6899	419	8027	7910	8497	6392	1122	8475	414	8453	8279	7820	8	7910	7919	8484	7915	8474	8244	6836	8221	8270	7920	7920	8110	6130	8125	8203	8490	7919	8496	7918	0	8224	7917	7913	8234	0	7909	8213	7919	7917	8494	7920	8433	356	8497	8495	6572	6747	8226	7921	6608	6404	6857	419	7822	8494	7867	8219	7955	6357	8498	6855	7917	7918	8491	7919	7913	8228	8492	8493	6714	8322	8473	7822	7914	8491	7920	365	7871	8494	8214	8492	8490	6845	7913	8003	7913	417	6409	7910	6578	7060	8492	7913	2	426	8490	8497	6534	429	7819	7916	422	424	8220	7912	6558	7914	6484	2	1	8478	7910	0	7917	423	7931	8491	8488	7908	8496	7922	374	8494	8500	8494	7919	6451	7918	7954	6364	8009	6473	8487	7905	6578	7909	7823	7849	7927	8488	8156	6867	415	387	6329	370	8327	8492	7925	7920	8495	8482	8195	8495	419	8472	7915	7944	6358	7	8226	426	8490	8268	7916	7901	7904	425	15	6582	7928	6874	6583	8248	8484	6584	7914	6338	385	7919	8491	8492	8196	382	8220	8492	424	1	7875	8239	8494	8497	8501	7850	8258	385	6685	6207	7920	7908	8024	6718	7848	8485	7914	8496	7906	8327	7306	412	425	8240	8488	8481	7912	6717	6863	7921	391	7215	7922	7910
ERR12067334	77	45	18	22	76	71	37	346	62	10463	9623	80	67	79	9810	47	64	23	85	70	7708	25	80	79	19	189	10343	18	17	9646	7649	17	63	161	75	18	63	10445	146	83	75	7814	8025	45	85	94	70	79	10638	16	9525	59	76	18	80	66	19	7659	65	80	10552	77	62	9620	47	7861	10629	23	83	16	7046	57	9593	9871	96	9661	9512	17	10463	69	8028	62	10381	182	79	18	18	19	80	86	50	16	77	85	10495	19	87	18	39	10413	53	10607	20	62	80	83	10580	7625	76	10	80	9598	7986	81	7649	79	98	60	8086	154	26	79	18	80	80	10309	54	83	19	18	175	9590	62	56	80	22	80	18	8015	64	17	2	64	8118	14	65	17	16	79	21	83	7732	85	80	10483	10283	75	20	10306	9579	10443	7665	64	83	18	65	10526	9613	85	10566	15	22	79	4	16	66	80	83	10603	79	82	64	15	80	19	7773	18	80	63	80	79	10438	22	10593	19	7752	9608	18	10500	9945	83	18	8087	7716	79	81	9886	7654	301	16	7711	7688	62	19	10446	15	9753	8177	8218	80	19	7917	0	7647	101	80	81	1	81	20	7697	81	88	80	17	9692	18	115	9549	65	10304	81	12	10425	17	64	18	24	80	63	10506	7624	7720	9530	7790	57	80	4	18	80	80	57	80	7549	80	24	63	9575	8117	62	7711	80	82	16	9	15	7720	8124	10425	19	10530	10457	41	80	10418	22	9520	7778	18	80	83	56	7684	65	80	7711	8248	79	61	81	83	95	20	48	7792	10585	9927	20	19	76	10641	88	80	20	80	15	82	10563	7633	7732	78	81	80	15	10653	10362	22	7552	10332	20	17
SRR27185117	7879	7625	7585	7651	7651	7650	7659	7509	7640	6791	5845	7904	7634	7908	6199	7652	7637	7653	7913	7637	5	7643	7908	7908	7586	7634	6585	7644	7651	6151	91	7645	7632	7664	7650	7649	7637	6626	7648	7912	7580	51	459	7647	7912	7892	7635	7680	6940	7644	6064	7624	7574	7583	7907	7581	7649	79	7635	7908	6903	7652	7639	6235	7645	811	6897	7652	7912	7646	5177	7852	6218	6357	7632	6238	6066	7646	6616	7638	421	7618	6596	7635	7909	7649	7647	7649	7908	7914	7656	7644	7639	7910	6871	7648	7566	7646	7507	6826	7632	6901	7650	7640	7907	7912	6640	77	7641	7643	7908	6130	820	7910	79	7873	7708	7549	449	7629	7648	7908	7644	7909	7632	6575	7629	7659	7648	7648	7620	5839	7638	7608	7906	7650	7908	7648	404	7638	7647	7643	7641	445	7640	7635	7648	7645	7907	7650	7853	49	7912	7908	6802	6475	7647	7648	6806	6135	6598	79	7546	7912	7596	7638	6573	6104	7912	6577	7647	7652	7908	7651	7647	7645	7907	7912	6929	7777	7903	7545	7649	7908	7649	41	7596	7908	7636	7908	7908	6580	7642	6602	7643	10	6143	7640	6816	6376	7912	7644	431	7	7908	7909	6261	91	7566	7646	68	1	7642	7643	6787	7645	6222	450	456	7897	7645	423	7647	0	7588	7909	7905	7641	7908	7651	50	7908	7916	7908	7648	6179	7647	7592	6099	7638	6209	7907	7637	6823	7641	7546	7585	7653	7905	7576	6607	78	65	6065	69	7856	7908	7653	7649	7908	7895	7602	7908	67	7907	7646	7581	6096	450	7637	7	7907	7658	7647	7635	7637	2	456	6831	7650	6589	6828	7644	7903	6828	7644	6071	43	7651	7908	7912	7603	40	7638	7908	1	457	7384	7639	7909	7912	7916	7587	7654	60	6898	6237	7650	7643	7641	6933	7566	7903	7647	7908	7637	7769	6626	67	6	7708	7907	7902	7641	6931	6607	7652	65	6503	7648	7644
ERR10460483	225	138	87	44	176	217	94	247	195	10407	9624	226	210	228	9814	142	197	60	233	214	7649	17	228	228	67	321	10287	50	100	9649	7760	42	211	229	222	57	206	10464	291	232	221	7751	8042	131	233	241	210	226	10580	68	9528	207	224	87	228	126	48	7771	202	228	10553	225	195	9623	137	7860	10573	70	232	32	6987	141	9596	9892	164	9664	9515	53	10407	138	8042	208	10324	314	178	85	55	61	228	235	134	76	138	233	10439	60	217	84	159	10357	200	10549	101	195	228	231	10522	7738	137	93	228	9601	7985	230	7762	227	244	180	8078	286	93	228	59	229	138	10253	196	231	36	48	231	9591	196	204	228	88	228	59	8028	123	95	98	123	8133	98	134	49	63	227	85	232	7669	233	228	10427	10227	189	58	10250	9582	10387	7778	198	232	50	133	10350	9616	233	10508	72	32	228	104	30	188	228	232	10547	226	227	198	101	228	46	7770	43	228	203	228	228	10381	66	10407	80	7691	9609	26	10444	9967	232	98	8101	7657	228	229	9887	7765	305	77	7654	7629	206	71	10390	45	9756	8191	8231	228	62	7931	101	7588	0	229	229	99	229	34	7694	229	236	228	49	9695	50	9	9552	199	10307	229	94	10369	44	197	87	74	228	209	10450	7737	7717	9533	7727	142	228	104	87	228	228	191	228	7547	224	94	68	9578	8131	203	7652	228	230	62	91	66	7659	8138	10367	91	10475	10401	137	228	10362	72	9522	7715	88	228	232	198	7624	212	228	7652	8261	224	207	229	232	243	89	140	7730	10529	9931	39	53	137	10583	218	228	100	228	74	230	10582	7632	7671	222	229	228	83	10594	10305	90	7551	10349	32	66
44341_3#310	46	99	83	151	56	51	164	364	42	10513	9637	1	53	1	9822	91	44	151	8	49	7976	153	1	1	147	188	10354	146	84	9656	7794	147	48	263	54	148	42	10662	165	12	56	7830	8625	89	8	17	49	1	10689	143	9549	73	15	84	1	169	148	7806	43	1	10603	4	55	9629	90	7874	10686	150	12	146	7100	30	9603	10104	112	9708	9524	146	10474	128	8583	41	10391	181	2	83	146	149	1	10	94	149	180	8	10544	147	402	82	208	10460	32	10662	85	42	1	16	10592	7767	181	77	1	9610	7999	3	7794	2	24	247	8654	270	91	1	145	2	54	10320	34	16	147	148	174	9604	56	75	1	150	1	146	8592	46	145	78	43	8709	78	45	147	144	2	150	7	7743	8	1	10536	10294	56	147	10370	9591	10455	7811	183	12	147	44	11894	9624	8	10576	146	151	1	84	146	47	1	12	10652	2	3	180	89	1	147	7785	148	1	42	1	1	10446	150	11984	151	8018	9620	154	10556	10170	7	81	8669	7975	1	2	10023	7799	310	146	7784	7928	43	148	10501	143	9773	8768	8812	1	147	8491	80	7909	229	0	2	80	2	149	7711	2	15	1	151	9713	144	245	9559	169	10356	2	75	10467	146	182	83	152	1	43	10519	7769	7734	9542	8042	31	1	86	151	1	1	74	1	7626	1	152	42	9586	8492	42	7965	1	15	146	73	144	7989	8720	10464	84	10539	10504	86	1	10466	154	9534	7793	149	1	12	75	7707	46	1	7953	8844	12	39	2	8	18	85	93	7807	10634	9938	150	146	181	10692	399	1	83	1	144	6	10817	7705	7972	15	2	1	144	10704	10373	157	7566	10581	149	145
CIV13XU1_S18_L001	46	99	83	151	56	51	164	364	42	10514	9637	1	53	1	9823	91	44	151	8	49	7973	153	1	1	147	188	10354	146	85	9657	7790	147	48	263	54	148	42	10663	165	12	56	7825	8622	89	8	17	49	1	10691	143	9550	73	15	84	1	169	148	7804	43	1	10604	4	55	9630	90	7869	10687	150	12	146	7101	30	9603	10107	112	9709	9524	146	10475	128	8584	41	10391	181	2	83	146	149	1	10	94	149	180	8	10544	147	402	82	208	10461	32	10663	86	42	1	16	10598	7765	181	78	1	9610	7994	3	7792	2	24	247	8653	270	91	1	145	2	54	10320	34	16	147	148	174	9604	56	75	1	150	1	146	8594	46	145	78	43	8709	78	45	147	144	2	150	7	7740	8	1	10536	10295	56	147	10371	9592	10455	7809	183	12	147	44	11895	9625	8	10577	146	151	1	84	146	47	1	12	10653	2	3	180	89	1	147	7782	148	1	42	1	1	10447	150	11985	151	8016	9621	154	10556	10171	7	81	8667	7972	1	2	10023	7795	311	146	7782	7925	43	148	10503	143	9774	8768	8812	1	147	8488	81	7905	229	2	0	80	2	149	7706	2	15	1	151	9714	144	245	9560	169	10356	2	75	10468	146	182	83	152	1	43	10519	7767	7729	9542	8039	31	1	86	151	1	1	74	1	7621	1	152	42	9587	8490	42	7962	1	15	146	73	144	7986	8719	10465	86	10540	10505	86	1	10466	154	9534	7789	149	1	12	75	7702	46	1	7950	8844	12	39	2	8	18	85	93	7804	10635	9939	150	146	181	10697	399	1	83	1	144	6	10827	7701	7969	15	2	1	144	10711	10373	157	7561	10589	149	145
ERR10880424	75	45	17	21	75	71	34	346	61	10463	9622	79	67	79	9810	47	63	21	84	70	7702	23	79	79	17	188	10343	17	16	9646	7641	16	63	160	74	17	62	10445	146	83	75	7805	8017	45	84	92	69	77	10637	14	9525	58	75	17	79	65	17	7653	65	79	10551	76	61	9620	46	7853	10629	21	83	15	7045	56	9593	9871	95	9661	9512	16	10463	68	8019	61	10381	181	79	17	16	18	79	86	50	15	75	84	10495	17	87	17	39	10413	53	10606	19	61	79	82	10579	7619	75	9	79	9598	7978	81	7643	78	97	60	8077	153	25	79	17	80	78	10309	54	82	18	16	175	9589	62	56	79	20	79	17	8005	63	16	1	63	8109	13	65	16	14	78	20	83	7723	84	79	10482	10283	74	18	10306	9579	10443	7659	64	83	17	64	10526	9612	84	10565	14	21	79	5	15	66	79	83	10603	77	81	64	14	79	17	7764	17	79	62	79	79	10438	20	10593	18	7744	9607	16	10500	9945	83	17	8078	7710	79	80	9885	7646	301	14	7708	7682	62	16	10445	14	9753	8168	8209	79	17	7908	1	7641	99	80	80	0	80	19	7688	80	87	79	16	9692	16	113	9549	64	10304	80	11	10425	15	63	17	22	79	62	10506	7618	7711	9530	7781	57	79	5	17	79	79	56	79	7540	79	23	62	9575	8108	62	7705	79	81	15	8	14	7712	8115	10424	18	10530	10457	41	79	10418	21	9520	7769	17	79	83	56	7676	65	79	7705	8239	77	60	80	83	94	19	47	7783	10585	9927	18	17	75	10640	88	79	19	79	14	81	10562	7625	7725	76	80	79	14	10652	10361	21	7544	10331	18	16
CIV144U1_S34_L001	46	98	83	151	55	50	164	364	41	10513	9636	1	53	1	9822	91	43	151	8	48	7976	153	1	1	147	188	10353	146	85	9656	7793	147	48	263	53	148	41	10661	165	12	56	7829	8626	89	8	17	48	1	10690	143	9549	73	15	84	1	169	148	7805	43	1	10603	4	54	9629	90	7873	10686	150	12	146	7100	30	9602	10106	111	9708	9523	146	10474	128	8589	40	10390	181	2	83	146	149	1	10	94	149	180	8	10543	147	399	82	208	10460	32	10662	86	41	1	16	10598	7766	181	78	1	9609	7998	3	7794	2	24	247	8657	270	91	1	145	2	53	10319	34	16	147	148	174	9603	55	75	1	150	1	146	8597	45	145	78	42	8713	78	44	147	144	2	150	7	7744	8	1	10535	10294	55	147	10370	9591	10454	7810	183	12	147	43	11894	9624	8	10576	146	151	1	84	146	46	1	12	10652	2	3	180	89	1	147	7786	148	0	41	1	1	10446	150	11984	151	8020	9620	154	10555	10170	7	81	8671	7975	1	2	10022	7799	310	146	7783	7928	42	148	10502	143	9773	8772	8819	1	147	8496	81	7908	229	2	2	80	0	149	7710	2	15	1	151	9713	144	245	9559	169	10355	2	75	10467	146	182	83	152	1	42	10518	7768	7733	9541	8043	31	1	86	151	1	1	74	1	7625	1	151	41	9586	8493	41	7965	1	15	146	73	144	7989	8723	10464	86	10539	10504	86	1	10465	154	9533	7793	149	1	12	75	7706	45	1	7953	8851	12	39	2	8	18	85	93	7808	10634	9938	150	146	181	10696	396	1	83	1	144	6	10830	7706	7972	15	2	1	144	10711	10372	157	7565	10588	149	145
ERR9785510	145	60	8	12	97	138	23	364	116	10467	9627	146	130	148	9815	64	118	12	153	135	7712	7	148	148	5	243	10347	8	19	9650	7687	7	132	229	143	8	127	10446	211	152	144	7818	8027	52	153	161	131	146	10642	11	9529	127	143	8	148	125	7	7697	122	148	10556	145	116	9624	59	7865	10633	12	152	6	7050	61	9597	9873	163	9665	9516	6	10467	136	8032	129	10385	236	98	8	6	8	148	155	56	6	144	153	10499	7	142	6	80	10417	120	10611	21	116	148	151	10584	7663	143	13	148	9602	7990	150	7687	147	164	101	8087	208	16	148	7	149	147	10313	116	151	8	6	230	9594	117	124	148	11	148	16	8016	122	15	18	122	8120	18	133	6	5	147	11	152	7736	153	148	10487	10287	110	8	10310	9583	10447	7703	119	152	16	132	10529	9617	153	10570	5	12	148	24	6	109	148	152	10607	146	148	119	21	148	8	7777	8	148	124	148	148	10442	10	10596	3	7756	9612	5	10504	9948	152	18	8089	7720	148	149	9890	7692	306	5	7715	7692	127	7	10450	5	9757	8179	8223	148	9	7922	20	7651	34	149	149	19	149	0	7701	149	156	148	7	9696	7	42	9553	119	10308	149	14	10429	7	118	8	13	148	130	10510	7662	7724	9534	7794	62	148	24	8	148	148	111	148	7552	144	14	67	9579	8118	124	7715	148	150	6	11	5	7724	8126	10429	10	10535	10461	59	148	10422	12	9524	7782	4	148	152	118	7688	133	148	7715	8253	145	127	149	152	163	10	62	7796	10589	9932	3	8	143	10645	143	148	20	148	5	150	10568	7637	7736	142	149	148	5	10657	10366	12	7556	10333	7	7
SRR952929	7677	7671	7691	7703	7703	7698	7706	7607	7692	6838	5894	7706	7683	7707	6249	7702	7687	7702	7715	7684	53	7689	7710	7710	7695	7683	6583	7693	7699	6192	73	7692	7681	7773	7699	7699	7685	6625	7694	7714	7687	47	409	7697	7712	7693	7681	7481	7017	7693	6108	7671	7377	7692	7709	7687	7697	61	7682	7710	6986	7704	7688	6282	7691	794	6942	7704	7714	7696	5261	7645	6266	6359	7677	6285	6107	7695	6615	7689	372	7665	6597	7687	7711	7700	7697	7700	7710	7713	7706	7693	7687	7706	6952	7698	7677	7698	7612	6874	7684	6980	7698	7692	7707	7714	6639	62	7692	7689	7710	6170	803	7712	61	7673	7514	7660	399	7675	7698	7707	7696	7711	7681	6574	7676	7711	7700	7697	7668	5886	7686	7655	7708	7698	7710	7699	357	7688	7699	7693	7692	392	7689	7683	7698	7694	7709	7700	7714	45	7714	7710	6847	6469	7696	7700	6879	6185	6597	61	7590	7714	7642	7687	6573	6145	7714	6576	7696	7700	7710	7699	7695	7697	7709	7714	7012	7574	7709	7588	7697	7708	7698	37	7642	7710	7685	7710	7710	6580	7692	6601	7692	44	6184	7687	6860	6377	7714	7693	382	53	7710	7711	6235	73	7673	7695	64	49	7692	7689	6833	7695	6272	399	404	7696	7692	374	7697	50	7694	7711	7706	7688	7710	7701	0	7710	7718	7710	7696	6229	7695	7701	6140	7686	6258	7708	7686	6870	7687	7588	7692	7702	7705	7682	6606	60	47	6106	42	7652	7710	7704	7697	7710	7705	7652	7710	62	7709	7696	7691	6136	400	7686	54	7709	7710	7695	7682	7683	50	406	6878	7702	6588	6875	7694	7704	6876	7692	6112	57	7700	7710	7714	7649	60	7689	7710	49	405	7246	7687	7711	7714	7723	7693	7705	56	6980	6286	7699	7690	7690	7019	7677	7703	7694	7710	7686	7569	6626	63	52	7505	7708	7703	7688	7015	6606	7702	48	6503	7700	7691
CIT15FB1_S1_L001	46	98	83	151	56	51	164	363	42	10514	9637	1	53	1	9822	91	44	151	8	49	7976	153	1	1	147	188	10354	146	85	9656	7794	147	48	263	54	148	42	10662	164	12	55	7829	8626	89	8	17	49	1	10690	143	9549	73	15	84	1	169	148	7806	43	1	10603	4	55	9630	90	7873	10687	150	12	146	7100	30	9603	10106	111	9709	9523	146	10475	128	8589	41	10391	181	2	83	146	149	1	10	94	149	180	8	10543	147	402	82	208	10461	32	10662	86	42	1	16	10598	7767	181	78	1	9609	7998	3	7794	2	24	247	8656	270	91	1	145	2	54	10320	34	16	147	148	174	9604	56	75	1	150	1	146	8597	46	145	78	43	8712	78	45	147	144	2	150	7	7744	8	1	10536	10294	56	147	10370	9591	10455	7811	182	12	147	44	11895	9624	8	10577	146	151	1	84	146	47	1	12	10652	2	3	179	89	1	147	7786	148	1	42	1	1	10447	150	11985	151	8019	9620	154	10556	10171	7	81	8670	7975	1	2	10023	7799	311	146	7783	7928	43	148	10503	143	9774	8771	8818	1	147	8494	81	7908	229	2	2	80	2	149	7710	0	15	1	151	9714	144	245	9559	169	10356	2	75	10468	146	181	83	152	1	43	10519	7769	7733	9541	8043	31	1	86	151	1	1	74	1	7625	1	152	42	9586	8493	42	7965	1	15	146	73	144	7989	8722	10465	86	10540	10505	86	1	10466	153	9533	7793	149	1	12	75	7706	46	1	7953	8850	12	39	2	8	18	85	93	7808	10634	9939	150	146	181	10696	399	1	83	1	144	6	10829	7705	7972	15	2	1	144	10710	10373	157	7565	10588	149	145
CNSDXZ_S1_L001	53	106	90	158	63	58	171	370	49	10521	9644	14	60	14	9830	98	51	158	19	56	7984	160	14	14	154	195	10361	153	92	9664	7802	154	55	270	61	155	49	10671	172	19	63	7837	8633	96	19	28	56	14	10698	150	9557	80	21	91	14	176	155	7814	50	14	10611	11	62	9637	97	7881	10694	157	19	153	7108	37	9610	10114	119	9716	9531	153	10482	135	8596	48	10398	188	15	90	153	156	14	21	101	156	187	19	10551	154	409	89	215	10468	39	10670	92	49	14	23	10606	7775	188	84	14	9617	8006	16	7802	13	35	254	8666	277	98	14	152	15	60	10327	41	23	154	155	181	9611	63	82	14	157	14	153	8605	53	152	85	50	8721	85	52	154	151	13	157	18	7752	19	14	10543	10302	63	154	10378	9599	10462	7819	190	19	154	51	11901	9632	19	10584	153	158	14	91	153	54	14	19	10660	13	16	187	96	14	154	7794	155	14	49	14	14	10454	157	11991	158	8027	9628	161	10563	10178	18	88	8679	7983	14	15	10030	7807	318	153	7791	7936	50	155	10510	150	9781	8780	8824	14	154	8500	88	7916	236	15	15	87	15	156	7718	15	0	14	158	9721	151	251	9567	176	10363	15	82	10475	153	189	90	159	14	50	10526	7777	7741	9549	8051	38	14	93	158	14	14	81	14	7633	14	159	49	9594	8503	49	7973	14	22	153	80	151	7997	8731	10472	92	10547	10512	93	14	10473	161	9541	7801	156	14	19	82	7714	53	14	7961	8856	5	46	15	19	29	92	100	7816	10642	9946	157	153	188	10704	406	14	90	14	151	17	10835	7713	7980	21	15	14	151	10719	10380	164	7573	10598	156	152
CAAXQV_S11_L001	45	98	82	150	55	50	163	363	41	10513	9636	0	52	0	9822	90	43	150	7	48	7976	152	0	0	146	187	10353	145	84	9656	7794	146	47	262	53	147	41	10663	164	11	55	7829	8626	88	7	16	48	0	10690	142	9549	72	14	83	0	168	147	7806	42	0	10603	3	54	9629	89	7873	10686	149	11	145	7100	29	9602	10107	111	9708	9523	145	10474	127	8589	40	10390	180	1	82	145	148	0	9	93	148	179	7	10543	146	401	81	207	10460	31	10662	85	41	0	15	10598	7767	180	77	0	9609	7998	2	7794	1	23	246	8659	269	90	0	144	1	53	10319	33	15	146	147	173	9603	55	74	0	149	0	145	8599	45	144	77	42	8715	77	44	146	143	1	149	6	7744	7	0	10535	10294	55	146	10370	9591	10454	7811	182	11	146	43	11894	9624	7	10576	145	150	0	83	145	46	0	11	10652	1	2	179	88	0	146	7786	147	0	41	0	0	10446	149	11984	150	8020	9620	153	10555	10171	6	80	8673	7975	0	1	10022	7799	310	145	7783	7928	42	147	10502	142	9773	8774	8817	0	146	8494	80	7908	228	1	1	79	1	148	7710	1	14	0	150	9713	143	244	9559	168	10355	1	74	10467	145	181	82	151	0	42	10518	7769	7733	9541	8043	30	0	85	150	0	0	73	0	7625	0	151	41	9586	8495	41	7965	0	14	145	72	143	7989	8725	10464	85	10539	10504	85	0	10465	153	9533	7793	148	0	11	74	7706	45	0	7953	8849	11	38	1	7	17	84	92	7808	10634	9938	149	145	180	10696	398	0	82	0	143	5	10828	7706	7972	14	1	0	143	10711	10372	156	7565	10590	148	144
ERR9966390	146	62	5	9	99	140	20	365	118	10464	9622	148	132	150	9812	66	120	9	155	137	7709	8	150	150	2	240	10344	1	16	9647	7684	0	134	230	145	5	129	10445	213	154	146	7813	8026	54	155	163	133	148	10637	8	9526	128	146	5	150	126	4	7694	124	150	10551	147	114	9621	61	7862	10630	9	154	3	7045	59	9594	9871	165	9662	9513	3	10464	137	8029	131	10382	233	100	5	3	5	150	157	58	3	145	155	10496	4	139	1	77	10414	122	10606	18	118	150	153	10579	7660	144	10	150	9599	7987	152	7684	149	166	98	8084	205	13	150	4	151	148	10310	118	153	5	3	227	9589	115	126	150	8	150	13	8013	124	12	15	124	8117	15	135	3	1	149	8	154	7730	155	150	10483	10284	112	5	10307	9580	10444	7700	116	154	13	134	10527	9613	155	10565	1	9	150	21	3	111	150	154	10604	148	150	116	18	150	5	7772	5	150	126	150	150	10439	7	10594	6	7751	9607	2	10501	9946	154	15	8086	7717	150	151	9885	7689	303	2	7712	7689	129	4	10446	2	9754	8176	8220	150	6	7919	17	7648	49	151	151	16	151	7	7696	151	158	150	0	9693	0	62	9550	120	10305	151	11	10426	4	115	5	10	150	132	10507	7659	7719	9531	7789	60	150	21	1	150	150	113	150	7549	146	11	68	9576	8115	126	7712	150	152	3	8	2	7719	8123	10424	7	10532	10458	61	150	10419	9	9520	7777	5	150	154	120	7685	135	150	7712	8250	147	129	151	154	165	7	64	7791	10586	9929	6	5	144	10640	140	150	17	150	2	152	10565	7634	7731	144	151	150	2	10652	10362	9	7553	10329	2	0
SRR8706049	9555	9681	9694	9696	9701	9697	9707	9648	9687	904	977	9707	9543	9713	278	9697	9689	9698	9718	9548	6213	9690	9713	9713	9690	9625	2026	9693	9695	106	6231	9694	9541	9773	9700	9694	9688	2110	9643	9718	9542	6283	6539	9696	9717	9686	9547	9483	1038	9547	80	9695	9371	9694	9713	9676	9693	6229	9689	9713	1021	9699	9687	99	9697	6670	943	9697	9718	9691	945	9693	94	1956	9730	99	80	9692	2117	9694	6528	9649	2035	9628	9713	9694	9692	9695	9713	9719	9701	9692	9694	9717	967	9693	9687	9691	9684	817	9679	1033	9697	9687	9713	9717	2124	6203	9693	9687	9713	64	6753	9715	6208	9677	9502	9670	6543	9774	9701	9713	9689	9713	9545	2040	9679	9706	9693	9693	9620	972	9688	9693	9713	9695	9713	9694	6501	9689	9693	9691	9688	6595	9689	9689	9692	9690	9712	9695	9716	6222	9718	9713	898	2008	9697	9693	992	128	2094	6246	9684	9718	9695	9688	2001	124	9718	2174	9691	9697	9713	9696	9692	9692	9713	9717	998	9585	9713	9683	9693	9713	9694	6280	9694	9713	9686	9713	9712	2108	9694	2043	9694	6237	51	9691	907	1931	9717	9694	6550	6207	9713	9714	207	6240	9533	9691	6250	6198	9688	9693	907	9690	10	6629	6653	9705	9694	6451	9692	6179	9695	9713	9714	9692	9713	9696	6229	9714	9721	9713	9693	0	9692	9696	87	9689	141	9714	9687	819	9692	9683	9694	9698	9711	9688	2133	6206	6274	79	6281	9694	9713	9697	9693	9713	9713	9694	9713	6143	9708	9698	9688	78	6588	9688	6215	9713	9705	9692	9685	9690	6213	6584	821	9695	2148	813	9692	9713	815	9696	79	6260	9695	9713	9718	9692	6226	9689	9713	6218	6665	9184	9686	9714	9717	9725	9696	9698	6263	1001	284	9695	9693	9693	1030	9685	9713	9695	9713	9690	9566	2108	6224	6222	9503	9714	9707	9691	1040	2054	9697	6163	2080	9693	9693
ERR9966387	141	56	5	9	93	134	20	358	112	10463	9621	141	126	143	9811	60	114	9	148	131	7708	3	143	143	2	238	10343	1	17	9646	7683	0	128	225	139	5	123	10444	207	147	140	7812	8025	48	148	157	127	142	10636	8	9525	123	139	5	143	121	4	7693	118	143	10550	140	112	9620	55	7861	10629	9	147	3	7044	57	9593	9871	159	9661	9512	3	10463	132	8029	125	10381	231	93	5	3	5	143	150	52	3	140	148	10495	4	138	1	76	10413	116	10605	18	112	143	146	10578	7659	139	10	143	9598	7986	145	7683	142	159	97	8083	204	13	143	4	144	141	10309	112	146	5	3	225	9588	113	120	143	8	143	13	8013	118	12	15	118	8117	15	129	3	1	142	8	147	7729	148	143	10483	10283	106	5	10306	9579	10443	7699	115	147	13	128	10524	9613	148	10564	1	9	143	21	3	105	143	147	10603	142	143	115	18	143	5	7771	5	143	120	143	143	10438	7	10591	6	7750	9606	2	10500	9946	147	15	8085	7716	143	144	9884	7688	302	2	7711	7688	123	4	10446	2	9753	8176	8218	143	6	7918	18	7647	50	144	144	16	144	7	7695	144	151	143	0	9692	0	62	9549	115	10304	144	11	10425	4	114	5	10	143	126	10506	7658	7718	9530	7788	58	143	21	1	143	143	107	143	7549	139	11	63	9575	8116	120	7711	143	145	3	8	2	7718	8123	10423	8	10531	10457	55	143	10418	9	9519	7776	5	143	147	114	7684	129	143	7711	8248	141	123	144	147	158	7	58	7790	10585	9928	6	5	139	10639	139	143	17	143	2	145	10564	7633	7730	138	144	143	2	10651	10361	9	7552	10328	2	0
ERR9785511	240	154	101	56	192	233	108	264	211	10408	9627	242	226	244	9815	158	213	74	249	230	7653	31	244	244	79	326	10288	62	112	9650	7779	56	227	230	238	71	222	10477	302	248	236	7758	8057	147	247	255	226	242	10583	81	9529	222	240	101	244	127	64	7788	217	244	10556	241	211	9624	153	7865	10574	82	248	44	6990	157	9597	9908	167	9665	9516	69	10408	139	8058	224	10325	319	194	101	71	73	244	251	150	90	139	249	10440	76	231	98	174	10358	215	10552	113	211	244	247	10525	7755	138	106	244	9602	7990	246	7779	243	259	195	8099	301	109	244	75	245	141	10254	211	247	52	64	233	9594	212	220	244	102	244	73	8042	126	109	110	126	8154	111	136	65	77	243	97	248	7677	249	244	10428	10228	205	74	10251	9583	10388	7795	213	248	64	135	10368	9617	249	10511	86	35	244	116	42	204	244	246	10548	242	242	213	115	244	58	7777	59	244	219	244	244	10382	82	10425	88	7697	9612	38	10445	9983	248	110	8121	7661	244	245	9890	7784	306	89	7656	7633	222	87	10391	57	9757	8205	8254	244	74	7954	115	7592	9	245	245	113	245	42	7701	245	251	244	62	9696	62	0	9553	214	10308	245	108	10370	57	212	101	88	244	225	10451	7754	7724	9534	7734	156	244	116	98	244	244	207	244	7552	240	108	70	9579	8149	219	7656	244	246	74	103	78	7665	8159	10370	95	10476	10402	153	244	10363	86	9524	7722	96	244	248	214	7629	228	244	7656	8284	240	223	245	248	259	103	156	7737	10530	9932	47	69	138	10586	231	244	113	244	86	242	10601	7637	7677	237	245	244	97	10597	10306	103	7556	10365	45	78
SRR15853458	9536	9541	9551	9553	9558	9554	9564	9555	9544	694	930	9553	9542	9559	146	9554	9546	9555	9564	9547	6134	9547	9559	9559	9547	9538	2029	9550	9552	104	6151	9551	9540	9633	9557	9551	9545	2049	9551	9564	9534	6110	6462	9553	9563	9531	9546	9331	708	9546	35	9541	9217	9551	9559	9535	9550	6147	9546	9559	697	9556	9544	103	9554	6589	723	9554	9564	9548	609	9539	99	1959	9544	103	36	9549	2053	9551	6444	9506	2037	9540	9559	9551	9549	9552	9559	9565	9558	9549	9551	9563	695	9550	9530	9548	9541	689	9536	702	9553	9544	9559	9563	2126	6123	9550	9544	9559	104	6668	9561	6132	9524	9341	9513	6457	9543	9558	9559	9547	9559	9544	1978	9536	9563	9550	9550	9534	928	9545	9535	9559	9552	9559	9550	6404	9546	9549	9548	9545	6503	9546	9546	9549	9547	9558	9552	9562	6053	9564	9559	688	2005	9554	9550	721	87	2031	6165	9536	9564	9551	9545	2003	43	9564	2100	9548	9554	9559	9553	9549	9549	9559	9563	707	9433	9559	9535	9550	9559	9551	6174	9550	9559	9543	9559	9558	2046	9552	2046	9551	6136	92	9548	698	1932	9563	9550	6459	6123	9559	9560	107	6160	9530	9548	6117	6122	9545	9550	696	9547	98	6544	6564	9551	9551	6364	9549	6099	9552	9559	9560	9549	9559	9553	6140	9559	9567	9559	9550	87	9549	9553	0	9545	102	9560	9544	685	9549	9535	9551	9555	9557	9545	2069	6121	6124	36	6191	9540	9559	9554	9550	9559	9559	9537	9559	6060	9554	9555	9545	35	6503	9545	6133	9559	9562	9549	9542	9547	6134	6490	693	9552	2073	686	9549	9559	686	9555	36	6168	9552	9559	9564	9537	6124	9546	9559	6137	6582	9026	9543	9560	9563	9572	9553	9555	6172	694	148	9552	9550	9550	726	9530	9559	9551	9559	9547	9415	2110	6138	6136	9356	9560	9553	9548	710	2056	9554	6084	2079	9550	9550
ERR6806512	166	144	67	120	100	108	134	436	77	10457	9619	168	154	168	9808	186	70	121	173	89	7700	122	168	168	117	276	10340	116	68	9642	7887	117	150	122	162	117	100	10739	211	173	165	7803	8120	162	173	176	84	168	10633	114	9522	147	166	67	168	18	117	7902	112	168	10547	164	131	9615	109	7852	10624	120	173	115	7042	99	9589	10188	184	9656	9509	116	10460	101	8112	122	10377	269	169	67	116	118	168	175	87	130	38	173	10491	117	473	67	307	10408	106	10602	70	76	168	171	10575	7865	37	60	168	9595	7977	170	7889	163	167	303	8178	115	74	168	115	169	108	10306	88	170	117	118	263	9586	90	101	168	119	168	116	8110	79	115	63	99	8213	62	153	116	113	167	120	172	7720	173	168	10478	10281	88	117	10302	9577	10440	7906	26	173	117	152	10910	9610	173	10560	115	122	168	68	116	104	168	173	10599	141	170	26	72	168	117	7762	117	168	122	168	168	10434	119	10995	120	7742	9603	124	10495	10248	172	66	8181	7707	168	169	9882	7892	295	114	7707	7679	69	117	10441	113	9748	8272	8314	168	117	8009	65	7638	199	169	169	64	169	119	7686	169	176	168	120	9689	115	214	9545	0	10299	169	60	10420	115	25	67	122	158	81	10503	7864	7709	9527	7780	107	168	69	121	168	168	72	168	7539	167	122	81	9571	8211	102	7702	168	169	115	57	113	7710	8219	10419	70	10526	10452	115	168	10413	122	9517	7767	118	168	173	97	7674	115	168	7702	8346	139	73	169	172	183	69	162	7781	10581	9924	119	117	38	10636	470	168	68	168	114	152	10896	7622	7722	166	169	163	114	10648	10359	127	7542	10658	119	116
SRR22691594	9622	10294	10306	10308	10312	10308	10319	9678	10298	891	988	10349	9588	10355	309	10309	10300	10310	10360	9593	6250	10302	10355	10355	10302	9663	2044	10305	10307	120	6265	10306	9586	10388	10311	10306	10299	2099	9673	10360	9582	6321	6571	10308	10359	10324	9592	10112	985	9593	94	10302	9976	10306	10355	10289	10305	6263	10300	10355	973	10311	10298	109	10309	6703	933	10309	10360	10303	889	10334	107	1968	10338	111	91	10304	2098	10305	6551	10260	2049	9653	10356	10306	10304	10307	10355	10361	10313	10304	10305	10359	930	10305	10293	10303	10296	750	10290	984	10309	10298	10355	10359	2138	6238	10304	10299	10355	118	6786	10357	6243	10319	10129	10276	6573	10385	10313	10355	10302	10356	9590	2021	10291	10318	10305	10305	9656	982	10299	10302	10355	10307	10355	10306	6523	10300	10305	10303	10299	6626	10301	10301	10304	10302	10354	10307	10359	6242	10360	10355	886	2022	10307	10305	956	141	2081	6281	10297	10360	10307	10300	2016	137	10360	2159	10303	10309	10355	10308	10304	10303	10355	10360	965	10219	10355	10295	10306	10355	10306	6315	10306	10355	10297	10355	10355	2093	10307	2057	10306	6259	102	10303	893	1940	10359	10306	6578	6237	10355	10356	261	6274	9578	10303	6271	6228	10299	10305	890	10302	153	6660	6686	10347	10306	6473	10304	6209	10307	10356	10356	10304	10355	10308	6258	10356	10363	10355	10305	141	10304	10308	102	10299	0	10356	10299	773	10304	10294	10306	10310	10353	10299	2120	6240	6274	93	6316	10335	10355	10309	10306	10355	10355	10302	10355	6170	10350	10310	10299	92	6617	10299	6246	10355	10317	10304	10297	10302	6248	6607	762	10307	2136	769	10304	10355	757	10309	89	6290	10307	10355	10360	10300	6257	10300	10355	6248	6703	9809	10297	10356	10359	10368	10308	10310	6292	961	312	10307	10305	10304	996	10291	10355	10307	10355	10302	10190	2123	6256	6251	10136	10356	10349	10303	993	2068	10309	6201	2090	10305	10305
CIS153C1_S4_L001	46	99	83	151	56	51	164	363	42	10514	9637	1	53	1	9823	91	44	151	8	49	7975	153	1	1	147	188	10354	146	85	9657	7792	147	48	263	54	148	42	10661	165	12	56	7827	8622	89	8	17	49	1	10690	143	9550	73	15	84	1	169	148	7806	43	1	10604	4	55	9630	90	7871	10687	150	12	146	7101	30	9603	10104	112	9709	9524	146	10475	128	8583	41	10391	181	2	83	146	149	1	10	94	149	180	8	10544	147	402	82	208	10461	32	10662	85	42	1	16	10599	7767	181	77	1	9610	7996	3	7794	2	24	247	8653	270	91	1	145	2	54	10320	34	16	147	148	174	9604	56	75	1	150	1	146	8592	46	145	78	43	8708	78	45	147	144	2	150	7	7742	8	1	10536	10295	56	147	10370	9592	10455	7811	183	12	147	44	11894	9625	8	10577	146	151	1	84	146	47	1	12	10652	2	3	180	89	1	147	7784	148	1	42	1	1	10447	150	11981	151	8018	9621	154	10556	10167	7	81	8666	7974	1	2	10023	7797	311	146	7783	7927	43	148	10502	143	9774	8767	8811	1	147	8487	81	7907	229	2	2	80	2	149	7708	2	15	1	151	9714	144	245	9560	169	10356	0	75	10468	146	182	83	152	1	43	10519	7769	7731	9542	8041	31	1	86	151	1	1	74	1	7623	1	152	42	9587	8490	42	7964	1	15	146	73	144	7988	8718	10465	85	10540	10505	86	1	10466	154	9534	7791	149	1	12	75	7704	46	1	7952	8843	12	39	2	8	18	85	93	7806	10634	9939	150	146	181	10696	399	1	83	1	144	6	10825	7703	7971	15	2	1	144	10711	10373	157	7563	10587	149	145
ERR7197757	71	41	12	16	71	67	30	340	57	10459	9618	74	62	74	9806	43	59	16	79	66	7698	18	74	74	12	184	10338	12	11	9641	7638	11	59	156	70	12	58	10440	142	78	70	7803	8014	41	79	87	65	73	10633	9	9520	53	71	12	74	61	12	7650	61	74	10547	71	57	9615	42	7850	10625	16	78	10	7041	52	9588	9867	91	9656	9507	10	10458	64	8016	57	10376	177	74	12	11	13	74	81	46	10	72	79	10490	12	82	12	34	10408	49	10602	14	57	74	77	10575	7616	71	1	74	9593	7975	76	7640	73	91	55	8074	149	20	74	12	75	75	10304	50	77	13	11	171	9585	58	52	74	15	74	12	8002	59	11	10	59	8107	9	61	11	9	73	15	78	7721	79	74	10479	10278	70	13	10301	9574	10438	7656	60	78	12	60	10521	9608	79	10561	9	16	74	16	10	62	74	78	10598	73	76	60	13	74	12	7762	12	74	58	74	74	10433	15	10588	12	7742	9603	11	10495	9940	78	12	8076	7706	74	75	9881	7643	296	9	7705	7678	58	12	10441	9	9748	8165	8206	74	13	7905	12	7637	94	75	75	11	75	14	7686	75	82	74	11	9687	11	108	9544	60	10299	75	0	10420	11	59	12	17	74	58	10501	7615	7709	9525	7779	53	74	16	12	74	74	52	74	7538	74	18	57	9570	8105	58	7701	74	76	10	3	9	7710	8113	10420	13	10526	10452	37	74	10413	16	9515	7767	12	74	78	52	7673	61	74	7701	8236	73	56	75	78	88	14	43	7781	10580	9923	12	13	71	10636	83	74	14	74	9	76	10557	7622	7722	72	75	74	9	10648	10357	16	7541	10327	13	11
SRR27481520	10305	10411	10368	10429	10433	10429	10440	10320	10419	748	1556	10461	10278	10467	326	10430	10421	10431	10472	10283	6865	10423	10467	10467	10364	10353	2623	10426	10428	667	6877	10427	10276	10447	10432	10427	10420	2657	10378	10472	10208	6882	6676	10429	10471	10440	10282	10203	384	10283	674	10414	10077	10368	10467	10330	10426	6875	10421	10467	367	10431	10419	658	10430	7317	773	10430	10472	10424	622	10444	658	2506	10449	663	677	10425	2699	10426	6650	10375	2632	10355	10467	10427	10425	10427	10467	10473	10434	10425	10426	10471	309	10426	10347	10424	10358	13	10411	376	10430	10419	10467	10471	2717	6852	10425	10420	10467	710	7400	10469	6854	10424	10232	10330	6679	10503	10434	10467	10421	10467	10280	2621	10411	10438	10426	10426	10342	1551	10420	10412	10467	10428	10467	10427	6626	10421	10426	10424	10420	6733	10422	10421	10425	10423	10466	10428	10411	6793	10472	10467	746	2607	10428	10426	335	724	2681	6892	10413	10472	10425	10420	2597	712	10472	2760	10424	10430	10467	10429	10425	10424	10467	10471	336	10265	10463	10411	10426	10467	10427	6927	10427	10467	10418	10467	10466	2696	10425	2640	10427	6873	700	10424	747	2498	10471	10427	6685	6851	10467	10468	859	6886	10205	10424	6859	6842	10420	10426	748	10423	826	6768	6794	10459	10427	6578	10425	6823	10369	10467	10468	10425	10467	10429	6870	10468	10475	10467	10426	819	10425	10370	685	10420	773	10468	10420	0	10425	10410	10368	10431	10465	10361	2721	6852	6910	672	6926	10445	10467	10430	10426	10467	10459	10413	10467	6772	10462	10431	10360	673	6723	10420	6859	10467	10437	10425	10418	10423	6862	6711	2	10428	2728	3	10425	10467	2	10426	677	6897	10428	10467	10472	10412	6871	10421	10467	6862	6811	9810	10415	10468	10471	10481	10370	10431	6904	351	333	10428	10426	10425	381	10348	10467	10428	10467	10423	10280	2704	6860	6866	10207	10466	10456	10424	382	2650	10430	6811	2664	10426	10426
ERR10460687	140	56	3	9	93	134	18	359	112	10463	9622	143	126	145	9811	60	114	9	150	131	7701	6	145	145	2	239	10343	5	16	9646	7674	4	128	224	139	5	123	10442	207	149	140	7804	8014	48	150	159	126	144	10637	8	9525	123	141	2	145	121	4	7686	118	145	10551	141	112	9620	54	7853	10629	9	149	1	7045	57	9593	9869	158	9661	9512	3	10463	132	8019	125	10381	232	95	5	3	3	145	152	52	1	138	149	10495	4	138	3	75	10413	116	10606	18	112	145	148	10579	7652	139	9	145	9598	7977	147	7676	144	161	97	8074	204	12	145	3	146	140	10309	112	147	5	3	225	9588	112	120	145	8	145	13	8004	118	12	15	118	8107	15	128	3	1	144	8	149	7722	150	145	10483	10283	106	5	10306	9579	10443	7692	115	149	13	128	10525	9613	150	10565	1	9	145	21	1	105	145	149	10603	144	145	115	18	145	5	7763	5	145	120	145	145	10438	6	10592	5	7744	9607	1	10500	9944	149	15	8076	7710	145	146	9886	7679	302	2	7707	7682	123	2	10446	2	9753	8166	8210	145	4	7909	17	7641	44	146	146	15	146	7	7687	146	153	145	4	9692	4	57	9549	115	10304	146	11	10425	0	114	2	10	145	125	10506	7651	7710	9530	7781	58	145	21	5	145	145	107	145	7540	141	10	63	9575	8106	119	7705	145	146	1	8	1	7712	8113	10424	5	10531	10457	54	145	10418	9	9520	7768	5	145	149	113	7675	129	145	7705	8240	143	123	146	149	160	4	58	7782	10585	9928	6	3	139	10640	139	145	17	145	1	147	10563	7624	7725	139	146	145	1	10652	10361	9	7543	10328	4	4
ERR12495482	177	152	66	119	112	120	132	398	77	10309	9582	181	167	181	9761	195	69	120	186	97	7602	121	181	181	115	274	10335	115	67	9633	7788	116	163	133	175	116	109	10709	174	186	175	7702	7927	161	186	189	89	179	10464	112	9513	159	177	66	181	32	115	7800	112	181	10380	177	130	9611	114	7760	10465	119	186	114	6873	98	9584	10154	163	9652	9500	114	10453	114	7935	134	10372	266	182	66	114	117	181	188	85	129	51	186	10322	115	342	66	305	10398	116	10434	68	76	181	184	10570	7762	50	59	181	9584	7881	183	7793	176	180	302	7984	23	73	181	113	182	119	10299	93	183	115	116	260	9551	89	111	181	118	181	114	7910	82	113	62	106	8008	61	165	114	112	180	119	185	7634	186	181	10329	10271	100	115	10136	9530	10433	7805	0	186	115	164	10634	9598	186	10553	114	119	181	67	115	103	181	186	10430	154	182	2	65	181	116	7660	115	181	128	181	181	10427	117	10701	116	7636	9592	115	10348	10213	185	64	7981	7611	181	182	9845	7793	202	113	7607	7591	79	115	10292	112	9743	8072	8106	181	116	7823	64	7546	197	182	182	63	182	118	7588	181	189	181	115	9683	114	212	9535	25	10294	182	59	10410	114	0	66	121	171	93	10496	7759	7620	9518	7676	106	181	68	116	181	181	69	181	7448	176	121	81	9562	8011	108	7608	181	182	114	56	112	7614	8018	10409	69	10518	10442	125	181	10403	121	9508	7669	117	181	186	101	7561	127	181	7609	8136	154	83	182	185	196	68	169	7683	10409	9877	118	115	50	10464	339	181	66	181	113	165	10860	7529	7624	179	182	176	113	10478	10353	120	7447	10625	118	115
ERR10880156	78	48	0	10	78	74	22	349	64	10406	9625	82	70	82	9813	50	66	10	87	73	7646	12	82	82	5	190	10286	6	17	9648	7644	5	66	163	77	6	65	10385	149	86	78	7749	7958	48	87	95	72	80	10581	9	9527	61	78	0	82	68	5	7656	68	82	10554	79	64	9622	49	7857	10571	10	86	2	6988	59	9595	9811	98	9663	9514	4	10406	71	7959	64	10323	184	82	6	4	4	82	89	53	2	78	87	10438	5	86	6	42	10356	56	10550	18	64	82	85	10523	7622	78	10	82	9600	7981	84	7646	81	100	63	8018	156	14	82	5	83	81	10252	57	85	6	4	178	9592	65	59	82	9	82	14	7946	66	13	16	66	8050	16	68	4	2	81	9	86	7667	87	82	10426	10226	77	6	10249	9581	10386	7662	67	86	14	67	10468	9615	87	10509	2	10	82	22	2	69	82	86	10546	80	83	67	19	82	6	7767	6	82	65	82	82	10380	8	10535	7	7688	9610	5	10443	9885	86	16	8019	7654	82	83	9888	7649	304	3	7649	7626	65	4	10389	3	9755	8109	8150	82	6	7849	18	7585	87	83	83	17	83	8	7692	83	90	82	5	9694	5	101	9551	67	10306	83	12	10368	2	66	0	11	82	65	10449	7621	7715	9532	7724	60	82	22	6	82	82	59	82	7543	82	12	65	9577	8050	65	7649	82	84	2	9	3	7657	8055	10368	5	10474	10400	44	82	10361	10	9522	7713	6	82	86	59	7620	68	82	7649	8180	79	63	83	86	97	2	50	7728	10528	9930	7	5	78	10584	87	82	18	82	3	84	10503	7628	7670	78	83	82	3	10595	10305	10	7547	10272	7	5
ERR9822151	148	62	11	15	100	141	13	365	119	10469	9628	149	133	151	9817	66	121	1	156	138	7714	14	151	151	9	246	10349	11	23	9652	7690	10	135	231	146	11	130	10452	214	155	147	7819	8033	54	156	165	134	150	10643	14	9531	130	145	11	151	127	11	7700	125	151	10557	148	119	9626	61	7867	10635	1	155	9	7051	64	9599	9880	165	9667	9518	10	10469	138	8038	132	10387	239	101	11	10	11	151	158	58	9	146	156	10501	11	145	9	82	10419	123	10612	24	119	151	154	10585	7666	145	16	151	9604	7992	153	7690	150	167	104	8092	211	19	151	11	152	149	10315	119	154	12	10	232	9595	120	127	151	14	151	19	8022	124	18	21	124	8126	21	135	10	8	150	14	155	7737	156	151	10489	10289	113	12	10312	9585	10449	7706	122	155	19	134	10531	9619	156	10571	8	1	151	27	9	112	151	155	10609	150	151	122	24	151	11	7778	11	151	127	151	151	10444	14	10598	12	7757	9613	8	10506	9955	155	21	8094	7722	151	152	9891	7695	308	8	7717	7694	130	11	10452	8	9759	8185	8227	151	12	7927	24	7653	74	152	152	22	152	13	7702	152	159	151	10	9698	10	88	9555	122	10310	152	17	10431	10	121	11	0	151	133	10512	7665	7725	9536	7795	65	151	27	11	151	151	114	151	7555	147	3	69	9581	8124	127	7717	151	153	9	14	8	7725	8132	10430	14	10537	10463	61	151	10424	15	9526	7783	11	151	155	121	7690	136	151	7717	8257	149	130	152	155	166	13	64	7797	10591	9934	12	12	145	10646	146	151	23	151	8	153	10573	7639	7737	146	152	151	8	10658	10367	15	7558	10338	10	10
CIS15HB1_S39_L001	45	98	82	150	55	50	163	363	41	10511	9634	0	52	0	9820	90	43	150	7	48	7973	152	0	0	146	187	10351	145	84	9654	7789	146	47	252	53	147	41	10659	164	11	55	7824	8618	88	7	16	48	0	10688	142	9547	72	14	83	0	158	147	7802	42	0	10601	3	54	9627	89	7868	10684	149	11	145	7098	29	9600	10103	111	9706	9521	145	10472	127	8581	40	10388	180	1	82	145	148	0	9	93	148	169	7	10541	146	401	81	207	10458	31	10660	85	41	0	15	10592	7763	170	77	0	9607	7993	2	7790	1	23	246	8652	259	90	0	144	1	53	10317	33	15	146	147	173	9601	55	74	0	149	0	145	8592	45	144	77	42	8705	77	44	146	143	1	149	6	7739	7	0	10533	10292	55	146	10368	9589	10452	7807	172	11	146	43	11890	9622	7	10574	145	150	0	83	145	46	0	11	10650	1	2	169	88	0	146	7781	147	0	41	0	0	10444	149	11980	150	8016	9618	153	10553	10168	6	80	8663	7972	0	1	10020	7794	310	145	7779	7925	42	147	10500	142	9771	8764	8811	0	146	8488	80	7905	228	1	1	79	1	148	7705	1	14	0	150	9711	143	244	9557	158	10353	1	74	10465	145	171	82	151	0	42	10516	7765	7728	9539	8038	30	0	85	150	0	0	73	0	7620	0	151	41	9584	8485	41	7962	0	14	145	72	143	7985	8715	10462	85	10537	10502	85	0	10463	153	9531	7788	148	0	11	74	7701	45	0	7950	8843	11	38	1	7	17	84	92	7803	10632	9936	149	145	170	10692	398	0	82	0	143	5	10824	7701	7969	14	1	0	143	10705	10369	156	7560	10582	148	144
ERR6805990	37	68	65	131	25	15	142	320	11	10398	9618	42	36	42	9806	70	9	132	45	20	7638	133	42	42	127	159	10280	127	66	9642	7766	128	32	176	20	129	8	10577	119	47	35	7739	8270	69	45	54	19	42	10574	125	9522	26	41	66	42	81	127	7781	28	42	10547	39	20	9615	70	7849	10565	131	47	127	6981	19	9588	10027	65	9656	9509	126	10400	111	8259	5	10316	153	43	65	126	130	42	47	74	126	92	45	10432	127	352	65	190	10349	16	10543	68	11	42	45	10515	7744	94	58	42	9595	7973	44	7769	41	59	200	8311	182	73	42	125	43	41	10246	17	45	127	128	146	9585	21	29	42	131	42	128	8254	7	126	61	7	8362	60	22	126	125	41	131	44	7658	45	42	10419	10221	25	127	10246	9576	10380	7785	96	47	128	21	11153	9610	45	10500	126	133	42	66	127	10	42	47	10540	40	43	93	71	42	128	7758	128	42	12	42	42	10373	130	11242	132	7679	9603	135	10436	10087	44	64	8329	7645	42	43	9881	7772	295	126	7642	7617	12	126	10382	124	9748	8420	8462	42	127	8156	63	7576	209	43	43	62	42	130	7682	43	50	42	132	9688	126	225	9545	81	10299	43	58	10361	125	93	65	133	42	0	10443	7743	7705	9527	7715	20	42	67	132	42	42	29	42	7536	42	133	13	9571	8162	8	7640	42	44	126	55	125	7647	8366	10360	68	10466	10393	65	42	10354	134	9517	7703	129	42	47	29	7611	15	42	7640	8495	44	23	43	46	55	67	71	7718	10522	9922	131	126	94	10577	349	42	66	42	126	43	10734	7620	7660	41	43	42	125	10588	10298	138	7538	10497	130	127
SRR10326268	10418	10496	10449	10510	10512	10511	10521	10418	10501	2861	1435	10510	10425	10518	2178	10511	10503	10512	10523	10430	6621	10504	10518	10518	10445	10449	25	10507	10508	2091	6653	10508	10423	10531	10514	10508	10502	93	10474	10523	10359	6647	6970	10510	10522	10485	10429	10286	2905	10429	2054	10498	10121	10449	10518	10429	10507	6638	10503	10518	2883	10514	10501	2083	10511	7100	2913	10511	10523	10505	2566	10497	2080	29	10535	2082	2055	10506	21	10508	6905	10464	14	10437	10519	10508	10506	10509	10518	10524	10515	10506	10508	10522	2876	10507	10429	10505	10439	2715	10493	2906	10511	10501	10518	10522	19	6632	10507	10501	10518	2111	7136	10520	6631	10486	10286	10412	6960	10591	10515	10518	10504	10519	10425	15	10494	10521	10507	10507	10441	1430	10502	10495	10518	10509	10518	10508	6891	10503	10507	10505	10502	6967	10503	10503	10506	10504	10517	10509	10463	6562	10523	10518	2861	24	10507	10507	2896	2108	14	6638	10499	10523	10509	10502	18	2070	10523	16	10505	10511	10518	10510	10506	10506	10518	10523	2910	10383	10514	10497	10508	10518	10508	6657	10508	10518	10500	10518	10518	17	10509	23	10508	6607	2093	10505	2868	22	10522	10508	6936	6617	10518	10519	2179	6650	10357	10505	6660	6606	10502	10507	2862	10504	2151	6976	6988	10509	10508	6867	10506	6607	10450	10519	10519	10506	10518	10510	6606	10519	10526	10518	10507	2133	10506	10451	2069	10503	2120	10519	10501	2721	10506	10496	10449	10512	10516	10443	0	6638	6607	2054	6629	10498	10518	10511	10507	10518	10510	10495	10518	6548	10514	10512	10443	2055	6963	10502	6618	10518	10520	10506	10499	10504	6621	6961	2722	10509	21	2721	10506	10518	2717	10511	2054	6631	10509	10518	10523	10495	6637	10503	10518	6613	7003	9887	10500	10519	10522	10531	10451	10512	6629	2895	2188	10509	10507	10507	2933	10430	10518	10509	10518	10504	10355	24	6621	6618	10289	10518	10515	10505	2917	44	10511	6595	29	10507	10507
ERR4401298	7739	7599	7621	7662	7757	7758	7671	7730	7748	6813	5876	7756	7744	7769	6229	7630	7747	7664	7774	7745	81	7661	7769	7769	7657	7744	6616	7654	7627	6173	23	7656	7743	7941	7758	7661	7746	6666	7756	7773	7745	75	451	7624	7773	7755	7743	7541	6969	7655	6088	7735	7419	7619	7767	7860	7660	4	7744	7769	6931	7763	7748	6264	7622	823	6915	7663	7773	7658	5203	7576	6243	6398	7739	6267	6086	7657	6645	7748	411	7727	6624	7749	7636	7626	7658	7661	7769	7775	7633	7656	7871	7771	6897	7659	7602	7622	7537	6855	7742	6927	7628	7748	7766	7772	6671	1	7875	7618	7769	6150	832	7771	0	7734	7567	7585	454	7848	7625	7769	7655	7769	7750	6607	7738	7769	7659	7660	7733	5864	7746	7718	7769	7662	7769	7659	393	7748	7660	7621	7750	436	7617	7744	7658	7656	7768	7663	7772	72	7773	7769	6824	6499	7754	7659	6833	6158	6629	3	7762	7773	7600	7749	6799	6125	7773	6608	7658	7663	7769	7628	7661	7753	7769	7772	6958	7635	7768	7759	7626	7769	7660	65	7600	7768	7745	7769	7768	6611	7653	6837	7655	72	6164	7650	6835	6419	7773	7622	423	81	7769	7770	6209	23	7596	7658	92	77	7749	7653	6808	7656	6254	443	447	7757	7656	415	7624	78	7737	7769	7767	7618	7768	7662	60	7769	7777	7769	7659	6206	7658	7754	6121	7864	6240	7769	7615	6852	7651	7759	7621	7665	7765	7743	6638	0	69	6083	70	7580	7769	7629	7660	7769	7766	7712	7769	91	7768	7658	7617	6116	442	7745	82	7768	7768	7658	7613	7648	78	450	6860	7627	6620	6857	7621	7765	6857	7655	6092	85	7663	7769	7773	7713	84	7748	7769	77	448	7299	7747	7770	7773	7783	7623	7630	83	6927	6265	7662	7654	7875	6962	7602	7764	7624	7769	7648	7628	6669	91	80	7566	7767	7758	7653	6960	6635	7664	76	6545	7660	7655
ERR6806710	7613	7695	7714	7726	7726	7721	7729	7553	7715	6886	5899	7729	7618	7730	6238	7725	7710	7725	7738	7620	66	7712	7733	7733	7718	7647	6585	7716	7722	6176	82	7715	7616	7795	7722	7722	7708	6674	7633	7737	7624	87	422	7720	7735	7716	7617	7504	7033	7629	6092	7693	7397	7715	7732	7710	7720	70	7705	7733	6994	7727	7711	6255	7714	806	6987	7727	7737	7719	5275	7668	6238	6361	7700	6259	6091	7718	6616	7711	385	7689	6598	7637	7734	7723	7720	7723	7733	7736	7729	7716	7709	7729	6959	7721	7700	7721	7643	6906	7707	7003	7721	7715	7730	7737	6640	71	7714	7712	7733	6168	815	7735	70	7695	7534	7683	412	7708	7721	7730	7718	7734	7616	6575	7699	7734	7723	7720	7628	5890	7709	7678	7731	7721	7733	7722	370	7711	7722	7716	7715	406	7712	7706	7721	7717	7732	7723	7737	80	7737	7733	6897	6481	7718	7723	6902	6163	6597	70	7624	7737	7673	7710	6574	6129	7737	6577	7719	7723	7733	7722	7718	7720	7732	7737	7033	7597	7732	7621	7720	7731	7721	90	7673	7733	7708	7733	7733	6581	7715	6602	7715	59	6183	7710	6908	6377	7737	7716	395	68	7733	7734	6275	82	7608	7718	147	64	7715	7712	6881	7718	6318	412	417	7719	7715	387	7720	65	7717	7734	7729	7711	7733	7724	47	7733	7741	7733	7719	6274	7718	7724	6124	7709	6274	7731	7709	6910	7710	7620	7715	7725	7728	7705	6607	69	0	6090	57	7675	7733	7727	7720	7733	7728	7675	7733	77	7731	7719	7714	6120	413	7709	69	7732	7733	7718	7705	7706	65	419	6915	7725	6589	6915	7717	7727	6911	7716	6096	72	7723	7733	7737	7672	72	7712	7733	64	418	7267	7710	7734	7737	7746	7716	7728	71	7000	6279	7722	7713	7712	7040	7701	7726	7717	7733	7709	7591	6627	78	66	7519	7731	7726	7711	7039	6605	7725	63	6503	7723	7714
SRR8297279	9518	9522	9532	9534	9540	9536	9545	9537	9526	682	912	9535	9524	9541	139	9535	9528	9536	9546	9529	6097	9528	9541	9541	9528	9520	2015	9531	9533	92	6113	9532	9522	9613	9539	9532	9527	2032	9533	9546	9518	6077	6424	9534	9545	9513	9528	9314	698	9527	1	9523	9204	9532	9541	9518	9531	6109	9528	9541	686	9538	9526	93	9535	6553	712	9535	9546	9529	601	9521	91	1941	9527	95	2	9530	2035	9533	6412	9488	2023	9522	9542	9532	9530	9533	9541	9547	9539	9530	9533	9545	685	9531	9513	9529	9522	674	9518	691	9534	9526	9541	9545	2107	6085	9532	9525	9541	93	6632	9543	6094	9505	9331	9496	6423	9525	9539	9541	9527	9542	9526	1964	9519	9545	9531	9531	9516	910	9527	9519	9541	9533	9541	9531	6371	9528	9530	9529	9527	6466	9527	9528	9530	9528	9540	9533	9545	6023	9546	9541	678	1991	9536	9531	712	78	2017	6127	9519	9546	9532	9527	1989	33	9546	2083	9529	9535	9541	9534	9530	9531	9541	9546	696	9413	9541	9518	9532	9541	9532	6137	9531	9541	9525	9541	9541	2029	9533	2032	9532	6103	83	9529	687	1920	9545	9531	6424	6089	9541	9542	95	6122	9514	9529	6083	6088	9527	9531	684	9528	87	6503	6526	9533	9532	6329	9530	6065	9533	9542	9542	9530	9541	9534	6106	9541	9549	9541	9531	79	9530	9534	36	9527	93	9542	9525	672	9530	9518	9532	9536	9539	9527	2054	6083	6090	0	6154	9522	9541	9535	9531	9541	9541	9519	9541	6030	9536	9536	9527	1	6465	9527	6099	9541	9544	9530	9523	9528	6097	6452	680	9533	2054	675	9530	9541	673	9536	2	6135	9533	9541	9546	9519	6090	9528	9541	6103	6540	9017	9525	9542	9545	9554	9534	9536	6139	685	139	9533	9531	9532	715	9513	9541	9532	9541	9528	9398	2094	6103	6102	9339	9542	9535	9529	699	2039	9535	6046	2061	9531	9531
SRR6457657	8010	7764	7723	7796	7796	7791	7799	7636	7785	6888	5947	8039	7775	8039	6300	7794	7779	7794	8048	7776	74	7783	8043	8043	7728	7777	6605	7786	7792	6244	83	7785	7772	7803	7792	7792	7777	6644	7788	8046	7717	43	405	7790	8044	8023	7774	7812	7057	7786	6159	7762	7708	7725	8042	7720	7790	71	7774	8043	7021	7797	7781	6338	7784	806	6992	7797	8046	7789	5292	7978	6317	6379	7770	6341	6157	7788	6635	7781	368	7759	6613	7780	8042	7792	7789	7791	8043	8046	7799	7786	7779	8039	6982	7791	7709	7791	7639	6929	7776	7016	7791	7785	8040	8047	6661	73	7785	7782	8043	6222	816	8044	71	8006	7843	7692	395	7764	7790	8039	7788	8042	7772	6596	7767	7804	7793	7790	7760	5935	7779	7746	8041	7791	8043	7792	352	7781	7792	7786	7784	388	7782	7775	7791	7787	8042	7793	7985	41	8047	8043	6896	6485	7788	7792	6919	6232	6620	71	7677	8046	7729	7780	6590	6196	8047	6597	7790	7793	8042	7792	7788	7789	8042	8045	7047	7907	8038	7675	7788	8041	7791	33	7730	8043	7778	8043	8041	6601	7784	6618	7785	63	6235	7779	6910	6396	8046	7786	378	73	8043	8044	6361	83	7704	7788	60	70	7785	7783	6880	7788	6329	395	400	8029	7785	370	7790	69	7727	8042	8039	7781	8043	7794	42	8043	8051	8043	7789	6281	7788	7734	6191	7780	6316	8041	7779	6926	7781	7676	7724	7795	8038	7715	6629	70	57	6154	0	7984	8043	7797	7790	8043	8030	7744	8043	59	8042	7787	7722	6188	396	7778	72	8042	7803	7788	7775	7775	71	402	6935	7795	6611	6931	7786	8037	6931	7785	6163	36	7794	8043	8046	7741	38	7781	8043	70	401	7516	7779	8044	8046	8052	7726	7798	52	7012	6338	7791	7783	7782	7051	7709	8036	7787	8043	7779	7894	6648	59	71	7837	8040	8036	7781	7049	6624	7795	57	6526	7792	7783
ERR6752971	33	76	60	63	33	29	76	340	19	10495	9616	30	31	30	9803	69	21	64	35	28	7921	66	30	30	60	153	10334	60	61	9637	7603	60	26	202	32	61	20	10619	144	35	34	7774	8457	67	35	44	27	30	10643	57	9530	50	30	61	30	106	61	7615	22	30	10557	27	19	9610	68	7823	10666	63	35	59	7055	1	9583	10055	90	9689	9504	59	10455	106	8422	19	10371	146	31	60	59	62	30	37	72	62	117	35	10499	60	100	60	50	10438	10	10616	62	19	30	33	10571	7578	120	53	30	9590	7947	32	7605	29	49	77	8494	194	68	30	58	31	30	10300	11	33	60	60	139	9583	20	53	30	63	30	60	8420	24	58	56	21	8534	55	23	60	57	29	63	34	7691	35	30	10516	10275	33	60	10325	9572	10435	7621	108	35	60	22	11591	9602	35	10556	59	63	30	61	59	24	30	35	10607	29	32	105	60	30	60	7727	60	30	20	30	30	10428	63	11663	61	7962	9600	59	10536	10117	34	59	8496	7920	30	31	10002	7608	197	58	7731	7873	21	60	10482	56	9754	8593	8638	30	59	8327	57	7856	142	31	31	57	31	62	7652	31	38	30	60	9694	58	156	9540	107	10335	31	53	10445	58	106	60	65	30	20	10498	7580	7675	9522	7984	0	30	63	61	30	30	52	30	7569	30	66	20	9567	8320	20	7910	30	32	58	50	57	7932	8545	10441	61	10520	10482	63	30	10443	67	9513	7734	62	30	35	53	7652	23	30	7898	8668	34	17	31	35	45	62	70	7748	10589	9919	63	59	118	10646	101	30	61	30	58	33	10765	7648	7916	30	31	29	57	10658	10353	64	7510	10530	62	59
CIV13UE4_S38_L001	45	98	82	150	55	50	163	363	41	10513	9636	0	52	0	9822	90	43	150	7	48	7976	152	0	0	146	187	10353	145	84	9656	7794	146	47	262	53	147	41	10661	164	11	55	7829	8626	88	7	16	48	0	10690	142	9549	72	14	83	0	168	147	7806	42	0	10603	3	54	9629	89	7873	10686	149	11	145	7100	29	9602	10105	111	9708	9523	145	10474	127	8587	40	10390	180	1	82	145	148	0	9	93	148	179	7	10543	146	401	81	207	10460	31	10662	85	41	0	15	10597	7767	180	77	0	9609	7998	2	7794	1	23	246	8657	269	90	0	144	1	53	10319	33	15	146	147	173	9603	55	74	0	149	0	145	8597	45	144	77	42	8713	77	44	146	143	1	149	6	7744	7	0	10535	10294	55	146	10370	9591	10454	7811	182	11	146	43	11894	9624	7	10576	145	150	0	83	145	46	0	11	10652	1	2	179	88	0	146	7786	147	0	41	0	0	10446	149	11984	150	8020	9620	153	10555	10169	6	80	8671	7975	0	1	10022	7799	310	145	7783	7928	42	147	10502	142	9773	8772	8815	0	146	8492	80	7908	228	1	1	79	1	148	7710	1	14	0	150	9713	143	244	9559	168	10355	1	74	10467	145	181	82	151	0	42	10518	7769	7733	9541	8043	30	0	85	150	0	0	73	0	7625	0	151	41	9586	8493	41	7965	0	14	145	72	143	7989	8723	10464	85	10539	10504	85	0	10465	153	9533	7793	148	0	11	74	7706	45	0	7953	8847	11	38	1	7	17	84	92	7808	10634	9938	149	145	180	10696	398	0	82	0	143	5	10825	7706	7972	14	1	0	143	10710	10372	156	7565	10587	148	144
ERR12552384	82	50	22	26	80	76	40	350	66	10468	9630	85	72	85	9815	52	68	26	90	75	7714	28	85	85	22	193	10348	22	21	9651	7654	21	68	165	79	22	67	10450	151	89	80	7821	8031	50	90	98	74	83	10645	19	9530	63	81	22	85	70	22	7664	70	85	10559	81	66	9625	51	7866	10633	26	89	20	7053	62	9598	9876	100	9666	9517	21	10468	73	8035	66	10386	186	85	22	21	23	85	92	55	20	81	90	10500	22	92	22	44	10418	58	10614	24	66	85	88	10587	7630	80	14	85	9603	7991	87	7654	84	102	65	8093	158	30	85	22	86	82	10314	59	87	23	21	180	9597	67	61	85	25	85	22	8021	68	21	6	68	8125	18	70	21	19	84	25	89	7738	90	85	10488	10288	79	23	10311	9584	10448	7670	69	89	22	69	10530	9618	90	10573	19	26	85	2	20	71	85	89	10608	83	87	69	19	85	22	7779	22	85	67	85	85	10443	25	10597	23	7759	9615	21	10505	9950	89	22	8094	7722	85	86	9894	7659	306	19	7716	7694	67	22	10451	19	9758	8184	8225	85	23	7925	4	7653	104	86	86	5	86	24	7704	86	93	85	21	9697	21	116	9554	69	10309	86	16	10430	21	68	22	27	85	67	10511	7629	7727	9535	7797	63	85	0	22	85	85	61	85	7553	85	28	67	9580	8123	67	7717	85	86	20	13	19	7728	8131	10432	23	10535	10462	46	85	10423	26	9527	7785	22	85	89	61	7689	70	85	7717	8255	83	65	86	89	100	24	52	7799	10590	9932	23	23	80	10648	93	85	24	85	19	87	10570	7638	7740	82	86	85	19	10660	10367	26	7557	10339	23	21
ERR10949310	147	62	6	10	99	140	23	363	118	10464	9623	148	131	150	9812	66	120	10	155	136	7710	12	150	150	5	239	10344	2	17	9647	7685	1	133	231	145	6	129	10445	212	154	145	7814	8027	54	155	163	132	148	10638	8	9526	129	146	6	150	127	6	7695	124	150	10552	146	114	9621	61	7862	10629	10	154	4	7046	60	9594	9871	165	9662	9513	5	10464	138	8030	131	10382	232	100	6	5	6	150	157	58	4	146	155	10496	6	140	3	78	10414	122	10607	19	118	150	153	10580	7661	145	11	150	9599	7987	152	7685	149	166	99	8085	206	14	150	6	151	145	10310	118	152	7	5	226	9590	115	126	150	9	150	14	8014	124	13	16	124	8118	16	135	5	2	149	9	154	7730	155	150	10484	10284	112	7	10307	9580	10444	7701	117	154	14	134	10525	9614	155	10566	2	10	150	22	4	111	150	154	10604	148	150	117	19	150	6	7772	6	150	126	150	150	10439	9	10592	7	7752	9608	4	10501	9946	154	16	8087	7718	150	151	9887	7690	303	3	7712	7690	129	6	10447	3	9754	8177	8220	150	7	7920	18	7649	87	151	151	17	151	8	7697	151	158	150	1	9693	1	98	9550	121	10306	151	12	10426	5	116	6	11	150	132	10507	7660	7720	9531	7790	61	150	22	0	150	150	113	150	7549	146	12	69	9576	8118	126	7713	150	151	4	9	3	7721	8124	10425	8	10532	10458	61	150	10419	10	9521	7778	6	150	154	120	7685	135	150	7713	8250	147	129	151	154	165	8	64	7792	10586	9929	7	7	145	10641	141	150	18	150	3	152	10565	7634	7733	144	151	150	3	10653	10363	10	7553	10330	4	1
CIV140E1_S30_L001	45	98	82	150	55	50	163	363	41	10513	9636	0	52	0	9822	90	43	150	7	48	7976	152	0	0	146	187	10353	145	84	9656	7794	146	47	261	53	147	41	10661	164	11	55	7829	8626	88	7	16	48	0	10690	142	9549	72	14	83	0	168	147	7806	42	0	10603	3	54	9629	89	7873	10686	149	11	145	7100	29	9602	10105	111	9708	9523	145	10474	127	8589	40	10390	180	1	82	145	148	0	9	93	148	179	7	10543	146	400	81	207	10460	31	10662	85	41	0	15	10597	7767	180	77	0	9609	7998	2	7794	1	23	246	8657	269	90	0	144	1	53	10319	33	15	146	147	173	9603	55	74	0	149	0	145	8597	45	144	77	42	8713	77	44	146	143	1	149	6	7744	7	0	10535	10294	55	146	10370	9591	10454	7811	182	11	146	43	11886	9624	7	10576	145	150	0	83	145	46	0	11	10652	1	2	179	88	0	146	7786	147	0	41	0	0	10446	149	11978	150	8020	9620	153	10555	10170	6	80	8671	7975	0	1	10022	7799	310	145	7783	7928	42	147	10502	142	9773	8772	8818	0	146	8495	80	7908	228	1	1	79	1	148	7710	1	14	0	150	9713	143	244	9559	168	10355	1	74	10467	145	181	82	151	0	42	10518	7769	7733	9541	8043	30	0	85	150	0	0	73	0	7625	0	151	41	9586	8493	41	7965	0	14	145	72	143	7989	8723	10464	85	10539	10504	85	0	10465	153	9533	7793	148	0	11	74	7706	45	0	7953	8850	11	38	1	7	17	84	92	7808	10634	9938	149	145	179	10696	397	0	82	0	143	5	10828	7706	7972	14	1	0	143	10710	10372	156	7565	10587	148	144
CIV140E6_S2_L001	45	98	82	150	55	50	163	360	41	10505	9636	0	52	0	9822	90	43	150	7	48	7963	152	0	0	146	187	10345	145	84	9656	7789	146	47	262	53	147	41	10652	164	11	55	7816	8613	88	7	16	48	0	10681	142	9549	72	14	83	0	167	147	7803	42	0	10602	3	54	9629	89	7868	10678	149	11	145	7092	29	9602	10097	111	9708	9523	145	10466	127	8575	40	10382	180	1	82	145	148	0	9	93	148	179	7	10535	146	401	81	207	10452	31	10654	85	41	0	15	10583	7764	180	77	0	9609	7993	2	7791	1	23	246	8643	269	90	0	144	1	53	10311	33	15	146	147	173	9603	55	74	0	149	0	145	8583	45	144	77	42	8699	77	44	146	143	1	149	6	7731	7	0	10527	10286	55	146	10362	9591	10446	7808	182	11	146	43	11884	9624	7	10568	145	150	0	83	145	46	0	11	10644	1	2	179	88	0	146	7781	147	0	41	0	0	10438	149	11976	150	8007	9620	153	10547	10161	6	80	8657	7962	0	1	10022	7794	310	145	7775	7915	42	147	10494	142	9773	8758	8805	0	146	8482	80	7895	228	1	1	79	1	148	7705	1	14	0	150	9713	143	244	9559	168	10355	1	74	10459	145	181	82	151	0	42	10510	7766	7728	9541	8030	30	0	85	150	0	0	73	0	7620	0	151	41	9586	8480	41	7952	0	14	145	72	143	7976	8709	10456	85	10531	10496	85	0	10457	153	9533	7779	148	0	11	74	7693	45	0	7940	8838	11	38	1	7	17	84	92	7794	10626	9938	149	145	180	10684	398	0	82	0	143	5	10814	7701	7959	14	1	0	143	10696	10364	156	7560	10572	148	144
ERR6806125	69	74	59	112	42	38	126	311	28	10451	9613	73	33	73	9792	68	30	113	78	36	7664	114	73	73	109	155	10332	108	60	9634	7735	109	28	166	41	110	29	10639	111	78	42	7769	8295	66	78	87	35	73	10619	105	9514	24	72	60	73	71	109	7750	31	73	10533	41	28	9608	67	7815	10617	112	78	108	7027	51	9581	10085	63	9649	9501	108	10452	105	8296	28	10369	149	74	59	108	111	73	80	71	107	83	78	10474	109	350	59	185	10401	19	10588	62	28	73	76	10570	7713	84	52	73	9587	7940	75	7737	72	91	181	8364	158	67	73	107	74	45	10298	20	47	109	110	142	9580	29	0	73	112	73	109	8292	30	107	55	30	8403	54	32	108	106	72	112	77	7687	78	73	10472	10272	42	109	10300	9560	10432	7754	72	78	109	31	11859	9602	78	10555	107	114	73	60	108	33	73	78	10582	72	75	69	65	73	109	7727	109	73	29	73	73	10426	112	11949	113	7707	9598	116	10488	10147	77	58	8367	7671	73	74	9900	7740	288	107	7701	7643	29	109	10434	105	9754	8460	8500	73	109	8195	57	7602	191	74	74	56	74	111	7652	74	81	73	113	9694	107	207	9537	72	10302	74	52	10413	107	69	59	114	73	29	10495	7712	7675	9519	7744	52	73	61	113	73	73	0	73	7534	73	115	29	9563	8181	29	7666	73	46	107	49	106	7676	8408	10415	62	10518	10445	62	73	10406	114	9511	7733	110	73	78	0	7638	32	73	7666	8533	75	26	74	77	88	61	68	7747	10564	9908	112	109	84	10622	347	73	60	73	107	75	10796	7614	7689	73	74	73	106	10634	10351	119	7505	10559	111	108
CIT159B1_S40_L001	45	98	82	150	55	50	163	363	41	10513	9636	0	52	0	9822	90	43	150	7	48	7976	152	0	0	146	187	10353	145	84	9656	7794	146	47	262	53	147	41	10663	164	11	55	7829	8626	88	7	16	48	0	10690	142	9549	72	14	83	0	168	147	7806	42	0	10603	3	54	9629	89	7873	10686	149	11	145	7100	29	9602	10107	111	9708	9523	145	10474	127	8591	40	10390	180	1	82	145	148	0	9	93	148	179	7	10543	146	401	81	207	10460	31	10662	85	41	0	15	10598	7767	180	77	0	9609	7998	2	7794	1	23	246	8658	269	90	0	144	1	53	10319	33	15	146	147	173	9603	55	74	0	149	0	145	8599	45	144	77	42	8714	77	44	146	143	1	149	6	7744	7	0	10535	10294	55	146	10370	9591	10454	7811	182	11	146	43	11894	9624	7	10576	145	150	0	83	145	46	0	11	10652	1	2	179	88	0	146	7786	147	0	41	0	0	10446	149	11984	150	8019	9620	153	10555	10172	6	80	8672	7975	0	1	10022	7799	310	145	7783	7928	42	147	10502	142	9773	8773	8819	0	146	8495	80	7908	228	1	1	79	1	148	7710	1	14	0	150	9713	143	244	9559	168	10355	1	74	10467	145	181	82	151	0	42	10518	7769	7733	9541	8043	30	0	85	150	0	0	73	0	7625	0	151	41	9586	8495	41	7965	0	14	145	72	143	7989	8724	10464	85	10539	10504	85	0	10465	153	9533	7793	148	0	11	74	7706	45	0	7953	8851	11	38	1	7	17	84	92	7808	10634	9938	149	145	180	10696	398	0	82	0	143	5	10830	7705	7972	14	1	0	143	10711	10372	156	7565	10590	148	144
ERR3635266	7564	7554	7543	7553	7553	7574	7559	7498	7542	6743	5798	7621	7535	7625	6167	7584	7561	7554	7630	7538	69	7542	7625	7625	7547	7567	6535	7543	7550	6106	104	7543	7564	7623	7572	7550	7560	6602	7580	7628	7573	61	454	7577	7629	7613	7536	7401	6899	7545	6032	7535	7302	7541	7624	7538	7549	92	7567	7625	6871	7586	7563	6185	7575	808	6843	7554	7628	7548	5173	7565	6182	6331	7561	6188	6031	7547	6556	7539	417	7540	6543	7569	7626	7550	7548	7550	7625	7631	7588	7543	7540	7625	6842	7549	7529	7548	7466	6776	7566	6861	7550	7542	7622	7629	6576	93	7542	7542	7625	6091	811	7627	97	7591	7432	7512	451	7534	7548	7625	7548	7626	7564	6517	7561	7593	7550	7548	7553	5789	7560	7541	7623	7552	7625	7550	404	7562	7549	7544	7565	438	7540	7535	7548	7547	7624	7552	7629	61	7629	7625	6754	6422	7550	7550	6765	6101	6540	97	7449	7628	7497	7540	6558	6064	7629	6516	7547	7554	7625	7553	7548	7569	7624	7628	6894	7498	7624	7448	7550	7625	7550	53	7497	7625	7538	7625	7625	6530	7542	6577	7543	61	6098	7539	6765	6352	7629	7545	428	69	7625	7626	6139	104	7529	7547	79	65	7543	7541	6733	7547	6186	444	450	7616	7545	419	7549	67	7547	7626	7621	7540	7625	7552	62	7625	7633	7625	7549	6143	7549	7552	6060	7539	6170	7623	7538	6772	7540	7448	7543	7555	7620	7536	6548	91	77	6030	59	7569	7625	7553	7549	7625	7620	7534	7625	0	7624	7546	7542	6056	425	7559	70	7624	7592	7548	7536	7537	66	452	6781	7551	6521	6777	7574	7619	6778	7544	6032	74	7550	7625	7628	7535	76	7541	7625	65	450	7165	7573	7626	7629	7638	7545	7585	70	6863	6192	7551	7543	7543	6900	7529	7618	7546	7625	7536	7480	6594	7	69	7420	7623	7618	7540	6898	6555	7553	81	6470	7549	7543
CIV140E4_S26_L001	45	98	82	146	55	50	159	363	41	10508	9632	0	52	0	9817	90	43	146	7	48	7975	148	0	0	142	183	10349	141	84	9651	7793	142	47	261	53	143	41	10653	164	11	55	7828	8606	88	7	16	48	0	10684	138	9544	72	14	83	0	167	143	7805	42	0	10598	3	50	9624	89	7872	10681	145	11	141	7099	29	9597	10097	111	9703	9518	141	10470	119	8567	40	10386	176	1	82	141	144	0	9	93	144	178	7	10538	142	385	81	207	10455	31	10656	85	41	0	15	10594	7766	179	77	0	9604	7997	2	7793	1	23	242	8641	264	90	0	140	1	52	10315	33	15	142	143	169	9599	51	74	0	145	0	141	8577	45	140	77	42	8693	77	44	142	139	1	145	6	7743	7	0	10530	10290	55	142	10364	9586	10450	7810	177	11	142	43	11841	9619	7	10572	141	146	0	83	141	46	0	11	10646	1	2	174	88	0	142	7785	143	0	41	0	0	10442	145	11925	146	8019	9615	149	10550	10160	6	80	8651	7974	0	1	10017	7798	310	141	7782	7927	42	143	10496	138	9768	8752	8795	0	142	8472	80	7907	224	1	1	79	1	144	7709	1	14	0	146	9708	139	240	9554	167	10350	1	74	10462	141	176	82	147	0	42	10514	7768	7731	9536	8042	30	0	85	146	0	0	73	0	7624	0	147	41	9581	8476	41	7964	0	14	141	72	139	7988	8703	10459	85	10535	10499	85	0	10460	149	9528	7792	144	0	11	74	7705	45	0	7952	8827	11	38	1	7	17	84	92	7807	10628	9933	145	141	178	10690	382	0	82	0	139	5	10818	7705	7971	14	1	0	139	10705	10368	152	7564	10579	144	140
ERR10109255	147	63	12	16	100	141	15	365	119	10469	9631	149	134	151	9817	68	121	2	156	138	7706	18	151	151	12	247	10349	12	23	9652	7681	11	136	232	146	12	130	10452	215	155	148	7813	8022	56	156	165	134	150	10646	15	9531	130	146	12	151	126	12	7694	126	151	10559	148	119	9626	63	7859	10634	2	155	10	7054	65	9599	9878	166	9667	9518	11	10469	139	8026	132	10387	240	101	10	11	12	151	158	60	10	146	156	10501	12	145	12	83	10419	124	10614	24	119	151	154	10588	7659	146	16	151	9604	7983	153	7684	150	167	104	8083	211	18	151	12	152	149	10315	120	154	13	11	234	9598	120	128	151	15	151	20	8012	125	19	22	125	8116	22	136	11	9	150	15	155	7729	156	151	10489	10289	113	13	10312	9584	10449	7699	122	155	20	135	10533	9619	156	10574	9	2	151	28	10	112	151	155	10609	150	151	122	25	151	12	7770	12	151	127	151	151	10444	13	10600	13	7750	9616	11	10506	9952	155	22	8085	7714	151	152	9894	7687	308	9	7713	7687	130	11	10452	9	9759	8174	8215	151	12	7915	24	7646	94	152	152	23	151	14	7696	152	159	151	11	9698	11	108	9555	122	10310	152	18	10431	10	121	12	3	151	133	10512	7658	7719	9536	7787	66	151	28	12	151	151	115	151	7546	147	0	69	9581	8112	127	7709	151	153	10	15	9	7720	8122	10433	13	10537	10463	63	151	10424	16	9528	7776	12	151	155	122	7681	136	151	7710	8245	149	131	152	155	166	14	66	7790	10591	9934	13	12	146	10649	146	151	24	151	9	153	10571	7629	7733	146	152	151	9	10661	10368	16	7548	10341	13	11
ERR12080226	39	67	65	68	24	22	80	126	2	10397	9617	41	34	41	9805	68	14	69	44	19	7643	62	41	41	63	144	10280	64	66	9642	7642	65	32	176	25	65	13	10572	119	46	35	7747	8056	67	44	53	18	41	10574	62	9522	27	40	65	41	81	64	7651	28	41	10547	38	12	9615	68	7855	10563	68	46	62	6981	19	9588	10023	63	9656	9509	63	10400	111	8046	12	10316	137	42	65	63	65	41	46	72	63	85	44	10431	64	211	64	54	10348	16	10543	68	2	41	44	10516	7618	86	58	41	9595	7981	43	7643	40	57	54	8098	169	72	41	62	42	30	10246	17	44	64	64	131	9585	13	29	41	67	41	64	8041	13	63	61	12	8139	60	20	63	61	40	67	43	7665	44	41	10418	10221	24	64	10242	9576	10380	7658	84	46	65	19	10545	9610	44	10501	62	70	41	66	63	17	41	46	10539	40	42	80	71	41	65	7765	65	41	11	41	41	10372	66	10620	68	7685	9604	72	10435	10082	43	64	8112	7650	41	42	9882	7648	294	62	7645	7622	3	64	10381	61	9748	8197	8236	41	65	7944	63	7581	68	42	42	62	41	67	7691	42	49	41	68	9688	63	70	9545	81	10299	42	57	10360	63	81	65	69	41	13	10443	7617	7714	9527	7722	20	41	67	69	41	41	29	41	7542	41	69	0	9571	8153	13	7645	41	43	63	55	61	7654	8144	10360	68	10466	10392	63	41	10353	69	9517	7711	66	41	46	29	7618	14	41	7645	8269	43	23	42	45	54	67	69	7725	10521	9921	66	64	86	10577	212	41	66	41	62	42	10728	7625	7666	40	42	41	62	10588	10299	75	7546	10494	66	64
SRR7850690	9563	9567	9577	9579	9584	9580	9590	9581	9570	683	914	9580	9568	9586	137	9580	9572	9581	9591	9573	6131	9573	9586	9586	9573	9564	2016	9576	9578	93	6146	9577	9566	9658	9583	9577	9571	2033	9577	9591	9560	6107	6455	9579	9590	9558	9572	9360	706	9572	0	9567	9239	9577	9586	9562	9576	6142	9572	9586	693	9582	9570	94	9580	6586	712	9580	9591	9574	615	9566	90	1943	9571	94	1	9575	2038	9577	6441	9532	2024	9566	9586	9577	9575	9578	9586	9592	9584	9575	9577	9590	691	9576	9557	9574	9567	677	9562	699	9579	9570	9586	9590	2110	6118	9576	9570	9586	92	6665	9588	6127	9550	9369	9540	6454	9570	9584	9586	9572	9586	9570	1965	9562	9589	9576	9576	9560	911	9571	9562	9586	9578	9586	9576	6402	9572	9575	9574	9571	6497	9572	9572	9575	9573	9585	9578	9589	6052	9591	9586	677	1992	9580	9576	720	76	2017	6160	9563	9591	9577	9571	1990	33	9591	2084	9574	9580	9586	9579	9575	9575	9586	9590	703	9459	9586	9562	9576	9586	9577	6169	9576	9586	9569	9586	9585	2030	9578	2033	9577	6133	82	9574	687	1920	9590	9576	6456	6120	9586	9587	97	6155	9557	9574	6113	6119	9571	9576	686	9573	86	6537	6557	9578	9577	6358	9575	6096	9578	9586	9587	9575	9586	9579	6136	9586	9594	9586	9576	78	9575	9579	35	9571	92	9587	9570	673	9575	9562	9577	9581	9584	9571	2055	6116	6120	1	6188	9567	9586	9580	9576	9586	9586	9563	9586	6056	9581	9581	9571	0	6496	9571	6130	9586	9588	9575	9568	9573	6131	6483	681	9578	2057	676	9575	9586	675	9581	1	6164	9578	9586	9591	9563	6120	9572	9586	6134	6574	9055	9569	9587	9590	9599	9579	9581	6169	692	138	9578	9576	9576	723	9557	9586	9577	9586	9573	9440	2096	6134	6133	9380	9587	9580	9574	707	2040	9580	6079	2063	9576	9576
SRR5084265	8454	8224	8048	8118	8240	8237	8129	8286	8218	6681	6253	8482	8221	8490	6293	8243	8213	8122	8499	8219	453	8117	8495	8493	8058	8111	6939	8110	8119	6551	458	8112	8219	8234	8236	8118	8221	7161	8240	8494	8170	383	29	8227	8495	8474	8214	8244	6858	8113	6469	8216	8099	8048	8494	8149	8117	440	8216	8493	6822	8248	8113	6640	8229	1159	6775	8121	8497	8113	4829	8316	6624	6908	8221	6643	6466	8115	6972	8284	9	8203	6953	8114	8490	8119	8116	8116	8493	8499	8236	8110	8224	8492	6787	8118	8051	8116	7971	6727	8225	6818	8119	8218	8490	8492	6997	446	8227	8112	8495	6527	1168	8491	443	8451	8272	8021	28	8097	8116	8491	8113	8491	8231	6930	8213	8248	8116	8117	8093	6245	8110	8195	8491	8119	8493	8116	9	8213	8115	8113	8221	8	8108	8218	8117	8113	8492	8120	8435	381	8499	8493	6702	6828	8232	8117	6728	6542	6953	446	8010	8495	8058	8223	7442	6496	8497	6936	8117	8120	8492	8121	8115	8219	8492	8494	6847	8331	8476	8011	8114	8493	8117	391	8059	8493	8217	8493	8490	6936	8108	7491	8111	444	6543	8106	6707	6906	8495	8113	9	454	8494	8496	6673	458	8022	8115	427	451	8226	8111	6676	8113	6628	9	8	8482	8111	7	8117	450	8131	8492	8490	8108	8493	8118	400	8493	8503	8495	8115	6588	8116	8149	6503	8211	6617	8490	8105	6723	8106	8011	8050	8124	8485	8162	6963	442	413	6465	396	8320	8493	8123	8118	8493	8480	8181	8495	425	8476	8112	8153	6496	0	8216	454	8492	8247	8114	8103	8104	452	22	6726	8122	6947	6728	8233	8480	6729	8114	6471	411	8119	8493	8496	8189	412	8226	8493	451	8	7873	8230	8493	8497	8501	8051	8241	410	6815	6331	8119	8109	8226	6852	8049	8486	8115	8493	8104	8327	7192	412	452	8233	8490	8485	8109	6850	6961	8121	415	7068	8119	8109
ERR5750995	37	70	65	125	25	17	136	319	11	10457	9620	41	36	41	9806	72	1	126	44	20	7699	127	41	41	121	154	10339	121	65	9642	7768	122	32	197	20	123	0	10639	119	46	35	7803	8327	71	44	53	19	40	10635	119	9522	26	41	66	41	102	121	7783	28	41	10549	38	10	9615	72	7850	10623	125	46	121	7043	19	9588	10087	65	9656	9509	120	10459	111	8328	7	10376	147	42	65	120	124	41	46	76	120	113	44	10491	121	352	65	190	10408	16	10604	67	11	41	44	10576	7746	115	57	41	9595	7975	43	7771	40	57	194	8389	197	73	41	119	42	42	10305	17	44	121	122	140	9587	11	29	41	125	41	122	8322	9	120	61	9	8433	60	23	120	119	40	125	43	7720	44	41	10477	10280	25	121	10308	9576	10439	7787	111	46	122	22	11533	9609	44	10561	120	127	41	66	121	12	41	46	10599	40	42	108	71	41	122	7761	122	41	12	41	41	10433	124	11623	126	7741	9605	129	10495	10146	43	64	8401	7706	41	42	9883	7774	295	120	7724	7678	12	120	10440	118	9748	8490	8531	41	121	8226	62	7637	203	42	42	62	41	124	7686	42	49	41	126	9688	120	219	9545	102	10299	42	58	10420	119	108	65	127	41	8	10502	7745	7709	9527	7778	20	41	67	126	41	41	29	41	7559	41	127	13	9571	8216	0	7701	41	43	120	55	119	7710	8438	10421	66	10525	10452	67	41	10413	128	9518	7767	123	41	46	29	7672	15	41	7701	8564	44	23	42	45	54	67	73	7781	10581	9922	125	120	115	10638	349	41	66	41	120	42	10793	7647	7723	40	42	41	119	10650	10358	132	7540	10561	124	121
SRR21535466	7936	7689	7649	7715	7715	7714	7723	7571	7704	6825	5885	7961	7698	7965	6241	7716	7701	7717	7970	7701	10	7707	7965	7965	7650	7698	6595	7708	7715	6186	95	7709	7696	7728	7714	7713	7701	6636	7712	7969	7643	55	463	7711	7969	7949	7699	7737	6981	7708	6098	7688	7631	7647	7964	7645	7713	83	7699	7965	6952	7716	7703	6271	7709	814	6932	7716	7969	7710	5226	7906	6256	6368	7696	6274	6100	7710	6627	7702	425	7682	6608	7699	7965	7713	7711	7713	7965	7971	7720	7708	7703	7967	6919	7712	7630	7710	7569	6863	7696	6946	7714	7704	7964	7969	6650	81	7705	7707	7965	6165	823	7967	83	7930	7765	7613	453	7691	7712	7965	7708	7965	7695	6585	7692	7723	7712	7712	7684	5881	7702	7671	7963	7714	7965	7712	408	7702	7711	7707	7705	449	7704	7699	7712	7709	7964	7714	7909	53	7969	7965	6836	6484	7710	7712	6846	6177	6608	83	7608	7969	7658	7702	6584	6138	7969	6587	7711	7716	7965	7715	7711	7709	7964	7968	6975	7834	7960	7607	7712	7965	7713	45	7658	7965	7700	7965	7964	6591	7706	6612	7707	13	6177	7703	6850	6386	7969	7708	435	0	7965	7966	6304	95	7629	7710	72	6	7706	7707	6821	7709	6258	454	460	7954	7709	426	7711	7	7652	7965	7962	7705	7965	7715	54	7965	7973	7965	7712	6215	7711	7656	6133	7702	6246	7964	7701	6859	7705	7608	7649	7717	7962	7640	6618	82	69	6099	72	7910	7965	7717	7713	7965	7952	7666	7965	70	7964	7709	7645	6130	454	7701	0	7964	7722	7711	7699	7701	7	460	6867	7714	6598	6864	7708	7960	6865	7708	6105	47	7715	7965	7969	7667	47	7702	7965	6	461	7442	7703	7966	7969	7973	7651	7718	64	6944	6280	7714	7707	7705	6981	7630	7960	7711	7965	7701	7826	6637	71	9	7765	7964	7959	7705	6979	6617	7716	69	6512	7712	7708
CIV144E6_S33_L001	44	98	82	150	55	50	163	362	41	10513	9636	0	52	0	9822	90	43	150	7	48	7975	152	0	0	146	187	10353	145	84	9656	7793	146	47	262	53	147	41	10660	164	11	55	7828	8624	88	7	16	48	0	10689	142	9549	72	14	83	0	168	147	7805	42	0	10603	3	54	9629	89	7872	10686	149	11	145	7100	29	9602	10104	111	9708	9523	145	10473	127	8585	40	10390	180	1	82	145	148	0	9	93	148	179	7	10543	146	400	81	207	10460	31	10661	85	41	0	15	10595	7766	180	77	0	9609	7997	2	7793	1	23	246	8655	269	90	0	144	1	53	10319	33	15	146	147	173	9603	55	74	0	149	0	145	8595	45	144	77	42	8711	77	44	146	143	1	149	6	7743	7	0	10535	10294	55	146	10369	9591	10454	7810	182	11	146	43	11888	9624	7	10576	145	150	0	83	145	46	0	11	10651	1	2	179	83	0	146	7785	147	0	41	0	0	10446	149	11977	150	8019	9620	148	10555	10167	6	80	8669	7974	0	1	10022	7798	310	145	7783	7927	42	147	10501	142	9773	8770	8813	0	146	8490	80	7907	228	1	1	79	1	148	7709	1	14	0	150	9713	143	244	9559	168	10355	1	74	10467	145	181	82	151	0	42	10518	7768	7732	9541	8042	30	0	85	150	0	0	73	0	7624	0	151	41	9586	8492	41	7964	0	14	145	72	143	7988	8721	10464	85	10539	10504	85	0	10465	153	9533	7792	148	0	11	74	7705	45	0	7952	8845	11	38	1	7	17	84	92	7807	10633	9938	149	145	180	10694	397	0	82	0	143	5	10822	7705	7971	14	1	0	143	10707	10372	153	7564	10583	148	144
CAARE3_S13_L001	43	99	84	152	57	52	165	336	43	10475	9638	14	54	14	9825	92	45	152	19	50	7720	153	14	14	148	181	10356	146	85	9659	7793	148	49	263	55	149	43	10663	136	19	57	7827	8360	90	19	28	50	13	10655	144	9539	45	15	85	14	169	148	7805	44	14	10568	11	56	9632	91	7873	10642	151	19	147	7061	31	9605	10108	83	9673	9526	147	10476	129	8370	42	10393	174	15	84	147	150	14	21	95	146	181	19	10508	148	374	83	209	10425	33	10623	87	43	14	1	10601	7769	181	78	14	9612	7998	16	7793	13	34	219	8426	271	92	14	146	15	55	10322	35	0	148	149	168	9605	57	46	14	151	14	147	8370	44	146	79	44	8472	79	46	147	145	13	151	18	7745	19	14	10496	10297	57	148	10335	9593	10456	7810	184	19	148	45	11897	9627	19	10579	146	152	14	85	147	48	14	19	10617	13	16	181	90	14	148	7786	149	14	43	14	14	10450	151	11987	152	7765	9623	155	10512	10172	18	82	8439	7727	14	15	9901	7798	312	147	7754	7699	43	148	10459	144	9765	8529	8569	14	148	8268	82	7658	230	15	15	81	15	150	7710	15	22	14	152	9705	145	246	9562	169	10317	15	76	10437	146	182	84	153	14	44	10520	7768	7733	9544	7803	32	14	86	151	14	14	46	14	7592	14	153	43	9588	8247	43	7722	14	0	147	74	145	7733	8476	10439	87	10542	10469	87	14	10430	154	9536	7792	149	14	19	46	7695	47	14	7722	8602	19	40	15	18	29	86	93	7807	10599	9941	151	147	182	10661	371	14	84	14	145	16	10828	7673	7745	1	15	14	145	10676	10375	158	7563	10591	150	146
ERR10088105	141	56	2	8	93	134	19	358	112	10463	9621	143	126	145	9811	60	114	8	150	131	7708	7	145	145	1	239	10343	4	15	9646	7683	3	128	225	139	4	123	10442	207	149	140	7812	8023	48	150	158	127	143	10636	7	9525	123	141	2	145	121	3	7693	118	145	10550	142	112	9620	55	7861	10629	8	149	0	7044	57	9593	9869	159	9661	9512	2	10463	132	8026	125	10381	232	95	4	2	2	145	152	52	0	140	150	10495	3	138	2	76	10413	116	10605	17	112	145	148	10578	7659	139	9	145	9598	7986	147	7683	144	161	97	8082	204	12	145	3	146	141	10309	112	148	4	2	226	9588	113	120	145	7	145	12	8011	118	11	14	118	8115	14	129	2	0	144	7	149	7730	150	145	10483	10283	106	4	10306	9579	10443	7699	115	149	12	128	10524	9613	150	10564	0	8	145	20	0	105	145	149	10603	143	145	115	17	145	4	7771	4	145	120	145	145	10438	6	10591	5	7751	9606	1	10500	9944	149	14	8084	7716	145	146	9884	7688	302	1	7711	7688	123	3	10446	1	9753	8174	8216	145	5	7916	16	7647	62	146	146	15	146	6	7695	146	153	145	3	9692	3	74	9549	115	10304	146	10	10425	1	114	2	9	145	126	10506	7658	7718	9530	7788	58	145	20	4	145	145	107	145	7548	141	10	63	9575	8114	120	7711	145	147	0	7	1	7718	8121	10423	4	10531	10457	55	145	10418	8	9519	7776	4	145	149	114	7684	129	145	7711	8246	142	123	146	149	160	4	58	7790	10585	9928	5	4	139	10639	139	145	16	145	1	147	10561	7634	7730	138	146	145	1	10651	10361	8	7552	10327	3	3
ERR9288082	69	38	9	13	68	64	27	337	54	10456	9614	72	60	72	9804	40	56	13	77	63	7696	15	72	72	9	181	10336	9	8	9639	7636	8	56	153	67	9	55	10437	139	76	68	7799	8011	38	77	86	62	71	10629	6	9518	51	69	9	72	58	9	7648	58	72	10543	69	54	9613	39	7848	10622	13	76	7	7037	49	9586	9864	88	9654	9505	8	10456	61	8012	54	10374	174	72	9	8	10	72	79	43	7	69	77	10488	9	80	9	32	10406	46	10598	11	54	72	75	10571	7614	68	1	72	9591	7973	74	7638	71	90	53	8070	146	17	72	9	73	70	10302	47	75	10	8	168	9581	55	49	72	12	72	9	7999	56	8	7	56	8102	7	58	8	6	71	12	76	7717	77	72	10476	10276	67	10	10299	9572	10436	7654	57	76	9	57	10518	9606	77	10557	6	13	72	13	7	59	72	76	10596	71	74	57	10	72	9	7758	9	72	55	72	72	10431	12	10585	10	7738	9599	8	10493	9937	76	9	8071	7704	72	73	9877	7641	294	6	7703	7676	55	9	10439	6	9746	8161	8202	72	10	7901	9	7635	91	73	73	8	73	11	7682	73	80	72	8	9685	8	103	9542	57	10297	73	3	10418	8	56	9	14	72	55	10499	7613	7705	9523	7775	50	72	13	9	72	72	49	72	7536	72	15	55	9568	8103	55	7699	72	74	7	0	6	7706	8108	10416	10	10524	10450	34	72	10411	13	9512	7763	9	72	76	49	7671	58	72	7699	8232	72	53	73	76	87	11	40	7777	10578	9921	10	10	68	10632	81	72	11	72	6	74	10553	7620	7718	70	73	72	6	10644	10354	13	7539	10322	10	8
ERR10176872	138	55	3	7	92	133	18	357	111	10461	9619	141	125	143	9809	59	113	7	148	130	7698	8	143	143	1	238	10341	3	14	9644	7671	2	127	223	138	3	122	10444	206	147	139	7800	8015	47	148	157	126	142	10634	6	9523	121	139	3	143	119	3	7683	117	143	10548	140	111	9618	54	7850	10626	7	147	1	7042	56	9591	9871	158	9659	9510	2	10461	130	8014	124	10379	231	93	3	2	3	143	150	51	1	137	148	10493	3	136	1	74	10411	115	10603	16	111	143	146	10576	7649	137	8	143	9596	7974	145	7673	142	159	95	8071	202	11	143	3	144	139	10307	111	146	4	2	225	9586	112	119	143	6	143	11	8000	117	10	13	117	8105	13	128	2	0	142	6	147	7717	148	143	10481	10281	105	4	10304	9577	10441	7689	113	147	11	127	10523	9611	148	10562	0	7	143	19	1	104	143	147	10601	142	143	113	16	143	3	7758	3	143	119	143	143	10436	6	10590	4	7738	9604	0	10498	9945	147	13	8074	7706	143	144	9882	7676	300	0	7704	7678	122	2	10444	0	9751	8163	8204	143	3	7904	15	7637	66	144	144	14	144	5	7683	144	151	143	2	9690	2	78	9547	113	10302	144	9	10423	1	112	3	8	143	125	10504	7648	7706	9528	7775	57	143	19	3	143	143	106	143	7537	139	9	61	9573	8104	119	7701	143	145	1	6	0	7707	8111	10421	5	10529	10455	54	143	10416	7	9517	7764	3	143	147	113	7672	128	143	7701	8234	141	122	144	147	158	5	57	7778	10583	9926	4	3	137	10637	137	143	15	143	0	145	10560	7621	7720	138	144	143	0	10649	10360	7	7540	10329	2	2
SRR22175068	7957	7696	7656	7726	7726	7721	7730	7576	7715	6827	5887	7985	7706	7986	6242	7725	7710	7725	7994	7708	5	7714	7989	7989	7659	7707	6597	7718	7723	6187	91	7716	7704	7739	7723	7722	7709	6636	7720	7993	7650	51	461	7721	7991	7969	7705	7760	6996	7716	6099	7695	7654	7657	7988	7653	7721	79	7706	7989	6958	7727	7711	6274	7715	810	6934	7727	7993	7719	5236	7925	6253	6372	7703	6277	6100	7718	6627	7713	423	7690	6606	7710	7989	7723	7720	7722	7989	7992	7729	7720	7711	7986	6925	7721	7641	7721	7578	6866	7707	6958	7722	7715	7987	7993	6653	77	7717	7714	7989	6165	819	7991	79	7953	7788	7624	451	7698	7722	7986	7719	7989	7704	6588	7699	7734	7723	7720	7691	5877	7710	7678	7987	7721	7989	7722	408	7711	7722	7716	7715	447	7713	7707	7722	7717	7988	7723	7933	49	7993	7989	6838	6484	7719	7723	6860	6174	6611	79	7615	7993	7666	7710	6582	6139	7993	6590	7720	7723	7989	7722	7718	7720	7988	7992	6984	7854	7984	7613	7719	7987	7721	41	7666	7989	7709	7989	7988	6594	7716	6610	7716	10	6178	7711	6852	6389	7993	7717	433	7	7989	7990	6300	91	7637	7718	68	1	7716	7714	6826	7718	6261	452	458	7975	7716	425	7720	2	7659	7989	7986	7712	7989	7724	50	7989	7997	7989	7719	6213	7718	7665	6134	7710	6248	7988	7710	6862	7712	7614	7657	7725	7985	7647	6621	78	65	6097	71	7932	7989	7728	7721	7989	7976	7676	7989	66	7988	7720	7654	6131	452	7710	7	7988	7733	7718	7706	7707	0	458	6870	7725	6602	6867	7718	7984	6868	7716	6106	43	7724	7989	7993	7673	44	7712	7989	1	459	7466	7710	7990	7993	7997	7658	7729	61	6955	6280	7722	7714	7714	6990	7641	7983	7718	7989	7710	7849	6640	67	6	7783	7987	7983	7712	6987	6616	7725	65	6518	7723	7715
SRR6107195	8473	8446	8054	8129	8452	8454	8137	8478	8431	6681	6248	8710	8413	8716	6286	8468	8433	8129	8729	8425	459	8126	8725	8721	8067	8337	6936	8120	8126	6539	465	8120	8439	8250	8459	8126	8439	7373	8460	8721	8391	390	37	8455	8722	8701	8420	8473	6858	8122	6463	8225	8324	8057	8723	8161	8125	453	8437	8723	6823	8477	8335	6630	8455	1165	6766	8132	8725	8123	4835	8537	6613	7127	8447	6633	6453	8122	6969	8299	15	8421	6950	8345	8701	8126	8124	8124	8723	8723	8462	8119	8233	8716	6789	8126	8044	8125	7977	6715	8448	6818	8125	8430	8720	8720	6995	454	8239	8116	8724	6514	1174	8705	450	8680	8504	8013	39	8105	8125	8715	8121	8704	8457	6928	8434	8478	8126	8125	8317	6239	8332	8415	8721	8127	8723	8126	14	8436	8124	8120	8442	15	8116	8424	8125	8122	8721	8127	8661	388	8728	8723	6696	6829	8438	8127	6738	6534	6951	453	8018	8724	8063	8429	8082	6483	8726	6943	8125	8126	8720	8126	8121	8440	8721	8722	6847	8553	8700	8017	8120	8720	8126	397	8065	8722	8423	8723	8718	6939	8120	8130	8120	450	6530	8115	6700	7130	8722	8120	15	460	8721	8725	6664	465	8011	8124	454	457	8431	8119	6680	8121	6618	15	14	8708	8117	15	8124	456	8138	8720	8719	8115	8723	8126	406	8722	8731	8725	8123	6584	8123	8159	6490	8219	6607	8718	8113	6711	8113	8018	8055	8132	8715	8366	6961	450	419	6452	402	8545	8723	8131	8124	8723	8709	8408	8724	452	8703	8122	8144	6483	22	8438	460	8721	8476	8121	8108	8111	458	0	6714	8133	6960	6716	8462	8711	6717	8122	6462	417	8126	8722	8723	8409	417	8432	8723	457	16	8100	8453	8722	8725	8732	8057	8471	416	6816	6324	8127	8115	8236	6853	8041	8716	8121	8723	8114	8557	7404	444	458	8457	8719	8712	8116	6851	6959	8129	421	7295	8128	8116
SRR27481649	10315	10410	10367	10431	10435	10427	10439	10324	10421	749	1561	10458	10291	10461	328	10430	10421	10430	10469	10297	6874	10422	10464	10464	10364	10358	2628	10428	10427	674	6885	10426	10289	10449	10433	10427	10419	2662	10382	10469	10221	6891	6679	10431	10466	10434	10295	10201	365	10297	682	10412	10071	10370	10464	10330	10425	6883	10420	10464	350	10433	10418	665	10428	7324	775	10432	10469	10424	603	10437	665	2507	10447	668	684	10424	2702	10428	6653	10374	2638	10364	10464	10428	10425	10427	10464	10467	10434	10426	10425	10464	302	10426	10349	10426	10360	8	10413	356	10429	10421	10464	10468	2723	6860	10427	10418	10464	717	7408	10466	6862	10422	10232	10332	6682	10503	10436	10461	10424	10464	10295	2622	10410	10440	10428	10425	10347	1559	10420	10410	10464	10426	10464	10428	6631	10421	10428	10424	10421	6736	10423	10421	10426	10422	10463	10428	10408	6802	10469	10464	747	2612	10428	10428	328	731	2683	6900	10413	10469	10425	10419	2602	712	10469	2761	10424	10428	10464	10427	10423	10426	10464	10468	326	10257	10460	10410	10424	10462	10426	6935	10427	10464	10418	10464	10463	2698	10427	2646	10428	6881	705	10423	749	2503	10468	10427	6688	6859	10464	10465	861	6894	10218	10423	6867	6850	10421	10425	752	10423	827	6771	6797	10453	10426	6582	10425	6831	10367	10464	10465	10424	10464	10429	6878	10465	10472	10464	10424	821	10423	10370	693	10419	762	10465	10420	2	10424	10409	10368	10430	10462	10360	2722	6860	6915	680	6935	10441	10464	10432	10425	10464	10456	10415	10464	6781	10459	10433	10360	681	6726	10421	6867	10464	10439	10423	10416	10421	6870	6714	0	10430	2729	5	10427	10464	3	10425	686	6905	10428	10464	10469	10410	6879	10422	10464	6870	6815	9809	10413	10465	10468	10478	10369	10433	6912	333	334	10427	10425	10424	363	10350	10464	10427	10464	10424	10276	2709	6868	6874	10197	10463	10453	10423	363	2656	10430	6820	2669	10428	10425
ERR12321284	81	50	5	12	81	76	27	345	67	10467	9628	85	72	83	9814	52	69	12	90	74	7711	15	85	83	9	194	10346	7	18	9649	7652	7	67	166	80	7	68	10450	151	87	79	7819	8028	50	90	97	75	83	10651	12	9528	63	80	5	85	71	9	7662	70	85	10558	82	67	9623	52	7864	10633	13	87	4	7051	62	9596	9876	101	9664	9515	6	10466	74	8035	67	10384	187	83	7	7	5	85	90	55	3	82	89	10498	8	91	7	43	10416	58	10616	19	67	85	88	10592	7628	81	11	85	9601	7989	85	7652	84	103	64	8094	159	15	83	7	84	75	10312	59	88	9	8	179	9595	67	60	85	11	85	15	8022	68	14	17	69	8126	17	69	7	5	84	10	87	7737	90	85	10487	10286	79	10	10316	9582	10446	7668	68	87	15	70	10525	9616	90	10571	3	11	83	23	3	70	85	87	10607	83	87	69	20	85	9	7778	8	85	68	85	83	10441	11	10592	8	7758	9613	8	10503	9954	87	17	8096	7719	83	86	9891	7657	305	5	7714	7691	67	9	10450	5	9756	8186	8225	85	8	7928	19	7650	91	84	86	18	86	10	7702	86	92	85	7	9695	8	95	9552	70	10307	85	13	10428	5	69	5	14	85	68	10509	7627	7725	9533	7795	61	85	23	8	85	85	62	85	7551	85	13	68	9578	8122	66	7714	85	87	4	10	5	7725	8133	10430	0	10535	10460	45	85	10421	11	9525	7784	7	85	87	60	7687	70	85	7714	8255	81	65	86	87	100	7	52	7798	10590	9931	9	8	81	10651	92	85	19	85	4	87	10577	7638	7737	80	86	85	5	10667	10365	11	7555	10347	9	7
ERR4145388	10444	10521	10474	10535	10535	10534	10546	10432	10525	2874	1455	10531	10436	10539	2178	10535	10526	10537	10544	10441	6603	10529	10539	10539	10470	10460	27	10532	10533	2085	6634	10533	10433	10546	10537	10533	10525	98	10486	10544	10378	6629	6952	10535	10543	10507	10440	10299	2921	10442	2054	10520	10140	10474	10540	10443	10532	6619	10526	10539	2898	10536	10524	2079	10535	7083	2915	10536	10544	10530	2594	10519	2082	30	10558	2080	2055	10531	33	10530	6904	10490	21	10449	10539	10533	10531	10534	10539	10545	10540	10531	10531	10543	2892	10532	10451	10530	10463	2720	10516	2920	10536	10525	10539	10543	24	6613	10530	10526	10539	2112	7117	10541	6612	10504	10308	10435	6946	10612	10540	10539	10528	10539	10437	22	10516	10543	10532	10532	10452	1449	10525	10517	10539	10534	10539	10533	6896	10526	10532	10529	10525	6949	10528	10526	10531	10529	10538	10534	10483	6579	10544	10539	2869	26	10530	10532	2911	2109	22	6619	10521	10544	10534	10525	20	2071	10544	7	10530	10536	10539	10534	10531	10529	10539	10543	2924	10397	10535	10519	10532	10539	10533	6640	10533	10539	10523	10539	10538	16	10534	21	10533	6601	2095	10530	2878	26	10543	10533	6932	6598	10539	10540	2186	6632	10366	10530	6654	6587	10525	10532	2871	10529	2160	6961	6968	10531	10533	6874	10530	6589	10475	10539	10540	10530	10539	10535	6588	10540	10547	10539	10532	2148	10531	10476	2073	10526	2136	10540	10526	2728	10531	10518	10474	10537	10537	10466	21	6620	6589	2054	6611	10520	10539	10535	10532	10539	10531	10518	10539	6521	10535	10537	10466	2057	6947	10525	6598	10539	10542	10531	10524	10529	6602	6960	2729	10535	0	2729	10531	10539	2725	10536	2056	6614	10534	10539	10544	10518	6621	10526	10539	6594	6983	9902	10523	10541	10543	10552	10476	10537	6614	2910	2182	10534	10532	10530	2947	10453	10539	10534	10539	10529	10362	25	6605	6599	10304	10539	10536	10530	2931	46	10536	6580	29	10532	10532
SRR27481651	10354	10444	10400	10461	10465	10461	10472	10354	10451	749	1556	10498	10322	10504	325	10462	10453	10463	10509	10327	6870	10455	10504	10504	10396	10387	2624	10458	10460	670	6882	10459	10320	10479	10464	10459	10452	2659	10411	10509	10252	6884	6681	10461	10508	10477	10326	10241	413	10327	677	10446	10110	10400	10504	10363	10458	6880	10453	10504	400	10463	10451	660	10462	7318	775	10462	10509	10456	648	10481	660	2509	10481	662	679	10457	2699	10458	6656	10407	2634	10391	10504	10459	10457	10459	10504	10510	10466	10457	10458	10508	354	10458	10379	10456	10390	9	10443	405	10462	10451	10504	10508	2719	6857	10457	10452	10504	712	7401	10506	6859	10461	10271	10362	6684	10535	10466	10504	10453	10504	10324	2621	10443	10470	10458	10458	10377	1553	10452	10444	10504	10460	10504	10459	6633	10453	10458	10456	10452	6737	10454	10453	10457	10455	10503	10460	10448	6796	10509	10504	747	2607	10460	10458	376	726	2680	6897	10445	10509	10457	10452	2598	705	10509	2762	10456	10462	10504	10461	10457	10456	10504	10508	375	10300	10500	10443	10458	10504	10459	6930	10459	10504	10450	10504	10503	2698	10457	2642	10459	6878	698	10456	749	2498	10508	10459	6690	6856	10504	10505	847	6891	10249	10456	6865	6847	10452	10458	753	10455	823	6773	6799	10496	10459	6583	10457	6828	10401	10504	10505	10457	10504	10461	6875	10505	10512	10504	10458	813	10457	10402	686	10452	769	10505	10452	3	10457	10442	10400	10463	10502	10393	2721	6857	6915	675	6931	10482	10504	10462	10458	10504	10496	10445	10504	6777	10499	10463	10392	676	6728	10452	6864	10504	10469	10457	10450	10455	6867	6716	5	10460	2729	0	10457	10504	4	10458	681	6902	10460	10504	10509	10444	6875	10453	10504	6867	6816	9845	10447	10505	10508	10518	10402	10463	6909	382	335	10460	10458	10457	411	10380	10504	10460	10504	10455	10318	2704	6865	6871	10242	10503	10493	10456	413	2653	10462	6816	2664	10458	10458
ERR6752889	76	52	44	60	77	76	72	350	63	10463	9625	85	69	85	9811	7	68	61	90	72	7705	62	85	85	55	207	10343	56	44	9646	7644	57	69	209	79	58	67	10652	152	90	83	7811	8348	6	90	99	71	83	10640	54	9525	60	82	45	85	114	56	7656	71	85	10554	82	79	9620	7	7856	10628	60	90	55	7048	62	9593	10098	103	9661	9512	55	10463	140	8350	66	10381	201	85	44	55	59	85	92	11	55	125	90	10495	56	223	43	40	10413	59	10609	46	63	85	88	10582	7622	127	36	85	9598	7981	85	7646	84	102	74	8407	214	52	85	55	84	85	10309	60	88	56	56	194	9592	80	62	85	60	85	57	8344	68	55	40	68	8457	39	68	55	54	84	59	89	7728	90	85	10481	10283	76	56	10320	9579	10443	7662	128	90	57	67	11862	9612	90	10567	54	62	85	45	55	71	85	90	10603	84	86	125	50	85	57	7769	57	85	64	85	85	10438	59	11952	61	7749	9610	64	10500	10158	89	43	8423	7713	85	86	9888	7649	303	55	7740	7685	64	55	10444	53	9753	8514	8555	85	56	8248	41	7644	137	86	86	41	86	59	7694	86	93	85	61	9692	55	153	9549	115	10304	86	37	10425	54	125	44	61	85	65	10506	7621	7717	9530	7786	63	85	46	61	85	85	62	85	7574	85	63	63	9575	8233	67	7708	85	87	55	34	54	7718	8462	10427	45	10531	10457	0	85	10418	62	9522	7775	58	85	90	62	7679	67	85	7708	8588	85	66	86	89	100	46	8	7789	10585	9928	59	55	127	10643	224	85	46	85	55	88	10808	7655	7731	83	86	85	54	10655	10362	67	7547	10574	58	56
CIV13VE5_S21_L001	45	98	82	150	55	50	163	363	41	10513	9636	0	52	0	9822	90	43	150	7	48	7971	152	0	0	146	187	10353	145	84	9656	7788	146	47	262	53	147	41	10660	164	11	55	7823	8615	88	7	16	48	0	10689	142	9549	72	14	83	0	168	147	7801	42	0	10603	3	54	9629	89	7867	10686	149	11	145	7100	29	9602	10105	111	9708	9523	145	10474	127	8577	40	10390	180	1	82	145	148	0	9	93	148	179	7	10543	146	396	81	207	10460	31	10661	85	41	0	15	10595	7763	180	77	0	9609	7992	2	7790	1	23	246	8644	269	90	0	144	1	53	10319	33	15	146	147	173	9603	55	74	0	149	0	145	8583	45	144	77	42	8701	77	44	146	143	1	149	6	7738	7	0	10535	10294	55	146	10369	9591	10454	7807	182	11	146	43	11894	9624	7	10576	145	150	0	83	145	46	0	11	10651	1	2	179	88	0	146	7780	147	0	41	0	0	10446	149	11983	150	8015	9620	153	10555	10169	6	80	8659	7970	0	1	10022	7793	310	145	7782	7923	42	147	10501	142	9773	8759	8806	0	146	8484	80	7903	228	1	1	79	1	148	7704	1	14	0	150	9713	143	244	9559	168	10355	1	74	10467	145	181	82	151	0	42	10518	7765	7727	9541	8037	30	0	85	150	0	0	73	0	7619	0	151	41	9586	8480	41	7960	0	14	145	72	143	7984	8711	10464	85	10539	10504	85	0	10465	153	9533	7787	148	0	11	74	7700	45	0	7948	8838	11	38	1	7	17	84	92	7802	10633	9938	149	145	180	10694	393	0	82	0	143	5	10826	7700	7967	14	1	0	143	10707	10372	156	7559	10584	148	144
SRR27481815	10320	10405	10361	10422	10426	10422	10433	10322	10412	751	1554	10459	10288	10465	325	10423	10414	10424	10470	10293	6870	10416	10465	10465	10357	10355	2625	10419	10421	669	6882	10420	10286	10439	10425	10420	10413	2658	10379	10470	10219	6887	6682	10422	10469	10438	10292	10200	374	10293	675	10407	10076	10361	10465	10319	10419	6880	10414	10465	359	10424	10412	659	10423	7320	778	10423	10470	10417	614	10442	659	2507	10442	664	677	10418	2694	10419	6656	10368	2634	10359	10466	10420	10418	10420	10465	10471	10427	10418	10419	10469	311	10419	10340	10417	10351	9	10404	366	10423	10412	10465	10469	2718	6857	10418	10413	10465	708	7403	10467	6859	10422	10237	10323	6685	10496	10427	10465	10414	10466	10290	2616	10405	10431	10419	10419	10345	1552	10413	10406	10465	10421	10465	10420	6634	10414	10419	10417	10413	6738	10415	10414	10418	10416	10464	10421	10410	6798	10470	10465	750	2608	10421	10419	336	725	2677	6897	10406	10470	10418	10413	2598	704	10470	2757	10417	10423	10465	10422	10418	10417	10465	10470	334	10261	10461	10404	10420	10465	10420	6933	10420	10465	10411	10465	10465	2692	10418	2642	10420	6879	700	10417	752	2499	10469	10420	6690	6857	10465	10466	855	6891	10216	10417	6867	6848	10413	10419	755	10416	822	6773	6800	10457	10420	6584	10418	6828	10362	10466	10466	10418	10465	10422	6876	10466	10473	10465	10419	815	10418	10363	686	10413	757	10466	10413	2	10418	10403	10361	10424	10463	10354	2717	6857	6911	673	6931	10443	10465	10423	10419	10465	10457	10406	10465	6778	10460	10424	10353	675	6729	10413	6865	10465	10430	10418	10411	10416	6868	6717	3	10421	2725	4	10418	10465	0	10419	679	6903	10421	10465	10470	10405	6877	10414	10465	6868	6816	9811	10408	10466	10469	10479	10363	10424	6910	346	332	10421	10419	10418	372	10341	10465	10421	10465	10416	10275	2705	6866	6872	10203	10464	10454	10417	374	2652	10423	6816	2665	10419	10419
ERR10880181	149	63	10	14	101	142	27	335	120	10383	9620	151	134	153	9804	67	122	14	158	139	7705	13	153	153	9	247	10348	10	21	9652	7680	9	136	230	147	10	131	10450	182	157	148	7806	8024	55	158	166	135	151	10527	13	9531	130	145	10	153	127	10	7692	126	153	10441	149	120	9625	62	7858	10545	14	157	8	6932	66	9598	9877	133	9666	9518	9	10468	138	8025	133	10386	240	103	10	9	10	153	160	59	8	146	158	10385	10	145	9	82	10414	124	10496	21	120	153	156	10584	7657	145	14	153	9604	7981	155	7682	152	168	104	8083	142	18	153	10	154	150	10314	120	155	11	9	233	9587	121	127	153	13	153	17	8011	125	16	20	125	8115	20	136	9	7	152	13	157	7728	158	153	10403	10289	114	11	10197	9573	10448	7698	122	157	17	135	10531	9616	158	10570	7	14	153	26	8	113	153	157	10493	151	153	122	23	153	10	7769	10	153	128	153	153	10443	13	10598	11	7749	9613	8	10419	9951	157	19	8084	7713	153	154	9892	7687	215	7	7708	7685	131	10	10366	7	9757	8174	8214	152	11	7914	22	7644	72	154	154	21	154	12	7692	153	161	153	9	9696	9	86	9555	122	10309	154	16	10426	9	121	10	15	153	134	10511	7655	7716	9536	7785	67	153	26	10	153	153	114	153	7544	149	16	69	9581	8114	128	7708	153	154	8	13	7	7716	8122	10425	11	10536	10458	62	153	10419	0	9526	7773	10	153	157	121	7674	137	153	7708	8244	151	131	154	157	168	12	65	7787	10471	9922	11	11	145	10528	146	153	21	153	7	153	10567	7631	7729	147	154	153	7	10540	10367	14	7548	10337	10	9
SRR8350305	9508	9511	9522	9526	9532	9525	9535	9526	9518	683	915	9527	9513	9531	136	9525	9518	9526	9538	9519	6106	9518	9533	9533	9518	9510	2015	9523	9523	94	6122	9522	9511	9608	9530	9522	9517	2032	9522	9538	9510	6083	6430	9526	9535	9503	9517	9306	700	9517	1	9512	9194	9524	9533	9504	9521	6118	9518	9533	689	9530	9516	95	9524	6558	712	9527	9538	9519	605	9510	91	1942	9516	95	0	9520	2033	9525	6420	9478	2023	9514	9534	9523	9520	9523	9533	9537	9529	9521	9523	9534	684	9521	9505	9521	9514	682	9510	692	9524	9518	9533	9537	2109	6094	9524	9514	9533	93	6637	9535	6103	9498	9317	9488	6430	9515	9531	9531	9520	9534	9516	1964	9509	9537	9523	9521	9506	913	9517	9508	9533	9522	9533	9522	6381	9518	9522	9519	9518	6472	9518	9518	9521	9518	9532	9523	9537	6034	9538	9533	676	1989	9526	9523	713	77	2016	6136	9509	9538	9522	9517	1989	33	9538	2083	9519	9524	9533	9523	9519	9523	9533	9538	698	9404	9533	9508	9521	9531	9522	6145	9521	9533	9515	9533	9533	2027	9525	2032	9523	6112	84	9519	687	1919	9537	9521	6435	6095	9533	9534	97	6131	9503	9519	6089	6094	9518	9521	687	9518	85	6512	6532	9523	9522	6338	9520	6071	9522	9534	9534	9520	9533	9524	6112	9533	9541	9533	9520	79	9519	9524	36	9517	89	9534	9515	677	9520	9508	9522	9526	9531	9517	2054	6092	6096	2	6163	9513	9533	9527	9521	9533	9533	9511	9533	6032	9528	9528	9517	1	6471	9518	6105	9533	9536	9519	9512	9517	6106	6462	686	9525	2056	681	9522	9533	679	9526	0	6141	9523	9533	9538	9508	6095	9519	9533	6109	6549	9001	9514	9534	9537	9546	9524	9528	6145	686	139	9523	9521	9522	717	9505	9533	9522	9533	9519	9390	2095	6110	6108	9326	9534	9527	9519	701	2037	9525	6055	2062	9523	9521
SRR14360286	7766	7752	7712	7784	7785	7779	7787	7628	7774	6867	5922	7789	7763	7789	6283	7783	7768	7783	7798	7765	47	7770	7793	7793	7716	7764	6608	7774	7780	6222	98	7773	7760	7792	7780	7780	7766	6650	7776	7796	7708	59	420	7778	7794	7774	7762	7562	7051	7774	6137	7751	7458	7713	7792	7708	7778	86	7763	7793	7016	7786	7769	6312	7772	814	6971	7785	7796	7777	5288	7727	6295	6382	7757	6315	6136	7776	6641	7769	383	7747	6621	7769	7793	7781	7778	7780	7793	7795	7787	7774	7767	7788	6979	7779	7699	7779	7632	6901	7765	7012	7779	7774	7790	7797	6666	88	7772	7770	7793	6201	827	7794	86	7755	7596	7682	410	7756	7779	7789	7776	7793	7761	6599	7757	7793	7781	7778	7749	5916	7767	7736	7790	7779	7793	7780	367	7769	7780	7774	7773	403	7770	7764	7779	7775	7792	7781	7736	56	7797	7793	6875	6494	7775	7781	6913	6218	6622	86	7671	7797	7722	7768	6598	6173	7797	6601	7777	7781	7792	7780	7776	7778	7792	7796	7041	7656	7788	7669	7778	7790	7779	48	7722	7793	7766	7793	7792	6605	7773	6625	7773	37	6214	7767	6889	6400	7796	7774	393	46	7792	7794	6268	98	7693	7776	75	42	7773	7770	6860	7776	6303	410	415	7778	7773	385	7778	43	7715	7793	7789	7769	7793	7782	57	7793	7801	7793	7777	6260	7776	7722	6168	7767	6290	7791	7767	6897	7768	7669	7713	7783	7788	7703	6631	85	72	6135	36	7734	7793	7785	7778	7793	7779	7733	7793	74	7792	7776	7711	6164	411	7767	47	7792	7792	7776	7763	7764	43	417	6905	7784	6614	6902	7775	7787	6903	7773	6141	0	7781	7793	7796	7730	54	7770	7793	42	417	7265	7768	7794	7796	7806	7714	7786	65	7008	6320	7780	7771	7770	7047	7698	7786	7775	7793	7767	7649	6652	74	43	7585	7790	7785	7769	7045	6632	7783	72	6528	7781	7772
ERR11810274	145	59	6	10	96	137	24	362	115	10466	9626	146	129	148	9814	63	117	10	153	134	7712	12	148	148	6	242	10346	6	17	9649	7688	5	131	228	142	6	126	10446	210	152	143	7817	8027	51	153	160	130	145	10641	9	9528	126	143	6	148	124	6	7698	121	148	10555	144	115	9623	58	7864	10632	10	152	4	7049	61	9596	9872	162	9664	9515	5	10466	135	8030	128	10384	235	98	6	5	6	148	155	55	4	143	153	10498	6	141	6	79	10416	119	10610	18	115	148	151	10583	7664	142	10	148	9601	7989	150	7688	147	163	100	8088	207	14	148	6	149	144	10312	115	150	7	5	229	9593	116	123	148	9	148	14	8016	121	13	16	121	8120	16	132	5	3	147	9	152	7735	153	148	10486	10286	109	7	10309	9582	10446	7704	118	152	14	131	10528	9616	153	10569	3	10	148	22	4	108	148	152	10606	145	148	118	19	148	6	7776	6	148	123	148	148	10441	9	10595	3	7756	9611	5	10503	9946	152	16	8089	7720	148	149	9890	7693	305	3	7714	7692	126	6	10449	3	9756	8179	8220	147	7	7919	18	7651	88	149	149	17	149	4	7700	149	156	148	5	9695	5	96	9552	118	10307	149	12	10428	5	117	6	11	148	129	10509	7663	7723	9533	7794	62	148	22	6	148	148	110	148	7550	144	12	66	9578	8119	123	7715	148	149	4	9	3	7724	8126	10428	7	10534	10460	58	148	10421	10	9523	7781	0	148	152	117	7687	132	148	7715	8250	145	126	149	152	163	8	61	7795	10588	9931	3	7	142	10644	142	148	18	148	3	149	10564	7636	7736	141	149	148	3	10656	10364	10	7555	10333	7	5
CIT15FH1_S5_L001	45	98	82	150	55	50	163	363	41	10513	9636	0	52	0	9822	90	43	150	7	48	7976	152	0	0	146	187	10353	145	84	9656	7794	146	47	262	53	147	41	10661	164	11	55	7829	8626	88	7	16	48	0	10690	142	9549	72	14	83	0	168	147	7806	42	0	10603	3	54	9629	89	7873	10686	149	11	145	7100	29	9602	10105	111	9708	9523	145	10474	127	8587	40	10390	180	1	82	145	148	0	9	93	148	179	7	10543	146	401	81	207	10460	31	10662	85	41	0	15	10597	7767	180	77	0	9609	7998	2	7794	1	23	246	8656	269	90	0	144	1	53	10319	33	15	146	147	173	9603	55	74	0	149	0	145	8597	45	144	77	42	8712	77	44	146	143	1	149	6	7744	7	0	10535	10294	55	146	10370	9591	10454	7811	182	11	146	43	11894	9624	7	10576	145	150	0	83	145	46	0	11	10652	1	2	179	88	0	146	7786	147	0	41	0	0	10446	149	11984	150	8019	9620	153	10555	10169	6	80	8670	7975	0	1	10022	7799	310	145	7783	7928	42	147	10502	142	9773	8771	8815	0	146	8491	80	7908	228	1	1	79	1	148	7710	1	14	0	150	9713	143	244	9559	168	10355	1	74	10467	145	181	82	151	0	42	10518	7769	7733	9541	8043	30	0	85	150	0	0	73	0	7625	0	151	41	9586	8493	41	7965	0	14	145	72	143	7989	8722	10464	85	10539	10504	85	0	10465	153	9533	7793	148	0	11	74	7706	45	0	7953	8847	11	38	1	7	17	84	92	7808	10634	9938	149	145	180	10696	398	0	82	0	143	5	10825	7705	7972	14	1	0	143	10710	10372	156	7565	10587	148	144
44341_4#286	50	103	86	154	60	55	167	368	46	10518	9641	11	57	11	9827	95	48	154	16	53	7980	156	11	11	150	192	10358	149	86	9661	7798	150	52	267	58	151	46	10666	169	0	60	7833	8629	93	16	24	53	10	10693	146	9554	77	19	87	11	173	151	7810	47	11	10607	8	59	9634	94	7877	10690	153	0	149	7105	34	9607	10108	116	9713	9528	149	10479	132	8587	45	10395	185	12	86	149	152	11	18	98	152	184	16	10548	150	406	85	212	10465	36	10666	88	46	11	20	10596	7771	185	80	11	9614	8002	13	7798	10	32	251	8658	274	94	11	148	12	58	10324	38	20	150	150	178	9608	60	79	11	153	11	149	8596	50	148	81	47	8713	81	49	150	147	10	153	15	7747	16	11	10540	10299	60	150	10374	9596	10459	7815	187	0	150	48	11899	9629	16	10581	149	154	11	87	149	51	11	0	10656	9	13	184	92	11	150	7789	151	11	46	11	11	10451	153	11989	154	8022	9625	157	10560	10171	15	84	8672	7979	11	12	10027	7803	315	149	7787	7932	47	151	10506	146	9778	8771	8816	10	150	8492	83	7912	232	12	12	83	12	152	7714	12	19	11	154	9718	147	248	9564	173	10360	12	78	10472	149	186	86	155	11	47	10523	7773	7737	9546	8046	35	11	89	154	11	11	78	11	7628	11	155	46	9591	8496	46	7969	11	19	149	76	147	7993	8723	10469	87	10544	10509	90	11	10470	157	9538	7796	152	11	0	79	7710	50	11	7957	8848	17	43	12	16	26	88	97	7811	10638	9943	153	149	185	10696	403	11	86	11	147	14	10821	7708	7976	18	12	11	147	10708	10376	160	7569	10586	152	148
ERR5751296	69	74	59	119	42	38	132	289	28	10450	9608	74	33	74	9791	68	30	120	79	36	7665	121	74	74	116	158	10332	115	59	9634	7736	116	28	191	41	117	29	10638	88	79	42	7765	8301	66	79	88	35	74	10613	112	9514	24	73	60	74	96	116	7751	31	74	10527	41	35	9608	67	7816	10616	119	79	115	7021	52	9581	10082	51	9649	9501	115	10452	105	8297	28	10369	152	75	59	115	118	74	81	71	114	107	79	10474	116	350	59	185	10400	19	10582	61	28	74	77	10566	7714	109	51	74	9587	7941	76	7738	73	92	188	8360	189	67	74	114	75	44	10298	20	47	116	117	146	9575	36	0	74	119	74	116	8293	30	114	55	30	8404	54	32	115	113	73	119	78	7683	79	74	10471	10272	42	116	10300	9560	10432	7755	104	79	116	31	11866	9600	79	10551	114	121	74	60	115	33	74	79	10580	73	76	101	65	74	116	7724	116	74	29	74	74	10426	119	11956	120	7704	9594	123	10488	10144	78	58	8369	7672	74	75	9896	7741	288	114	7702	7644	29	115	10434	112	9752	8461	8502	74	115	8196	56	7603	198	75	75	56	75	118	7649	75	82	74	120	9692	114	214	9537	97	10300	75	52	10412	113	101	59	121	74	29	10495	7713	7672	9519	7741	53	74	61	120	74	74	0	74	7535	74	122	29	9563	8189	29	7667	74	46	114	49	113	7673	8409	10410	60	10518	10444	62	74	10405	121	9508	7730	117	74	79	0	7640	32	74	7667	8535	76	26	75	78	89	61	68	7744	10562	9907	119	115	109	10616	347	74	60	74	114	76	10789	7615	7686	74	75	74	113	10628	10351	126	7506	10554	118	115
SRR8137438	7674	7641	7620	7688	7688	7687	7694	7522	7677	6858	5888	7702	7673	7706	6230	7689	7674	7690	7711	7672	46	7677	7706	7706	7623	7662	6615	7678	7687	6177	96	7680	7671	7701	7685	7686	7673	6657	7664	7710	7617	58	416	7682	7710	7691	7670	7474	6985	7681	6090	7661	7367	7618	7705	7615	7685	86	7670	7706	6949	7690	7676	6282	7680	812	6960	7689	7710	7683	5224	7648	6264	6390	7670	6285	6091	7683	6647	7675	381	7654	6628	7665	7707	7686	7684	7686	7706	7712	7693	7679	7676	7706	6915	7685	7603	7683	7541	6875	7669	6944	7686	7677	7703	7709	6676	86	7678	7678	7706	6154	824	7708	85	7670	7510	7586	408	7648	7683	7706	7682	7707	7667	6606	7664	7696	7685	7685	7651	5877	7673	7645	7704	7687	7706	7685	366	7675	7684	7680	7678	405	7675	7670	7684	7682	7705	7687	7651	51	7710	7706	6869	6484	7684	7685	6851	6164	6628	86	7562	7710	7632	7675	6604	6129	7710	6611	7683	7689	7706	7688	7684	7682	7705	7710	6974	7574	7701	7561	7686	7706	7686	48	7632	7706	7672	7706	7706	6611	7677	6632	7678	38	6167	7675	6881	6406	7710	7680	392	46	7706	7707	6214	96	7605	7683	75	43	7678	7677	6853	7682	6269	411	417	7695	7680	382	7684	40	7624	7707	7702	7676	7706	7688	60	7706	7714	7706	7685	6226	7684	7629	6124	7674	6257	7704	7673	6871	7675	7561	7620	7690	7701	7611	6637	84	72	6090	38	7652	7706	7689	7685	7706	7693	7638	7706	76	7705	7681	7618	6120	412	7672	47	7705	7695	7684	7671	7672	44	417	6879	7687	6621	6875	7679	7700	6877	7674	6095	54	7687	7706	7710	7640	0	7675	7706	42	418	7182	7676	7707	7710	7719	7622	7690	65	6944	6267	7687	7678	7679	6980	7603	7699	7682	7706	7672	7564	6663	74	46	7502	7703	7699	7676	6978	6638	7689	66	6538	7685	7679
ERR6806789	41	72	68	134	26	24	146	324	12	10458	9621	45	39	45	9807	72	16	135	48	15	7700	136	45	45	130	162	10340	130	68	9643	7771	131	35	210	27	132	15	10638	122	50	39	7806	8335	71	48	57	14	45	10636	128	9523	29	45	69	45	115	130	7786	31	45	10550	42	27	9616	72	7853	10624	134	50	130	7044	22	9589	10085	68	9657	9510	129	10460	114	8322	14	10377	155	46	68	129	133	45	50	76	129	127	48	10492	130	355	68	193	10409	19	10605	71	12	45	48	10577	7749	128	61	45	9596	7978	47	7774	44	62	203	8376	216	76	45	128	46	45	10306	20	48	130	131	148	9588	28	32	45	134	45	131	8318	16	128	64	16	8427	63	25	129	128	44	134	47	7722	48	45	10479	10281	26	130	10306	9577	10440	7790	130	50	131	24	11229	9611	48	10562	129	136	45	69	130	19	45	50	10600	44	46	127	74	45	131	7764	131	45	5	45	45	10434	133	11317	135	7743	9606	138	10496	10145	47	67	8395	7707	45	46	9884	7777	298	129	7707	7679	13	130	10442	127	9749	8484	8525	45	131	8220	65	7638	212	46	46	65	45	133	7689	46	53	45	135	9689	129	228	9546	115	10300	46	61	10421	129	127	68	136	45	15	10503	7748	7712	9528	7781	23	45	70	135	45	45	32	45	7541	45	136	14	9572	8226	15	7702	45	47	129	58	128	7712	8432	10422	70	10526	10453	67	45	10414	137	9519	7770	132	45	50	32	7675	0	45	7702	8558	48	26	46	48	58	70	73	7784	10582	9923	134	130	128	10639	352	45	69	45	129	46	10793	7625	7724	44	46	45	128	10651	10359	141	7543	10560	133	130
CIU149H1_S7_L001	45	98	82	150	55	50	163	363	41	10513	9636	0	52	0	9822	90	43	150	7	48	7976	152	0	0	146	187	10353	145	84	9656	7794	146	47	262	53	147	41	10661	164	11	55	7829	8626	88	7	16	48	0	10689	142	9549	72	14	83	0	168	147	7806	42	0	10603	3	54	9629	89	7873	10686	149	11	145	7100	29	9602	10105	111	9708	9523	145	10474	127	8587	40	10390	180	1	82	145	148	0	9	93	148	179	7	10543	146	401	81	207	10460	31	10661	85	41	0	15	10597	7767	180	77	0	9609	7998	2	7794	1	23	246	8657	269	90	0	144	1	53	10319	33	15	146	147	173	9603	55	74	0	149	0	145	8597	45	144	77	42	8713	77	44	146	143	1	149	6	7744	7	0	10535	10294	55	146	10369	9591	10454	7811	182	11	146	43	11894	9624	7	10576	145	150	0	83	145	46	0	11	10651	1	2	179	88	0	146	7786	147	0	41	0	0	10446	149	11984	150	8020	9620	153	10555	10168	6	80	8671	7975	0	1	10022	7799	310	145	7783	7928	42	147	10501	142	9773	8772	8815	0	146	8492	80	7908	228	1	1	79	1	148	7710	1	14	0	150	9713	143	244	9559	168	10355	1	74	10467	145	181	82	151	0	42	10518	7769	7733	9541	8043	30	0	85	150	0	0	73	0	7625	0	151	41	9586	8493	41	7965	0	14	145	72	143	7989	8723	10464	85	10539	10504	85	0	10465	153	9533	7793	148	0	11	74	7706	45	0	7953	8847	11	38	1	7	17	84	92	7808	10633	9938	149	145	180	10695	398	0	82	0	143	5	10825	7706	7972	14	1	0	143	10709	10372	156	7565	10586	148	144
SRR21787058	7924	7690	7649	7715	7715	7714	7723	7571	7704	6829	5887	7949	7700	7953	6245	7716	7701	7717	7958	7701	4	7707	7953	7953	7650	7698	6590	7708	7715	6189	90	7709	7698	7731	7714	7713	7701	6631	7712	7957	7643	50	460	7711	7957	7937	7699	7725	6991	7708	6102	7690	7619	7647	7952	7645	7713	78	7699	7953	6961	7716	7703	6274	7709	809	6936	7716	7957	7710	5236	7894	6258	6365	7698	6277	6104	7710	6622	7704	422	7682	6603	7699	7953	7713	7711	7713	7953	7959	7720	7710	7705	7955	6929	7712	7630	7710	7570	6866	7696	6956	7714	7704	7952	7957	6645	76	7707	7707	7953	6167	818	7955	78	7918	7753	7613	450	7692	7712	7953	7708	7953	7696	6580	7692	7723	7712	7712	7684	5882	7702	7671	7951	7714	7953	7712	406	7702	7711	7707	7705	446	7704	7699	7712	7709	7952	7714	7897	48	7957	7953	6840	6480	7711	7712	6856	6182	6603	78	7609	7957	7659	7702	6579	6142	7957	6582	7711	7716	7953	7715	7711	7709	7952	7956	6985	7822	7948	7608	7712	7953	7713	40	7659	7953	7700	7953	7952	6586	7706	6607	7707	9	6181	7704	6854	6382	7957	7708	432	6	7953	7954	6308	90	7631	7710	67	0	7706	7707	6826	7709	6261	451	457	7942	7709	424	7711	1	7652	7953	7950	7705	7953	7715	49	7953	7961	7953	7712	6218	7711	7656	6137	7702	6248	7952	7701	6862	7705	7609	7649	7717	7950	7640	6613	77	64	6103	70	7898	7953	7717	7713	7953	7940	7666	7953	65	7952	7710	7645	6134	451	7701	6	7952	7722	7711	7699	7701	1	457	6870	7714	6594	6867	7708	7948	6868	7708	6109	42	7715	7953	7957	7667	42	7702	7953	0	458	7432	7703	7954	7957	7961	7651	7718	60	6954	6283	7714	7707	7707	6991	7630	7948	7711	7953	7701	7814	6632	66	5	7753	7952	7947	7705	6989	6612	7716	64	6508	7712	7708
SRR2917140	8587	8575	8178	8254	8581	8584	8260	8587	8559	6757	6340	8838	8545	8840	6371	8594	8559	8251	8853	8551	460	8248	8849	8846	8191	8460	6977	8243	8250	6631	463	8243	8568	8378	8585	8250	8565	7414	8588	8846	8517	388	23	8581	8846	8830	8546	8596	6966	8245	6545	8351	8454	8182	8850	8286	8247	451	8563	8850	6931	8603	8459	6727	8583	1157	6854	8257	8849	8249	4928	8660	6705	7142	8573	6730	6544	8245	7009	8428	3	8547	6985	8470	8826	8250	8246	8247	8851	8849	8588	8242	8359	8841	6895	8249	8167	8249	8098	6814	8575	6926	8249	8559	8847	8848	7035	452	8363	8240	8853	6606	1167	8830	449	8808	8630	8137	11	8225	8249	8840	8245	8829	8582	6970	8560	8603	8251	8250	8441	6327	8457	8541	8845	8249	8851	8249	1	8561	8248	8244	8570	1	8240	8550	8249	8247	8850	8251	8787	386	8853	8850	6779	6857	8564	8250	6846	6625	6993	452	8136	8848	8182	8556	8091	6575	8854	6970	8248	8249	8844	8250	8244	8566	8848	8846	6956	8678	8827	8136	8243	8847	8250	396	8187	8850	8552	8847	8842	6973	8242	8138	8244	451	6622	8240	6781	7148	8847	8244	3	461	8846	8853	6756	463	8137	8246	453	458	8558	8242	6753	8245	6715	3	2	8833	8241	1	8248	457	8261	8844	8844	8239	8851	8253	405	8850	8856	8849	8250	6665	8248	8284	6582	8346	6703	8843	8236	6811	8240	8136	8180	8257	8843	8495	7003	448	418	6540	401	8668	8847	8255	8250	8850	8838	8533	8851	450	8827	8245	8269	6574	8	8564	461	8845	8602	8246	8232	8234	459	16	6815	8255	6983	6816	8588	8838	6816	8244	6549	417	8250	8847	8848	8535	418	8558	8847	458	0	8229	8578	8850	8849	8856	8182	8596	416	6924	6408	8249	8239	8360	6961	8165	8840	8245	8851	8237	8674	7447	442	459	8587	8844	8836	8243	6959	6997	8252	420	7318	8251	8240
CNSFP4_S1_L001	47	97	79	148	58	53	160	344	44	9830	9102	11	52	11	9282	89	46	147	15	51	7453	150	11	11	143	188	9729	143	83	9119	7320	143	49	230	56	144	44	10027	166	17	57	7305	8006	87	15	24	51	11	10024	140	9022	75	20	80	11	141	143	7336	42	11	9993	9	57	9091	88	7371	10002	147	17	143	6628	33	9078	9466	114	9170	8997	141	9846	126	7970	43	9766	182	12	79	141	144	11	17	91	145	151	15	9886	142	389	79	206	9805	32	9993	83	44	11	20	9955	7297	149	76	11	9074	7495	13	7324	10	31	245	8037	236	87	11	142	12	57	9684	34	20	143	143	175	9074	57	76	11	147	11	144	7988	48	143	76	45	8093	77	47	142	141	10	147	14	7222	15	11	9854	9668	58	143	9718	9063	9821	7341	152	17	144	46	11237	9089	15	9940	142	148	11	82	142	49	11	17	9983	10	12	152	87	11	143	7324	144	11	44	11	11	9822	145	11313	147	7495	9083	150	9877	9555	14	79	8049	7452	11	12	9489	7325	301	142	7265	7408	45	143	9816	140	9241	8148	8198	11	143	7875	79	7384	224	12	12	77	12	145	7246	12	5	11	147	9184	141	240	9026	139	9809	12	73	9810	143	154	79	149	11	44	9887	7299	7267	9017	7516	34	11	83	147	11	11	75	11	7165	11	149	43	9055	7873	44	7442	11	19	142	72	141	7466	8100	9809	81	9902	9845	85	11	9811	151	9001	7265	145	11	17	76	7182	48	11	7432	8229	0	38	12	16	25	81	91	7284	9970	9391	145	142	151	10022	386	11	80	11	140	13	10172	7240	7449	20	12	11	140	10033	9750	153	7101	9929	145	141
ERR12142619	35	79	63	128	36	32	142	314	22	10455	9615	38	34	38	9806	72	24	129	43	31	7701	130	38	38	125	160	10337	124	64	9640	7772	125	29	167	35	126	23	10643	117	43	37	7804	8344	70	43	52	30	36	10589	122	9520	24	35	64	38	72	125	7785	19	38	10503	35	34	9613	71	7854	10621	128	43	124	6997	16	9586	10087	63	9654	9507	124	10457	109	8341	22	10374	154	39	63	124	127	38	45	75	123	84	43	10448	125	354	63	189	10403	7	10558	65	22	38	41	10571	7748	85	55	38	9593	7979	40	7772	37	57	197	8398	172	71	38	121	39	39	10303	8	41	125	126	147	9582	35	26	38	128	38	125	8336	24	123	59	24	8448	58	26	124	122	37	128	42	7721	43	38	10475	10278	35	125	10274	9574	10437	7789	86	43	125	25	11876	9604	43	10556	123	130	38	64	124	27	38	43	10556	35	40	83	69	38	125	7762	125	38	23	38	38	10431	128	11966	129	7741	9600	132	10493	10150	42	62	8412	7708	38	39	9878	7777	200	123	7735	7680	23	125	10438	121	9746	8505	8545	38	125	8239	61	7639	207	39	39	60	39	127	7687	39	46	38	129	9686	123	223	9543	73	10297	39	56	10415	123	83	63	130	38	23	10500	7747	7710	9525	7779	17	38	65	129	38	38	26	38	7573	38	131	23	9569	8230	23	7703	38	40	123	53	122	7710	8453	10413	65	10523	10447	66	38	10408	131	9514	7768	126	38	43	26	7676	26	38	7703	8578	38	0	39	42	53	65	72	7782	10538	9921	128	125	85	10592	351	38	64	38	123	39	10795	7653	7722	37	39	38	122	10604	10356	135	7544	10559	127	124
CIV13XE2_S6_L001	46	99	83	151	56	51	164	363	42	10514	9637	1	53	1	9823	91	44	151	8	49	7977	153	1	1	147	188	10354	146	85	9657	7795	147	48	263	54	148	42	10661	165	12	56	7830	8626	89	8	17	49	1	10690	143	9550	73	15	84	1	169	148	7807	43	1	10604	4	55	9630	90	7874	10687	150	12	146	7101	30	9603	10105	112	9709	9524	146	10475	128	8589	41	10391	181	2	83	146	149	1	10	94	149	180	8	10544	147	402	82	208	10461	32	10662	86	42	1	16	10595	7768	181	78	1	9610	7999	3	7795	2	24	247	8656	270	91	1	145	2	54	10320	34	16	147	148	174	9604	56	75	1	150	1	146	8597	46	145	78	43	8712	78	45	147	144	2	150	7	7745	8	1	10536	10295	56	147	10370	9592	10455	7812	183	12	147	44	11895	9625	8	10577	146	151	1	84	146	47	1	12	10652	2	3	180	89	1	147	7787	148	1	42	1	1	10447	150	11985	151	8020	9621	154	10556	10169	7	81	8670	7976	1	2	10023	7800	311	146	7784	7929	43	148	10502	143	9774	8771	8818	1	147	8494	81	7909	229	2	2	80	2	149	7711	2	15	1	151	9714	144	245	9560	169	10356	2	75	10468	146	182	83	152	1	43	10519	7770	7734	9542	8044	31	1	86	151	1	1	74	1	7626	1	152	42	9587	8493	42	7966	1	15	146	73	144	7990	8722	10465	86	10541	10505	86	1	10466	154	9534	7794	149	1	12	75	7707	46	1	7954	8850	12	39	0	8	18	85	93	7809	10634	9939	150	146	181	10694	399	1	83	1	144	6	10825	7706	7973	15	2	1	144	10708	10373	157	7566	10583	149	145
44341_3#165	50	102	86	154	59	54	167	367	45	10517	9640	7	56	7	9826	94	47	154	12	52	7980	156	7	7	150	191	10357	149	87	9660	7798	150	51	266	57	151	45	10666	168	16	59	7833	8629	92	12	21	52	7	10695	146	9553	76	19	87	7	172	151	7809	46	7	10606	7	58	9633	93	7877	10689	153	16	149	7104	34	9606	10109	115	9712	9527	149	10478	131	8589	44	10394	184	8	86	149	152	7	14	97	152	183	12	10547	150	405	85	211	10464	35	10668	88	45	7	20	10595	7771	184	80	7	9613	8002	9	7798	6	28	250	8659	273	94	7	148	8	57	10323	37	19	150	151	177	9607	59	78	7	153	7	149	8597	49	146	81	46	8714	81	48	150	147	6	153	11	7747	12	7	10539	10298	59	150	10376	9595	10458	7815	186	16	150	47	11898	9628	12	10580	149	154	7	87	149	50	7	16	10655	6	9	183	92	7	150	7789	151	7	45	7	7	10450	153	11988	154	8022	9624	157	10559	10175	11	84	8674	7979	7	8	10026	7803	314	149	7787	7932	46	151	10505	146	9777	8773	8817	7	150	8497	83	7912	232	8	8	83	8	152	7714	8	19	7	154	9717	147	248	9563	172	10359	8	78	10471	149	185	86	155	7	46	10522	7773	7737	9545	8046	35	7	89	154	7	7	77	7	7629	7	155	45	9590	8497	45	7969	7	18	149	76	147	7993	8725	10468	87	10543	10508	89	7	10469	157	9537	7796	152	7	16	78	7710	48	7	7957	8849	16	42	8	0	22	88	96	7811	10637	9942	153	149	184	10695	402	7	86	7	147	10	10822	7708	7976	19	8	7	147	10707	10376	160	7569	10587	152	148
CNSP0U_S18_L001	59	113	97	165	68	63	178	376	54	10526	9649	17	65	17	9834	105	56	165	14	60	7984	167	17	17	161	202	10366	160	99	9669	7808	161	61	276	66	162	54	10674	178	26	69	7842	8635	103	14	1	60	17	10704	156	9561	87	27	98	17	183	162	7819	56	17	10617	18	67	9642	104	7886	10699	164	26	160	7114	44	9615	10118	126	9721	9536	160	10487	142	8596	53	10403	195	18	97	160	163	17	16	108	163	194	14	10557	161	411	96	222	10474	46	10676	100	54	17	30	10611	7781	195	92	17	9622	8011	19	7808	16	5	261	8665	284	105	17	159	18	67	10332	48	30	161	162	188	9616	68	89	17	164	17	160	8606	58	159	92	55	8722	92	59	161	158	16	164	13	7757	14	17	10548	10307	68	161	10384	9604	10467	7825	197	26	161	58	11907	9637	14	10589	160	165	17	98	160	59	17	26	10666	16	19	194	103	17	161	7799	162	17	54	17	17	10459	164	11997	165	8028	9633	168	10568	10182	13	95	8680	7983	17	18	10029	7813	323	160	7796	7936	55	162	10515	157	9785	8781	8824	17	161	8501	95	7916	243	18	18	94	18	163	7723	18	29	17	165	9725	158	259	9572	183	10368	18	88	10481	160	196	97	166	17	55	10531	7783	7746	9554	8052	45	17	100	165	17	17	88	17	7638	17	166	54	9599	8501	54	7973	17	29	160	87	158	7997	8732	10478	100	10552	10518	100	17	10479	168	9546	7806	163	17	26	89	7719	58	17	7961	8856	25	53	18	22	0	99	107	7821	10648	9950	164	160	195	10710	408	17	97	17	158	12	10839	7719	7980	28	18	16	158	10725	10385	171	7578	10601	163	159
ERR10880335	80	50	2	12	80	76	24	350	66	10408	9626	84	72	84	9815	52	68	12	89	75	7648	14	84	84	7	192	10288	8	19	9650	7646	7	68	165	79	8	67	10387	151	88	80	7750	7960	50	89	97	74	82	10582	11	9529	63	80	2	84	70	7	7658	70	84	10555	81	66	9624	51	7858	10574	12	88	4	6989	61	9597	9813	100	9665	9516	6	10408	73	7961	66	10325	186	84	8	6	6	84	91	55	4	80	89	10440	7	88	8	44	10358	58	10551	20	66	84	87	10524	7624	80	12	84	9602	7983	86	7648	83	102	65	8020	158	16	84	7	85	83	10254	59	87	8	6	180	9593	67	61	84	11	84	16	7947	68	15	18	68	8052	18	70	6	4	83	11	88	7669	89	84	10427	10228	79	8	10251	9583	10388	7664	69	88	16	69	10470	9616	89	10510	4	12	84	24	4	71	84	88	10548	82	85	69	21	84	8	7769	8	84	67	84	84	10382	10	10537	9	7690	9611	7	10445	9887	88	18	8021	7656	84	85	9889	7651	306	5	7652	7628	67	6	10390	5	9757	8111	8152	84	8	7850	20	7587	89	85	85	19	85	10	7693	85	92	84	7	9696	7	103	9553	69	10308	85	14	10370	4	68	2	13	84	67	10451	7623	7716	9534	7726	62	84	24	8	84	84	61	84	7545	84	14	67	9579	8051	67	7651	84	86	4	11	5	7658	8057	10369	7	10476	10402	46	84	10363	12	9524	7714	8	84	88	61	7622	70	84	7651	8182	81	65	85	88	99	0	52	7729	10530	9932	9	7	80	10585	89	84	20	84	5	86	10504	7630	7671	80	85	84	5	10596	10307	12	7549	10273	9	7
ERR10880157	84	58	50	63	83	82	76	356	69	10469	9631	92	75	92	9817	9	74	64	97	78	7715	65	92	92	58	210	10349	59	51	9652	7655	60	75	256	85	61	73	10657	158	97	89	7822	8356	4	97	106	77	89	10646	57	9531	66	89	51	92	161	59	7665	77	92	10560	88	82	9626	5	7867	10634	63	97	58	7054	69	9599	10105	109	9667	9518	58	10469	146	8359	72	10387	204	92	50	58	62	92	99	5	58	173	97	10501	59	229	49	46	10419	65	10615	52	69	92	95	10588	7631	174	42	92	9604	7992	92	7655	91	109	77	8418	258	58	92	58	91	92	10315	66	94	59	59	197	9598	83	68	92	63	92	60	8354	74	58	46	74	8466	45	74	58	57	91	62	96	7739	97	92	10488	10289	82	59	10326	9585	10449	7671	172	97	60	73	11866	9618	97	10574	57	65	92	51	58	77	92	97	10609	91	93	169	56	92	60	7780	60	92	70	92	92	10444	62	11956	64	7760	9616	67	10506	10165	96	49	8431	7723	92	93	9895	7660	309	58	7748	7695	70	59	10451	56	9759	8523	8563	92	60	8258	48	7654	140	93	93	47	93	62	7705	93	100	92	64	9698	58	156	9555	162	10310	93	43	10431	58	169	50	64	92	71	10512	7630	7728	9536	7798	70	92	52	64	92	92	68	92	7585	92	66	69	9581	8241	73	7718	92	93	58	40	57	7729	8471	10433	52	10537	10463	8	92	10424	65	9528	7786	61	92	97	68	7690	73	92	7718	8596	91	72	93	96	107	52	0	7800	10591	9934	62	59	174	10649	230	92	52	92	58	95	10814	7666	7741	89	93	92	57	10661	10368	70	7558	10580	61	59
SRR7467291	7773	7766	7727	7798	7799	7793	7801	7643	7787	6870	5929	7804	7777	7804	6287	7797	7782	7797	7813	7779	63	7784	7808	7808	7731	7778	6606	7788	7794	6226	96	7787	7774	7807	7794	7794	7780	6648	7790	7811	7722	56	419	7792	7809	7788	7776	7578	7059	7788	6142	7765	7473	7728	7807	7723	7792	84	7777	7808	7022	7801	7783	6316	7786	804	6973	7799	7811	7791	5296	7741	6300	6385	7771	6319	6140	7790	6637	7782	382	7760	6620	7783	7807	7795	7792	7794	7808	7810	7801	7788	7781	7803	6987	7793	7714	7793	7647	6908	7779	7019	7793	7787	7805	7812	6663	85	7786	7784	7808	6205	816	7809	84	7770	7611	7696	410	7770	7793	7804	7790	7807	7775	6597	7770	7808	7795	7792	7763	5922	7781	7748	7805	7793	7808	7794	365	7783	7794	7788	7787	402	7784	7778	7793	7789	7807	7795	7751	54	7812	7808	6879	6492	7789	7795	6920	6223	6620	84	7685	7812	7736	7782	6596	6178	7812	6601	7791	7795	7806	7794	7790	7792	7807	7809	7048	7670	7803	7683	7790	7805	7793	47	7736	7808	7780	7808	7805	6603	7787	6624	7787	54	6218	7781	6894	6401	7811	7788	392	63	7807	7809	6274	96	7709	7790	73	60	7786	7784	6861	7790	6306	409	414	7793	7787	385	7792	60	7730	7807	7804	7783	7808	7796	56	7808	7816	7808	7791	6263	7790	7737	6172	7781	6292	7806	7781	6904	7782	7683	7728	7797	7803	7718	6629	83	71	6139	52	7748	7808	7799	7792	7808	7794	7747	7808	70	7807	7790	7725	6169	410	7781	64	7807	7807	7790	7777	7778	61	416	6912	7798	6614	6909	7789	7802	6910	7787	6145	65	7795	7808	7811	7744	65	7784	7808	60	416	7284	7782	7809	7811	7821	7729	7800	0	7015	6325	7794	7785	7784	7054	7713	7801	7789	7808	7781	7665	6650	72	61	7602	7805	7800	7783	7051	6629	7797	69	6529	7795	7786
SRR13719196	10462	10458	10528	10589	10596	10590	10600	10262	10582	660	1711	10627	10430	10633	382	10590	10582	10591	10639	10435	6950	10583	10634	10633	10524	10477	2791	10586	10588	678	6952	10587	10429	10602	10593	10587	10581	2838	10335	10638	10243	7044	6769	10589	10637	10606	10434	10363	12	10434	688	10577	10232	10528	10634	10497	10586	6951	10580	10634	17	10593	10580	835	10590	7395	695	10590	10638	10584	281	10588	839	2689	10461	858	684	10585	2872	10587	6748	10535	2816	10481	10634	10587	10585	10587	10634	10639	10594	10585	10587	10637	13	10586	10509	10584	10500	322	10572	14	10590	10582	10634	10639	2910	6926	10586	10580	10634	735	7488	10635	6952	10588	10401	10491	6784	10416	10594	10633	10582	10634	10432	2792	10573	10600	10586	10586	10463	1704	10581	10564	10634	10588	10633	10586	6717	10582	10585	10584	10581	6824	10582	10582	10585	10583	10633	10588	10578	6949	10639	10634	647	2611	10590	10586	28	736	2853	6970	10412	10638	10566	10581	2778	701	10639	2942	10584	10590	10633	10589	10585	10585	10635	10638	13	10428	10630	10410	10587	10634	10587	7031	10568	10634	10579	10633	10633	2865	10468	2819	10587	6975	708	10584	661	2684	10637	10587	6774	6953	10633	10634	925	6963	10358	10584	6955	6935	10581	10586	653	10583	1021	6867	6903	10625	10587	6685	10585	6898	10529	10634	10635	10585	10634	10589	6980	10634	10642	10634	10586	1001	10585	10530	694	10581	961	10634	10580	351	10585	10409	10528	10591	10632	10522	2895	6927	7000	685	7012	10589	10634	10590	10586	10634	10626	10564	10634	6863	10628	10591	10521	692	6815	10581	6944	10633	10599	10585	10578	10583	6955	6816	333	10590	2910	382	10585	10633	346	10471	686	7008	10588	10634	10638	10562	6944	10582	10633	6954	6924	9970	10538	10634	10637	10648	10530	10591	7015	0	396	10588	10586	10586	29	10509	10633	10588	10634	10583	10440	2898	6944	6957	10367	10633	10622	10584	9	2822	10590	6894	2847	10586	10586
ERR3581536	9741	9909	9930	9932	9934	9930	9943	9780	9920	201	1049	9932	9755	9938	28	9933	9923	9934	9941	9759	6279	9926	9938	9938	9926	9824	2120	9929	9931	143	6299	9930	9753	10009	9934	9930	9922	2165	9808	9943	9727	6342	6287	9932	9940	9908	9758	9692	437	9751	139	9917	9580	9930	9938	9907	9929	6291	9925	9938	423	9935	9921	181	9933	6735	218	9933	9943	9927	379	9918	181	2054	9911	182	139	9928	2165	9929	6292	9883	2138	9840	9938	9930	9928	9931	9938	9942	9937	9928	9929	9940	362	9929	9910	9927	9894	344	9915	433	9932	9920	9938	9942	2223	6265	9928	9923	9938	174	6816	9940	6268	9898	9714	9893	6290	9882	9937	9938	9924	9938	9758	2083	9915	9942	9929	9929	9820	1049	9922	9907	9938	9931	9938	9929	6272	9923	9928	9927	9922	6342	9925	9925	9928	9926	9937	9931	9939	6263	9941	9938	206	2067	9930	9929	379	152	2148	6309	9878	9943	9904	9924	2104	192	9941	2215	9927	9933	9938	9931	9928	9926	9938	9942	395	9810	9938	9877	9929	9938	9930	6326	9903	9938	9920	9938	9937	2162	9919	2145	9930	6291	163	9927	206	2025	9940	9929	6300	6269	9938	9939	298	6308	9736	9927	6269	6264	9921	9929	204	9926	294	6372	6392	9930	9930	6207	9927	6237	9931	9938	9939	9927	9938	9932	6286	9939	9946	9938	9929	284	9928	9932	148	9924	312	9939	9923	333	9928	9877	9930	9934	9936	9922	2188	6265	6279	139	6338	9919	9938	9932	9929	9938	9938	9908	9938	6192	9933	9934	9921	138	6331	9922	6280	9938	9941	9928	9921	9926	6280	6324	334	9931	2182	335	9928	9938	332	9922	139	6320	9931	9938	9943	9907	6267	9923	9938	6283	6408	9391	9921	9939	9942	9950	9932	9934	6325	396	0	9931	9929	9928	436	9911	9938	9930	9938	9926	9783	2209	6284	6283	9729	9939	9932	9927	444	2156	9933	6229	2174	9929	9929
ERR11807704	145	60	7	11	98	139	23	364	117	10466	9625	147	130	149	9814	64	119	11	154	136	7711	5	149	149	5	244	10346	7	19	9649	7687	6	133	228	144	7	128	10449	212	153	145	7816	8029	52	154	162	132	147	10640	10	9528	127	145	7	149	124	7	7697	123	149	10554	146	117	9623	59	7864	10631	11	153	5	7048	62	9596	9876	163	9664	9515	6	10466	135	8030	130	10384	237	99	7	6	7	149	156	56	5	143	154	10498	7	137	5	79	10416	121	10609	19	117	149	152	10582	7663	142	11	149	9601	7989	151	7687	148	165	101	8087	208	15	149	7	150	147	10312	117	152	8	6	230	9592	118	125	149	10	149	15	8016	122	14	17	122	8121	17	133	6	4	148	10	153	7733	154	149	10486	10286	111	8	10309	9582	10446	7703	119	153	15	132	10529	9616	154	10568	4	11	149	23	5	110	149	153	10606	147	149	119	20	149	7	7774	7	149	125	149	149	10441	10	10596	0	7753	9610	4	10503	9950	153	17	8089	7719	149	150	9888	7692	305	4	7714	7691	128	7	10449	4	9756	8179	8219	149	8	7920	20	7650	39	150	150	18	150	3	7699	150	157	149	6	9695	6	47	9552	119	10307	150	12	10428	6	118	7	12	149	131	10509	7662	7722	9533	7791	63	149	23	7	149	149	112	149	7551	145	13	66	9578	8119	125	7714	149	151	5	10	4	7722	8127	10427	9	10534	10460	59	149	10421	11	9523	7780	3	149	153	119	7687	134	149	7714	8249	145	128	150	153	164	9	62	7794	10588	9931	0	8	142	10643	138	149	19	149	4	151	10566	7636	7734	143	150	149	4	10655	10365	11	7555	10335	6	6
ERR10087013	141	57	6	10	94	135	19	360	113	10464	9623	143	128	145	9812	61	115	10	150	132	7703	8	145	145	3	240	10344	6	18	9647	7677	5	129	226	140	6	124	10444	209	149	141	7807	8016	49	150	159	127	144	10638	9	9526	125	141	5	145	122	3	7689	120	145	10552	142	113	9621	55	7856	10630	10	149	4	7046	58	9594	9869	159	9662	9513	2	10464	134	8019	126	10382	233	95	4	2	6	145	152	53	5	140	149	10496	3	135	5	76	10414	118	10607	19	113	145	148	10580	7655	141	10	145	9599	7980	147	7679	144	161	98	8077	205	11	145	1	146	143	10310	114	148	4	2	226	9589	113	122	145	10	145	14	8006	119	14	17	119	8109	17	129	2	3	144	10	149	7725	150	145	10484	10284	107	4	10307	9580	10444	7695	116	149	14	129	10526	9614	150	10566	4	11	145	23	4	106	145	149	10604	144	145	116	20	145	6	7766	4	145	121	145	145	10439	5	10593	6	7746	9608	2	10501	9944	149	17	8078	7712	145	146	9886	7682	303	3	7709	7684	124	1	10447	3	9754	8168	8209	145	6	7908	19	7643	53	146	146	17	146	8	7690	146	153	145	5	9693	5	69	9550	117	10305	146	13	10426	3	115	5	12	145	126	10507	7654	7713	9531	7783	59	145	23	7	145	145	109	145	7543	141	12	64	9576	8109	120	7707	145	147	4	10	3	7714	8115	10425	8	10532	10458	55	145	10419	11	9521	7771	7	145	149	115	7678	130	145	7707	8239	142	125	146	149	160	7	59	7785	10586	9929	8	0	141	10641	136	145	19	145	3	146	10561	7628	7727	140	146	145	2	10653	10363	11	7546	10329	6	5
ERR10460902	177	157	78	144	113	121	158	258	91	10462	9621	173	164	180	9813	198	83	145	185	102	7703	138	180	180	140	292	10344	140	79	9645	7897	141	160	94	175	141	113	10745	222	185	177	7808	8136	174	185	188	97	180	10638	138	9527	155	177	78	180	32	141	7911	124	180	10550	177	157	9620	121	7856	10629	144	185	138	7045	110	9593	10195	184	9661	9514	140	10464	95	8125	134	10381	283	181	78	140	142	180	187	99	154	2	185	10496	141	479	77	319	10413	118	10606	81	90	180	183	10579	7877	1	71	180	9600	7981	182	7899	175	177	328	8161	139	85	180	139	181	102	10310	100	183	141	142	278	9588	116	113	180	143	180	140	8122	84	139	74	103	8226	73	155	140	137	179	143	184	7724	185	180	10482	10285	101	141	10303	9581	10444	7918	51	185	141	154	10737	9614	185	10564	138	146	180	79	139	117	180	185	10604	152	182	50	83	180	141	7765	141	180	135	180	180	10438	143	10812	144	7747	9606	148	10500	10255	184	77	8198	7710	180	181	9886	7902	299	138	7709	7682	83	141	10445	137	9753	8284	8325	180	141	8024	76	7641	137	181	181	75	181	143	7690	181	188	180	144	9693	139	138	9550	38	10304	181	71	10425	139	50	78	145	170	94	10507	7875	7712	9532	7782	118	180	80	145	179	180	84	180	7543	178	146	86	9576	8226	115	7705	180	182	139	68	137	7714	8236	10424	81	10530	10457	127	180	10418	145	9522	7770	142	180	185	109	7679	128	180	7707	8360	151	85	181	184	195	80	174	7784	10586	9928	142	141	0	10641	476	180	79	180	138	164	10901	7629	7725	178	181	175	138	10651	10362	151	7546	10667	142	140
SRR13719614	10514	10514	10583	10647	10655	10644	10655	10313	10643	689	1745	10688	10480	10688	414	10646	10638	10646	10701	10486	6986	10638	10694	10695	10580	10529	2826	10644	10643	708	6988	10642	10479	10659	10650	10643	10636	2870	10388	10696	10295	7085	6803	10647	10693	10661	10484	10425	34	10485	719	10631	10290	10586	10696	10560	10641	6987	10635	10695	39	10655	10635	867	10644	7432	725	10648	10696	10640	306	10642	869	2719	10517	891	715	10640	2909	10645	6782	10590	2851	10538	10692	10644	10641	10643	10693	10694	10650	10642	10642	10691	35	10642	10568	10642	10557	349	10630	36	10645	10643	10695	10700	2942	6962	10644	10634	10695	766	7525	10693	6987	10646	10456	10552	6820	10472	10652	10688	10639	10692	10483	2825	10628	10662	10644	10641	10513	1738	10637	10618	10692	10642	10694	10643	6753	10638	10643	10640	10638	6861	10639	10638	10642	10638	10695	10644	10636	6989	10701	10696	677	2645	10644	10644	2	765	2890	7006	10468	10698	10621	10636	2813	731	10701	2979	10640	10644	10691	10643	10639	10643	10696	10696	36	10482	10692	10465	10641	10690	10642	7069	10623	10696	10635	10695	10691	2901	10528	2854	10644	7010	740	10639	690	2717	10695	10643	6809	6989	10691	10696	958	6999	10407	10639	6991	6972	10638	10641	683	10639	1049	6905	6942	10680	10642	6718	10641	6933	10583	10692	10697	10640	10696	10645	7019	10696	10704	10696	10640	1030	10639	10586	726	10636	996	10696	10636	381	10640	10464	10584	10646	10692	10577	2933	6962	7040	715	7051	10646	10696	10648	10641	10696	10684	10622	10696	6900	10690	10649	10577	723	6852	10638	6981	10694	10661	10639	10632	10637	6990	6853	363	10651	2947	411	10643	10694	372	10528	717	7047	10644	10696	10696	10616	6980	10639	10695	6991	6961	10022	10592	10694	10695	10710	10585	10649	7054	29	436	10643	10641	10641	0	10567	10695	10643	10696	10640	10501	2935	6981	6996	10421	10695	10680	10639	24	2855	10646	6929	2883	10644	10641
ERR4399957	389	227	87	144	360	358	153	481	348	10385	9608	372	354	398	9795	230	350	145	403	356	7628	146	398	398	136	348	10266	140	91	9628	7627	141	349	557	361	141	349	10383	437	403	356	7735	7953	228	403	406	355	395	10564	137	9508	344	377	87	398	465	136	7636	355	398	10537	366	223	9601	229	7840	10550	144	403	139	6971	100	9573	9808	383	9642	9495	130	10387	359	7957	348	10302	343	266	87	135	142	398	405	233	139	480	403	10419	136	2	91	72	10336	344	10533	93	348	398	401	10504	7603	481	83	398	9582	7965	400	7627	397	397	53	7995	428	94	398	134	399	367	10232	345	372	136	137	336	9575	224	347	398	143	398	140	7938	350	139	87	350	8037	81	352	135	137	397	144	402	7653	403	398	10405	10207	362	136	10230	9561	10367	7643	342	403	141	351	10724	9595	403	10490	139	144	398	92	140	353	398	403	10527	380	388	339	91	398	141	7752	141	398	349	398	398	10360	138	10803	136	7672	9593	140	10423	9884	402	90	8010	7635	395	399	9901	7632	279	138	7630	7607	349	136	10368	137	9745	8094	8134	398	141	7848	88	7566	218	399	399	88	396	143	7677	399	406	398	140	9685	139	231	9530	470	10291	399	83	10348	139	339	87	146	398	349	10430	7602	7701	9513	7709	101	398	93	141	397	398	347	398	7529	382	146	212	9557	8049	349	7630	397	371	139	81	137	7641	8041	10350	92	10453	10380	224	393	10341	146	9505	7698	142	398	403	347	7603	352	398	7630	8165	386	351	399	402	408	89	230	7713	10509	9911	138	136	476	10567	0	398	92	398	138	399	10501	7612	7653	385	399	386	138	10579	10285	145	7530	10269	143	140
CIV143E9_S8_L001	45	98	82	150	55	50	163	363	41	10513	9636	0	52	0	9822	90	43	150	7	48	7971	152	0	0	146	187	10353	145	84	9656	7787	146	47	262	53	147	41	10661	164	11	55	7822	8619	88	7	16	48	0	10689	142	9549	72	14	83	0	168	147	7801	42	0	10603	3	54	9629	89	7866	10686	149	11	145	7100	29	9602	10105	111	9708	9523	145	10474	127	8580	40	10390	180	1	82	145	148	0	9	93	148	179	7	10543	146	401	81	207	10460	31	10661	85	41	0	15	10598	7762	180	77	0	9609	7991	2	7789	1	23	246	8650	269	90	0	144	1	53	10319	33	15	146	147	173	9603	55	74	0	149	0	145	8590	45	144	77	42	8706	77	44	146	143	1	149	6	7737	7	0	10535	10294	55	146	10369	9591	10454	7806	182	11	146	43	11893	9624	7	10576	145	150	0	83	145	46	0	11	10651	1	2	179	88	0	146	7779	147	0	41	0	0	10446	149	11983	150	8014	9620	153	10555	10168	6	80	8664	7970	0	1	10022	7792	310	145	7780	7923	42	147	10501	142	9773	8765	8808	0	146	8485	80	7903	228	1	1	79	1	148	7703	1	14	0	150	9713	143	244	9559	168	10355	1	74	10467	145	181	82	151	0	42	10518	7764	7726	9541	8036	30	0	85	150	0	0	73	0	7618	0	151	41	9586	8486	41	7960	0	14	145	72	143	7983	8716	10464	85	10539	10504	85	0	10465	153	9533	7786	148	0	11	74	7699	45	0	7948	8840	11	38	1	7	17	84	92	7801	10633	9938	149	145	180	10695	398	0	82	0	143	5	10826	7699	7967	14	1	0	143	10710	10372	156	7558	10587	148	144
ERR6806600	80	49	18	22	79	75	36	348	65	10465	9625	82	71	82	9813	52	67	22	87	74	7708	24	82	82	18	192	10346	18	19	9648	7647	17	67	164	78	18	66	10448	149	86	78	7811	8023	50	87	95	73	80	10640	15	9527	62	79	18	82	69	18	7659	69	82	10554	79	65	9623	51	7859	10631	22	86	16	7049	60	9596	9874	98	9664	9514	17	10466	72	8025	65	10384	185	82	18	17	19	82	89	55	16	80	87	10498	18	91	18	44	10416	57	10609	4	65	82	85	10582	7625	79	12	82	9600	7984	84	7649	81	100	64	8083	156	26	82	18	83	82	10312	58	85	19	17	179	9592	66	60	82	21	82	18	8012	67	17	18	67	8115	18	69	17	15	81	21	86	7729	87	82	10485	10286	78	19	10309	9581	10446	7665	66	86	18	68	10529	9615	87	10568	15	22	82	24	16	70	82	86	10606	80	84	67	21	82	18	7770	18	82	66	82	82	10441	20	10596	19	7750	9609	17	10502	9947	86	2	8084	7716	82	83	9887	7652	305	15	7712	7688	66	18	10448	15	9756	8174	8215	82	19	7914	20	7647	100	83	83	19	83	20	7694	83	90	82	17	9695	17	113	9551	68	10307	83	14	10428	17	66	18	23	82	66	10509	7624	7717	9532	7787	61	82	24	18	82	82	60	82	7546	82	24	66	9577	8115	66	7711	82	84	16	11	15	7718	8121	10427	19	10534	10460	46	82	10421	21	9522	7775	18	82	86	60	7682	69	82	7711	8245	80	64	83	86	97	20	52	7789	10588	9930	19	19	79	10643	92	82	0	82	15	84	10565	7631	7731	78	83	82	15	10655	10365	22	7550	10334	19	17
CIV13YE6_S9_L001	45	98	82	150	55	50	163	363	41	10513	9636	0	52	0	9822	90	43	150	7	48	7976	152	0	0	146	187	10353	145	84	9656	7794	146	47	262	53	147	41	10661	164	11	55	7829	8626	88	7	16	48	0	10690	142	9549	72	14	83	0	168	147	7806	42	0	10603	3	54	9629	89	7873	10686	149	11	145	7100	29	9602	10105	111	9708	9523	145	10474	127	8589	40	10390	180	1	82	145	148	0	9	93	148	179	7	10543	146	401	81	207	10460	31	10662	85	41	0	15	10598	7767	180	77	0	9609	7998	2	7794	1	23	246	8657	269	90	0	144	1	53	10319	33	15	146	147	173	9603	55	74	0	149	0	145	8597	45	144	77	42	8713	77	44	146	143	1	149	6	7744	7	0	10535	10294	55	146	10370	9591	10454	7811	182	11	146	43	11894	9624	7	10576	145	150	0	83	145	46	0	11	10652	1	2	179	88	0	146	7786	147	0	41	0	0	10446	149	11984	150	8020	9620	153	10555	10170	6	80	8671	7975	0	1	10022	7799	310	145	7783	7928	42	147	10502	142	9773	8772	8819	0	146	8496	80	7908	228	1	1	79	1	148	7710	1	14	0	150	9713	143	244	9559	168	10355	1	74	10467	145	181	82	151	0	42	10518	7769	7733	9541	8043	30	0	85	150	0	0	73	0	7625	0	151	41	9586	8493	41	7965	0	14	145	72	143	7989	8723	10464	85	10539	10504	85	0	10465	153	9533	7793	148	0	11	74	7706	45	0	7953	8851	11	38	1	7	17	84	92	7808	10634	9938	149	145	180	10696	398	0	82	0	143	5	10830	7706	7972	14	1	0	143	10711	10372	156	7565	10588	148	144
ERR10460765	139	56	3	7	93	134	18	358	112	10461	9622	141	126	143	9809	60	114	7	148	131	7698	7	143	143	1	239	10341	3	14	9644	7671	2	128	224	139	3	123	10444	207	147	140	7803	8014	48	148	156	127	141	10637	6	9523	122	139	3	143	120	3	7683	118	143	10551	140	112	9618	55	7850	10627	7	147	1	7046	57	9591	9870	159	9659	9510	2	10461	131	8017	125	10379	232	93	3	2	3	143	150	52	1	138	148	10493	3	137	1	75	10411	116	10606	15	112	143	146	10579	7649	138	7	143	9596	7974	145	7673	142	159	96	8075	203	11	143	3	144	140	10307	112	146	4	2	226	9589	113	120	143	6	143	11	8003	118	10	13	118	8108	13	129	2	0	142	6	147	7721	148	143	10481	10281	106	4	10304	9577	10441	7689	114	147	11	128	10523	9611	148	10565	0	7	143	19	1	105	143	147	10601	141	143	114	16	143	3	7762	3	143	120	143	143	10436	6	10590	4	7742	9607	0	10498	9944	147	13	8077	7706	143	144	9885	7676	301	0	7704	7678	123	2	10444	0	9751	8166	8207	143	3	7906	15	7637	74	144	144	14	144	5	7686	144	151	143	2	9690	2	86	9547	114	10302	144	9	10423	1	113	3	8	143	126	10504	7648	7709	9528	7779	58	143	19	3	143	143	107	143	7536	139	9	62	9573	8104	120	7701	143	145	1	6	0	7710	8114	10424	4	10529	10455	55	143	10416	7	9519	7767	3	143	147	114	7672	129	143	7701	8237	140	123	144	147	158	5	58	7781	10583	9926	4	3	138	10640	138	143	15	143	0	145	10562	7622	7723	137	144	143	0	10652	10360	7	7540	10332	2	2
CLL3JA_S28_L001	48	99	84	152	56	51	165	364	42	10320	9485	5	54	5	9673	93	44	152	2	49	7837	154	5	5	148	189	10189	147	86	9505	7651	147	49	243	54	149	42	10494	167	14	57	7688	8461	91	2	11	49	5	10500	144	9401	75	16	85	5	152	149	7657	43	5	10412	6	55	9478	92	7722	10487	151	14	147	6977	32	9459	9945	114	9556	9376	147	10309	130	8424	41	10227	182	6	84	147	150	5	4	96	150	163	2	10356	148	402	83	210	10271	32	10469	87	42	5	17	10425	7626	164	79	5	9460	7842	7	7653	4	19	249	8491	252	92	5	146	6	52	10151	34	17	148	149	175	9455	56	76	5	151	5	147	8423	46	146	79	43	8549	79	47	148	145	4	151	1	7603	2	5	10341	10132	56	148	10189	9447	10288	7662	166	14	148	46	11728	9479	2	10411	147	152	5	85	147	47	5	14	10465	4	7	163	90	5	148	7645	149	5	42	5	5	10280	151	11814	152	7881	9470	155	10359	10014	1	82	8504	7836	5	6	9875	7656	309	147	7646	7789	43	149	10311	144	9627	8598	8641	5	148	8327	82	7769	230	6	6	81	6	150	7569	6	17	5	152	9566	145	242	9415	152	10190	6	76	10280	147	165	84	153	5	43	10355	7628	7591	9398	7894	33	5	87	152	5	5	75	5	7480	5	153	42	9440	8327	42	7826	5	16	147	74	145	7849	8557	10276	87	10362	10318	88	5	10275	153	9390	7649	149	5	14	76	7564	46	5	7814	8674	13	39	6	10	12	86	95	7665	10440	9783	151	146	164	10501	399	5	84	5	145	0	10652	7566	7833	16	6	5	145	10518	10211	158	7421	10409	150	146
ERR4145410	10739	10805	10501	10569	10815	10801	10581	10983	10810	2845	1437	10814	10787	10813	2208	10810	10795	10568	10832	10793	6640	10568	10824	10824	10507	10651	35	10565	10564	2128	6685	10564	10789	10914	10807	10565	10791	29	10847	10820	10612	6643	7402	10812	10819	10785	10792	10582	2913	10561	2094	10792	10430	10506	10829	10815	10563	6670	10798	10827	2900	10824	10764	2120	10812	7129	2898	10573	10823	10564	2574	10760	2120	14	10703	2121	2095	10561	37	10649	7346	10751	25	10670	10817	10566	10563	10564	10825	10820	10814	10562	10903	10817	2895	10565	10504	10564	10501	2705	10791	2906	10567	10810	10826	10831	30	6664	10905	10556	10829	2132	7166	10817	6661	10790	10596	10480	7416	10955	10575	10812	10561	10817	10808	26	10788	10828	10566	10566	10643	1434	10765	10785	10819	10565	10827	10565	7328	10792	10564	10562	10794	7412	10561	10791	10564	10563	10829	10566	10761	6569	10833	10828	2843	34	10795	10567	2912	2150	25	6671	10863	10824	10564	10791	1415	2109	10834	24	10562	10564	10817	10565	10559	10796	10828	10821	2911	10677	10805	10860	10561	10819	10566	6640	10567	10829	10793	10826	10816	27	10569	1435	10567	6628	2119	10565	2851	1	10820	10565	7376	6637	10817	10831	2160	6683	10479	10562	6655	6625	10791	10565	2840	10560	2123	7419	7432	10808	10562	7306	10563	6626	10582	10817	10827	10562	10830	10568	6626	10829	10835	10828	10565	2108	10564	10601	2110	10896	2123	10825	10557	2704	10563	10860	10503	10573	10824	10734	24	6669	6627	2094	6648	10765	10825	10570	10565	10828	10814	10796	10830	6594	10818	10571	10728	2096	7192	10793	6637	10822	10828	10561	10553	10560	6640	7404	2709	10577	25	2704	10808	10826	2705	10567	2095	6652	10564	10825	10821	10789	6663	10793	10825	6632	7447	10172	10795	10825	10822	10839	10504	10814	6650	2898	2209	10566	10561	10901	2935	10501	10826	10565	10830	10562	10652	0	6669	6637	10589	10825	10802	10565	2917	28	10567	6617	11	10568	10562
SRR1973602	7648	7637	7628	7637	7640	7662	7643	7574	7627	6835	5889	7702	7621	7704	6246	7665	7649	7639	7711	7622	70	7626	7706	7706	7632	7647	6599	7627	7636	6191	104	7629	7646	7709	7660	7635	7648	6666	7661	7708	7654	63	446	7658	7708	7691	7620	7479	6987	7630	6106	7612	7374	7626	7704	7624	7634	92	7648	7706	6951	7666	7652	6278	7656	815	6937	7639	7708	7632	5223	7644	6261	6402	7645	6281	6105	7632	6629	7627	410	7628	6611	7651	7705	7635	7634	7635	7706	7710	7669	7628	7626	7704	6914	7634	7612	7632	7545	6864	7646	6945	7635	7627	7703	7711	6656	93	7628	7627	7705	6169	820	7706	92	7668	7508	7595	436	7614	7632	7704	7630	7705	7644	6589	7641	7675	7634	7634	7633	5881	7648	7621	7704	7636	7706	7634	400	7650	7633	7629	7653	430	7624	7620	7633	7631	7704	7637	7708	61	7709	7706	6843	6485	7633	7634	6849	6180	6611	92	7529	7708	7577	7626	6613	6143	7709	6593	7632	7638	7704	7637	7633	7657	7704	7708	6976	7573	7705	7528	7635	7705	7635	54	7577	7705	7622	7706	7704	6595	7626	6643	7627	61	6181	7623	6856	6422	7708	7629	420	70	7706	7706	6229	104	7615	7632	81	66	7626	7627	6830	7631	6267	436	441	7695	7629	412	7633	67	7632	7705	7701	7625	7706	7637	63	7705	7713	7706	7634	6224	7633	7637	6138	7622	6256	7703	7622	6860	7624	7529	7628	7639	7701	7620	6621	91	78	6103	59	7648	7706	7638	7634	7706	7701	7614	7705	7	7705	7629	7625	6134	412	7647	71	7705	7673	7634	7620	7621	67	444	6868	7638	6605	6865	7655	7700	6866	7631	6110	74	7636	7705	7708	7615	74	7625	7706	66	442	7240	7653	7706	7708	7719	7630	7666	72	6944	6284	7636	7628	7629	6981	7612	7699	7631	7706	7622	7566	6669	0	69	7504	7703	7699	7625	6979	6621	7638	77	6547	7634	7628
SRR26050334	7941	7710	7669	7738	7738	7733	7743	7587	7727	6830	5888	7968	7717	7969	6245	7737	7722	7737	7977	7721	9	7727	7972	7972	7671	7719	6595	7731	7735	6188	93	7729	7715	7751	7736	7734	7721	6636	7733	7976	7663	53	461	7734	7974	7953	7718	7744	7002	7728	6101	7707	7638	7670	7971	7666	7733	81	7719	7972	6965	7739	7723	6278	7728	812	6938	7739	7976	7731	5240	7909	6262	6368	7716	6281	6103	7730	6627	7725	423	7702	6608	7722	7972	7735	7732	7734	7972	7975	7741	7730	7723	7970	6929	7733	7653	7733	7588	6870	7719	6964	7734	7727	7971	7976	6650	79	7728	7726	7972	6166	825	7974	81	7936	7773	7636	451	7707	7735	7969	7730	7972	7718	6585	7712	7746	7735	7732	7704	5882	7723	7690	7970	7733	7972	7734	406	7723	7734	7728	7727	446	7726	7720	7734	7729	7971	7735	7916	51	7976	7972	6838	6480	7730	7735	6865	6182	6608	81	7625	7976	7675	7722	6584	6141	7976	6587	7732	7735	7972	7734	7730	7732	7971	7975	6991	7837	7967	7623	7731	7970	7733	43	7675	7972	7721	7972	7971	6591	7729	6612	7729	12	6180	7724	6855	6388	7976	7729	433	9	7972	7973	6307	93	7648	7730	70	5	7728	7727	6824	7730	6265	452	458	7958	7729	425	7732	6	7671	7972	7969	7725	7972	7736	52	7972	7980	7972	7731	6222	7730	7677	6136	7722	6251	7971	7722	6866	7725	7624	7670	7737	7969	7660	6618	80	66	6102	71	7916	7972	7740	7733	7972	7959	7689	7972	69	7971	7733	7666	6133	452	7723	9	7971	7745	7730	7718	7720	6	458	6874	7737	6599	6871	7731	7967	6872	7729	6108	43	7736	7972	7976	7686	46	7724	7972	5	459	7449	7722	7973	7976	7980	7671	7741	61	6957	6283	7734	7727	7725	6996	7653	7967	7731	7972	7723	7833	6637	69	0	7768	7971	7966	7725	6994	6617	7737	67	6514	7735	7728
CAAQXB_S13_L001	45	94	78	145	53	49	158	362	40	10247	9414	14	52	14	9615	87	42	144	17	47	7775	147	14	14	141	184	10134	140	80	9446	7591	139	47	258	52	141	40	10428	162	18	55	7622	8368	85	18	27	47	14	10419	136	9348	71	15	79	14	166	141	7604	42	14	10331	11	53	9419	86	7661	10418	144	18	139	6928	29	9402	9883	108	9496	9323	139	10249	126	8335	39	10168	176	15	79	139	141	14	20	90	141	177	18	10280	140	388	79	206	10197	31	10388	81	40	14	0	10363	7564	178	74	14	9400	7784	16	7593	13	34	243	8399	267	88	14	140	15	53	10093	33	1	141	140	170	9382	54	74	14	144	14	140	8344	44	139	74	41	8449	75	44	140	138	13	144	16	7539	17	14	10266	10076	53	141	10108	9387	10224	7609	180	18	140	43	11667	9419	17	10336	139	145	14	81	138	45	14	18	10386	13	16	177	84	14	140	7566	141	14	40	14	14	10222	143	11753	145	7815	9405	147	10289	9949	16	77	8410	7775	14	15	9805	7594	302	139	7587	7728	41	141	10234	137	9564	8508	8555	14	141	8240	78	7708	222	15	15	76	15	142	7505	15	21	14	144	9503	138	237	9356	166	10136	15	72	10207	139	179	78	146	14	41	10289	7566	7519	9339	7837	30	14	82	144	14	14	73	14	7420	14	146	40	9380	8233	40	7765	14	1	138	70	138	7783	8457	10197	80	10304	10242	83	14	10203	147	9326	7585	141	14	18	74	7502	44	14	7753	8587	20	37	15	19	28	80	89	7602	10367	9729	143	140	178	10421	385	14	78	14	137	16	10589	7504	7768	0	15	14	137	10433	10152	150	7361	10348	142	138
CIV13XE8_S20_L001	46	99	83	151	56	51	164	364	42	10513	9637	1	53	1	9823	91	44	151	8	49	7975	153	1	1	147	188	10353	146	85	9657	7792	147	48	263	54	148	42	10661	165	12	56	7826	8623	89	8	17	49	1	10689	143	9550	73	15	84	1	169	148	7804	43	1	10604	4	55	9630	90	7871	10686	150	12	146	7100	30	9603	10105	112	9709	9524	146	10474	128	8584	41	10390	181	2	83	146	149	1	10	94	149	180	8	10543	147	402	82	208	10459	32	10661	86	42	1	16	10597	7765	181	78	1	9610	7996	3	7792	2	24	247	8653	270	91	1	145	2	54	10319	34	16	147	148	174	9604	56	75	1	150	1	146	8594	46	145	78	43	8709	78	45	147	144	2	150	7	7741	8	1	10535	10294	56	147	10369	9592	10454	7809	183	12	147	44	11894	9625	8	10576	146	151	1	84	146	47	1	12	10651	2	3	180	89	1	147	7784	148	1	42	1	1	10446	150	11984	151	8017	9621	154	10555	10168	7	81	8667	7974	1	2	10023	7797	311	146	7780	7927	43	148	10501	143	9774	8768	8812	1	147	8488	81	7907	229	2	2	80	2	149	7708	2	15	1	151	9714	144	245	9560	169	10356	2	75	10466	146	182	83	152	1	43	10518	7767	7731	9542	8040	31	1	86	151	1	1	74	1	7623	1	152	42	9587	8490	42	7964	1	15	146	73	144	7987	8719	10463	86	10539	10503	86	1	10464	154	9534	7790	149	1	12	75	7703	46	1	7952	8844	12	39	2	8	18	85	93	7805	10633	9939	150	146	181	10695	399	1	83	1	144	6	10825	7703	7971	15	0	1	144	10709	10371	157	7563	10586	149	145
CIV146E8_S25_L001	45	98	82	150	55	50	163	333	41	10503	9633	0	52	0	9816	90	43	150	7	48	7970	152	0	0	146	187	10350	145	84	9650	7781	146	47	258	53	147	41	10644	164	11	55	7822	8612	88	7	15	48	0	10677	142	9543	72	14	83	0	164	147	7795	42	0	10591	3	54	9623	89	7866	10676	149	11	145	7093	29	9596	10088	111	9702	9517	145	10471	111	8576	40	10387	179	1	82	145	148	0	9	93	148	174	7	10532	146	389	81	201	10449	31	10650	85	41	0	15	10588	7756	175	77	0	9603	7991	2	7783	1	22	240	8646	265	90	0	144	1	53	10316	33	15	146	147	173	9600	55	74	0	149	0	145	8586	45	144	77	42	8702	77	44	146	143	1	149	6	7737	7	0	10525	10291	55	146	10354	9585	10451	7800	178	11	146	43	11860	9618	7	10573	145	150	0	83	145	46	0	11	10640	1	2	175	87	0	146	7779	147	0	41	0	0	10443	149	11952	150	8014	9614	153	10545	10151	6	80	8660	7969	0	1	10016	7786	310	145	7780	7922	42	147	10491	142	9767	8761	8804	0	146	8481	80	7902	228	1	1	79	1	148	7703	1	14	0	150	9707	143	244	9553	163	10349	1	74	10456	145	176	82	151	0	42	10515	7758	7726	9535	8036	29	0	85	150	0	0	73	0	7618	0	151	41	9580	8485	41	7959	0	14	145	72	143	7983	8712	10453	85	10536	10493	85	0	10454	153	9527	7785	148	0	11	74	7699	45	0	7947	8836	11	38	1	7	16	84	92	7800	10622	9932	149	145	175	10680	386	0	82	0	143	5	10802	7699	7966	14	1	0	143	10692	10369	156	7558	10563	148	144
ERR9820422	139	55	3	7	92	133	18	358	111	10462	9621	141	125	143	9810	59	113	7	148	130	7702	9	143	143	1	238	10342	3	14	9645	7676	2	127	224	138	3	122	10444	206	147	139	7805	8018	47	148	156	126	141	10636	6	9524	122	139	3	143	120	2	7688	117	143	10550	140	111	9619	54	7854	10628	7	147	1	7044	56	9592	9871	158	9660	9511	1	10462	131	8022	124	10380	231	93	3	1	3	143	150	51	1	138	148	10494	2	137	2	75	10412	115	10605	16	111	143	146	10578	7654	138	8	143	9597	7978	145	7678	142	159	96	8077	203	11	143	1	144	141	10308	111	146	3	1	225	9588	112	119	143	6	143	11	8006	117	10	13	117	8110	13	128	1	0	142	6	147	7723	148	143	10482	10282	105	3	10305	9578	10442	7694	114	147	11	127	10524	9612	148	10564	0	7	143	19	1	104	143	147	10602	141	143	114	16	143	3	7764	3	143	119	143	143	10437	5	10591	4	7744	9606	1	10499	9946	147	13	8079	7710	143	144	9884	7681	301	0	7706	7682	122	1	10445	0	9752	8169	8213	143	3	7912	15	7641	83	144	144	14	144	5	7688	144	151	143	2	9691	2	97	9548	114	10303	144	9	10424	1	113	3	8	143	125	10505	7653	7711	9529	7781	57	143	19	3	143	143	106	143	7540	139	9	62	9574	8109	119	7705	143	145	1	6	0	7712	8116	10423	5	10530	10456	54	143	10417	7	9519	7769	3	143	147	113	7676	128	143	7705	8243	140	122	144	147	158	5	57	7783	10584	9927	4	2	138	10639	138	143	15	143	0	145	10565	7625	7725	137	144	143	0	10651	10361	7	7544	10330	3	2
SRR13313295	10503	10526	10594	10659	10668	10656	10667	10324	10659	663	1721	10701	10467	10700	427	10658	10650	10658	10716	10475	6984	10650	10707	10710	10591	10544	2807	10656	10655	686	6986	10654	10466	10668	10662	10655	10648	2852	10399	10708	10283	7108	6803	10659	10705	10673	10473	10440	15	10474	702	10639	10304	10597	10711	10574	10653	6985	10647	10709	20	10669	10647	843	10656	7435	698	10660	10708	10652	280	10654	845	2703	10527	867	698	10652	2892	10655	6781	10602	2833	10558	10704	10656	10653	10655	10706	10706	10662	10654	10652	10703	16	10654	10579	10654	10569	351	10642	15	10657	10659	10708	10715	2924	6960	10654	10646	10708	750	7528	10705	6985	10659	10470	10566	6818	10486	10664	10700	10652	10704	10472	2812	10640	10676	10656	10653	10531	1717	10649	10630	10704	10654	10707	10655	6752	10650	10655	10652	10650	6859	10651	10650	10654	10650	10710	10656	10647	7013	10716	10710	651	2629	10657	10656	25	752	2876	7004	10482	10711	10634	10648	2794	716	10716	2963	10652	10656	10703	10655	10651	10655	10711	10708	16	10494	10706	10479	10653	10702	10654	7067	10636	10711	10647	10710	10703	2885	10540	2836	10656	7007	726	10651	664	2700	10707	10655	6808	6987	10703	10710	961	6997	10393	10651	6985	6970	10650	10653	657	10651	1053	6903	6940	10692	10654	6717	10653	6931	10594	10704	10711	10652	10711	10657	7015	10710	10719	10711	10652	1040	10651	10597	710	10648	993	10711	10648	382	10652	10478	10595	10658	10705	10588	2917	6960	7039	699	7049	10658	10710	10660	10653	10710	10696	10634	10711	6898	10705	10661	10588	707	6850	10650	6979	10707	10676	10651	10644	10649	6987	6851	363	10667	2931	413	10655	10707	374	10540	701	7045	10656	10710	10708	10628	6978	10651	10709	6989	6959	10033	10604	10708	10707	10725	10596	10661	7051	9	444	10655	10653	10651	24	10579	10710	10655	10711	10652	10518	2917	6979	6994	10433	10709	10692	10651	0	2836	10658	6927	2866	10656	10653
SRR28295566	10346	10351	10305	10366	10368	10366	10376	10349	10357	2781	1393	10363	10354	10372	2150	10367	10358	10368	10377	10360	6616	10360	10372	10372	10300	10350	57	10363	10364	2072	6649	10364	10353	10388	10370	10363	10358	37	10404	10377	10290	6622	6970	10366	10376	10339	10359	10140	2832	10358	2039	10354	9981	10305	10371	10292	10363	6634	10358	10372	2821	10369	10356	2066	10366	7095	2837	10367	10377	10360	2487	10351	2065	30	10391	2067	2038	10362	56	10364	6907	10319	46	10353	10373	10364	10361	10365	10372	10377	10371	10362	10363	10375	2817	10363	10284	10361	10295	2651	10348	2824	10366	10357	10372	10376	50	6628	10362	10357	10372	2077	7131	10374	6627	10340	10150	10268	6957	10446	10370	10372	10361	10373	10355	45	10349	10376	10363	10362	10347	1389	10357	10350	10372	10364	10372	10364	6889	10359	10363	10361	10358	6966	10358	10359	10361	10360	10371	10365	10317	6542	10377	10372	2785	53	10363	10363	2819	2093	46	6634	10355	10377	10365	10357	50	2055	10377	44	10361	10366	10372	10365	10362	10362	10372	10377	2831	10238	10368	10354	10363	10372	10364	6615	10364	10372	10356	10371	10372	45	10365	54	10363	6607	2066	10360	2791	28	10376	10363	6932	6617	10372	10373	2107	6647	10287	10360	6604	6605	10358	10362	2784	10360	2065	6971	6987	10363	10364	6863	10362	6607	10305	10373	10373	10361	10372	10366	6606	10373	10380	10372	10362	2054	10361	10306	2056	10359	2068	10373	10357	2650	10361	10353	10305	10367	10369	10298	44	6635	6605	2039	6624	10353	10372	10367	10363	10372	10364	10351	10372	6555	10368	10368	10299	2040	6961	10358	6617	10372	10375	10361	10354	10360	6616	6959	2656	10365	46	2653	10362	10372	2652	10367	2037	6632	10364	10372	10376	10351	6638	10359	10372	6612	6997	9750	10356	10373	10376	10385	10307	10368	6629	2822	2156	10365	10363	10362	2855	10285	10372	10365	10372	10360	10211	28	6621	6617	10152	10371	10369	10361	2836	0	10366	6592	32	10363	10363
ERR12312692	153	68	10	2	105	146	27	372	124	10469	9628	154	138	156	9816	72	126	14	161	143	7713	15	156	156	9	245	10348	10	21	9651	7689	9	140	237	151	4	135	10450	219	160	152	7819	8030	60	161	169	139	154	10643	13	9530	135	152	10	156	133	10	7699	130	156	10557	153	118	9625	67	7866	10635	14	160	8	7051	63	9598	9876	171	9666	9517	9	10468	144	8032	137	10386	238	106	10	9	10	156	163	64	8	152	161	10500	10	144	9	82	10418	128	10612	22	124	156	159	10585	7665	151	14	156	9603	7991	158	7689	155	172	103	8090	210	18	156	10	157	154	10314	124	159	11	9	232	9595	119	132	156	1	156	18	8018	130	17	20	130	8123	20	141	9	7	155	1	160	7737	161	156	10489	10288	118	11	10311	9584	10448	7705	121	160	18	140	10530	9618	161	10571	7	14	156	26	8	117	156	160	10608	154	156	121	23	156	10	7778	10	156	132	156	156	10443	13	10597	11	7757	9613	8	10505	9950	160	20	8092	7721	156	157	9891	7694	308	7	7716	7693	135	10	10451	7	9758	8181	8222	156	11	7921	22	7652	90	157	157	21	157	12	7702	157	164	156	9	9697	9	103	9554	127	10309	157	16	10430	9	120	10	15	156	138	10511	7664	7725	9535	7795	64	156	26	10	156	156	119	156	7553	152	16	75	9580	8121	132	7716	153	158	8	13	7	7725	8129	10430	11	10536	10462	67	156	10423	14	9525	7783	10	156	160	126	7689	141	156	7716	8252	153	135	157	160	171	12	70	7797	10590	9933	11	11	151	10646	145	156	22	156	7	158	10567	7638	7737	150	157	156	7	10658	10366	0	7557	10337	10	9
SRR7292863	7533	7527	7547	7556	7556	7555	7562	7465	7545	6775	5842	7561	7540	7565	6191	7557	7542	7558	7570	7540	67	7545	7565	7565	7550	7538	6574	7546	7555	6137	89	7548	7538	7625	7553	7554	7541	6613	7551	7569	7544	61	424	7550	7569	7550	7538	7336	6932	7549	6051	7528	7230	7545	7564	7542	7553	77	7538	7565	6899	7558	7544	6223	7548	787	6877	7557	7569	7551	5173	7506	6201	6349	7534	6226	6050	7551	6602	7542	387	7522	6580	7540	7566	7554	7552	7555	7565	7571	7561	7547	7543	7565	6864	7553	7530	7551	7466	6814	7537	6894	7554	7545	7562	7568	6630	78	7545	7546	7565	6114	796	7567	77	7529	7369	7513	414	7534	7551	7565	7550	7566	7534	6561	7532	7564	7553	7553	7524	5830	7541	7512	7563	7555	7565	7553	372	7543	7552	7548	7546	407	7543	7538	7552	7550	7564	7555	7569	59	7569	7565	6786	6460	7551	7553	6797	6120	6586	77	7448	7569	7498	7543	6563	6089	7569	6566	7551	7557	7565	7556	7552	7550	7564	7569	6925	7433	7564	7447	7554	7565	7554	51	7498	7565	7540	7565	7565	6568	7545	6585	7546	59	6128	7542	6798	6365	7569	7548	397	68	7565	7566	6172	89	7530	7551	78	64	7546	7545	6772	7550	6213	414	419	7554	7548	391	7552	65	7551	7566	7561	7544	7565	7556	48	7565	7573	7565	7553	6163	7552	7556	6084	7542	6201	7563	7541	6811	7543	7447	7547	7558	7560	7538	6595	76	63	6046	57	7510	7565	7557	7553	7565	7560	7505	7565	81	7564	7548	7546	6079	415	7540	69	7564	7563	7552	7539	7540	65	421	6820	7555	6580	6816	7547	7559	6816	7548	6055	72	7555	7565	7569	7506	66	7543	7565	64	420	7101	7544	7566	7569	7578	7549	7558	69	6894	6229	7555	7546	7546	6929	7530	7558	7550	7565	7540	7421	6617	77	67	7361	7563	7558	7544	6927	6592	7557	0	6497	7553	7547
ERR4145345	10524	10567	10271	10336	10577	10564	10348	10745	10572	2817	1426	10571	10549	10577	2174	10575	10560	10337	10594	10561	6518	10336	10586	10587	10274	10414	39	10334	10333	2095	6561	10332	10554	10682	10571	10334	10556	34	10607	10584	10386	6518	7275	10578	10581	10542	10557	10343	2862	10328	2060	10554	10188	10275	10589	10577	10330	6546	10562	10586	2850	10586	10529	2087	10573	6985	2854	10338	10587	10330	2535	10522	2086	19	10466	2088	2061	10330	44	10413	7236	10524	29	10430	10582	10334	10331	10333	10583	10583	10580	10332	10667	10579	2845	10332	10273	10332	10269	2665	10554	2856	10336	10572	10585	10590	33	6539	10671	10325	10587	2102	7015	10582	6537	10549	10355	10247	7294	10719	10343	10577	10330	10581	10569	32	10552	10591	10332	10330	10408	1424	10531	10550	10581	10334	10584	10335	7223	10559	10333	10331	10557	7286	10330	10559	10331	10328	10587	10335	10525	6482	10595	10587	2807	37	10562	10333	2859	2117	30	6546	10631	10589	10334	10555	1364	2078	10593	28	10332	10334	10582	10334	10329	10564	10588	10586	2861	10442	10563	10626	10331	10579	10332	6516	10332	10588	10555	10587	10580	30	10337	1384	10336	6517	2088	10330	2818	12	10585	10334	7266	6513	10580	10589	2128	6559	10246	10331	6532	6502	10557	10331	2818	10328	2093	7296	7301	10569	10331	7215	10332	6503	10349	10581	10589	10331	10588	10333	6503	10588	10598	10590	10329	2080	10328	10365	2079	10658	2090	10587	10327	2664	10328	10625	10272	10338	10582	10497	29	6545	6503	2061	6526	10530	10587	10339	10330	10587	10572	10559	10590	6470	10579	10341	10494	2063	7068	10561	6512	10583	10591	10327	10322	10329	6518	7295	2669	10347	29	2664	10574	10584	2665	10337	2062	6528	10333	10587	10586	10554	6538	10560	10586	6508	7318	9929	10559	10583	10587	10601	10273	10580	6529	2847	2174	10335	10329	10667	2883	10269	10587	10334	10588	10332	10409	11	6547	6514	10348	10586	10563	10330	2866	32	10337	6497	0	10335	10329
ERR9822149	145	59	7	9	97	138	21	363	116	10464	9626	146	130	148	9812	63	118	9	153	135	7709	3	148	148	3	242	10344	3	19	9647	7685	2	132	226	143	6	127	10447	211	152	142	7817	8027	51	153	161	131	146	10641	8	9526	127	144	7	148	124	6	7695	122	148	10555	145	116	9621	58	7862	10629	9	152	3	7049	61	9594	9873	162	9662	9513	4	10464	135	8032	129	10382	235	98	7	4	5	148	155	55	5	143	153	10496	5	142	1	79	10414	120	10610	19	116	148	151	10583	7661	142	11	148	9599	7987	150	7685	147	164	101	8089	208	15	148	5	149	145	10310	116	151	6	4	228	9593	117	124	148	9	148	13	8018	121	14	17	121	8122	17	132	4	2	147	9	152	7733	153	148	10484	10284	110	6	10307	9580	10444	7701	119	152	13	131	10527	9614	153	10569	1	9	148	23	5	109	148	152	10604	146	148	119	20	148	5	7775	5	148	124	148	148	10439	8	10594	7	7754	9611	2	10501	9947	152	17	8090	7717	148	149	9889	7690	303	3	7712	7689	127	5	10447	2	9754	8181	8221	148	6	7922	20	7648	32	149	149	18	149	7	7700	149	156	148	2	9693	2	45	9550	119	10305	149	13	10426	4	118	7	10	148	130	10507	7660	7723	9531	7792	62	148	23	4	148	148	111	148	7549	144	13	66	9576	8119	124	7712	148	150	3	10	2	7723	8128	10428	9	10532	10458	58	148	10419	10	9523	7781	7	148	152	118	7685	133	148	7712	8251	145	127	149	152	163	9	61	7795	10586	9929	6	6	142	10644	143	148	19	148	2	150	10568	7634	7735	142	149	148	3	10656	10363	10	7553	10335	0	2
ERR10123168	142	57	5	9	94	135	20	360	113	10464	9623	142	127	144	9812	61	115	9	149	132	7705	8	144	144	2	239	10344	1	16	9647	7678	0	129	226	140	5	124	10444	208	148	141	7808	8019	49	149	157	128	142	10638	8	9526	124	140	5	144	122	4	7690	119	144	10552	141	113	9621	56	7856	10629	9	148	3	7046	58	9594	9870	160	9662	9513	3	10464	133	8020	126	10382	232	94	5	3	5	144	151	53	3	141	149	10496	4	139	1	77	10414	117	10607	18	113	144	147	10580	7656	140	10	144	9599	7981	146	7680	143	160	98	8076	205	13	144	4	145	142	10310	113	147	5	3	226	9590	114	121	144	8	144	13	8005	119	12	15	119	8110	15	130	3	1	143	8	148	7724	149	144	10484	10284	107	5	10307	9580	10444	7696	116	148	13	129	10525	9614	149	10566	1	9	144	21	3	106	144	148	10604	142	144	116	18	144	5	7766	5	144	121	144	144	10439	7	10592	6	7746	9608	2	10501	9945	148	15	8079	7713	144	145	9886	7683	303	2	7709	7685	124	4	10447	2	9754	8168	8210	144	6	7910	17	7644	66	145	145	16	145	7	7691	145	152	144	0	9693	0	78	9550	116	10305	145	11	10426	4	115	5	10	144	127	10507	7655	7714	9531	7783	59	144	21	1	144	144	108	144	7543	140	11	64	9576	8109	121	7708	144	146	3	8	2	7715	8116	10425	7	10532	10458	56	144	10419	9	9521	7772	5	144	148	115	7679	130	144	7708	8240	141	124	145	148	159	7	59	7786	10586	9929	6	5	140	10641	140	144	17	144	2	146	10562	7628	7728	138	145	144	2	10653	10363	9	7547	10329	2	0
